{
  "meta": {
    "doc_no": "report110676",
    "domain": "금융",
    "category": "보고서",
    "license": "open",
    "source_language": "ko",
    "target_language": "ja"
  },
  "doc_info": {
    "source": "한국은행",
    "title": "금융통화위원회 의사록(2013년도 제23차)(2013.12.12.)",
    "date": 20131231
  },
  "sents": [
    {
      "page": 11,
      "sn": "report110676sent1397393",
      "source_original": "이와 관련하여 동 위원은 CPI 상승률이 현재 1% 초반에서 내년에 1년이 채 안 되는 시점에서 3%까지 높아진다고 전망한다면 이것이 분명히 통화정책적 의 미를 갖게 되므로 물가전망에 상당히 유의해야 할 것이라고 지적하였음.",
      "source_cleaned": "이와 관련하여 동 위원은 CPI 상승률이 현재 1% 초반에서 내년에 1년이 채 안 되는 시점에서 3%까지 높아진다고 전망한다면 이것이 분명히 통화정책적 의 미를 갖게 되므로 물가전망에 상당히 유의해야 할 것이라고 지적하였음.",
      "mt": "これと関連して、同委員はCPI上昇率が現在1%序盤から来年1年足らずの時点で3%まで高くなると展望するならば、これが明確に通貨政策的な美を持つようになるので、物価展望にかなり留意しなければならないと指摘した。",
      "mtpe": "これと関連して、同委員はCPIの上昇率が現在1%の序盤から来年に1年足らずの時点で3%まで高くなると展望するならば、これが明確に通貨政策的な意味を持つようになるため、物価の展望にかなり留意しなければならないと指摘した。"
    }
  ]
}