{
  "meta": {
    "doc_no": "report110644",
    "domain": "금융",
    "category": "보고서",
    "license": "open",
    "source_language": "ko",
    "target_language": "ja"
  },
  "doc_info": {
    "source": "한국은행",
    "title": "BOK 경제리뷰 No.2012-9",
    "date": 20120928
  },
  "sents": [
    {
      "page": 9,
      "sn": "report110644sent1397257",
      "source_original": "17. 다만 기대인플레이션과 실제인플레이션으로 이루어진 패널 벡터자기회귀모형(Panel VAR)7)의 충격반응함수를 추정한 결과 실제인플레이션이 기대인플레이션에 미치는 영향은 일반인과 전문가 간에 차이가 있는 것으로 나타났다.",
      "source_cleaned": "기대인플레이션과 실제인플레이션으로 이루어진 패널 벡터자기회귀모형의 충격반응함수를 추정한 결과 실제인플레이션이 기대인플레이션에 미치는 영향은 일반인과 전문가 간에 차이가 있는 것으로 나타났다.",
      "mt": "期待インフレと実際インフレで構成されたパネルベクトル自己回帰模型の衝撃反応関数を推定した結果、実際インフレが期待インフレに及ぼす影響は一般人と専門家の間で差があることが分かった。",
      "mtpe": "期待インフレと実質インフレで構成されたパネルベクトル自己回帰モデルの衝撃反応関数を推定した結果、実質インフレが期待インフレに及ぼす影響は一般人と専門家の間で違いがあることが分かった。"
    },
    {
      "page": 9,
      "sn": "report110644sent1397255",
      "source_original": "지금까지의 분석 결과를 보면 기대인플레이션은 기대 형성 당시의 실제 인플레이션과 밀접한 관계를 갖고 있어 실제인플레이션이 기대인플레이션에 상당한 영향을 미치는 것으로 판단된다.",
      "source_cleaned": "지금까지의 분석 결과를 보면 기대인플레이션은 기대 형성 당시의 실제 인플레이션과 밀접한 관계를 갖고 있어 실제인플레이션이 기대인플레이션에 상당한 영향을 미치는 것으로 판단된다.",
      "mt": "これまでの分析結果によれば、期待インフレは期待形成当時の実際インフレと密接な関係を持っており、実際インフレが期待インフレに相当な影響を及ぼすものと判断される。",
      "mtpe": "これまでの分析結果によると、期待インフレは期待形成当時の実質インフレと密接な関係を持っており、実質インフレが期待インフレに相当な影響を及ぼすものと判断できる。"
    },
    {
      "page": 9,
      "sn": "report110644sent1397260",
      "source_original": "패널회귀분석을 통해 일반인과 전문가의 예측오차를 분석하여도 일반인의 평균 예측오 차는 -0.64, 전문가는 -0.16으로 일반인의 경우 과대예측 경향이 나타나고 있으며 과대예측 경향의 통계적 유의성도 높은 것으로 분석된다.",
      "source_cleaned": "패널회귀분석을 통해 일반인과 전문가의 예측오차를 분석하여도 일반인의 평균 예측오 차는 -0.64, 전문가는 -0.16으로 일반인의 경우 과대예측 경향이 나타나고 있으며 과대예측 경향의 통계적 유의성도 높은 것으로 분석된다.",
      "mt": "パネル回帰分析を通じて一般人と専門家の予測誤差を分析しても、一般人の平均予測誤差の差は-0.64、専門家は-0.16で一般人の場合、過大予測傾向が現れており、過大予測傾向の統計的有意性も高いものと分析される。",
      "mtpe": "パネル回帰分析を通じて一般人と専門家の予測誤差を分析しても、一般人の平均予測誤差の差は-0.64、専門家は-0.16で一般人の場合、過大予測の傾向が現れており、過大予測傾向の統計的な有意性も高いものと分析できる。"
    }
  ]
}