{
  "meta": {
    "doc_no": "report110684",
    "domain": "금융",
    "category": "보고서",
    "license": "open",
    "source_language": "ko",
    "target_language": "ja"
  },
  "doc_info": {
    "source": "한국은행",
    "title": "금융통화위원회 의사록(2013년도 제23차)(2013.12.12.)",
    "date": 20131231
  },
  "sents": [
    {
      "page": 19,
      "sn": "report110684sent1397417",
      "source_original": "달리 이러한 노력이 자칫 시장에 대한 개입으로 인식될 가능성이 있어 조심스러 운 접근이 필요하다고 답변하였음.",
      "source_cleaned": "달리 이러한 노력이 자칫 시장에 대한 개입으로 인식될 가능성이 있어 조심스러 운 접근이 필요하다고 답변하였음.",
      "mt": "他にこのような努力が、ややもすると市場に対する介入と認識される可能性があり、慎重な接近が必要だと回答した。",
      "mtpe": "異なりこのような努力が、ややもすると市場に対する介入と認識される可能性があり、慎重な接近が必要だと回答した。"
    }
  ]
}