{
  "meta": {
    "doc_no": "report110652",
    "domain": "금융",
    "category": "보고서",
    "license": "open",
    "source_language": "ko",
    "target_language": "ja"
  },
  "doc_info": {
    "source": "한국은행",
    "title": "BOK 경제리뷰 No.2012-9",
    "date": 20120928
  },
  "sents": [
    {
      "page": 17,
      "sn": "report110652sent1397308",
      "source_original": "각국 기대인플레이션의 특징 【참고 2】 기대인플레이션의 물가목표 안착정도 추정방법 기대인플레이션의 안착정도 추정은 VAR 모형을 이용한 Dermertzis et al.(2009)의 방법을 활용하 였으며 이를 자세히 살펴보면 다음과 같다.",
      "source_cleaned": "각국 기대인플레이션의 특징 【참고 2】 기대인플레이션의 물가목표 안착정도 추정방법 기대인플레이션의 안착정도 추정은 VAR 모형을 이용한 Dermertzis et al.의 방법을 활용하 였으며 이를 자세히 살펴보면 다음과 같다.",
      "mt": "各国の期待インフレーションの特徴[参考2]期待インフレーションの物価目標の安着程度の推定方法、期待インフレーションの安着程度の推定はVARモデルを利用したDermertzis et al.の方法を活用しており、これを詳しく調べれば次の通りだ。",
      "mtpe": "各国の期待インフレの特徴[参考2]期待インフレの物価目標の安着の程度の推定方法、期待インフレの安着の程度の推定はVARモデルを利用したDermertzis et al.の方法を活用しており、これを詳しく調べてみると次の通りだ。"
    },
    {
      "page": 17,
      "sn": "report110652sent1397312",
      "source_original": "기대인플레이션 서베이 지표로 분석한 각국 기대인플레이션의 특징을 살펴보면 다음과 같다.",
      "source_cleaned": "기대인플레이션 서베이 지표로 분석한 각국 기대인플레이션의 특징을 살펴보면 다음과 같다.",
      "mt": "期待インフレーション・サーベイ指標で分析した各国の期待インフレーションの特徴を調べれば次の通りだ。",
      "mtpe": "期待インフレのサーベイ指標で分析した各国の期待インフレの特徴を調べてみると、次の通りだ。"
    }
  ]
}