{
  "meta": {
    "doc_no": "news1001",
    "domain": "금융",
    "category": "뉴스기사",
    "license": "open",
    "source_language": "ko",
    "target_language": "en"
  },
  "sents": [
    {
      "sn": "news1001sent12631",
      "source_original": "6일 금융투자업계에 따르면 HDC[012630]현대산업개발은 이날 3천억원 규모의 회사채 발행을 위해 기관투자자들을 대상으로 수요예측한 결과, 110억원만이 신청했다.",
      "source_cleaned": "6일 금융투자업계에 따르면 HDC현대산업개발은 이날 3천억 원 규모의 회사채 발행을 위해 기관투자자들을 대상으로 수요예측한 결과, 110억 원만이 신청했다.",
      "mt": "According to the financial investment industry on the 6th, HDC Hyundai Development Company predicted demand for institutional investors to issue corporate bonds worth 300 billion won on the same day, and only 11 billion won applied.",
      "mtpe": "According to the financial investment industry on the 6th, HDC Hyundai Development Company's issuance of corporate bonds worth KRW 300 billion attracted applications totaling only KRW 11 billion from institutional investors."
    },
    {
      "sn": "news1001sent12634",
      "source_original": "HDC현대산업개발은 회사채 조달 자금 중 1천400억원을 회사채 차환에 사용하고, 나머지는 아시아나항공 인수 자금으로 활용할 계획이었다.",
      "source_cleaned": "HDC현대산업개발은 회사채 조달 자금 중 1천400억 원을 회사채 차환에 사용하고, 나머지는 아시아나항공 인수 자금으로 활용할 계획이었다.",
      "mt": "HDC Hyundai Development Co. planned to use 140 billion won of corporate bond procurement funds to refinance corporate bonds and the rest as funds to acquire Asiana Airlines.",
      "mtpe": "HDC Hyundai Development Company had planned to allocate KRW 1.4 billion from its corporate bond procurement funds for the refinancing of corporate bonds, while the remaining amount would be utilized as funds for the acquisition of Asiana Airlines."
    },
    {
      "sn": "news1001sent12635",
      "source_original": "아시아나항공에 대한 인수 불확실성과 함께 인수한다고 해도 부채 증가로 재무여력이 약화될 수 있다는 점이 흥행 부진으로 이어졌다는 분석이다.",
      "source_cleaned": "아시아나항공에 대한 인수 불확실성과 함께 인수한다고 해도 부채 증가로 재무여력이 약화될 수 있다는 점이 흥행 부진으로 이어졌다는 분석이다.",
      "mt": "Analysts say that even if the acquisition is made with uncertainties over the acquisition of Asiana Airlines, the fact that its financial capacity could weaken due to increased debt has led to a slump in the box office performance.",
      "mtpe": "According to analysts, the analysis suggests that even if the acquisition of Asiana Airlines takes place despite uncertainties, it could lead to a decline in financial capacity due to a potential increase in debt, resulting in poor box office performance."
    }
  ]
}