{
  "meta": {
    "doc_no": "news1002",
    "domain": "금융",
    "category": "뉴스기사",
    "license": "open",
    "source_language": "ko",
    "target_language": "en"
  },
  "sents": [
    {
      "sn": "news1002sent12636",
      "source_original": "정부가 규제지역 지정에 따른 대출한도 축소로 어려움을 호소하는 아파트 수분양자들을 위해 보완책을 마련하기로 함에 따라 대책의 범위와 혜택 대상이 주목된다.",
      "source_cleaned": "정부가 규제지역 지정에 따른 대출한도 축소로 어려움을 호소하는 아파트 수분양자들을 위해 보완책을 마련하기로 함에 따라 대책의 범위와 혜택 대상이 주목된다.",
      "mt": "The scope of the measures and the targets of benefits are drawing keen attention as the government has decided to come up with supplementary measures for those who sell apartments that complain of difficulties due to the reduction of the loan limit following the designation of regulated areas.",
      "mtpe": "The scope of the measures and the beneficiaries being targeted are attracting attention, as the government plans to provide supplementary measures for apartment sellers who are facing difficulties due to loan limit reductions resulting from the designation of regulated areas."
    },
    {
      "sn": "news1002sent12637",
      "source_original": "일단 그동안 수차례 나온 부동산 대책의 대원칙인 '다주택자 규제 강화·실수요자 보호'가 이번 보완책에도 그대로 적용될 전망이다.",
      "source_cleaned": "일단 그동안 수차례 나온 부동산 대책의 대원칙인 '다주택자 규제 강화·실수요자 보호'가 이번 보완책에도 그대로 적용될 전망이다.",
      "mt": "For now, the grand principle of real estate measures that have been announced several times, \"strengthening regulations on multiple homeowners and protecting real users,\" is expected to be applied to the supplementary measures.",
      "mtpe": "It is expected that the fundamental principle of the real estate measures, which has been repeatedly announced so far as \"strengthening regulations for multiple homeowners and protecting genuine users,\" will also be applied to the supplementary measures."
    },
    {
      "sn": "news1002sent12640",
      "source_original": "비규제 지역이었다가 이번 부동산 대책으로 새로 규제대상이 된 지역에서 잔금 납부를 앞둔 아파트 수분양자들은 대출 여력 축소로 어려움을 겪고 있다고 하소연하는 점을 고려한 조치로 해석된다.",
      "source_cleaned": "비규제 지역이었다가 이번 부동산 대책으로 새로 규제대상이 된 지역에서 잔금 납부를 앞둔 아파트 수분양자들은 대출 여력 축소로 어려움을 겪고 있다고 하소연하는 점을 고려한 조치로 해석된다.",
      "mt": "The move is interpreted as taking into account the fact that apartment buyers, who were in non-regulated areas but are about to pay their balance in newly regulated areas due to the real estate measures, complain that they are having difficulties due to reduced loan capacity.",
      "mtpe": "The measure is interpreted as a response to the complaints of apartment buyers in regions that were previously unregulated but have now become subject to regulations under the latest real estate policies, and these buyers, who are about to make down payments, are facing difficulties due to a reduced ability to secure loans."
    }
  ]
}