{
  "meta": {
    "doc_no": "news1006",
    "domain": "금융",
    "category": "뉴스기사",
    "license": "open",
    "source_language": "ko",
    "target_language": "en"
  },
  "sents": [
    {
      "sn": "news1006sent12701",
      "source_original": "다주택자와 단기매매자 등에 세금을 인상하는 보유세·거래세 개편안을 금주 중 먼저 발표하고 공급 확대 등 다른 대책은 1~2주 시차를 두고 별도로 내놓을 가능성이 크다.",
      "source_cleaned": "다주택자와 단기매매자 등에 세금을 인상하는 보유세·거래세 개편안을 금주 중 먼저 발표하고 공급 확대 등 다른 대책은 1~2주 시차를 두고 별도로 내놓을 가능성이 크다.",
      "mt": "It is highly likely that the government will announce a plan to revise the holding tax and transaction tax, which will raise taxes on multiple homeowners and short-term traders, first this week, and come up with other measures, including the expansion of supply, separately with a one to two-week time difference.",
      "mtpe": "It is highly likely that the government will announce a proposal for the revision of holding taxes and transaction taxes, which will increase taxes for individuals who own multiple properties and engage in short-term trading, during the current week. Other measures, such as supply enhancement, may be introduced separately with a potential time gap of one to two weeks."
    },
    {
      "sn": "news1006sent12704",
      "source_original": "청년이나 신혼부부 등 생애최초 구입자에 대해서는 세금 부담을 완화하고 규제지역 내 아파트 수분양자에 대한 대출 규제 보완책도 추진 중이다.",
      "source_cleaned": "청년이나 신혼부부 등 생애최초 구입자에 대해서는 세금 부담을 완화하고 규제지역 내 아파트 수분양자에 대한 대출 규제 보완책도 추진 중이다.",
      "mt": "The government is also seeking to ease the tax burden on first-time buyers of their lives, such as young people and newlyweds, and to supplement lending regulations for apartment buyers in regulated areas.",
      "mtpe": "In addition, the government is working on measures to alleviate tax burdens for first-time buyers, such as young individuals and newlyweds, and is also pursuing supplementary measures to enhance regulations for loans provided to apartment buyers within designated regulated zones."
    },
    {
      "sn": "news1006sent12706",
      "source_original": "기획재정부와 국토교통부, 금융위원회 등은 이 자리에서 종합부동산세와 양도소득세 등 부동산 세제 개편 방안과 대출 규제와 관련한 이견을 조율한 것으로 전해졌다.",
      "source_cleaned": "기획재정부와 국토교통부, 금융위원회 등은 이 자리에서 종합부동산세와 양도소득세 등 부동산 세제 개편 방안과 대출 규제와 관련한 이견을 조율한 것으로 전해졌다.",
      "mt": "The Ministry of Strategy and Finance, the Ministry of Land, Infrastructure and Transport, and the Financial Services Commission reportedly coordinated differences on how to revamp the real estate tax system, including the comprehensive real estate tax and capital gains tax, and regulate loans.",
      "mtpe": "It was reported that the Ministry of Strategy and Finance, the Ministry of Land, Infrastructure and Transport, and the Financial Services Commission reached a consensus during this session on reconciling differences regarding the revision of the real estate tax system, including comprehensive real estate tax, capital gains tax, and loan regulations."
    }
  ]
}