{
  "meta": {
    "doc_no": "news1009",
    "domain": "금융",
    "category": "뉴스기사",
    "license": "open",
    "source_language": "ko",
    "target_language": "en"
  },
  "sents": [
    {
      "sn": "news1009sent12750",
      "source_original": "홍 부총리는 이날 이 대표를 만난 뒤 기자들과 만나 \"한국판 뉴딜과 관련해 관계 부처 간 협의는 마무리된 상황\"이라며 \"보완을 위해 이 대표의 의견을 수렴했다\"고 설명했다.",
      "source_cleaned": "홍 부총리는 이날 이 대표를 만난 뒤 기자들과 만나 \"한국판 뉴딜과 관련해 관계 부처 간 협의는 마무리된 상황\"이라며 \"보완을 위해 이 대표의 의견을 수렴했다\"고 설명했다.",
      "mt": "Deputy Prime Minister Hong met with reporters after meeting with Representative Lee on the day and explained, \"The consultations between related ministries regarding the Korean version of the New Deal have been completed,\" adding, \"We have collected Representative Lee's opinions to supplement them.\"",
      "mtpe": "After meeting with Representative Lee earlier in the day, Deputy Prime Minister Hong explained during a press conference, \"The consultations among the relevant ministries regarding the Korean version of the New Deal have concluded.\" He further stated, \"We have taken into account Representative Lee's opinions to enhance these efforts.\""
    }
  ]
}