{
  "meta": {
    "doc_no": "news1004",
    "domain": "금융",
    "category": "뉴스기사",
    "license": "open",
    "source_language": "ko",
    "target_language": "en"
  },
  "sents": [
    {
      "sn": "news1004sent12661",
      "source_original": "7일 현대차그룹과 SK그룹에 따르면 이날 오전 정의선 수석부회장과 최태원 회장이 충남 서산에 위치한 SK이노베이션 전기차 배터리 공장에서 만나 배터리 관련 협력을 다진다.",
      "source_cleaned": "7일 현대차그룹과 SK그룹에 따르면 이날 오전 정의선 수석부회장과 최태원 회장이 충남 서산에 위치한 SK이노베이션 전기차 배터리 공장에서 만나 배터리 관련 협력을 다진다.",
      "mt": "According to Hyundai Motor Group and SK Group on the 7th, Senior Vice Chairman Chung Eui-sun and Chairman Choi Tae-won will meet at SK Innovation's electric vehicle battery plant in Seosan, South Chungcheong Province, to strengthen battery-related cooperation.",
      "mtpe": "According to Hyundai Motor Group and SK Group, Senior Vice Chairman Chung Eui-sun and Chairman Choi Tae-won will meet at SK Innovation's electric vehicle battery facility in Seosan, South Chungcheong Province on the 7th to strengthen collaboration in the field of battery technology."
    },
    {
      "sn": "news1004sent12662",
      "source_original": "정 부회장과 최 회장은 이날 SK 공장에서 배터리 관련 생산시설을 둘러보고 연구개발(R&D) 부문에 대한 설명을 들을 예정이다.",
      "source_cleaned": "정 부회장과 최 회장은 이날 SK 공장에서 배터리 관련 생산시설을 둘러보고 연구개발(R&D) 부문에 대한 설명을 들을 예정이다.",
      "mt": "Vice Chairman Chung and Chairman Choi will tour battery-related production facilities at SK's plant and listen to explanations on research and development (R&amp;D).",
      "mtpe": "Vice Chairman Chung and Chairman Choi are scheduled to visit SK's manufacturing plant and tour the battery-related production facilities, and they will also receive detailed explanations about the research and development (R&D) efforts in the R&D department."
    },
    {
      "sn": "news1004sent12663",
      "source_original": "이어 두 총수는 오찬을 함께 하며 전기차 배터리를 비롯해 양 그룹간 구체적인 사업 협력 방안 등을 모색할 것으로 보인다.",
      "source_cleaned": "이어 두 총수는 오찬을 함께 하며 전기차 배터리를 비롯해 양 그룹간 구체적인 사업 협력 방안 등을 모색할 것으로 보인다.",
      "mt": "The two heads are expected to hold a luncheon together and seek specific ways to cooperate in the business between the two groups, including electric vehicle batteries.",
      "mtpe": "The two leaders are expected to have lunch together and explore specific business collaboration opportunities between the two groups, including electric vehicle batteries."
    }
  ]
}