{
  "meta": {
    "doc_no": "news1008",
    "domain": "금융",
    "category": "뉴스기사",
    "license": "open",
    "source_language": "ko",
    "target_language": "en"
  },
  "sents": [
    {
      "sn": "news1008sent12735",
      "source_original": "7일 각 카드사 공시 자료에 따르면 작년 말 기준 8개 전업 카드사(KB국민카드, 롯데카드, 비씨카드, 삼성카드[029780], 신한카드, 우리카드, 하나카드, 현대카드)의 국내 영업점은 총 206곳으로 파악됐다.",
      "source_cleaned": "7일 각 카드사 공시 자료에 따르면 작년 말 기준 8개 전업 카드사(KB국민카드, 롯데카드, 비씨카드, 삼성카드, 신한카드, 우리카드, 하나카드, 현대카드)의 국내 영업점은 총 206곳으로 파악됐다.",
      "mt": "According to the disclosure data of each credit card company on the 7th, a total of 206 domestic branches of eight full-time credit card companies (KB Kookmin Card, Lotte Card, BC Card, Samsung Card, Shinhan Card, Woori Card, Hana Card and Hyundai Card) were found as of the end of last year.",
      "mtpe": "According to the information disclosed by each credit card company on the 7th, it was found that the total number of domestic branches among the eight major full-service credit card companies (KB Kookmin Card, Lotte Card, BC Card, Samsung Card, Shinhan Card, Woori Card, Hana Card, and Hyundai Card) was 206 as of the end of last year."
    },
    {
      "sn": "news1008sent12740",
      "source_original": "이는 카드업계에 모집인 영업이 위축되고 비대면·온라인 영업, 제휴 카드 마케팅이 빠르게 확대되는 변화 양상을 보여준다고 업계는 설명했다.",
      "source_cleaned": "이는 카드업계에 모집인 영업이 위축되고 비대면·온라인 영업, 제휴 카드 마케팅이 빠르게 확대되는 변화 양상을 보여준다고 업계는 설명했다.",
      "mt": "The industry explained that this shows a change in the card industry in which recruiter sales are shrinking and non-face-to-face, online sales, and affiliate card marketing are rapidly expanding.",
      "mtpe": "The industry explained that this phenomenon reflects a changing trend in the card industry, characterized by a decline in recruitment-focused sales and a rapid expansion of online and non-face-to-face sales, as well as the rapid growth of affiliate card marketing."
    }
  ]
}