{
  "meta": {
    "doc_no": "news1",
    "domain": "금융",
    "category": "뉴스기사",
    "license": "open",
    "source_language": "ko",
    "target_language": "en"
  },
  "sents": [
    {
      "sn": "news1sent2",
      "source_original": "30일(현지시간) 브라질 언론에 따르면 중국 정부는 코로나19 전파 가능성을 들어 브라질의 3개 육류 가공시설에서 생산된 육류 수입을 잠정적으로 중단했다.",
      "source_cleaned": "브라질 언론에 따르면 중국 정부는 코로나19 전파 가능성을 들어 브라질의 3개 육류 가공시설에서 생산된 육류 수입을 잠정적으로 중단했다.",
      "mt": "According to Brazilian media, the Chinese government has temporarily suspended meat imports from three meat processing facilities in Brazil, citing the possibility of spreading COVID-19.",
      "mtpe": "According to reports from Brazilian media, the Chinese government has temporarily halted the import of meat produced at three meat processing facilities in Brazil, citing concerns over the potential spread of COVID-19."
    },
    {
      "sn": "news1sent5",
      "source_original": "이에 앞서 중국 정부는 지난 26일 브라질 남부 지역에 있는 대형 정육업체 JBS와 미누아누의 닭고기 가공시설에서 생산된 제품에 대해서도 수입을 중단했다고 농업부는 전했다.",
      "source_cleaned": "이에 앞서 중국 정부는 지난 26일 브라질 남부 지역에 있는 대형 정육업체 JBS와 미누아누의 닭고기 가공시설에서 생산된 제품에 대해서도 수입을 중단했다고 농업부는 전했다.",
      "mt": "Earlier, the Ministry of Agriculture reported that the Chinese government also suspended imports of products produced at the chicken processing facilities of JBS and Minoanu, which are large meat companies in southern Brazil, on the 26th.",
      "mtpe": "The Ministry of Agriculture announced that the Chinese government has suspended imports of products produced at the chicken processing facilities of JBS and Minoanu, two major meat producers in southern Brazil, on the 26th."
    },
    {
      "sn": "news1sent6",
      "source_original": "앞서 양국 정부는 지난 1월 브라질 육류업체에 대한 수출입 허가 절차를 간소화하기로 합의했으나 코로나19 사태 때문에 이행이 어려운 상태다.",
      "source_cleaned": "앞서 양국 정부는 지난 1월 브라질 육류업체에 대한 수출입 허가 절차를 간소화하기로 합의했으나 코로나19 사태 때문에 이행이 어려운 상태다.",
      "mt": "Earlier in January, the two governments agreed to simplify the import and export licensing process for Brazilian meat companies, but it is difficult to implement them due to the COVID-19 incident.",
      "mtpe": "Due to the COVID-19 situation, the implementation of the agreement reached by the two governments in January to simplify the import and export licensing process for Brazilian meat producers has become difficult."
    }
  ]
}