{
  "meta": {
    "doc_no": "news100008",
    "domain": "금융",
    "category": "뉴스기사",
    "license": "open",
    "source_language": "ko"
  },
  "sents": [
    {
      "sn": "news100008sent1213330",
      "source_original": "뉴욕증시는 구글이 주식 분할을 발표한 영향으로 기술주가 크게 오르면서 강세를 이어갔다."
    },
    {
      "sn": "news100008sent1213331",
      "source_original": "2일(미 동부시간) 뉴욕증권거래소(NYSE)에서 다우존스30산업평균지수는 전장보다 224.09포인트(0.63%) 상승한 35,629.33으로 거래를 마쳤다."
    },
    {
      "sn": "news100008sent1213332",
      "source_original": "스탠더드앤드푸어스(S&P)500지수는 전장보다 42.84포인트(0.94%) 오른 4,589.38을, 기술주 중심의 나스닥 지수는 전장보다 71.54포인트(0.50%) 뛴 14,417.55로 장을 마감했다."
    },
    {
      "sn": "news100008sent1213333",
      "source_original": "3대 지수는 기업들의 실적 호조와 저가 매수 움직임에 4거래일 연속 오름세를 지속했다."
    },
    {
      "sn": "news100008sent1213334",
      "source_original": "미국의 1월 노동부의 고용보고서 발표를 앞두고 나온 민간 부문 고용지표가 예상과 달리 부진했으나 주가에는 타격을 주지 못했다."
    },
    {
      "sn": "news100008sent1213335",
      "source_original": "ADP 전미 고용보고서에 따르면 1월 민간 부문 고용은 전월보다 30만1천 명 감소했다."
    },
    {
      "sn": "news100008sent1213336",
      "source_original": "월스트리트저널(WSJ)이 집계한 전문가 예상치인 20만 명 증가에 크게 못 미치는 수준이다."
    },
    {
      "sn": "news100008sent1213337",
      "source_original": "지난해 12월 수치는 80만7천 명 증가에서 77만6천 명으로 하향 수정됐다."
    },
    {
      "sn": "news100008sent1213338",
      "source_original": "1월 민간 고용에서 서비스 부문은 27만4천 명 줄고, 제조업 부문은 2만7천 명 감소해 오미크론 확산으로 서비스 부문의 고용이 크게 영향을 받았다."
    },
    {
      "sn": "news100008sent1213339",
      "source_original": "앞서 젠 사키 백악관 대변인은 오미크론 확산이 절정이던 시점에 1월 고용보고서 조사가 이뤄져 이번 수치가 부진할 수 있다고 경고했다."
    },
    {
      "sn": "news100008sent1213340",
      "source_original": "미 노동부의 1월 고용보고서 자료 집계 기간은 1월 9일부터 15일로 이때는 코로나19 확진자 수가 절정에 달했던 때다."
    },
    {
      "sn": "news100008sent1213341",
      "source_original": "당시 7일 평균 하루 미국의 코로나 확진자 수는 15일에 최고치에 달했다."
    },
    {
      "sn": "news100008sent1213342",
      "source_original": "월스트리트저널에 따르면 이코노미스트들은 1월 비농업 부문 고용이 15만 명 증가했을 것으로 예상하고 있다."
    },
    {
      "sn": "news100008sent1213343",
      "source_original": "그러나 골드만삭스와 캐피털 이코노믹스는 각각 1월 고용자 수가 25만 명, 20만 명 감소했을 것으로 예상하고 있다."
    },
    {
      "sn": "news100008sent1213344",
      "source_original": "고용이 부진할 경우 통상 증시에는 부정적이지만, 부정적인 지표는 연방준비제도(연준·Fed)의 긴축 강도를 완화할 수 있어 긴축 우려를 반영해온 증시에는 일부 안도감을 제공할 수 있다."
    },
    {
      "sn": "news100008sent1213345",
      "source_original": "10년물 국채금리는 3bp가량 하락한 1.76% 근방에서 거래를 마쳤다."
    },
    {
      "sn": "news100008sent1213346",
      "source_original": "메리 데일리 샌프란시스코 연방준비은행(연은) 총재는 마켓워치와의 인터뷰에서 \"3월 회의에서 처음 기준금리를 인상하는 것을 완전히 지지한다\"면서도 점진적인 금리 인상이 경제를 탈선시키지는 않을 것이라고 말했다."
    },
    {
      "sn": "news100008sent1213347",
      "source_original": "러시아와 우크라이나를 둘러싼 지정학적 긴장이 지속되는 가운데, 조 바이든 미국 대통령이 미군의 동유럽 추가 배치를 공식 승인했다."
    },
    {
      "sn": "news100008sent1213348",
      "source_original": "존 커비 미 국방부 대변인은 이날 브리핑에서 미군 병력이 동유럽의 북대서양조약기구(NATO·나토) 회원국인 루마니아 및 폴란드에 추가 배치된다고 공식 발표했다."
    },
    {
      "sn": "news100008sent1213349",
      "source_original": "이와 관련해 러시아는 강력하게 반발했다."
    },
    {
      "sn": "news100008sent1213350",
      "source_original": "알렉산드르 그루슈코 러시아 외무부 차관은 \"근거 없이 이뤄진 이 파괴적인 조치는 군사적 긴장을 추가하고 정치적 결정의 여지를 좁힐 뿐\"이라고 비난했다."
    },
    {
      "sn": "news100008sent1213351",
      "source_original": "기업들의 실적 발표가 이어지는 가운데, 구글의 모기업 알파벳이 긍정적인 실적과 함께 20대1 주식 분할을 발표하면서 주가는 7% 이상 상승했다."
    },
    {
      "sn": "news100008sent1213352",
      "source_original": "주식 분할로 알파벳이 다우지수에 편입될 길이 열렸다는 분석도 나왔다."
    },
    {
      "sn": "news100008sent1213353",
      "source_original": "알파벳의 주가 상승에 다른 기술 기업들도 동반 상승하고 있다."
    },
    {
      "sn": "news100008sent1213354",
      "source_original": "이날 장 마감 후 실적을 발표한 페이스북(메타플랫폼)의 주가는 정규장에서 1% 이상 올랐으나, 장 마감 후 분기 실적이 예상치를 밑돈 데다 1분기 매출 가이던스(예상치)도 전문가들의 예상치를 밑돌아 주가는 시간 외 거래에서 20% 이상 폭락했다."
    },
    {
      "sn": "news100008sent1213355",
      "source_original": "제너럴모터스(GM)는 전날 예상치를 웃돈 순익을 발표했음에도 주가는 1%가량 하락했다."
    },
    {
      "sn": "news100008sent1213356",
      "source_original": "페이팔은 전날 장 마감 후 실망스러운 실적 전망치를 내놓으면서 주가는 24% 이상 하락했고, 스타벅스의 주가도 실적 실망에 1%가량 떨어졌다."
    },
    {
      "sn": "news100008sent1213357",
      "source_original": "AMD도 예상치를 웃돈 실적을 발표하면서 주가는 5% 이상 올랐다."
    },
    {
      "sn": "news100008sent1213358",
      "source_original": "지금까지 S&P500지수에 상장된 36%가량의 기업이 실적을 발표한 가운데, 이 중 78% 이상이 월가의 예상치를 웃도는 실적을 발표했다."
    },
    {
      "sn": "news100008sent1213359",
      "source_original": "이날은 장 마감 후 메타, 퀄컴, 애브비, DR 호턴, 티모바일 등이 실적을 발표한다."
    },
    {
      "sn": "news100008sent1213360",
      "source_original": "S&P500지수 내 11개 섹터 중에서 임의소비재를 제외하고 10개 섹터가 모두 올랐다."
    },
    {
      "sn": "news100008sent1213361",
      "source_original": "통신과 부동산, 유틸리티가 1% 이상 오르며 상승을 주도했다."
    },
    {
      "sn": "news100008sent1213362",
      "source_original": "뉴욕증시 전문가들은 투자자들이 기술주의 반등에 뒤처질 수 있다는 우려에 다시 시장으로 진입하고 있다고 말했다."
    },
    {
      "sn": "news100008sent1213363",
      "source_original": "로이트홀드그룹의 짐 폴슨 수석 투자 전략가는 CNBC에 \"시장이 며칠간 약간의 강한 반등을 보였다\"라며 \"이러한 강세로 더 많은 투자자가 조정이 끝난 것인지에 의구심을 가지게 됐으며, 조정 후 랠리를 놓칠 수 있다는 우려도 커지고 있다\"라고 말했다."
    },
    {
      "sn": "news100008sent1213364",
      "source_original": "생크추어리 웰스의 제프 킬버그 최고투자책임자(CIO)도 CNBC에 \"금리 인상으로 기술주의 높은 밸류에이션이 타격을 입을 수 있다는 우려와 영업비용 상승 우려로 기술주가 1월에 가장 크게 타격을 입었다\"라며 \"기술주의 갑작스러운 반등 이후 투자자들은 1월에 가장 타격을 입은 일부 기술주에 대한 저가 매수에 나서고 있다\"고 말했다."
    },
    {
      "sn": "news100008sent1213365",
      "source_original": "시카고상품거래소(CME) 페드워치에 따르면 연방기금(FF) 금리 선물 시장은 올해 3월 연준이 금리를 인상할 가능성을 100%로 내다봤다."
    },
    {
      "sn": "news100008sent1213366",
      "source_original": "25bp 인상 가능성은 94.4%, 50bp 인상 가능성은 5.6%에 달했다."
    },
    {
      "sn": "news100008sent1213367",
      "source_original": "시카고옵션거래소(CBOE) 변동성 지수(VIX)는 전장보다 0.13포인트(0.59%) 상승한 22.09를 기록했다."
    }
  ]
}