{
  "meta": {
    "doc_no": "news100011",
    "domain": "금융",
    "category": "뉴스기사",
    "license": "open",
    "source_language": "ko"
  },
  "sents": [
    {
      "sn": "news100011sent1213383",
      "source_original": "정부가 올해 12만3천호 규모의 주택공급 입지 후보지를 추가 발굴하기로 했다."
    },
    {
      "sn": "news100011sent1213384",
      "source_original": "홍남기 부총리 겸 기획재정부 장관은 3일 정부서울청사에서 부동산시장 점검 관계장관회의를 열고 \"지난달 27일 발표한 도심복합사업 후보지를 포함해 올해 안에 도심복합 5만호, 공공정비 5만호, 소규모 정비 2만3천호 등 후보지를 추가 선정하겠다\"고 밝혔다."
    },
    {
      "sn": "news100011sent1213385",
      "source_original": "홍 부총리는 \"앞서 발표한 후보지 전량에 대해서도 올해 안에 지구 지정 등을 완료하도록 총력을 기울이겠다\"며 이같이 말했다."
    },
    {
      "sn": "news100011sent1213386",
      "source_original": "작년 발표한 2·4 주택공급 대책에 대해서는 \"대책 발표 후 약 1년 만에 목표 물량인 83만6천호의 60% 수준인 50만호 입지를 후보지로 선정하는 등 집행 속도 측면에서 전례 없는 성과를 나타냈다\"고 평가했다."
    },
    {
      "sn": "news100011sent1213387",
      "source_original": "그는 \"도심복합사업은 10만호(76곳) 규모 후보지를 발굴하고 이 중 3만6천호에서는 주민 3분의 2 이상 동의를 확보했으며, 1만호에서는 본지구 지정까지 완료했다\"고 설명했다."
    },
    {
      "sn": "news100011sent1213388",
      "source_original": "이어 \"공공정비사업은 공공재개발을 비롯해 총 3만7천호의 후보지를 발굴했고, 공공택지의 경우 330만㎡ 이상 신도시급 입지인 광명시흥, 의왕군포안산, 화성진안을 포함하여 당초 목표보다 약 1만호 많은 27만2천호를 확정하고 사전 투기조사시스템도 도입했다\"고 덧붙였다."
    },
    {
      "sn": "news100011sent1213389",
      "source_original": "그러면서 \"2·4대책은 발표 직후 물량 효과로 단기 시장 불안을 완화했고, 작년 하반기 들어서는 후보지와 지구 지정이 본격화하며 최근의 시장 하향 안정화 추세에도 핵심적으로 기여했다\"고 강조했다."
    }
  ]
}