{
  "meta": {
    "doc_no": "law1211078",
    "domain": "금융",
    "category": "규제정보",
    "license": "open",
    "source_language": "ko",
    "target_language": "zh"
  },
  "doc_info": {
    "source": "공정거래위원회",
    "title": "2013년도 업무계획",
    "date": 20130424
  },
  "sents": [
    {
      "page": 9,
      "sn": "law1211078sent13206734",
      "source_original": "당수 대기업집단이 금융보험사를 통해 계열사 주식을 다수 보유하고 있어 고객자금을 이용한 지배력 확장가능성 잔존",
      "source_cleaned": "당수 대기업집단이 금융보험사를 통해 계열사 주식을 다수 보유하고 있어 고객자금을 이용한 지배력 확장가능성 잔존",
      "mt": "党首大企业集团通过金融保险公司拥有多家子公司股份，因此利用客户资金扩张支配力的可能性仍然存在",
      "mtpe": "由于党魁集团通过金融、保险公司持有大量关联股票，利用客户资金扩大控制权的可能性仍然存在。"
    },
    {
      "page": 9,
      "sn": "law1211078sent13206736",
      "source_original": "대기업집단 금융보험사의 고객자금을 활용한 지배력 확장을 억제하기 위해 금융보험사 보유 비금융계열사 주식의 의결권 행사를 원칙 금지",
      "source_cleaned": "대기업집단 금융보험사의 고객자금을 활용한 지배력 확장을 억제하기 위해 금융보험사 보유 비금융계열사 주식의 의결권 행사를 원칙 금지",
      "mt": "为了抑制利用大企业集团金融保险公司客户资金的支配力扩张，禁止原则上行使金融保险公司持有的非金融子公司股份的表决权",
      "mtpe": "为抑制大型金融保险公司利用客户资金扩大控制权，原则上禁止金融保险公司持有的非金融关联公司股票行使投票权。"
    },
    {
      "page": 9,
      "sn": "law1211078sent13206733",
      "source_original": "일부 대기업집단 소속 금융보험사는 예외조항에 의거하여 비금융 상장계열사에 대해 의결권을 행사",
      "source_cleaned": "일부 대기업집단 소속 금융보험사는 예외조항에 의거하여 비금융 상장계열사에 대해 의결권을 행사",
      "mt": "部分大企业集团所属的金融保险公司根据例外条款，对非金融上市子公司行使表决权",
      "mtpe": "一些大型企业集团旗下的金融保险公司根据例外条款对非金融上市关联公司行使投票权。"
    },
    {
      "page": 9,
      "sn": "law1211078sent13206732",
      "source_original": "적대적 M&A에 대한 방어 수단을 확보하면서 금융보험사를 활용한 지배력 확장을 억제하는 방향으로 의결권 제한 강화",
      "source_cleaned": "적대적 M&A에 대한 방어 수단을 확보하면서 금융보험사를 활용한 지배력 확장을 억제하는 방향으로 의결권 제한 강화",
      "mt": "在确保敌对性M&amp;A的防御手段的同时，以抑制利用金融保险公司的支配力扩张的方向强化表决权限制",
      "mtpe": "加强投票权限制，防止利用金融保险公司扩大控制权，同时确保防范敌意并购的手段"
    },
    {
      "page": 9,
      "sn": "law1211078sent13206735",
      "source_original": "적대적 M&A에 대한 방어를 위해 현행처럼 특수관계인과 합하여는 15%까지 의결권 행사를 인정하되, 금융보험사가 합하여 행사할 수 있는 지분율을 5%로 제한",
      "source_cleaned": "적대적 M&A에 대한 방어를 위해 현행처럼 특수관계인과 합하여는 15%까지 의결권 행사를 인정하되, 금융보험사가 합하여 행사할 수 있는 지분율을 5%로 제한",
      "mt": "为了防御敌对性M&amp;A，像现行一样，加上特殊关系人，可以认定15%的表决权行使，但金融保险公司可以行使的股份率限制在5%",
      "mtpe": "为了防范敌意并购，将按目前的情况承认最多15%的关联方投票权，但对金融和保险公司合计可行使的股份比例进行限制至 5%。"
    }
  ]
}