{
  "meta": {
    "doc_no": "law1211079",
    "domain": "금융",
    "category": "규제정보",
    "license": "open",
    "source_language": "ko",
    "target_language": "zh"
  },
  "doc_info": {
    "source": "공정거래위원회",
    "title": "2013년도 업무계획",
    "date": 20130424
  },
  "sents": [
    {
      "page": 10,
      "sn": "law1211079sent13206742",
      "source_original": "(정보공개 강화) 대기업집단 관련 공시정보를 시장의 수요에 맞게 가공·분석하여 공개함으로써 공시정보의 활용성 제고",
      "source_cleaned": "(정보공개 강화) 대기업집단 관련 공시정보를 시장의 수요에 맞게 가공·분석하여 공개함으로써 공시정보의 활용성 제고",
      "mt": "（加强信息公开）大企业集团相关公示信息根据市场需求进行加工、分析后公开，提高公示信息的活用性。",
      "mtpe": "（加强信息公开）根据市场需求，对大型企业集团相关公示信息进行处理、分析和公示，增强公示信息的可用性"
    },
    {
      "page": 10,
      "sn": "law1211079sent13206740",
      "source_original": "공시정보가 일감몰아주기 등 총수일가의 사익추구에 대한 경보(warning) 장치로 작동될 수 있도록 공시시스템 개선방안 마련",
      "source_cleaned": "공시정보가 일감몰아주기 등 총수일가의 사익추구에 대한 경보(warning) 장치로 작동될 수 있도록 공시시스템 개선방안 마련",
      "mt": "制定公示系统改善方案，以使公示信息集中提供给工作等总裁一家追求私利的警报(warning)装置启动",
      "mtpe": "建立完善公示制度的措施，使公示信息对CEO家族串通一气等谋取私利的行为起到警示作用。"
    },
    {
      "page": 10,
      "sn": "law1211079sent13206744",
      "source_original": "금융보험사 고객자금을 이용한 지배력 유지·확장 실태를 분석·공개함으로써 제도의 취지에 맞는 의결권 행사 유도",
      "source_cleaned": "금융보험사 고객자금을 이용한 지배력 유지·확장 실태를 분석·공개함으로써 제도의 취지에 맞는 의결권 행사 유도",
      "mt": "利用金融保险公司客户资金分析、公开支配力维持、扩张情况，引导行使符合制度宗旨的表决权",
      "mtpe": "通过分析和公示金融保险公司利用客户资金维持和扩大控制权的状况，鼓励按照制度目的行使投票权"
    },
    {
      "page": 10,
      "sn": "law1211079sent13206739",
      "source_original": "대기업집단 관련 공시제도의 실효성을 제고하는 한편, 공시에 따른 기업부담을 완화하는 방향으로 공시제도 개편 추진",
      "source_cleaned": "대기업집단 관련 공시제도의 실효성을 제고하는 한편, 공시에 따른 기업부담을 완화하는 방향으로 공시제도 개편 추진",
      "mt": "提高大企业集团相关公示制度的实效性的同时，以缓解公示带来的企业负担的方向推进公示制度改编",
      "mtpe": "推进信息公示制度改革，提高大型企业集团信息公示制度的有效性，减轻企业信息公示负担。"
    },
    {
      "page": 10,
      "sn": "law1211079sent13206741",
      "source_original": "중복·불필요한 공시항목(일반·재무현황 등) 통폐합으로 공시에 따른 개별기업의 업무부담 경감방안도 함께 추진",
      "source_cleaned": "중복·불필요한 공시항목(일반·재무현황 등) 통폐합으로 공시에 따른 개별기업의 업무부담 경감방안도 함께 추진",
      "mt": "合并重复和不必要的公示项目（一般、财务现状等），同时推进根据公示减轻个别企业业务负担的方案",
      "mtpe": "合并重复和不必要的公示项目（一般、财务现状等），同时推进根据公示减轻个别企业业务负担的方案"
    }
  ]
}