{
  "meta": {
    "doc_no": "law1211089",
    "domain": "금융",
    "category": "규제정보",
    "license": "open",
    "source_language": "ko",
    "target_language": "zh"
  },
  "doc_info": {
    "source": "공정거래위원회",
    "title": "2013년도 업무계획",
    "date": 20130424
  },
  "sents": [
    {
      "page": 20,
      "sn": "law1211089sent13206811",
      "source_original": "가맹본부의 허위과장 정보를 믿고 창업한 가맹점주가 가맹금 반환 청구를 하고자 하여도 청구권 행사기간(2개월)이 짧아 충분한 권리행사가 어려움.",
      "source_cleaned": "가맹본부의 허위과장 정보를 믿고 창업한 가맹점주가 가맹금 반환 청구를 하고자 하여도 청구권 행사기간(2개월)이 짧아 충분한 권리행사가 어려움.",
      "mt": "相信加盟本部的虚假夸张信息而创业的加盟店主即使想请求返还加盟金，由于申请权行使时间（2个月）短，很难充分行使权利。",
      "mtpe": "相信加盟本部的虚假夸张信息而创业的加盟店主即使想请求返还加盟金，但由于申请权行使时间（2个月）较短，因此很难充分行使权利。"
    },
    {
      "page": 20,
      "sn": "law1211089sent13206814",
      "source_original": "가맹본부의 허위과장정보제공시 가맹점주가 가맹금을 반환받을 수 있는 기한을 현행 2개월에서 4개월로 연장",
      "source_cleaned": "가맹본부의 허위과장정보제공시 가맹점주가 가맹금을 반환받을 수 있는 기한을 현행 2개월에서 4개월로 연장",
      "mt": "加盟本部提供虚假夸张信息时，加盟店主返还加盟金的期限从现行的2个月延长到4个月",
      "mtpe": "加盟本部提供虚假夸张信息时，加盟店主返还加盟金的期限从目前的2个月延长到4个月"
    },
    {
      "page": 20,
      "sn": "law1211089sent13206809",
      "source_original": "가맹점주가 단체를 구성, 협상력을 높임으로써 불공정한 거래조건 및 관행 개선 가능",
      "source_cleaned": "가맹점주가 단체를 구성, 협상력을 높임으로써 불공정한 거래조건 및 관행 개선 가능",
      "mt": "加盟店主可以组成团体，提高协商能力，改善不公平的交易条件及惯例",
      "mtpe": "加盟店主可以组成团体，提高协商能力，改善不公平的交易条件及惯例"
    }
  ]
}