{
  "meta": {
    "doc_no": "law1211077",
    "domain": "금융",
    "category": "규제정보",
    "license": "open",
    "source_language": "ko",
    "target_language": "zh"
  },
  "doc_info": {
    "source": "공정거래위원회",
    "title": "2013년도 업무계획",
    "date": 20130424
  },
  "sents": [
    {
      "page": 8,
      "sn": "law1211077sent13206730",
      "source_original": "기존 순환출자는 공시제도 등을 활용하여 자발적 해소를 유도하되, 해소범위는 기업이 수용할 수 있는 범위 내에서 스스로 판단",
      "source_cleaned": "기존 순환출자는 공시제도 등을 활용하여 자발적 해소를 유도하되, 해소범위는 기업이 수용할 수 있는 범위 내에서 스스로 판단",
      "mt": "现有的循环出资利用公示制度等，引导自发性地消除，消除范围在企业可以接受的范围内自行判断",
      "mtpe": "鼓励现有流通股利用信息公示制度自愿解决，但解决范围由公司在可接受的范围内确定。"
    },
    {
      "page": 8,
      "sn": "law1211077sent13206729",
      "source_original": "대기업집단이 금융보험사 고객자금을 활용해 총수일가의 지배력을 유지·확장할 우려가 있고, 이에 따라 사익추구 유인도 큼",
      "source_cleaned": "대기업집단이 금융보험사 고객자금을 활용해 총수일가의 지배력을 유지·확장할 우려가 있고, 이에 따라 사익추구 유인도 큼",
      "mt": "大企业集团有可能利用金融保险公司的客户资金，维持和扩大总裁一家的支配力，因此追求私利的诱因也很大",
      "mtpe": "担心大型企业集团会利用金融和保险公司的客户资金来维持和扩大控股家族的控制权，因此，追求私人利益的动机很强。"
    },
    {
      "page": 8,
      "sn": "law1211077sent13206725",
      "source_original": "대기업집단이 중간금융지주회사를 설립할 경우, 금융-비금융간 출자고리가 단절되어 집단 내 금산분리 강화",
      "source_cleaned": "대기업집단이 중간금융지주회사를 설립할 경우, 금융-비금융간 출자고리가 단절되어 집단 내 금산분리 강화",
      "mt": "如果大企业集团设立中间金融控股公司，金融-非金融之间的出资环节被中断，加强集团内的金产分离",
      "mtpe": "当大型企业集团设立中间金融控股公司时，金融与非金融的投资链条被切断，强化了集团内部金融与产业的分离。"
    },
    {
      "page": 8,
      "sn": "law1211077sent13206727",
      "source_original": "일반지주회사는 금융보험사를 자회사로 둘 수 없어 금융보험사를 매각하지 않는 한 지주회사 전환이 곤란한 상황",
      "source_cleaned": "일반지주회사는 금융보험사를 자회사로 둘 수 없어 금융보험사를 매각하지 않는 한 지주회사 전환이 곤란한 상황",
      "mt": "一般控股公司不能把金融保险公司设为子公司，如果不出售金融保险公司，就很难转换控股公司",
      "mtpe": "一般控股公司不能把金融保险公司设为子公司，如不出售金融保险公司，就很难转换控股公司"
    },
    {
      "page": 8,
      "sn": "law1211077sent13206726",
      "source_original": "일반지주회사의 금융자회사 보유를 허용하되, 일정요건* 충족시 중간금융지주회사 설치를 의무화",
      "source_cleaned": "일반지주회사의 금융자회사 보유를 허용하되, 일정요건* 충족시 중간금융지주회사 설치를 의무화",
      "mt": "允许普通控股公司拥有金融子公司，但若满足一定条件*必须义务性地设置中间金融控股公司",
      "mtpe": "允许普通控股公司拥有金融子公司，但若满足一定条件*，必须义务性地设置中间金融控股公司"
    }
  ]
}