{
  "meta": {
    "doc_no": "law1211094",
    "domain": "금융",
    "category": "규제정보",
    "license": "open",
    "source_language": "ko",
    "target_language": "zh"
  },
  "doc_info": {
    "source": "공정거래위원회",
    "title": "2013년도 업무계획",
    "date": 20130424
  },
  "sents": [
    {
      "page": 25,
      "sn": "law1211094sent13206844",
      "source_original": "생필품․금융․교육․보건의료 등 서민생활과 직결되는 분야의 담합 등 불공정행위 적발 강화",
      "source_cleaned": "생필품․금융․교육․보건의료 등 서민생활과 직결되는 분야의 담합 등 불공정행위 적발 강화",
      "mt": "强化生活必需品、金融、教育、保健医疗等与百姓生活直接相关的领域的串通等不公正行为的揭发",
      "mtpe": "加强对生活必需品、金​​融、教育、医疗等与百姓生活直接相关领域串通等不正当行为的查处。"
    }
  ]
}