{
  "meta": {
    "doc_no": "dis100012",
    "domain": "금융",
    "category": "공시정보",
    "license": "open",
    "source_language": "ko"
  },
  "doc_info": {
    "source": "금융감독원",
    "dis_no": 2022041100233200760,
    "doc_name": "감사보고서",
    "com_name": "(주)호승기업",
    "date": 20220411
  },
  "sents": [
    {
      "sn": "dis100012sent62224484",
      "source_original": "감사보고서"
    },
    {
      "sn": "dis100012sent62224485",
      "source_original": "(주)호승기업"
    },
    {
      "sn": "dis100012sent62224486",
      "source_original": "주식회사 호승기업"
    },
    {
      "sn": "dis100012sent62224487",
      "source_original": "재 무 제 표 에 대 한"
    },
    {
      "sn": "dis100012sent62224488",
      "source_original": "감 사 보 고 서"
    },
    {
      "sn": "dis100012sent62224489",
      "source_original": "제 22 기"
    },
    {
      "sn": "dis100012sent62224490",
      "source_original": "2021년 01월 01일"
    },
    {
      "sn": "dis100012sent62224491",
      "source_original": "부터"
    },
    {
      "sn": "dis100012sent62224492",
      "source_original": "2021년 12월 31일"
    },
    {
      "sn": "dis100012sent62224493",
      "source_original": "까지"
    },
    {
      "sn": "dis100012sent62224494",
      "source_original": "동원회계법인"
    },
    {
      "sn": "dis100012sent62224495",
      "source_original": "목 차"
    },
    {
      "sn": "dis100012sent62224496",
      "source_original": "독립된 감사인의 감사보고서"
    },
    {
      "sn": "dis100012sent62224497",
      "source_original": "재무제표"
    },
    {
      "sn": "dis100012sent62224498",
      "source_original": "주석"
    },
    {
      "sn": "dis100012sent62224499",
      "source_original": "외부감사 실시내용"
    },
    {
      "sn": "dis100012sent62224500",
      "source_original": "주식회사 호승기업"
    },
    {
      "sn": "dis100012sent62224501",
      "source_original": "주주 및 이사회 귀중"
    },
    {
      "sn": "dis100012sent62224502",
      "source_original": "2022년 3월 18일"
    },
    {
      "sn": "dis100012sent62224503",
      "source_original": "의견거절"
    },
    {
      "sn": "dis100012sent62224504",
      "source_original": "우리는 주식회사 호승기업(이하 \"당사\")의 재무제표에 대한 감사계약을 체결하였습니다."
    },
    {
      "sn": "dis100012sent62224505",
      "source_original": "해당 재무제표는 2021년 12월 31일 현재의 재무상태표, 동일로 종료되는 보고기간의 손익계산서, 자본변동표, 현금흐름표 그리고 유의적인 회계정책의 요약을 포함한 재무제표의 주석으로 구성되어 있습니다."
    },
    {
      "sn": "dis100012sent62224506",
      "source_original": "우리는 별첨된 당사의 재무제표에 대하여 의견을 표명하지 않습니다."
    },
    {
      "sn": "dis100012sent62224507",
      "source_original": "우리는 이 감사보고서의 의견거절근거 단락에서 기술된 사항의 유의성 때문에 재무제표에 대한 감사의견의 근거를 제공하는 충분하고 적합한 감사증거를 입수할 수 없었습니다."
    },
    {
      "sn": "dis100012sent62224508",
      "source_original": "의견거절근거"
    },
    {
      "sn": "dis100012sent62224509",
      "source_original": "우리는 감사보고서일 현재까지 당사의 재무제표를 제시받지 못하였습니다."
    },
    {
      "sn": "dis100012sent62224510",
      "source_original": "이에 따라 우리는 재무제표의 구성요소에 관하여 수정이 필요한 사항이 발견되었을 것인지 여부를 결정할 수 없었습니다."
    },
    {
      "sn": "dis100012sent62224511",
      "source_original": "재무제표에 대한 경영진과 지배기구의 책임"
    },
    {
      "sn": "dis100012sent62224512",
      "source_original": "경영진은 일반기업회계기준에 따라 이 재무제표를 작성하고 공정하게 표시할 책임이있으며, 부정이나 오류로 인한 중요한 왜곡표시가 없는 재무제표를 작성하는데 필요하다고 결정한 내부통제에 대해서도 책임이 있습니다."
    },
    {
      "sn": "dis100012sent62224513",
      "source_original": "경영진은 재무제표를 작성할 때, 당사의 계속기업으로서의 존속능력을 평가하고 해당되는 경우, 계속기업 관련 사항을 공시할 책임이 있습니다."
    },
    {
      "sn": "dis100012sent62224514",
      "source_original": "그리고 경영진이 기업을 청산하거나 영업을 중단할 의도가 없는 한, 회계의 계속기업전제의 사용에 대해서도 책임이 있습니다."
    },
    {
      "sn": "dis100012sent62224515",
      "source_original": "지배기구는 당사의 재무보고절차의 감시에 대한 책임이 있습니다."
    },
    {
      "sn": "dis100012sent62224516",
      "source_original": "재무제표감사에 대한 감사인의 책임"
    },
    {
      "sn": "dis100012sent62224517",
      "source_original": "우리의 책임은 대한민국의 회계감사기준에 따라 당사의 재무제표를 감사하고 감사보고서를 발행하는데 있습니다."
    },
    {
      "sn": "dis100012sent62224518",
      "source_original": "그러나 우리는 이 감사보고서의 의견거절근거 단락에서 기술된 사항의 유의성 때문에 해당 재무제표에 대한 감사의견의 근거를 제공하는 충분하고 적합한 감사증거를 입수할 수 없었습니다."
    },
    {
      "sn": "dis100012sent62224519",
      "source_original": "우리는 재무제표 감사와 관련된 대한민국의 윤리적 요구사항에 따라 당사로부터 독립적이며, 그러한 요구사항에 따른 기타의 윤리적 책임들을 이행하였습니다."
    },
    {
      "sn": "dis100012sent62224520",
      "source_original": "부산광역시 동구 중앙대로 233 해정빌딩 4층 (초량동)"
    },
    {
      "sn": "dis100012sent62224521",
      "source_original": "동원회계법인"
    },
    {
      "sn": "dis100012sent62224522",
      "source_original": "대표공인회계사 윤상호"
    },
    {
      "sn": "dis100012sent62224523",
      "source_original": "이 감사보고서는 감사보고서일(2022년 3월 18일) 현재로 유효한 것입니다."
    },
    {
      "sn": "dis100012sent62224524",
      "source_original": "따라서 감사보고서일 후 이 보고서를 열람하는 시점 사이에 첨부된 당사의 재무제표에 중요한 영향을 미칠 수 있는 사건이나 상황이 발생할 수도 있으며, 이로 인하여 이 감사보고서가 수정될 수도 있습니다."
    },
    {
      "sn": "dis100012sent62224525",
      "source_original": "(첨부)재 무 제 표"
    },
    {
      "sn": "dis100012sent62224526",
      "source_original": "제 21 기"
    },
    {
      "sn": "dis100012sent62224527",
      "source_original": "2020년 01월 01일"
    },
    {
      "sn": "dis100012sent62224528",
      "source_original": "2020년 12월 31일"
    },
    {
      "sn": "dis100012sent62224529",
      "source_original": "본점 소재지 :"
    },
    {
      "sn": "dis100012sent62224530",
      "source_original": "(도로명주소)"
    },
    {
      "sn": "dis100012sent62224531",
      "source_original": "부산광역시 기장군 장안읍 명례산단5로 115"
    },
    {
      "sn": "dis100012sent62224532",
      "source_original": "(전 화)"
    },
    {
      "sn": "dis100012sent62224533",
      "source_original": "「주식회사 등의 외부감사에 관한 법률」제18조제3항의 규정에 의하여 외부감사 실시내용을 첨부합니다."
    },
    {
      "sn": "dis100012sent62224534",
      "source_original": "1. 감사대상업무"
    },
    {
      "sn": "dis100012sent62224535",
      "source_original": "회 사 명"
    },
    {
      "sn": "dis100012sent62224536",
      "source_original": "주식회사 진우상사"
    },
    {
      "sn": "dis100012sent62224537",
      "source_original": "감사대상 사업연도"
    },
    {
      "sn": "dis100012sent62224538",
      "source_original": "2. 감사참여자 구분별 인원수 및 감사시간"
    },
    {
      "sn": "dis100012sent62224539",
      "source_original": "(단위 : 명, 시간)"
    },
    {
      "sn": "dis100012sent62224540",
      "source_original": "감사참여자"
    },
    {
      "sn": "dis100012sent62224541",
      "source_original": "인원수 및 시간"
    },
    {
      "sn": "dis100012sent62224542",
      "source_original": "품질관리"
    },
    {
      "sn": "dis100012sent62224543",
      "source_original": "검토자"
    },
    {
      "sn": "dis100012sent62224544",
      "source_original": "(심리실 등)"
    },
    {
      "sn": "dis100012sent62224545",
      "source_original": "감사업무 담당 회계사"
    },
    {
      "sn": "dis100012sent62224546",
      "source_original": "전산감사ㆍ"
    },
    {
      "sn": "dis100012sent62224547",
      "source_original": "세무ㆍ가치평가"
    },
    {
      "sn": "dis100012sent62224548",
      "source_original": "등 전문가"
    },
    {
      "sn": "dis100012sent62224549",
      "source_original": "건설계약 등"
    },
    {
      "sn": "dis100012sent62224550",
      "source_original": "수주산업"
    },
    {
      "sn": "dis100012sent62224551",
      "source_original": "전문가"
    },
    {
      "sn": "dis100012sent62224552",
      "source_original": "합계"
    },
    {
      "sn": "dis100012sent62224553",
      "source_original": "담당이사"
    },
    {
      "sn": "dis100012sent62224554",
      "source_original": "(업무수행이사)"
    },
    {
      "sn": "dis100012sent62224555",
      "source_original": "등록"
    },
    {
      "sn": "dis100012sent62224556",
      "source_original": "공인회계사"
    },
    {
      "sn": "dis100012sent62224557",
      "source_original": "수습"
    },
    {
      "sn": "dis100012sent62224558",
      "source_original": "당기"
    },
    {
      "sn": "dis100012sent62224559",
      "source_original": "전기"
    },
    {
      "sn": "dis100012sent62224560",
      "source_original": "투입 인원수"
    },
    {
      "sn": "dis100012sent62224561",
      "source_original": "투입시간"
    },
    {
      "sn": "dis100012sent62224562",
      "source_original": "분ㆍ반기검토"
    },
    {
      "sn": "dis100012sent62224563",
      "source_original": "감사"
    },
    {
      "sn": "dis100012sent62224564",
      "source_original": "3. 주요 감사실시내용"
    },
    {
      "sn": "dis100012sent62224565",
      "source_original": "구 분"
    },
    {
      "sn": "dis100012sent62224566",
      "source_original": "내 역"
    },
    {
      "sn": "dis100012sent62224567",
      "source_original": "전반감사계획"
    },
    {
      "sn": "dis100012sent62224568",
      "source_original": "(감사착수단계)"
    },
    {
      "sn": "dis100012sent62224569",
      "source_original": "수행시기"
    },
    {
      "sn": "dis100012sent62224570",
      "source_original": "일"
    },
    {
      "sn": "dis100012sent62224571",
      "source_original": "주요내용"
    },
    {
      "sn": "dis100012sent62224572",
      "source_original": "감사경험, 회사 및 산업에 대한 전반적 이해를 바탕으로 감사절차의 범위와 시기 등을 결정, 독립성 검토 등"
    },
    {
      "sn": "dis100012sent62224573",
      "source_original": "현장감사"
    },
    {
      "sn": "dis100012sent62224574",
      "source_original": "투입인원"
    },
    {
      "sn": "dis100012sent62224575",
      "source_original": "주요 감사업무 수행내용"
    },
    {
      "sn": "dis100012sent62224576",
      "source_original": "상주"
    },
    {
      "sn": "dis100012sent62224577",
      "source_original": "비상주"
    },
    {
      "sn": "dis100012sent62224578",
      "source_original": "명"
    },
    {
      "sn": "dis100012sent62224579",
      "source_original": "재고자산실사(입회)"
    },
    {
      "sn": "dis100012sent62224580",
      "source_original": "실사(입회)시기"
    },
    {
      "sn": "dis100012sent62224581",
      "source_original": "실사(입회)장소"
    },
    {
      "sn": "dis100012sent62224582",
      "source_original": "실사(입회)대상"
    },
    {
      "sn": "dis100012sent62224583",
      "source_original": "금융자산실사(입회)"
    },
    {
      "sn": "dis100012sent62224584",
      "source_original": "외부조회"
    },
    {
      "sn": "dis100012sent62224585",
      "source_original": "금융거래조회"
    },
    {
      "sn": "dis100012sent62224586",
      "source_original": "채권채무조회"
    },
    {
      "sn": "dis100012sent62224587",
      "source_original": "변호사조회"
    },
    {
      "sn": "dis100012sent62224588",
      "source_original": "기타조회"
    },
    {
      "sn": "dis100012sent62224589",
      "source_original": "지배기구와의"
    },
    {
      "sn": "dis100012sent62224590",
      "source_original": "커뮤니케이션"
    },
    {
      "sn": "dis100012sent62224591",
      "source_original": "커뮤니케이션 횟수"
    },
    {
      "sn": "dis100012sent62224592",
      "source_original": "회"
    },
    {
      "sn": "dis100012sent62224593",
      "source_original": "외부전문가 활용"
    },
    {
      "sn": "dis100012sent62224594",
      "source_original": "감사 활용 내용"
    },
    {
      "sn": "dis100012sent62224595",
      "source_original": "4. 감사(감사위원회)와의 커뮤니케이션"
    },
    {
      "sn": "dis100012sent62224596",
      "source_original": "구분"
    },
    {
      "sn": "dis100012sent62224597",
      "source_original": "일자"
    },
    {
      "sn": "dis100012sent62224598",
      "source_original": "참석자"
    },
    {
      "sn": "dis100012sent62224599",
      "source_original": "방식"
    },
    {
      "sn": "dis100012sent62224600",
      "source_original": "주요 논의 내용"
    }
  ]
}