{
  "meta": {
    "doc_no": "dis100061",
    "domain": "금융",
    "category": "공시정보",
    "license": "open",
    "source_language": "ko"
  },
  "doc_info": {
    "source": "금융감독원",
    "dis_no": 2022041100228100760,
    "doc_name": "감사보고서",
    "com_name": "주식회사 노벨아이",
    "date": 20220411
  },
  "sents": [
    {
      "sn": "dis100061sent62255167",
      "source_original": "감사보고서"
    },
    {
      "sn": "dis100061sent62255168",
      "source_original": "주식회사 노벨아이"
    },
    {
      "sn": "dis100061sent62255169",
      "source_original": "주식회사 노벨아이"
    },
    {
      "sn": "dis100061sent62255170",
      "source_original": "재 무 제 표 에 대 한"
    },
    {
      "sn": "dis100061sent62255171",
      "source_original": "감 사 보 고 서"
    },
    {
      "sn": "dis100061sent62255172",
      "source_original": "제 27기"
    },
    {
      "sn": "dis100061sent62255173",
      "source_original": "2021년 01월 01일"
    },
    {
      "sn": "dis100061sent62255174",
      "source_original": "부터"
    },
    {
      "sn": "dis100061sent62255175",
      "source_original": "2021년 12월 31일"
    },
    {
      "sn": "dis100061sent62255176",
      "source_original": "까지"
    },
    {
      "sn": "dis100061sent62255177",
      "source_original": "제 26기"
    },
    {
      "sn": "dis100061sent62255178",
      "source_original": "2020년 01월 01일"
    },
    {
      "sn": "dis100061sent62255179",
      "source_original": "2020년 12월 31일"
    },
    {
      "sn": "dis100061sent62255180",
      "source_original": "한 미 회 계 법 인"
    },
    {
      "sn": "dis100061sent62255181",
      "source_original": "목 차"
    },
    {
      "sn": "dis100061sent62255182",
      "source_original": "I. 독립된 감사인의 감사보고서"
    },
    {
      "sn": "dis100061sent62255183",
      "source_original": "II. 재무제표"
    },
    {
      "sn": "dis100061sent62255184",
      "source_original": "재무상태표"
    },
    {
      "sn": "dis100061sent62255185",
      "source_original": "손익계산서"
    },
    {
      "sn": "dis100061sent62255186",
      "source_original": "자본변동표"
    },
    {
      "sn": "dis100061sent62255187",
      "source_original": "현금흐름표"
    },
    {
      "sn": "dis100061sent62255188",
      "source_original": "재무제표에 대한 주석"
    },
    {
      "sn": "dis100061sent62255189",
      "source_original": "내부회계관리제도 검토의견"
    },
    {
      "sn": "dis100061sent62255190",
      "source_original": "외부감사 실시내용"
    },
    {
      "sn": "dis100061sent62255191",
      "source_original": "독립된 감사인의 감사보고서"
    },
    {
      "sn": "dis100061sent62255192",
      "source_original": "주주 및 이사회 귀중"
    },
    {
      "sn": "dis100061sent62255193",
      "source_original": "2022년 3월 31일"
    },
    {
      "sn": "dis100061sent62255194",
      "source_original": "감사의견"
    },
    {
      "sn": "dis100061sent62255195",
      "source_original": "우리는 주식회사 노벨아이(이하 “회사”)의 재무제표를 감사하였습니다."
    },
    {
      "sn": "dis100061sent62255196",
      "source_original": "해당 재무제표는 2021년 12월 31일과 2020년 12월 31일 현재의 재무상태표, 동일로 종료되는 양 보고기간의 손익계산서, 자본변동표, 현금흐름표 그리고 유의적인 회계정책의 요약을 포함한 재무제표의 주석으로 구성되어 있습니다."
    },
    {
      "sn": "dis100061sent62255197",
      "source_original": "우리의 의견으로는 별첨된 회사의 재무제표는 회사의 2021년 12월 31일과 2020년 12월 31일 현재의 재무상태와 동일로 종료되는 양 보고기간의 재무성과 및 현금흐름을 일반기업회계기준에 따라, 중요성의 관점에서 공정하게 표시하고 있습니다."
    },
    {
      "sn": "dis100061sent62255198",
      "source_original": "감사의견근거"
    },
    {
      "sn": "dis100061sent62255199",
      "source_original": "우리는 대한민국의 회계감사기준에 따라 감사를 수행하였습니다."
    },
    {
      "sn": "dis100061sent62255200",
      "source_original": "이 기준에 따른 우리의 책임은 이 감사보고서의 재무제표감사에 대한 감사인의 책임 단락에 기술되어 있습니다."
    },
    {
      "sn": "dis100061sent62255201",
      "source_original": "우리는 재무제표감사와 관련된 대한민국의 윤리적 요구사항에 따라 회사로부터 독립적이며, 그러한 요구사항에 따른 기타의 윤리적 책임들을 이행하였습니다."
    },
    {
      "sn": "dis100061sent62255202",
      "source_original": "우리가 입수한 감사증거가 감사의견을 위한 근거로서 충분하고 적합하다고 우리는 믿습니다."
    },
    {
      "sn": "dis100061sent62255203",
      "source_original": "재무제표에 대한 경영진과 지배기구의 책임"
    },
    {
      "sn": "dis100061sent62255204",
      "source_original": "경영진은 일반기업회계기준에 따라 이 재무제표를 작성하고 공정하게 표시할 책임이 있으며, 부정이나 오류로 인한 중요한 왜곡표시가 없는 재무제표를 작성하는데 필요하다고 결정한 내부통제에 대해서도 책임이 있습니다."
    },
    {
      "sn": "dis100061sent62255205",
      "source_original": "경영진은 재무제표를 작성할 때, 회사의 계속기업으로서의 존속능력을 평가하고 해당되는 경우, 계속기업 관련 사항을 공시할 책임이 있습니다."
    },
    {
      "sn": "dis100061sent62255206",
      "source_original": "그리고 경영진이 기업을 청산하거나 영업을 중단할 의도가 없는 한, 회계의 계속기업전제의 사용에 대해서도 책임이 있습니다."
    },
    {
      "sn": "dis100061sent62255207",
      "source_original": "지배기구는 회사의 재무보고절차의 감시에 대한 책임이 있습니다."
    },
    {
      "sn": "dis100061sent62255208",
      "source_original": "재무제표감사에 대한 감사인의 책임"
    },
    {
      "sn": "dis100061sent62255209",
      "source_original": "우리의 목적은 회사의 재무제표에 전체적으로 부정이나 오류로 인한 중요한 왜곡표시가 없는지에 대하여 합리적인 확신을 얻어 우리의 의견이 포함된 감사보고서를 발행하는데 있습니다."
    },
    {
      "sn": "dis100061sent62255210",
      "source_original": "합리적인 확신은 높은 수준의 확신을 의미하나, 감사기준에 따라 수행된 감사가 항상 중요한 왜곡표시를 발견한다는 것을 보장하지는 않습니다."
    },
    {
      "sn": "dis100061sent62255211",
      "source_original": "왜곡표시는 부정이나 오류로부터 발생할 수 있으며, 왜곡표시가 재무제표를 근거로 하는 이용자의 경제적 의사결정에 개별적으로 또는 집합적으로 영향을 미칠 것이 합리적으로 예상되면, 그 왜곡표시는 중요하다고 간주됩니다."
    },
    {
      "sn": "dis100061sent62255212",
      "source_original": "감사기준에 따른 감사의 일부로서 우리는 감사의 전 과정에 걸쳐 전문가적 판단을 수행하고 전문가적 의구심을 유지하고 있습니다."
    },
    {
      "sn": "dis100061sent62255213",
      "source_original": "또한, 우리는:"
    },
    {
      "sn": "dis100061sent62255214",
      "source_original": "- 부정이나 오류로 인한 재무제표의 중요왜곡표시위험을 식별하고 평가하며 그러한 위험에 대응하는 감사절차를 설계하고 수행합니다."
    },
    {
      "sn": "dis100061sent62255215",
      "source_original": "그리고 감사의견의 근거로서 충분하고 적합한 감사증거를 입수합니다."
    },
    {
      "sn": "dis100061sent62255216",
      "source_original": "부정은 공모, 위조, 의도적인 누락, 허위진술 또는 내부통제 무력화가 개입될 수 있기 때문에 부정으로 인한 중요한 왜곡표시를 발견하지 못할 위험은 오류로 인한 위험보다 큽니다."
    },
    {
      "sn": "dis100061sent62255217",
      "source_original": "- 상황에 적합한 감사절차를 설계하기 위하여 감사와 관련된 내부통제를 이해합니다."
    },
    {
      "sn": "dis100061sent62255218",
      "source_original": "그러나 이는 내부통제의 효과성에 대한 의견을 표명하기 위한 것이 아닙니다."
    },
    {
      "sn": "dis100061sent62255219",
      "source_original": "- 재무제표를 작성하기 위하여 경영진이 적용한 회계정책의 적합성과 경영진이 도출한 회계추정치와 관련 공시의 합리성에 대하여 평가합니다."
    },
    {
      "sn": "dis100061sent62255220",
      "source_original": "- 경영진이 사용한 회계의 계속기업전제의 적절성과, 입수한 감사증거를 근거로 계속기업으로서의 존속능력에 대하여 유의적 의문을 초래할 수 있는 사건이나, 상황과 관련된 중요한 불확실성이 존재하는지 여부에 대하여 결론을 내립니다."
    },
    {
      "sn": "dis100061sent62255221",
      "source_original": "중요한 불확실성이 존재한다고 결론을 내리는 경우, 우리는 재무제표의 관련 공시에 대하여 감사보고서에 주의를 환기시키고, 이들 공시가 부적절한 경우 의견을 변형시킬 것을 요구받고 있습니다."
    },
    {
      "sn": "dis100061sent62255222",
      "source_original": "우리의 결론은 감사보고서일까지 입수된 감사증거에 기초하나, 미래의 사건이나 상황이 회사의 계속기업으로서 존속을 중단시킬 수 있습니다."
    },
    {
      "sn": "dis100061sent62255223",
      "source_original": "- 공시를 포함한 재무제표의 전반적인 표시와 구조 및 내용을 평가하고, 재무제표의 기초가 되는 거래와 사건을 재무제표가 공정한 방식으로 표시하고 있는지 여부를 평가합니다."
    },
    {
      "sn": "dis100061sent62255224",
      "source_original": "우리는 여러 가지 사항들 중에서 계획된 감사범위와 시기 그리고 감사 중 식별된 유의적 내부통제 미비점 등 유의적인 감사의 발견사항에 대하여 지배기구와 커뮤니케이션합니다."
    },
    {
      "sn": "dis100061sent62255225",
      "source_original": "서울특별시 강남구 테헤란로77길 13"
    },
    {
      "sn": "dis100061sent62255226",
      "source_original": "한 미 회 계 법 인"
    },
    {
      "sn": "dis100061sent62255227",
      "source_original": "대표 이사 신 기 동"
    },
    {
      "sn": "dis100061sent62255228",
      "source_original": "이 감사보고서는 감사보고서일 현재로 유효한 것입니다."
    },
    {
      "sn": "dis100061sent62255229",
      "source_original": "따라서 감사보고서일 이후 이 보고서를 열람하는 시점까지의 기간 사이에 첨부된 회사의 재무제표에중대한 영향을 미칠 수 있는 사건이나 상황이 발생할 수도 있으며 이로 인하여 이 감사보고서가 수정될 수도 있습니다."
    },
    {
      "sn": "dis100061sent62255230",
      "source_original": "(첨부)재 무 제 표"
    },
    {
      "sn": "dis100061sent62255231",
      "source_original": "제 27 기"
    },
    {
      "sn": "dis100061sent62255232",
      "source_original": "제 26 기"
    },
    {
      "sn": "dis100061sent62255233",
      "source_original": "\"첨부된 재무제표는 당사가 작성한 것입니다.\""
    },
    {
      "sn": "dis100061sent62255234",
      "source_original": "주식회사 노벨아이 대표이사 이동진"
    },
    {
      "sn": "dis100061sent62255235",
      "source_original": "본점 소재지 :"
    },
    {
      "sn": "dis100061sent62255236",
      "source_original": "(도로명주소)"
    },
    {
      "sn": "dis100061sent62255237",
      "source_original": "서울특별시 강남구 테헤란로78길 16"
    },
    {
      "sn": "dis100061sent62255238",
      "source_original": "(전 화)"
    },
    {
      "sn": "dis100061sent62255239",
      "source_original": "재 무 상 태 표"
    },
    {
      "sn": "dis100061sent62255240",
      "source_original": "제 27(당) 기 2021년 12월 31일 현재"
    },
    {
      "sn": "dis100061sent62255241",
      "source_original": "제 26(전) 기 2020년 12월 31일 현재"
    },
    {
      "sn": "dis100061sent62255242",
      "source_original": "(단위 : 원)"
    },
    {
      "sn": "dis100061sent62255243",
      "source_original": "과 목"
    },
    {
      "sn": "dis100061sent62255244",
      "source_original": "제 27(당) 기"
    },
    {
      "sn": "dis100061sent62255245",
      "source_original": "제 26(전) 기"
    },
    {
      "sn": "dis100061sent62255246",
      "source_original": "자 산"
    },
    {
      "sn": "dis100061sent62255247",
      "source_original": "Ⅰ. 유동자산"
    },
    {
      "sn": "dis100061sent62255248",
      "source_original": "(1) 당좌자산"
    },
    {
      "sn": "dis100061sent62255249",
      "source_original": "1. 현금및현금성자산"
    },
    {
      "sn": "dis100061sent62255250",
      "source_original": "2. 단기금융상품"
    },
    {
      "sn": "dis100061sent62255251",
      "source_original": "3. 매출채권"
    },
    {
      "sn": "dis100061sent62255252",
      "source_original": "대손충당금"
    },
    {
      "sn": "dis100061sent62255253",
      "source_original": "4. 미수수익"
    },
    {
      "sn": "dis100061sent62255254",
      "source_original": "5. 위약미수금"
    },
    {
      "sn": "dis100061sent62255255",
      "source_original": "6. 미수금"
    },
    {
      "sn": "dis100061sent62255256",
      "source_original": "7. 단기대여금(주석12)"
    },
    {
      "sn": "dis100061sent62255257",
      "source_original": "8. 선급비용"
    },
    {
      "sn": "dis100061sent62255258",
      "source_original": "9. 선급법인세"
    },
    {
      "sn": "dis100061sent62255259",
      "source_original": "Ⅱ. 비유동자산"
    },
    {
      "sn": "dis100061sent62255260",
      "source_original": "(1) 유형자산(주석2,3,4)"
    },
    {
      "sn": "dis100061sent62255261",
      "source_original": "1. 토지"
    },
    {
      "sn": "dis100061sent62255262",
      "source_original": "2. 건물"
    },
    {
      "sn": "dis100061sent62255263",
      "source_original": "감가상각누계액"
    },
    {
      "sn": "dis100061sent62255264",
      "source_original": "3. 차량운반구"
    },
    {
      "sn": "dis100061sent62255265",
      "source_original": "4. 비품"
    },
    {
      "sn": "dis100061sent62255266",
      "source_original": "5. 시설장치"
    },
    {
      "sn": "dis100061sent62255267",
      "source_original": "(2) 기타비유동자산"
    },
    {
      "sn": "dis100061sent62255268",
      "source_original": "1. 보증금(주석14)"
    },
    {
      "sn": "dis100061sent62255269",
      "source_original": "자 산 총 계"
    },
    {
      "sn": "dis100061sent62255270",
      "source_original": "부 채"
    },
    {
      "sn": "dis100061sent62255271",
      "source_original": "Ⅰ. 유동부채"
    },
    {
      "sn": "dis100061sent62255272",
      "source_original": "1. 단기차입금(주석5,6,8,12)"
    },
    {
      "sn": "dis100061sent62255273",
      "source_original": "2. 미지급금(주석6,12)"
    },
    {
      "sn": "dis100061sent62255274",
      "source_original": "3. 미지급비용(주석6,12)"
    },
    {
      "sn": "dis100061sent62255275",
      "source_original": "4. 선수금"
    },
    {
      "sn": "dis100061sent62255276",
      "source_original": "5. 예수금"
    },
    {
      "sn": "dis100061sent62255277",
      "source_original": "6. 임대보증금(주석6,12)"
    },
    {
      "sn": "dis100061sent62255278",
      "source_original": "7. 예수보증금"
    },
    {
      "sn": "dis100061sent62255279",
      "source_original": "Ⅱ. 비유동부채"
    },
    {
      "sn": "dis100061sent62255280",
      "source_original": "1. 장기임대보증금(주석6,12)"
    },
    {
      "sn": "dis100061sent62255281",
      "source_original": "2. 퇴직급여충당부채(주석7)"
    },
    {
      "sn": "dis100061sent62255282",
      "source_original": "부 채 총 계"
    },
    {
      "sn": "dis100061sent62255283",
      "source_original": "자 본"
    },
    {
      "sn": "dis100061sent62255284",
      "source_original": "Ⅰ. 자본금"
    },
    {
      "sn": "dis100061sent62255285",
      "source_original": "1. 보통주자본금(주석1,9)"
    },
    {
      "sn": "dis100061sent62255286",
      "source_original": "Ⅱ. 기타포괄손익누계액"
    },
    {
      "sn": "dis100061sent62255287",
      "source_original": "1. 유형자산재평가이익(주석 3)"
    },
    {
      "sn": "dis100061sent62255288",
      "source_original": "Ⅲ. 이익잉여금(주석 10)"
    },
    {
      "sn": "dis100061sent62255289",
      "source_original": "1. 이익준비금"
    },
    {
      "sn": "dis100061sent62255290",
      "source_original": "2. 임의준비금"
    },
    {
      "sn": "dis100061sent62255291",
      "source_original": "3. 미처분이익잉여금"
    },
    {
      "sn": "dis100061sent62255292",
      "source_original": "자 본 총 계"
    },
    {
      "sn": "dis100061sent62255293",
      "source_original": "부 채 및 자 본 총 계"
    },
    {
      "sn": "dis100061sent62255294",
      "source_original": "\"첨부된 주석은 본 재무제표의 일부입니다\""
    },
    {
      "sn": "dis100061sent62255295",
      "source_original": "손 익 계 산 서"
    },
    {
      "sn": "dis100061sent62255296",
      "source_original": "제27(당)기 2021년 01월 01일부터 2021년 12월 31일까지"
    },
    {
      "sn": "dis100061sent62255297",
      "source_original": "제26(전)기 2020년 01월 01일부터 2020년 12월 31일까지"
    },
    {
      "sn": "dis100061sent62255298",
      "source_original": "Ⅰ. 매출액(주석12)"
    },
    {
      "sn": "dis100061sent62255299",
      "source_original": "1.상품매출액"
    },
    {
      "sn": "dis100061sent62255300",
      "source_original": "2.임대매출액"
    },
    {
      "sn": "dis100061sent62255301",
      "source_original": "3.분양매출액"
    },
    {
      "sn": "dis100061sent62255302",
      "source_original": "Ⅱ.매출원가(주석2)"
    },
    {
      "sn": "dis100061sent62255303",
      "source_original": "(1) 분양매출원가"
    },
    {
      "sn": "dis100061sent62255304",
      "source_original": "(2) 상품매출원가"
    },
    {
      "sn": "dis100061sent62255305",
      "source_original": "1.기초상품재고액"
    },
    {
      "sn": "dis100061sent62255306",
      "source_original": "2.당기상품매입액"
    },
    {
      "sn": "dis100061sent62255307",
      "source_original": "3.기말상품재고액"
    },
    {
      "sn": "dis100061sent62255308",
      "source_original": "Ⅲ. 매출총이익"
    },
    {
      "sn": "dis100061sent62255309",
      "source_original": "Ⅳ. 판매비와관리비(주석13)"
    },
    {
      "sn": "dis100061sent62255310",
      "source_original": "1. 급여"
    },
    {
      "sn": "dis100061sent62255311",
      "source_original": "2. 퇴직급여"
    },
    {
      "sn": "dis100061sent62255312",
      "source_original": "3. 복리후생비"
    },
    {
      "sn": "dis100061sent62255313",
      "source_original": "4. 여비교통비"
    },
    {
      "sn": "dis100061sent62255314",
      "source_original": "5. 접대비"
    },
    {
      "sn": "dis100061sent62255315",
      "source_original": "6. 통신비"
    },
    {
      "sn": "dis100061sent62255316",
      "source_original": "7. 수도광열비"
    },
    {
      "sn": "dis100061sent62255317",
      "source_original": "8. 세금과공과"
    },
    {
      "sn": "dis100061sent62255318",
      "source_original": "9. 감가상각비"
    },
    {
      "sn": "dis100061sent62255319",
      "source_original": "10. 임차료"
    },
    {
      "sn": "dis100061sent62255320",
      "source_original": "11. 수선비"
    },
    {
      "sn": "dis100061sent62255321",
      "source_original": "12. 보험료"
    },
    {
      "sn": "dis100061sent62255322",
      "source_original": "13. 차량유지비"
    },
    {
      "sn": "dis100061sent62255323",
      "source_original": "14. 운반비"
    },
    {
      "sn": "dis100061sent62255324",
      "source_original": "15. 교육훈련비"
    },
    {
      "sn": "dis100061sent62255325",
      "source_original": "16. 인쇄비"
    },
    {
      "sn": "dis100061sent62255326",
      "source_original": "17. 소모품비"
    },
    {
      "sn": "dis100061sent62255327",
      "source_original": "18. 지급수수료"
    },
    {
      "sn": "dis100061sent62255328",
      "source_original": "19. 광고선전비"
    },
    {
      "sn": "dis100061sent62255329",
      "source_original": "20. 판매촉진비"
    },
    {
      "sn": "dis100061sent62255330",
      "source_original": "21. 대손상각비"
    },
    {
      "sn": "dis100061sent62255331",
      "source_original": "Ⅴ. 영업손실(이익)"
    },
    {
      "sn": "dis100061sent62255332",
      "source_original": "Ⅵ. 영업외수익"
    },
    {
      "sn": "dis100061sent62255333",
      "source_original": "1. 이자수익(주석12)"
    },
    {
      "sn": "dis100061sent62255334",
      "source_original": "2. 연체수익"
    },
    {
      "sn": "dis100061sent62255335",
      "source_original": "3. 위약수익"
    },
    {
      "sn": "dis100061sent62255336",
      "source_original": "4. 잡이익"
    },
    {
      "sn": "dis100061sent62255337",
      "source_original": "Ⅶ. 영업외비용"
    },
    {
      "sn": "dis100061sent62255338",
      "source_original": "1. 이자비용(주석 12)"
    },
    {
      "sn": "dis100061sent62255339",
      "source_original": "2. 투자자산손상차손"
    },
    {
      "sn": "dis100061sent62255340",
      "source_original": "2. 유형자산처분손실"
    },
    {
      "sn": "dis100061sent62255341",
      "source_original": "3. 잡손실"
    },
    {
      "sn": "dis100061sent62255342",
      "source_original": "Ⅷ. 법인세차감전순이익(손실)"
    },
    {
      "sn": "dis100061sent62255343",
      "source_original": "Ⅸ. 법인세비용(주석2)"
    },
    {
      "sn": "dis100061sent62255344",
      "source_original": "Ⅹ. 당기순이익(손실)"
    },
    {
      "sn": "dis100061sent62255345",
      "source_original": "자 본 변 동 표"
    },
    {
      "sn": "dis100061sent62255346",
      "source_original": "자 본 금"
    },
    {
      "sn": "dis100061sent62255347",
      "source_original": "잉여금"
    },
    {
      "sn": "dis100061sent62255348",
      "source_original": "조 정"
    },
    {
      "sn": "dis100061sent62255349",
      "source_original": "기타포괄"
    },
    {
      "sn": "dis100061sent62255350",
      "source_original": "손익누계액"
    },
    {
      "sn": "dis100061sent62255351",
      "source_original": "이 익"
    },
    {
      "sn": "dis100061sent62255352",
      "source_original": "총 계"
    },
    {
      "sn": "dis100061sent62255353",
      "source_original": "2020.01.01(전기초)"
    },
    {
      "sn": "dis100061sent62255354",
      "source_original": "당기순이익"
    },
    {
      "sn": "dis100061sent62255355",
      "source_original": "재평가이익"
    },
    {
      "sn": "dis100061sent62255356",
      "source_original": "배당금의 지급"
    },
    {
      "sn": "dis100061sent62255357",
      "source_original": "2020.12.31(전기말)"
    },
    {
      "sn": "dis100061sent62255358",
      "source_original": "2021.01.01(당기초)"
    },
    {
      "sn": "dis100061sent62255359",
      "source_original": "2021.12.31(당기말)"
    },
    {
      "sn": "dis100061sent62255360",
      "source_original": "현 금 흐 름 표"
    },
    {
      "sn": "dis100061sent62255361",
      "source_original": "Ⅰ. 영업활동으로 인한 현금흐름"
    },
    {
      "sn": "dis100061sent62255362",
      "source_original": "1. 당기순이익"
    },
    {
      "sn": "dis100061sent62255363",
      "source_original": "2. 현금의 유출이 없는 비용 등의 가산"
    },
    {
      "sn": "dis100061sent62255364",
      "source_original": "감가상각비"
    },
    {
      "sn": "dis100061sent62255365",
      "source_original": "투자자산손상차손"
    },
    {
      "sn": "dis100061sent62255366",
      "source_original": "퇴직급여"
    },
    {
      "sn": "dis100061sent62255367",
      "source_original": "유형자산처분손실"
    },
    {
      "sn": "dis100061sent62255368",
      "source_original": "3. 현금의 유입이 없는 수익 등의 차감"
    },
    {
      "sn": "dis100061sent62255369",
      "source_original": "대손상각(환입)"
    },
    {
      "sn": "dis100061sent62255370",
      "source_original": "4. 영업활동으로 인한 자산부채의 변동"
    },
    {
      "sn": "dis100061sent62255371",
      "source_original": "매출채권의 감소"
    },
    {
      "sn": "dis100061sent62255372",
      "source_original": "미수금의 감소(증가)"
    },
    {
      "sn": "dis100061sent62255373",
      "source_original": "위약미수금의 (증가)"
    },
    {
      "sn": "dis100061sent62255374",
      "source_original": "분양미수금의 감소(증가)"
    },
    {
      "sn": "dis100061sent62255375",
      "source_original": "미수수익의 감소(증가)"
    },
    {
      "sn": "dis100061sent62255376",
      "source_original": "선급비용의 감소(증가)"
    },
    {
      "sn": "dis100061sent62255377",
      "source_original": "선급금의 감소(증가)"
    },
    {
      "sn": "dis100061sent62255378",
      "source_original": "선급공사비의 감소(증가)"
    },
    {
      "sn": "dis100061sent62255379",
      "source_original": "선급법인세의 감소(증가)"
    },
    {
      "sn": "dis100061sent62255380",
      "source_original": "재고자산의 감소(증가)"
    },
    {
      "sn": "dis100061sent62255381",
      "source_original": "보증금의 감소(증가)"
    },
    {
      "sn": "dis100061sent62255382",
      "source_original": "매입채무의 증가(감소)"
    },
    {
      "sn": "dis100061sent62255383",
      "source_original": "미지급금의 증가(감소)"
    },
    {
      "sn": "dis100061sent62255384",
      "source_original": "선수금의 증가(감소)"
    },
    {
      "sn": "dis100061sent62255385",
      "source_original": "분양선수금의 증가(감소)"
    },
    {
      "sn": "dis100061sent62255386",
      "source_original": "예수금의 증가(감소)"
    },
    {
      "sn": "dis100061sent62255387",
      "source_original": "미지급비용의 증가(감소)"
    },
    {
      "sn": "dis100061sent62255388",
      "source_original": "당기법인세부채의 증가 (감소)"
    },
    {
      "sn": "dis100061sent62255389",
      "source_original": "임대보증금의 증가(감소)"
    },
    {
      "sn": "dis100061sent62255390",
      "source_original": "예수보증금의 증가 (감소)"
    },
    {
      "sn": "dis100061sent62255391",
      "source_original": "Ⅱ. 투자활동으로인한현금흐름"
    },
    {
      "sn": "dis100061sent62255392",
      "source_original": "1.투자활동으로인한현금유입액"
    },
    {
      "sn": "dis100061sent62255393",
      "source_original": "단기금융상품의 감소"
    },
    {
      "sn": "dis100061sent62255394",
      "source_original": "단기대여금의 감소"
    },
    {
      "sn": "dis100061sent62255395",
      "source_original": "유형자산의 처분"
    },
    {
      "sn": "dis100061sent62255396",
      "source_original": "2. 투자활동으로인한현금유출액"
    },
    {
      "sn": "dis100061sent62255397",
      "source_original": "단기금융상품의 증가"
    },
    {
      "sn": "dis100061sent62255398",
      "source_original": "단기대여금의 증가"
    },
    {
      "sn": "dis100061sent62255399",
      "source_original": "유형자산의 취득"
    },
    {
      "sn": "dis100061sent62255400",
      "source_original": "Ⅲ. 재무활동으로인한현금흐름"
    },
    {
      "sn": "dis100061sent62255401",
      "source_original": "1. 재무활동으로인한현금유입액"
    },
    {
      "sn": "dis100061sent62255402",
      "source_original": "단기차입금의 차입"
    },
    {
      "sn": "dis100061sent62255403",
      "source_original": "주임종차입금의 차입"
    },
    {
      "sn": "dis100061sent62255404",
      "source_original": "2. 재무활동으로인한현금유출액"
    },
    {
      "sn": "dis100061sent62255405",
      "source_original": "단기차입금의 상환"
    },
    {
      "sn": "dis100061sent62255406",
      "source_original": "Ⅳ. 현금의증가(감소)(Ⅰ+Ⅱ+Ⅲ)"
    },
    {
      "sn": "dis100061sent62255407",
      "source_original": "Ⅴ. 기초의현금"
    },
    {
      "sn": "dis100061sent62255408",
      "source_original": "Ⅵ. 기말의현금"
    },
    {
      "sn": "dis100061sent62255409",
      "source_original": "주석"
    },
    {
      "sn": "dis100061sent62255410",
      "source_original": "1. 회사의 개요"
    },
    {
      "sn": "dis100061sent62255411",
      "source_original": "주식회사 노벨아이(이하 \"회사\"라 함)는 1994년 12월에 설립되었으며, 부동산 개발 및 공급업 및 부동산 임대업을 주업으로 하고 있습니다."
    },
    {
      "sn": "dis100061sent62255412",
      "source_original": "당사의 설립시 자본금은 300,000천원이었고 수차례 유상증자를 거쳐 당기말 현재 납입자본금은 600,000천원입니다."
    },
    {
      "sn": "dis100061sent62255413",
      "source_original": "당사의 본사 및 주요 사업내용 등은 다음과 같습니다."
    },
    {
      "sn": "dis100061sent62255414",
      "source_original": "가. 본사소재지 : 서울특별시 강남구 테헤란로78길 16"
    },
    {
      "sn": "dis100061sent62255415",
      "source_original": "나. 주요사업 : 부동산 개발 및 공급, 임대관리 및 매매 등"
    },
    {
      "sn": "dis100061sent62255416",
      "source_original": "다. 대표이사 : 이동진"
    },
    {
      "sn": "dis100061sent62255417",
      "source_original": "2. 중요한 회계정책"
    },
    {
      "sn": "dis100061sent62255418",
      "source_original": "당사의 재무제표는 일반기업회계기준에 따라 작성되었으며, 2021년 1월 1일 이후 최초로 시작하는 회계연도부터 적용되는 다음의 개정 기준서를 신규로 적용한 것을 제외하고는 전기재무제표 작성시 채택한 회계정책과 동일하게 적용되었습니다."
    },
    {
      "sn": "dis100061sent62255419",
      "source_original": "- 일반기업회계기준 제25장 '특수관계자 공시' (개정)"
    },
    {
      "sn": "dis100061sent62255420",
      "source_original": "개정된 기준은 주요 경영진 보상에 관한 공시 규정을 수정하여 주요 경영진 보상 총액과 분류별 금액에 관한 공시 모두가 생략 범위에 포함됨을 명확히 하였습니다."
    },
    {
      "sn": "dis100061sent62255421",
      "source_original": "동 개정이 재무제표에 미치는 중요한 영향은 없습니다."
    },
    {
      "sn": "dis100061sent62255422",
      "source_original": "- 일반기업회계기준 제31장 '중소기업 회계처리 특례' (개정)"
    },
    {
      "sn": "dis100061sent62255423",
      "source_original": "개정된 기준은 시장성이 없는 지분증권은 취득원가에서 손상차손누계액을 차감한 금액으로 측정할 수 있으며, 관계기업이나 공동지배기업에 지분법을 적용하지 않을 경우 취득원가에서 손상차손누계액을 차감한 금액과 공정가치 중 하나로 측정함을 명확히 하였습니다."
    },
    {
      "sn": "dis100061sent62255424",
      "source_original": "(1) 측정기준"
    },
    {
      "sn": "dis100061sent62255425",
      "source_original": "재무제표는 아래에서 열거하고 있는 재무상태표의 주요 항목을 제외하고는 역사적원가를 기준으로 작성되었습니다."
    },
    {
      "sn": "dis100061sent62255426",
      "source_original": "- 공정가치로 측정되는 파생상품"
    },
    {
      "sn": "dis100061sent62255427",
      "source_original": "- 공정가치로 측정되는 단기매매증권 및 당기손익인식지정항목"
    },
    {
      "sn": "dis100061sent62255428",
      "source_original": "- 공정가치로 측정되는 매도가능증권"
    },
    {
      "sn": "dis100061sent62255429",
      "source_original": "(2) 추정과 판단"
    },
    {
      "sn": "dis100061sent62255430",
      "source_original": "일반기업회계기준에서는 재무제표를 작성함에 있어서 회계정책의 적용이나, 보고기간말 현재 자산, 부채 및 수익, 비용의 보고금액에 영향을 미치는 사항에 대하여 경영진의 최선의 판단을 기준으로 한 추정치와 가정의 사용을 요구하고 있습니다."
    },
    {
      "sn": "dis100061sent62255431",
      "source_original": "보고기간말 현재 경영진의 최선의 판단을 기준으로 한 추정치와 가정이 실제 환경과 다를 경우 이러한 추정치와 실제 결과는 다를 수 있습니다."
    },
    {
      "sn": "dis100061sent62255432",
      "source_original": "(3) 수익의 인식"
    },
    {
      "sn": "dis100061sent62255433",
      "source_original": "① 당사는 재화의 판매, 용역의 제공이나 자산의 사용에 대하여 받았거나 또는 받을 대가의 공정가치로 수익을 측정하고 있으며, 부가가치세, 매출에누리와 할인 및 환입은수익에서 차감하고 있습니다."
    },
    {
      "sn": "dis100061sent62255434",
      "source_original": "당사는 수익을 신뢰성 있게 측정할 수 있으며 관련된경제적 효익의 유입 가능성이 매우 높은 경우에 인식합니다."
    },
    {
      "sn": "dis100061sent62255435",
      "source_original": "당사는 상품매출에 대하여 재화의 소유에 따른 위험과 효익의 대부분이 이전된 시점에 수익으로 인식하고 있으며, 임대매출에 대하여 기간의 경과에 따라 발생하는 수익을 임대차계약에 의하여 약정된 임대료수익과 관리비수익으로 인식하고 있습니다."
    },
    {
      "sn": "dis100061sent62255436",
      "source_original": "② 분양수익은 분양계약이 체결된 분에 한하여 보고기간종료일 현재의 분양률과 공사진행률에 따라 인식하고 있습니다."
    },
    {
      "sn": "dis100061sent62255437",
      "source_original": "공사진행률은 총공사예정원가에 대한 실제공사비 발생액의 비율로 계산함을 원칙으로 하고 있으며, 진행기준을 적용할 수 없는 경우에는 분양수익은 회수가능성이 매우 높은 발생원가의 범위내에서만 인식하고, 분양원가는 발생된 회계기간의 비용으로 인식하고 있습니다."
    },
    {
      "sn": "dis100061sent62255438",
      "source_original": "진행기준하에서는 매 회계기간마다 누적적으로 분양수익과 분양원가를 추정하고 있습니다."
    },
    {
      "sn": "dis100061sent62255439",
      "source_original": "(4) 현금및현금성자산"
    },
    {
      "sn": "dis100061sent62255440",
      "source_original": "당사는 통화 및 타인발행수표 등 통화대용증권과 당좌예금, 보통예금 및 큰 거래비용없이 현금으로 전환이 용이하고 이자율 변동에 따른 가치변동의 위험이 경미한 금융상품으로서 취득 당시 만기일(또는 상환일)이 3개월 이내인 것을 현금및현금성자산으로 분류하고 있습니다."
    },
    {
      "sn": "dis100061sent62255441",
      "source_original": "(5) 재고자산"
    },
    {
      "sn": "dis100061sent62255442",
      "source_original": "재고자산의 취득원가는 매입원가 또는 제조원가에 취득에 직접적으로 관련되어 있으며 정상적으로 발생되는 기타원가를 포함하고 있으며, 재고자산의 단위원가는 선입선출법으로 결정하고 있습니다."
    },
    {
      "sn": "dis100061sent62255443",
      "source_original": "재고자산의 시가가 취득원가보다 하락한 경우에 발생한 평가손실 및 정상적으로 발생한 감모손실은 매출원가에 가산하고, 평가손실은 재고자산의 차감계정으로 표시하고 있습니다."
    },
    {
      "sn": "dis100061sent62255444",
      "source_original": "한편, 재고자산 평가손실을 초래했던 상황이 해소되어 새로운 시가가 장부금액보다 상승한 경우에는 최초의 장부금액을 초과하지 않는 범위 내에서 평가손실를 환입하고 매출원가에서 차감하고 있습니다."
    },
    {
      "sn": "dis100061sent62255445",
      "source_original": "(6) 금융상품"
    },
    {
      "sn": "dis100061sent62255446",
      "source_original": "① 공통사항"
    },
    {
      "sn": "dis100061sent62255447",
      "source_original": "금융자산이나 금융부채는 당사가 금융상품의 계약당사자가 되는 때에만 재무상태표에 인식하고, 최초 인식시 공정가치로 측정하며, 공정가치의 변동을 당기손익으로 인식하는 금융자산이나 금융부채가 아닌 경우 당해 금융자산(금융부채)의 취득(발행)과직접 관련되는 거래원가는 최초 인식하는 공정가치에 가산(차감)하고 있습니다."
    },
    {
      "sn": "dis100061sent62255448",
      "source_original": "최초 인식 후 금융자산이나 금융부채는 유가증권, 파생상품 및 당기손익인식지정항목을 제외하고 상각후원가로 측정하고 있습니다."
    },
    {
      "sn": "dis100061sent62255449",
      "source_original": "당사는 상각후원가로 측정하는 금융자산의 손상 발생에 대한 객관적인 증거가 있는지를 매 보고기간말에 평가하고, 그러한 증거가 있는 경우, 그러한 금융자산에 대한 손상차손의 인식, 측정 및 환입은 아래 유가증권의 손상에 대한 회계정책을 준용하여회계처리하고 있습니다."
    },
    {
      "sn": "dis100061sent62255450",
      "source_original": "유가증권을 제외한 회수가 불확실한 금융자산은 합리적이고객관적인 기준에 따라 산출한 대손추산액을 대손충당금으로 설정하고 있습니다."
    },
    {
      "sn": "dis100061sent62255451",
      "source_original": "유가증권을 제외한 금융자산의 양도의 경우에, 당사가 금융자산 양도후 양도자산에 대한 권리를 행사할 수 없고, 양도후에 효율적인 통제권을 행사할 수 없으며 양수인이 양수한 금융자산을 처분할 자유로운 권리가 있을 때에 한하여 금융자산을 제거하고 있으며, 이외의 경우에는 금융자산을 담보로 한 차입거래로 회계처리하고 있습니다."
    },
    {
      "sn": "dis100061sent62255452",
      "source_original": "② 유가증권"
    },
    {
      "sn": "dis100061sent62255453",
      "source_original": "종속기업, 지분법피투자기업, 조인트벤처에 대한 투자를 제외한 지분증권과 채무증권에 대해서 취득하는 시점에 만기보유증권, 매도가능증권, 단기매매증권으로 분류하고 매 보고기간말마다 분류의 적정성을 재검토하고 있습니다."
    },
    {
      "sn": "dis100061sent62255454",
      "source_original": "만기가 확정된 채무증권으로서 상환금액이 확정되었거나 확정이 가능한 채무증권을 만기까지 보유할 적극적인 의도와 능력이 있는 경우에는 만기보유증권으로, 주로 단기간 내의 매매차익을 목적으로 취득한 유가증권은 단기매매증권으로, 그리고 단기매매증권이나 만기보유증권으로 분류되지 아니하는 유가증권은 매도가능증권으로 분류하고 있습니다."
    },
    {
      "sn": "dis100061sent62255455",
      "source_original": "당사는 후속 측정시 만기보유증권을 상각후원가로 평가하고, 만기보유증권의 만기액면금액과 취득원가의 차이를 상환기간에 걸쳐 유효이자율법에 의하여 상각하여 취득원가와 이자수익에 가감하고 있습니다."
    },
    {
      "sn": "dis100061sent62255456",
      "source_original": "단기매매증권과 매도가능증권은 공정가치로 평가하고 있습니다."
    },
    {
      "sn": "dis100061sent62255457",
      "source_original": "다만, 매도가능증권중 시장성이 없는 지분증권의 공정가치를 신뢰성있게 측정할 수 없는 경우에는 취득원가로 평가하고 있습니다."
    },
    {
      "sn": "dis100061sent62255458",
      "source_original": "시장성있는 유가증권의 평가는 시장가격을 공정가치로 보며 시장가격은 보고기간말 현재의 종가로 하고 있습니다."
    },
    {
      "sn": "dis100061sent62255459",
      "source_original": "시장가격이 없는 채무증권의 경우에는 미래현금흐름을 합리적으로 추정하고, 공신력 있는 독립된 신용평가기관이 평가한 신용등급이 있는 경우에는 신용평가등급을 적절히 감안한 할인율을 사용하여 평가한 금액을 공정가치로하고 있습니다."
    },
    {
      "sn": "dis100061sent62255460",
      "source_original": "한편, 시장성이 없는 수익증권의 경우에는 펀드운용회사가 제시하는 수익증권의 매매기준가격을 공정가치로 하고 있습니다."
    },
    {
      "sn": "dis100061sent62255461",
      "source_original": "당사는 단기매매증권의 미실현보유손익을 당기손익항목으로 처리하고, 매도가능증권의 미실현보유손익을 기타포괄손익누계액으로 처리하고 있으며, 당해 매도가능증권을 처분하거나 손상차손을 인식하는 시점에 일괄하여 당기손익에 반영하고 있습니다."
    },
    {
      "sn": "dis100061sent62255462",
      "source_original": "당사는 손상차손의 발생에 대한 객관적인 증거가 있는지 매 보고기간말마다 평가하여 유가증권의 회수가능액이 채무증권의 상각후원가 또는 지분증권의 취득원가보다 작은 경우에는 손상차손이 불필요하다는 명백한 반증이 없는 한 손상차손을 인식하여 당기손익에 반영하고 있습니다."
    },
    {
      "sn": "dis100061sent62255463",
      "source_original": "손상차손의 회복이 손상차손 인식 후에 발생한 사건과 객관적으로 관련되는 경우, 만기보유증권 또는 원가로 평가하는 매도가능증권의 경우 당초에 손상차손을 인식하지 않았다면 회복일 현재의 상각후원가(매도가능증권의 경우 취득원가)를 한도로 당기이익을 인식하며, 공정가치로 평가하는 매도가능증권의 경우에는 이전에 인식하였던 손상차손 금액을 한도로 하여 회복된 금액을 당기이익으로 인식하고 있습니다."
    },
    {
      "sn": "dis100061sent62255464",
      "source_original": "유가증권의 양도로 당사가 유가증권의 통제를 상실한 때에는 그 유가증권을 재무상태표에서 제거하나, 통제를 상실하지 않았을 경우 당해 거래를 담보차입거래로 회계처리하고 있습니다."
    },
    {
      "sn": "dis100061sent62255465",
      "source_original": "단기매매증권과 보고기간말로부터 1년 내에 만기가 도래하거나 매도 등에 의하여 처분할 것이 거의 확실한 매도가능증권과 보고기간말로부터 1년 내에 만기가 도래하는만기보유증권은 유동자산으로 분류하고 있습니다."
    },
    {
      "sn": "dis100061sent62255466",
      "source_original": "(7) 유형자산의 평가 및 감가상각"
    },
    {
      "sn": "dis100061sent62255467",
      "source_original": "당사는 당해 유형자산의 구입원가 또는 제작원가와 자산을 사용할 수 있도록 준비하는데 직접 관련되는 지출(현물출자, 증여, 기타 무상으로 취득한 자산은 공정가치) 및 해당 유형자산의 경제적 사용이 종료된 후에 원상회복을 위하여 그 자산을 제거, 해체하거나 또는 부지를 복원하는데 소요될 것으로 추정되는 비용이 충당부채의 인식요건을 충족하는 경우 그 지출의 현재가치를 유형자산의 취득원가로 산정하고 있습니다."
    },
    {
      "sn": "dis100061sent62255468",
      "source_original": "당사의 유형자산은 취득원가에서 아래의 추정내용연수를 적용하여 건물과 차량운반구에 대하여는 정액법, 그 외의 유형자산에 대하여는 정률법으로 산정하고 산정된 감가상각누계액과 감액손실누계액을 차감하는 형식으로 재무상태표에 표시하고 있습니다."
    },
    {
      "sn": "dis100061sent62255469",
      "source_original": "구 분"
    },
    {
      "sn": "dis100061sent62255470",
      "source_original": "추정내용연수"
    },
    {
      "sn": "dis100061sent62255471",
      "source_original": "감가상각방법"
    },
    {
      "sn": "dis100061sent62255472",
      "source_original": "건 물"
    },
    {
      "sn": "dis100061sent62255473",
      "source_original": "20 ~ 40 년"
    },
    {
      "sn": "dis100061sent62255474",
      "source_original": "정 액 법"
    },
    {
      "sn": "dis100061sent62255475",
      "source_original": "차량운반구"
    },
    {
      "sn": "dis100061sent62255476",
      "source_original": "5 년"
    },
    {
      "sn": "dis100061sent62255477",
      "source_original": "정 률 법 , 정 액 법"
    },
    {
      "sn": "dis100061sent62255478",
      "source_original": "비 품"
    },
    {
      "sn": "dis100061sent62255479",
      "source_original": "정 률 법"
    },
    {
      "sn": "dis100061sent62255480",
      "source_original": "시 설 장 치"
    },
    {
      "sn": "dis100061sent62255481",
      "source_original": "당사는 토지에 대해 재평가 모형을 회계정책으로 선택하였습니다."
    },
    {
      "sn": "dis100061sent62255482",
      "source_original": "이에 따라 토지를 공정가치로 측정하고 있습니다."
    },
    {
      "sn": "dis100061sent62255483",
      "source_original": "재평가는 자산의 장부금액이 공정가치와 중요하게 차이가 나지 않도록 주기적으로 수행하고 있습니다."
    },
    {
      "sn": "dis100061sent62255484",
      "source_original": "또한 토지의 장부금액이 재평가로 인해 증가된 경우 재평가에 따른 증가액은 기타포괄손익으로 인식하나, 동일한 유형자산에 대하여 이전에 당기손익으로 인식한 재평가 감소액이 있다면 그 금액을 한도로 재평가 증가액만큼 당기손익으로 인식하고 있습니다."
    },
    {
      "sn": "dis100061sent62255485",
      "source_original": "한편, 장부금액이 재평가로 인하여 감소된 경우에 그 감소액은 당기손익으로 인식하고 있으나, 그 유형자산의재평가로 인해 인식한 기타포괄손익의 잔액이 있다면 그 금액을 한도로 재평가 감소액을 기타포괄손익에서 차감하고 있습니다."
    },
    {
      "sn": "dis100061sent62255486",
      "source_original": "(8) 무형자산"
    },
    {
      "sn": "dis100061sent62255487",
      "source_original": "무형자산을 개별취득하는 경우 취득원가는 구입원가와 자산을 사용할 수 있도록 준비하는데 직접 관련된 지출로 구성되며, 매입할인 등을 차감하여 취득원가를 산출하고 있습니다."
    },
    {
      "sn": "dis100061sent62255488",
      "source_original": "무형자산에 대해서는 5년의 상각연수에 따라 정액법으로 상각하고, 상각액과 손상차손은 해당 자산과목에서 직접 차감하는 형식으로 기재하고 있습니다."
    },
    {
      "sn": "dis100061sent62255489",
      "source_original": "(9) 차입원가 자본화"
    },
    {
      "sn": "dis100061sent62255490",
      "source_original": "당사는 유형자산, 무형자산, 투자부동산 및 제조, 매입, 건설, 또는 개발이 개시된 날부터 의도된 용도로 사용하거나 판매할 수 있는 상태가 될 때까지 1년 이상의 기간이소요되는 재고자산 등 적격자산의 취득을 위한 자금에 차입금이 포함된다면 이러한 차입금에 대한 차입원가(특정차입금과 일반차입금에 대한 차입원가)는 적격자산의 취득에 소요되는 원가로 처리하고 있습니다."
    },
    {
      "sn": "dis100061sent62255491",
      "source_original": "특정차입금 관련 차입원가 중 자본화 할 수 있는 금액은 자본화기간동안 특정차입금으로 부터 발생한 차입원가에서 동 기간 동안 자금의 일시적 운용에서 생긴 수익을 차감한 금액으로 산정하고 있습니다."
    },
    {
      "sn": "dis100061sent62255492",
      "source_original": "한편, 일반차입금에 대한 차입원가 중 자본화할수 있는 차입원가는 회계기간 동안의 적격자산에 대한 평균지출액 중 특정차입금을 사용한 평균지출액을 초과하는 부분에 대해 자본화이자율을 적용하는 방식으로 산정하고 있습니다."
    },
    {
      "sn": "dis100061sent62255493",
      "source_original": "(10) 종업원급여"
    },
    {
      "sn": "dis100061sent62255494",
      "source_original": "① 퇴직급여충당부채"
    },
    {
      "sn": "dis100061sent62255495",
      "source_original": "당사는 종업원과 1년 단위로 연봉제 근로계약을 체결하고 보고기간종료일 현재 1년이상 근속한 종업원에 대하여 연봉금액의 1/12 상당액을 확정기여형 퇴직연금보험에 불입하고 있으며, 임원에 대해서는 정관의 위임규정에 따라 임원퇴직금 지급규정에 의하여 퇴직급여충당부채를 계상하고 있습니다."
    },
    {
      "sn": "dis100061sent62255496",
      "source_original": "② 연차수당부채"
    },
    {
      "sn": "dis100061sent62255497",
      "source_original": "당사는 종업원이 미래의 연차유급휴가에 대한 권리를 발생시키는 근무용역을 제공하는 회계기간에 연차유급휴가와 관련된 비용과 부채를 인식하고 있습니다."
    },
    {
      "sn": "dis100061sent62255498",
      "source_original": "(11) 충당부채"
    },
    {
      "sn": "dis100061sent62255499",
      "source_original": "충당부채는 과거사건의 결과로 존재하는 현재의무 (법적의무 또는 의제의무)로서, 당해 의무를 이행하기 위하여 경제적효익을 갖는 자원이 유출될 가능성이 높으며 그 의무의 이행에 소요되는 금액을 신뢰성 있게 추정할 수 있는 경우에 인식하고 있습니다"
    },
    {
      "sn": "dis100061sent62255500",
      "source_original": "충당부채로 인식하는 금액은 관련된 사건과 상황에 대한 불가피한 위험과 불확실성을 고려하여 현재의무를 보고기간말에 이행하기 위하여 소요되는 지출에 대한 최선의 추정치입니다."
    },
    {
      "sn": "dis100061sent62255501",
      "source_original": "충당부채를 결제하기 위해 필요한 지출액의 일부 또는 전부를 제3자가 변제할 것이 예상되는 경우 이행한다면 변제를 받을 것이 거의 확실하게 되는 때에 한하여 변제금액을 인식하고 별도의 자산으로 회계처리하고 있습니다."
    },
    {
      "sn": "dis100061sent62255502",
      "source_original": "매 보고기간말마다 충당부채의 잔액을 검토하고, 보고기간말 현재 최선의 추정치를 반영하여 조정하고 있습니다."
    },
    {
      "sn": "dis100061sent62255503",
      "source_original": "의무이행을 위하여 경제적효익이 내재된 자원이 유출 가능성이 더 이상 높지 아니한 경우에는 관련 충당부채를 환입하고 있습니다."
    },
    {
      "sn": "dis100061sent62255504",
      "source_original": "충당부채는 최초 인식과 관련 있는 지출에만 사용하고 있습니다."
    },
    {
      "sn": "dis100061sent62255505",
      "source_original": "(12) 자산의 손상"
    },
    {
      "sn": "dis100061sent62255506",
      "source_original": "당사는 금융자산, 재고자산을 제외한 회사의 모든 자산에 대해서는 매 보고기간말마다 자산손상을 시사하는 징후가 있는지를 검토하며, 만약 그러한 징후가 있다면 당해자산의 회수가능액을 추정하고 있습니다."
    },
    {
      "sn": "dis100061sent62255507",
      "source_original": "또한, 아직 사용할 수 없는 무형자산에 대해서는 자산손상을 시사하는 징후와 관계없이 매년 회수가능액과 장부금액을 비교하여 손상검사를 하고 있습니다."
    },
    {
      "sn": "dis100061sent62255508",
      "source_original": "회수가능액은 개별 자산별로 추정합니다."
    },
    {
      "sn": "dis100061sent62255509",
      "source_original": "만약, 개별 자산의 회수가능액을 추정할 수없다면 그 자산이 속하는 현금창출단위별로 회수가능액을 추정하고 있습니다."
    },
    {
      "sn": "dis100061sent62255510",
      "source_original": "현금창출단위란 다른 자산이나 자산집단에서의 현금유입과는 거의 독립적인 현금유입을 창출하는 식별가능한 최소자산집단을 의미합니다."
    },
    {
      "sn": "dis100061sent62255511",
      "source_original": "개별 자산이나 현금창출단위의 회수가능액이 장부금액에 미달하는 경우 자산의 장부금액을 감소시키며 이러한 장부금액의 감소는 손상차손(당기손익)으로 인식하고 있습니다."
    },
    {
      "sn": "dis100061sent62255512",
      "source_original": "매 보고기간말에 자산에 대해 과거기간에 인식한 손상차손이 더 이상 존재하지 않거나 감소된 것을 시사하는 징후가 있는지를 검토하고 직전 손상차손의 인식시점 이후 회수가능액을 결정하는 데 사용된 추정치에 변화가 있는 경우에만 손상차손을 환입하고 있으며, 손상차손환입으로 증가된 장부금액은 과거에 손상차손을 인식하기 전 장부금액의 감가상각 또는 상각 후 잔액을 초과할 수 없습니다"
    },
    {
      "sn": "dis100061sent62255513",
      "source_original": "(13) 중소기업의 회계처리에 대한 특례규정의 적용"
    },
    {
      "sn": "dis100061sent62255514",
      "source_original": "당사는 중소기업기본법에 의한 중소기업으로서 일반기업회계기준 제31장 '중소기업회계처리 특례'를 적용하여 회계처리하고 있는 바, 그 내용은 다음과 같습니다."
    },
    {
      "sn": "dis100061sent62255515",
      "source_original": "① 법인세비용의 계상"
    },
    {
      "sn": "dis100061sent62255516",
      "source_original": "법인세비용은 법인세법 등의 법령에 의하여 납부하여야 할 금액으로 기재하고 있습니다."
    },
    {
      "sn": "dis100061sent62255517",
      "source_original": "② 장기연불조건의 매매거래 등"
    },
    {
      "sn": "dis100061sent62255518",
      "source_original": "일반기업회계기준 제6장 '금융자산ㆍ금융부채'의 규정에 불구하고 장기연불조건의 매매거래 및 장기금전대차거래 등에서 발생하는 채권ㆍ채무의 현재가치평가를 하지 아니하였습니다."
    },
    {
      "sn": "dis100061sent62255519",
      "source_original": "3. 유형자산"
    },
    {
      "sn": "dis100061sent62255520",
      "source_original": "(1) 당기와 전기의 유형자산의 변동 내역은 다음과 같습니다(단위:천원)."
    },
    {
      "sn": "dis100061sent62255521",
      "source_original": "① 당기"
    },
    {
      "sn": "dis100061sent62255522",
      "source_original": "기 초"
    },
    {
      "sn": "dis100061sent62255523",
      "source_original": "취 득"
    },
    {
      "sn": "dis100061sent62255524",
      "source_original": "계 정 대 체"
    },
    {
      "sn": "dis100061sent62255525",
      "source_original": "재평가차액"
    },
    {
      "sn": "dis100061sent62255526",
      "source_original": "처 분"
    },
    {
      "sn": "dis100061sent62255527",
      "source_original": "감 가 상 각"
    },
    {
      "sn": "dis100061sent62255528",
      "source_original": "기 말"
    },
    {
      "sn": "dis100061sent62255529",
      "source_original": "토 지"
    },
    {
      "sn": "dis100061sent62255530",
      "source_original": "합 계"
    },
    {
      "sn": "dis100061sent62255531",
      "source_original": "② 전기"
    },
    {
      "sn": "dis100061sent62255532",
      "source_original": "건설중인자산"
    },
    {
      "sn": "dis100061sent62255533",
      "source_original": "(2) 보유토지의 내용"
    },
    {
      "sn": "dis100061sent62255534",
      "source_original": "당기와 전기말 현재 당사가 보유하고 있는 토지(용지 제외)는 업무용토지이며, 장부가액과 공시지가는 다음과 같습니다(단위 : 천원)."
    },
    {
      "sn": "dis100061sent62255535",
      "source_original": "당기"
    },
    {
      "sn": "dis100061sent62255536",
      "source_original": "전기"
    },
    {
      "sn": "dis100061sent62255537",
      "source_original": "장부가액"
    },
    {
      "sn": "dis100061sent62255538",
      "source_original": "공시지가"
    },
    {
      "sn": "dis100061sent62255539",
      "source_original": "(3) 재평가모형의 채택"
    },
    {
      "sn": "dis100061sent62255540",
      "source_original": "전기 중 당사는 토지의 공정가치를 결정하기 위해 공인된 독립적인 감정평가법인 (주)감정평가법인세종에 평가를 의뢰하였습니다."
    },
    {
      "sn": "dis100061sent62255541",
      "source_original": "공정가치는 실제 시장가격을 기초로 특정자산의 특징, 위치 및 상태에 따른 차이를 고려하는 등 시장에 근거한 증거를 참고하여 결정되었으며, 재평가기준일은 2020년 12월 31일입니다."
    },
    {
      "sn": "dis100061sent62255542",
      "source_original": "① 원가모형을 적용하여 토지를 측정하였을 경우의 장부금액은 다음과 같습니다(단위: 천원)."
    },
    {
      "sn": "dis100061sent62255543",
      "source_original": "당 기"
    },
    {
      "sn": "dis100061sent62255544",
      "source_original": "전 기"
    },
    {
      "sn": "dis100061sent62255545",
      "source_original": "원 가"
    },
    {
      "sn": "dis100061sent62255546",
      "source_original": "손상차손누계액"
    },
    {
      "sn": "dis100061sent62255547",
      "source_original": "순장부금액"
    },
    {
      "sn": "dis100061sent62255548",
      "source_original": "② 재평가로 인한 기타포괄손익누계액의 변동내역은 다음과 같습니다(단위: 천원)."
    },
    {
      "sn": "dis100061sent62255549",
      "source_original": "재평가로 인한 기타포괄손익누계액의 증가"
    },
    {
      "sn": "dis100061sent62255550",
      "source_original": "매각으로 인한 기타포괄손익누계액의 감소"
    },
    {
      "sn": "dis100061sent62255551",
      "source_original": "4. 보험가입내역"
    },
    {
      "sn": "dis100061sent62255552",
      "source_original": "당기말 현재 당사의 자산에 대한 보험가입내역은 다음과 같습니다(단위:천원)."
    },
    {
      "sn": "dis100061sent62255553",
      "source_original": "보 험 종 류"
    },
    {
      "sn": "dis100061sent62255554",
      "source_original": "부 보 자 산"
    },
    {
      "sn": "dis100061sent62255555",
      "source_original": "부 보 금 액"
    },
    {
      "sn": "dis100061sent62255556",
      "source_original": "연간보험료"
    },
    {
      "sn": "dis100061sent62255557",
      "source_original": "부 보 처"
    },
    {
      "sn": "dis100061sent62255558",
      "source_original": "종합보험"
    },
    {
      "sn": "dis100061sent62255559",
      "source_original": "한화손해보험"
    },
    {
      "sn": "dis100061sent62255560",
      "source_original": "당사는 상기 보험 외에 차량운반구에 대하여 책임보험 및 종합보험에 가입하고 있습니다."
    },
    {
      "sn": "dis100061sent62255561",
      "source_original": "5. 장ㆍ단기차입금"
    },
    {
      "sn": "dis100061sent62255562",
      "source_original": "당기와 전기말 현재 단기차입금 내역은 다음과 같습니다(단위:천원)."
    },
    {
      "sn": "dis100061sent62255563",
      "source_original": "차 입 처"
    },
    {
      "sn": "dis100061sent62255564",
      "source_original": "용 도"
    },
    {
      "sn": "dis100061sent62255565",
      "source_original": "연이자율(%)"
    },
    {
      "sn": "dis100061sent62255566",
      "source_original": "국 민 은 행"
    },
    {
      "sn": "dis100061sent62255567",
      "source_original": "운 전 자 금"
    },
    {
      "sn": "dis100061sent62255568",
      "source_original": "금융부채의 만기 분석 및 유동성 위험관리"
    },
    {
      "sn": "dis100061sent62255569",
      "source_original": "(1) 금융부채의 만기분석"
    },
    {
      "sn": "dis100061sent62255570",
      "source_original": "현금 등 금융자산을 인도하여 결제하는 금융부채의 종류별 만기분석내역은 다음과 같습니다(단위:천원)."
    },
    {
      "sn": "dis100061sent62255571",
      "source_original": "3개월 이하"
    },
    {
      "sn": "dis100061sent62255572",
      "source_original": "3개월 초과"
    },
    {
      "sn": "dis100061sent62255573",
      "source_original": "1년 이하"
    },
    {
      "sn": "dis100061sent62255574",
      "source_original": "1년 초과"
    },
    {
      "sn": "dis100061sent62255575",
      "source_original": "2년 이하"
    },
    {
      "sn": "dis100061sent62255576",
      "source_original": "2년 초과"
    },
    {
      "sn": "dis100061sent62255577",
      "source_original": "5년 이하"
    },
    {
      "sn": "dis100061sent62255578",
      "source_original": "5년 초과"
    },
    {
      "sn": "dis100061sent62255579",
      "source_original": "단기차입금"
    },
    {
      "sn": "dis100061sent62255580",
      "source_original": "미 지 급 금"
    },
    {
      "sn": "dis100061sent62255581",
      "source_original": "미지급비용"
    },
    {
      "sn": "dis100061sent62255582",
      "source_original": "임대보증금"
    },
    {
      "sn": "dis100061sent62255583",
      "source_original": "장기임대보증금"
    },
    {
      "sn": "dis100061sent62255584",
      "source_original": "(2) 유동성 위험 관리"
    },
    {
      "sn": "dis100061sent62255585",
      "source_original": "당사의 유동성 위험 관리에 대한 궁극적인 책임은 단기 및 중장기 자금조달과 자금의유동성 관련 위험을 적절하게 관리하기 위한 기본 정책을 수립하는 이사회에 있습니다."
    },
    {
      "sn": "dis100061sent62255586",
      "source_original": "당사는 충분한 적립금과 차입한도를 유지하고 예측현금흐름과 실제현금흐름을 계속하여 관찰하고 금융자산과 금융부채의 만기구조를 대응시키면서 유동성 위험을 관리하고 있습니다."
    },
    {
      "sn": "dis100061sent62255587",
      "source_original": "7. 퇴직급여충당부채"
    },
    {
      "sn": "dis100061sent62255588",
      "source_original": "당기와 전기 중 당사의 퇴직급여충당부채의 증감내역은 다음과 같습니다."
    },
    {
      "sn": "dis100061sent62255589",
      "source_original": "(단위 : 천원)"
    },
    {
      "sn": "dis100061sent62255590",
      "source_original": "퇴직금소요액"
    },
    {
      "sn": "dis100061sent62255591",
      "source_original": "충당부채내용"
    },
    {
      "sn": "dis100061sent62255592",
      "source_original": "기 초 잔 액"
    },
    {
      "sn": "dis100061sent62255593",
      "source_original": "퇴직금 지급액"
    },
    {
      "sn": "dis100061sent62255594",
      "source_original": "당 기 설 정 액"
    },
    {
      "sn": "dis100061sent62255595",
      "source_original": "기 말 잔 액"
    },
    {
      "sn": "dis100061sent62255596",
      "source_original": "당사의 퇴직급여충당부채설정액은 임원에 대한 것이며, 당기의 퇴직급여충당부채설정액은 판매비와 관리비에 계상되었습니다."
    },
    {
      "sn": "dis100061sent62255597",
      "source_original": "또한, 직원들에 대해서는 국민은행 및 신한은행에 확정기여형 퇴직연금신탁을 납입하고 있"
    },
    {
      "sn": "dis100061sent62255598",
      "source_original": "습니다."
    },
    {
      "sn": "dis100061sent62255599",
      "source_original": "우"
    },
    {
      "sn": "dis100061sent62255600",
      "source_original": "발"
    },
    {
      "sn": "dis100061sent62255601",
      "source_original": "부채 및 약정사항"
    },
    {
      "sn": "dis100061sent62255602",
      "source_original": "(1) 당기말 현재 당사가 타인으로부터 제공받은 담보의 내역은 다음과 같습니다(단위:천원)."
    },
    {
      "sn": "dis100061sent62255603",
      "source_original": "제 공 한 자"
    },
    {
      "sn": "dis100061sent62255604",
      "source_original": "담보제공자산"
    },
    {
      "sn": "dis100061sent62255605",
      "source_original": "설 정 금 액"
    },
    {
      "sn": "dis100061sent62255606",
      "source_original": "제 공 처"
    },
    {
      "sn": "dis100061sent62255607",
      "source_original": "제 공 목 적"
    },
    {
      "sn": "dis100061sent62255608",
      "source_original": "이 형 수"
    },
    {
      "sn": "dis100061sent62255609",
      "source_original": "토지 및 건물"
    },
    {
      "sn": "dis100061sent62255610",
      "source_original": "신 한 은 행"
    },
    {
      "sn": "dis100061sent62255611",
      "source_original": "차입금 담보"
    },
    {
      "sn": "dis100061sent62255612",
      "source_original": "(주)노벨과개미"
    },
    {
      "sn": "dis100061sent62255613",
      "source_original": "(2) 당기말 현재 당사가 타인으로부터 제공받은 지급보증의 내역은 다음과 같습니다 (단위:천원)."
    },
    {
      "sn": "dis100061sent62255614",
      "source_original": "설정금액"
    },
    {
      "sn": "dis100061sent62255615",
      "source_original": "실행금액"
    },
    {
      "sn": "dis100061sent62255616",
      "source_original": "국민은행"
    },
    {
      "sn": "dis100061sent62255617",
      "source_original": "차입금연대보증"
    },
    {
      "sn": "dis100061sent62255618",
      "source_original": "(3) 당기말 현재 당사가 타인에게 제공한 담보의 내역은 다음과 같습니다(단위: 천원)"
    },
    {
      "sn": "dis100061sent62255619",
      "source_original": "제공 받은 자"
    },
    {
      "sn": "dis100061sent62255620",
      "source_original": "(4) 당기말 현재 당사가 타인에게 제공한 지급보증의 내역은 다음과 같습니다 (단위: 천원)."
    },
    {
      "sn": "dis100061sent62255621",
      "source_original": "제공받은 자"
    },
    {
      "sn": "dis100061sent62255622",
      "source_original": "노벨과개미"
    },
    {
      "sn": "dis100061sent62255623",
      "source_original": "9. 자본금"
    },
    {
      "sn": "dis100061sent62255624",
      "source_original": "당기와 전기말 현재 현재 당사의 자본금에 관한 사항은 다음과 같습니다."
    },
    {
      "sn": "dis100061sent62255625",
      "source_original": "(단위 : 주,원)"
    },
    {
      "sn": "dis100061sent62255626",
      "source_original": "종 류"
    },
    {
      "sn": "dis100061sent62255627",
      "source_original": "발행할 주식의 총수"
    },
    {
      "sn": "dis100061sent62255628",
      "source_original": "보통주"
    },
    {
      "sn": "dis100061sent62255629",
      "source_original": "1주의 금액"
    },
    {
      "sn": "dis100061sent62255630",
      "source_original": "발행한 주식의 총수"
    },
    {
      "sn": "dis100061sent62255631",
      "source_original": "10. 이익잉여금"
    },
    {
      "sn": "dis100061sent62255632",
      "source_original": "(1) 법정적립금"
    },
    {
      "sn": "dis100061sent62255633",
      "source_original": "당기와 전기말 현재 법정적립금의 내역은 다음과 같습니다(단위:천원)."
    },
    {
      "sn": "dis100061sent62255634",
      "source_original": "이익준비금"
    },
    {
      "sn": "dis100061sent62255635",
      "source_original": "당사는 상법의 규정에 따라 자본금의 50%에 달할 때까지 매 결산기에 금전에 의한 이익배당액의 10% 이상을 이익준비금으로 적립하고 있으며, 동 이익준비금은 현금으로 배당할 수 없으나 자본전입 또는 결손보전을 위해서는 사용될 수 있습니다."
    },
    {
      "sn": "dis100061sent62255636",
      "source_original": "(2) 임의적립금"
    },
    {
      "sn": "dis100061sent62255637",
      "source_original": "당기와 전기말 현재 임의적립금의 내역은 다음과 같습니다(단위:천원)."
    },
    {
      "sn": "dis100061sent62255638",
      "source_original": "사업확장 및 결손보전 적립금"
    },
    {
      "sn": "dis100061sent62255639",
      "source_original": "(3) 당기와 전기의 이익잉여금처분내역은 다음과 같습니다(단위:천원)."
    },
    {
      "sn": "dis100061sent62255640",
      "source_original": "(처분예정일:2022년 3월 30일)"
    },
    {
      "sn": "dis100061sent62255641",
      "source_original": "(처분확정일:2021년 3월 30일)"
    },
    {
      "sn": "dis100061sent62255642",
      "source_original": "I. 미처분이익잉여금"
    },
    {
      "sn": "dis100061sent62255643",
      "source_original": "1. 전기이월미처분이익잉여금"
    },
    {
      "sn": "dis100061sent62255644",
      "source_original": "2. 당기순이익(손실)"
    },
    {
      "sn": "dis100061sent62255645",
      "source_original": "II. 이익잉여금처분액"
    },
    {
      "sn": "dis100061sent62255646",
      "source_original": "1. 현금배당금"
    },
    {
      "sn": "dis100061sent62255647",
      "source_original": "III. 차기이월미처분이익잉여금"
    },
    {
      "sn": "dis100061sent62255648",
      "source_original": "11. 건설형 공사계약의 내용"
    },
    {
      "sn": "dis100061sent62255649",
      "source_original": "당기 및 전기 중 건설계약 관련하여 수익으로 인식한 계약수익 금액은 다음과 같습니다."
    },
    {
      "sn": "dis100061sent62255650",
      "source_original": "(단위:천원)"
    },
    {
      "sn": "dis100061sent62255651",
      "source_original": "전 기"
    },
    {
      "sn": "dis100061sent62255652",
      "source_original": "분양계약잔액"
    },
    {
      "sn": "dis100061sent62255653",
      "source_original": "분양수익 (작업진행율)"
    },
    {
      "sn": "dis100061sent62255654",
      "source_original": "미분양분의 대체"
    },
    {
      "sn": "dis100061sent62255655",
      "source_original": "기말분양계약잔액"
    },
    {
      "sn": "dis100061sent62255656",
      "source_original": "(주) 상기 분양공사의 매출액은 작업진행률에 의해 인식하였습니다."
    },
    {
      "sn": "dis100061sent62255657",
      "source_original": "12. 특수관계자와의 거래"
    },
    {
      "sn": "dis100061sent62255658",
      "source_original": "(1) 당기와 전기말 현재 당사의 특수관계자는 다음과 같습니다."
    },
    {
      "sn": "dis100061sent62255659",
      "source_original": "기 타(*)"
    },
    {
      "sn": "dis100061sent62255660",
      "source_original": "노벨피엔비"
    },
    {
      "sn": "dis100061sent62255661",
      "source_original": "노 벨 리 츠"
    },
    {
      "sn": "dis100061sent62255662",
      "source_original": "(주)노벨서비스"
    },
    {
      "sn": "dis100061sent62255663",
      "source_original": "(주)엘포트서비스"
    },
    {
      "sn": "dis100061sent62255664",
      "source_original": "두손미디어"
    },
    {
      "sn": "dis100061sent62255665",
      "source_original": "덕 성 리 츠"
    },
    {
      "sn": "dis100061sent62255666",
      "source_original": "(주)노벨하임"
    },
    {
      "sn": "dis100061sent62255667",
      "source_original": "(주) 비케이"
    },
    {
      "sn": "dis100061sent62255668",
      "source_original": "엘팜서비스"
    },
    {
      "sn": "dis100061sent62255669",
      "source_original": "(주)케이에스시큐리티"
    },
    {
      "sn": "dis100061sent62255670",
      "source_original": "주요 경영진"
    },
    {
      "sn": "dis100061sent62255671",
      "source_original": "이 형 수 외"
    },
    {
      "sn": "dis100061sent62255672",
      "source_original": "(*) 주요 경영진이 지배하고 있는 회사 및 사업자임."
    },
    {
      "sn": "dis100061sent62255673",
      "source_original": "(2) 당기와 전기중 특수관계자와의 중요한 영업상의 거래내용은 다음과 같습니다(단위:천원)."
    },
    {
      "sn": "dis100061sent62255674",
      "source_original": "회 사 명"
    },
    {
      "sn": "dis100061sent62255675",
      "source_original": "임대매출액"
    },
    {
      "sn": "dis100061sent62255676",
      "source_original": "이자수익"
    },
    {
      "sn": "dis100061sent62255677",
      "source_original": "이 자 비 용"
    },
    {
      "sn": "dis100061sent62255678",
      "source_original": "기타비용"
    },
    {
      "sn": "dis100061sent62255679",
      "source_original": "노 벨 하 임"
    },
    {
      "sn": "dis100061sent62255680",
      "source_original": "② 전기"
    },
    {
      "sn": "dis100061sent62255681",
      "source_original": "기타수익"
    },
    {
      "sn": "dis100061sent62255682",
      "source_original": "(주)비케이"
    },
    {
      "sn": "dis100061sent62255683",
      "source_original": "(3) 당기와 전기중 특수관계자와의 중요한 자금 거래내용은 다음과 같습니다(단위:천원)."
    },
    {
      "sn": "dis100061sent62255684",
      "source_original": "회사명"
    },
    {
      "sn": "dis100061sent62255685",
      "source_original": "차입"
    },
    {
      "sn": "dis100061sent62255686",
      "source_original": "상환"
    },
    {
      "sn": "dis100061sent62255687",
      "source_original": "주요경영진"
    },
    {
      "sn": "dis100061sent62255688",
      "source_original": "(4) 당기와 전기말 현재 특수관계자에 대한 중요한 채권, 채무의 내용은 다음과 같습니다(단위:천원)."
    },
    {
      "sn": "dis100061sent62255689",
      "source_original": "① 당기"
    },
    {
      "sn": "dis100061sent62255690",
      "source_original": "단기대여금"
    },
    {
      "sn": "dis100061sent62255691",
      "source_original": "노벨서비스"
    },
    {
      "sn": "dis100061sent62255692",
      "source_original": "미수금"
    },
    {
      "sn": "dis100061sent62255693",
      "source_original": "13. 부가가치계산에 필요한 계정"
    },
    {
      "sn": "dis100061sent62255694",
      "source_original": "당기와 전기중 부가가치계산에 필요한 계정에 대한 내역은 다음과 같습니다(단위:천원)."
    },
    {
      "sn": "dis100061sent62255695",
      "source_original": "급 여"
    },
    {
      "sn": "dis100061sent62255696",
      "source_original": "퇴 직 급 여"
    },
    {
      "sn": "dis100061sent62255697",
      "source_original": "복리후생비"
    },
    {
      "sn": "dis100061sent62255698",
      "source_original": "임 차 료"
    },
    {
      "sn": "dis100061sent62255699",
      "source_original": "세금과공과"
    },
    {
      "sn": "dis100061sent62255700",
      "source_original": "14. 포괄손익계산서"
    },
    {
      "sn": "dis100061sent62255701",
      "source_original": "당기와 전기중 당사의 포괄손익의 내역은 다음과 같습니다(단위: 천원)."
    },
    {
      "sn": "dis100061sent62255702",
      "source_original": "(1) 당기순이익(손실)"
    },
    {
      "sn": "dis100061sent62255703",
      "source_original": "(2) 기타포괄이익"
    },
    {
      "sn": "dis100061sent62255704",
      "source_original": "(3) 당기포괄이익"
    },
    {
      "sn": "dis100061sent62255705",
      "source_original": "15. 현금흐름표"
    },
    {
      "sn": "dis100061sent62255706",
      "source_original": "당사의 현금흐름표는 간접법에 의해 작성되었으며, 당기와 전기중 현금의 유입과 유출이 없는 주요한 거래는 다음과 같습니다(단위:천원)."
    },
    {
      "sn": "dis100061sent62255707",
      "source_original": "외상매출금의 제각"
    },
    {
      "sn": "dis100061sent62255708",
      "source_original": "위약미수금의 제각"
    },
    {
      "sn": "dis100061sent62255709",
      "source_original": "미완성공사에서 건물로 대체"
    },
    {
      "sn": "dis100061sent62255710",
      "source_original": "건설중인자산에서 건물로 대체"
    },
    {
      "sn": "dis100061sent62255711",
      "source_original": "토지재평가로 인한 증가"
    },
    {
      "sn": "dis100061sent62255712",
      "source_original": "장기임대보증금에서 단기임대보증금으로 재분류"
    },
    {
      "sn": "dis100061sent62255713",
      "source_original": "16. 재무제표의 사실상 확정일과 승인기관"
    },
    {
      "sn": "dis100061sent62255714",
      "source_original": "당사의 재무제표는 2022년 3월 30일 주주총회에서 최종 승인될 예정입니다."
    },
    {
      "sn": "dis100061sent62255715",
      "source_original": "내부회계관리제도 감사 또는 검토의견"
    },
    {
      "sn": "dis100061sent62255716",
      "source_original": "내부회계관리제도 검토보고서는 주식회사 노벨아이의 2021년 12월 31일자로 종료되는 회계연도의 재무제표에 대한 감사업무를 수행하고 회사의 내부회계관리제도를 검토한 결과 주식회사의 외부감사에 관한 법률 제8조에 따라 첨부하는 것입니다."
    },
    {
      "sn": "dis100061sent62255717",
      "source_original": "첨부 : 1."
    },
    {
      "sn": "dis100061sent62255718",
      "source_original": "독립된 감사인의 내부회계관리제도 검토보고서"
    },
    {
      "sn": "dis100061sent62255719",
      "source_original": "2. 회사의 내부회계관리제도 운영실태 평가보고서"
    },
    {
      "sn": "dis100061sent62255720",
      "source_original": "독립된 감사인의 내부회계관리제도 검토보고서"
    },
    {
      "sn": "dis100061sent62255721",
      "source_original": "대표이사 귀하"
    },
    {
      "sn": "dis100061sent62255722",
      "source_original": "2022년 3월 31일"
    },
    {
      "sn": "dis100061sent62255723",
      "source_original": "우리는 첨부된 주식회사 노벨아이의 2021년 12월 31일 현재의 내부회계관리제도 운영실태 평가보고서에 대하여 검토를 실시하였습니다."
    },
    {
      "sn": "dis100061sent62255724",
      "source_original": "내부회계관리제도를 설계, 운영하고 그에 대한 운영실태보고서를 작성할 책임은 주식회사 노벨아이의 경영자에게있으며, 우리의 책임은 동 보고내용에 대하여 검토를 실시하고 검토결과를 보고하는데 있습니다."
    },
    {
      "sn": "dis100061sent62255725",
      "source_original": "회사의 경영자는 첨부된 내부회계관리제도 운영실태보고서에서 \"2021년 12월 31일 현재 내부회계관리제도 운영실태 평가결과, 당사의 내부회계관리제도는 주식회사의외부감사에관한법률에따라 내부회계관리규정 및 조직을 구비하고있으며 내부회계관리규정상 관련 통제절차를 모두 준수하고 있다.\"고 기술하고 있습니다."
    },
    {
      "sn": "dis100061sent62255726",
      "source_original": "우리는 내부회계관리제도 검토기준에 따라 검토를 실시하였습니다."
    },
    {
      "sn": "dis100061sent62255727",
      "source_original": "이 기준은 우리가 중요성의 관점에서 경영자가 제시한 내부회계관리제도의 운영실태보고서에 대하여 회계감사보다는 낮은 수준의 확신을 얻을 수 있도록 검토절차를 계획하고 실시할 것을 요구하고 있습니다."
    },
    {
      "sn": "dis100061sent62255728",
      "source_original": "검토는 회사의 내부회계관리제도를 이해하고 경영자의 내부회계관리제도의 운영실태보고내용에 대한 질문 및 필요하다고 판단되는 경우 제한적 범위 내에서 관련 문서의 확인 등의 절차를 포함하고 있습니다."
    },
    {
      "sn": "dis100061sent62255729",
      "source_original": "그러나 회사는 비상장중소기업으로서 경영자의 내부회계관리제도 구축과 운영, 그리고 이에 대한 운영실태평가보고는 내부회계관리제도 모범규준 제6장 부칙의 규정에따라 상장대기업보다는 현저하게 완화된 방식으로 외감법 제8조의 규정에따라 내부회계관리규정및조직을 구비하고 내부회계관리규정상 관련 통제절차를 준수하는 방법으로 이루어졌습니다."
    },
    {
      "sn": "dis100061sent62255730",
      "source_original": "따라서 우리는 내부회계관리제도 검토기준 중 '14."
    },
    {
      "sn": "dis100061sent62255731",
      "source_original": "중소기업 등에 대한 검토특례'에 따라 검토를 실시하였습니다."
    },
    {
      "sn": "dis100061sent62255732",
      "source_original": "회사의 내부회계관리제도는 신뢰할 수 있는 회계정보의 작성 및 공시를 위하여 기업회계기준에 따라 작성한 재무제표의 신뢰성에 대한 합리적인 확신을 줄 수 있도록 제정한 내부회계관리규정과 이를 관리ㆍ운영하는 조직을 의미합니다."
    },
    {
      "sn": "dis100061sent62255733",
      "source_original": "그러나 내부회계관리제도는 내부회계관리제도의 본질적인 한계로 인하여 재무제표에 대한 중요한 왜곡표시를 적발하거나 예방하지 못할 수 있습니다."
    },
    {
      "sn": "dis100061sent62255734",
      "source_original": "또한, 내부회계관리제도의 운영실태보고 내용을 기초로 미래기간의 내용을 추정시에는 상황의 변화 혹은 절차나 정책이 준수되지 않음으로써 내부회계관리제도가 부적절하게 되어 미래기간에 대한 평가및 추정내용이 달라질 위험에 처할 수 있다는 점을 고려하여야 합니다."
    },
    {
      "sn": "dis100061sent62255735",
      "source_original": "경영자의 내부회계관리제도 운영실태보고서에 대한 우리의 검토결과, 상기 경영자의운영실태보고 내용이 중요성의 관점에서 내부회계관리제도 모범규준 제6장 '부칙'의 규정에 따라 작성되지 않았다고 판단하게 하는 점이 발견되지 아니하였습니다."
    },
    {
      "sn": "dis100061sent62255736",
      "source_original": "우리의 검토는 2021년 12월 31일 현재의 내부회계관리제도를 대상으로 하였으며 2021년 12월 31일 이후의 내부회계관리제도는 검토하지 않았습니다."
    },
    {
      "sn": "dis100061sent62255737",
      "source_original": "본 검토보고서는 주식회사의 외부감사에 관한 법률에 근거하여 작성된 것으로서 기타 다른 목적이나 다른 이용자를 위하여는 적절하지 않을 수 있습니다."
    },
    {
      "sn": "dis100061sent62255738",
      "source_original": "대표이사 공인회계사 신 기 동"
    },
    {
      "sn": "dis100061sent62255739",
      "source_original": "노벨아이 운영실태보고서 2021.jpg"
    },
    {
      "sn": "dis100061sent62255740",
      "source_original": "노벨아이 운영실태보고서 2021"
    },
    {
      "sn": "dis100061sent62255741",
      "source_original": "외부감사 실시내용"
    },
    {
      "sn": "dis100061sent62255742",
      "source_original": "「주식회사 등의 외부감사에 관한 법률」제18조제3항의 규정에 의하여 외부감사 실시내용을 첨부합니다."
    },
    {
      "sn": "dis100061sent62255743",
      "source_original": "1. 감사대상업무"
    },
    {
      "sn": "dis100061sent62255744",
      "source_original": "감사대상 사업연도"
    },
    {
      "sn": "dis100061sent62255745",
      "source_original": "2. 감사참여자 구분별 인원수 및 감사시간"
    },
    {
      "sn": "dis100061sent62255746",
      "source_original": "(단위 : 명, 시간)"
    },
    {
      "sn": "dis100061sent62255747",
      "source_original": "감사참여자"
    },
    {
      "sn": "dis100061sent62255748",
      "source_original": "인원수 및 시간"
    },
    {
      "sn": "dis100061sent62255749",
      "source_original": "품질관리"
    },
    {
      "sn": "dis100061sent62255750",
      "source_original": "검토자"
    },
    {
      "sn": "dis100061sent62255751",
      "source_original": "(심리실 등)"
    },
    {
      "sn": "dis100061sent62255752",
      "source_original": "감사업무 담당 회계사"
    },
    {
      "sn": "dis100061sent62255753",
      "source_original": "전산감사ㆍ"
    },
    {
      "sn": "dis100061sent62255754",
      "source_original": "세무ㆍ가치평가"
    },
    {
      "sn": "dis100061sent62255755",
      "source_original": "등 전문가"
    },
    {
      "sn": "dis100061sent62255756",
      "source_original": "건설계약 등"
    },
    {
      "sn": "dis100061sent62255757",
      "source_original": "수주산업"
    },
    {
      "sn": "dis100061sent62255758",
      "source_original": "전문가"
    },
    {
      "sn": "dis100061sent62255759",
      "source_original": "합계"
    },
    {
      "sn": "dis100061sent62255760",
      "source_original": "담당이사"
    },
    {
      "sn": "dis100061sent62255761",
      "source_original": "(업무수행이사)"
    },
    {
      "sn": "dis100061sent62255762",
      "source_original": "등록"
    },
    {
      "sn": "dis100061sent62255763",
      "source_original": "공인회계사"
    },
    {
      "sn": "dis100061sent62255764",
      "source_original": "수습"
    },
    {
      "sn": "dis100061sent62255765",
      "source_original": "투입 인원수"
    },
    {
      "sn": "dis100061sent62255766",
      "source_original": "투입시간"
    },
    {
      "sn": "dis100061sent62255767",
      "source_original": "분ㆍ반기검토"
    },
    {
      "sn": "dis100061sent62255768",
      "source_original": "감사"
    },
    {
      "sn": "dis100061sent62255769",
      "source_original": "3. 주요 감사실시내용"
    },
    {
      "sn": "dis100061sent62255770",
      "source_original": "내 역"
    },
    {
      "sn": "dis100061sent62255771",
      "source_original": "전반감사계획"
    },
    {
      "sn": "dis100061sent62255772",
      "source_original": "(감사착수단계)"
    },
    {
      "sn": "dis100061sent62255773",
      "source_original": "수행시기"
    },
    {
      "sn": "dis100061sent62255774",
      "source_original": "일"
    },
    {
      "sn": "dis100061sent62255775",
      "source_original": "주요내용"
    },
    {
      "sn": "dis100061sent62255776",
      "source_original": "감사계획 및 사업에 대한 이해, 감사위험 평가"
    },
    {
      "sn": "dis100061sent62255777",
      "source_original": "현장감사"
    },
    {
      "sn": "dis100061sent62255778",
      "source_original": "투입인원"
    },
    {
      "sn": "dis100061sent62255779",
      "source_original": "주요 감사업무 수행내용"
    },
    {
      "sn": "dis100061sent62255780",
      "source_original": "상주"
    },
    {
      "sn": "dis100061sent62255781",
      "source_original": "비상주"
    },
    {
      "sn": "dis100061sent62255782",
      "source_original": "명"
    },
    {
      "sn": "dis100061sent62255783",
      "source_original": "중간감사"
    },
    {
      "sn": "dis100061sent62255784",
      "source_original": "기말감사"
    },
    {
      "sn": "dis100061sent62255785",
      "source_original": "재고자산실사(입회)"
    },
    {
      "sn": "dis100061sent62255786",
      "source_original": "실사(입회)시기"
    },
    {
      "sn": "dis100061sent62255787",
      "source_original": "실사(입회)장소"
    },
    {
      "sn": "dis100061sent62255788",
      "source_original": "실사(입회)대상"
    },
    {
      "sn": "dis100061sent62255789",
      "source_original": "금융자산실사(입회)"
    },
    {
      "sn": "dis100061sent62255790",
      "source_original": "외부조회"
    },
    {
      "sn": "dis100061sent62255791",
      "source_original": "금융거래조회"
    },
    {
      "sn": "dis100061sent62255792",
      "source_original": "채권채무조회"
    },
    {
      "sn": "dis100061sent62255793",
      "source_original": "변호사조회"
    },
    {
      "sn": "dis100061sent62255794",
      "source_original": "기타조회"
    },
    {
      "sn": "dis100061sent62255795",
      "source_original": "지배기구와의"
    },
    {
      "sn": "dis100061sent62255796",
      "source_original": "커뮤니케이션"
    },
    {
      "sn": "dis100061sent62255797",
      "source_original": "커뮤니케이션 횟수"
    },
    {
      "sn": "dis100061sent62255798",
      "source_original": "회"
    },
    {
      "sn": "dis100061sent62255799",
      "source_original": "2021년 10월; 2022년 2월"
    },
    {
      "sn": "dis100061sent62255800",
      "source_original": "외부전문가 활용"
    },
    {
      "sn": "dis100061sent62255801",
      "source_original": "감사 활용 내용"
    },
    {
      "sn": "dis100061sent62255802",
      "source_original": "4. 감사(감사위원회)와의 커뮤니케이션"
    },
    {
      "sn": "dis100061sent62255803",
      "source_original": "구분"
    },
    {
      "sn": "dis100061sent62255804",
      "source_original": "일자"
    },
    {
      "sn": "dis100061sent62255805",
      "source_original": "참석자"
    },
    {
      "sn": "dis100061sent62255806",
      "source_original": "방식"
    },
    {
      "sn": "dis100061sent62255807",
      "source_original": "주요 논의 내용"
    },
    {
      "sn": "dis100061sent62255808",
      "source_original": "2021년 10월 28일"
    },
    {
      "sn": "dis100061sent62255809",
      "source_original": "감사, 감사인"
    },
    {
      "sn": "dis100061sent62255810",
      "source_original": "회의"
    },
    {
      "sn": "dis100061sent62255811",
      "source_original": "중간감사 결과보고"
    },
    {
      "sn": "dis100061sent62255812",
      "source_original": "2022년 02월 22일"
    },
    {
      "sn": "dis100061sent62255813",
      "source_original": "기말감사 결과보고"
    }
  ]
}