{
  "meta": {
    "doc_no": "dis100056",
    "domain": "금융",
    "category": "공시정보",
    "license": "open",
    "source_language": "ko"
  },
  "doc_info": {
    "source": "금융감독원",
    "dis_no": 2022041100228700760,
    "doc_name": "감사보고서",
    "com_name": "삼진엠피에스 주식회사",
    "date": 20220411
  },
  "sents": [
    {
      "sn": "dis100056sent62253262",
      "source_original": "감사보고서"
    },
    {
      "sn": "dis100056sent62253263",
      "source_original": "삼진엠피에스 주식회사"
    },
    {
      "sn": "dis100056sent62253264",
      "source_original": "삼진엠피에스 주식회사"
    },
    {
      "sn": "dis100056sent62253265",
      "source_original": "재 무 제 표 에 대 한"
    },
    {
      "sn": "dis100056sent62253266",
      "source_original": "감 사 보 고 서"
    },
    {
      "sn": "dis100056sent62253267",
      "source_original": "제 21 기"
    },
    {
      "sn": "dis100056sent62253268",
      "source_original": "2021년 01월 01일"
    },
    {
      "sn": "dis100056sent62253269",
      "source_original": "부터"
    },
    {
      "sn": "dis100056sent62253270",
      "source_original": "2021년 12월 31일"
    },
    {
      "sn": "dis100056sent62253271",
      "source_original": "까지"
    },
    {
      "sn": "dis100056sent62253272",
      "source_original": "제 20 기"
    },
    {
      "sn": "dis100056sent62253273",
      "source_original": "2020년 01월 01일"
    },
    {
      "sn": "dis100056sent62253274",
      "source_original": "2020년 12월 31일"
    },
    {
      "sn": "dis100056sent62253275",
      "source_original": "윤성회계법인"
    },
    {
      "sn": "dis100056sent62253276",
      "source_original": "목 차"
    },
    {
      "sn": "dis100056sent62253277",
      "source_original": "독립된 감사인의 감사보고서--------------------------------------- 1"
    },
    {
      "sn": "dis100056sent62253278",
      "source_original": "재무제표"
    },
    {
      "sn": "dis100056sent62253279",
      "source_original": "재무상태표--------------------------------------------------- 5"
    },
    {
      "sn": "dis100056sent62253280",
      "source_original": "손익계산서--------------------------------------------------- 7"
    },
    {
      "sn": "dis100056sent62253281",
      "source_original": "자본변동표--------------------------------------------------- 9"
    },
    {
      "sn": "dis100056sent62253282",
      "source_original": "현금흐름표-------------------------------------------------- 10"
    },
    {
      "sn": "dis100056sent62253283",
      "source_original": "주석------------------------------------------------------- 11"
    },
    {
      "sn": "dis100056sent62253284",
      "source_original": "외부감사 실시내용"
    },
    {
      "sn": "dis100056sent62253285",
      "source_original": "독립된 감사인의 감사보고서"
    },
    {
      "sn": "dis100056sent62253286",
      "source_original": "주주 및 이사회 귀중"
    },
    {
      "sn": "dis100056sent62253287",
      "source_original": "감사의견"
    },
    {
      "sn": "dis100056sent62253288",
      "source_original": "우리는 삼진엠피에스 주식회사(이하 \"회사\")의 재무제표를 감사하였습니다."
    },
    {
      "sn": "dis100056sent62253289",
      "source_original": "해당 재무제표는 2021년 12월 31일과"
    },
    {
      "sn": "dis100056sent62253290",
      "source_original": "2020년"
    },
    {
      "sn": "dis100056sent62253291",
      "source_original": "12월 31일 현재의 재무상태표, 동일로 종료되는 양 보고기간의 손익계산서, 자본변동표, 현금흐름표 그리고 유의적인 회계정책의 요약을 포함한 재무제표의 주석으로 구성되어 있습니다."
    },
    {
      "sn": "dis100056sent62253292",
      "source_original": "우리의 의견으로는 별첨된 회사의 재무제표는 회사의 2021년 12월 31일과 2020년 12월 31일 현재의 재무상태와 동일로 종료되는 양 보고기간의 재무성과 및 현금흐름을 일반기업회계기준에 따라, 중요성의 관점에서 공정하게 표시하고 있습니다."
    },
    {
      "sn": "dis100056sent62253293",
      "source_original": "감사의견 근거"
    },
    {
      "sn": "dis100056sent62253294",
      "source_original": "우리는 대한민국의 회계감사기준에 따라 감사를 수행하였습니다."
    },
    {
      "sn": "dis100056sent62253295",
      "source_original": "이 기준에 따른 우리의 책임은 이 감사보고서의 재무제표 감사에 대한 감사인의 책임 단락에 기술되어 있습니다."
    },
    {
      "sn": "dis100056sent62253296",
      "source_original": "우리는 재무제표 감사와 관련된 대한민국의 윤리적 요구사항에 따라 회사로부터 독립적이며, 그러한 요구사항에 따른 기타의 윤리적 책임들을 이행하였습니다."
    },
    {
      "sn": "dis100056sent62253297",
      "source_original": "우리가 입수한 감사증거가 감사의견을 위한 근거로서 충분하고 적합하다고 우리는 믿습니다."
    },
    {
      "sn": "dis100056sent62253298",
      "source_original": "재무제표에 대한 경영진과 지배기구의 책임"
    },
    {
      "sn": "dis100056sent62253299",
      "source_original": "경영진은 일반기업회계기준에 따라 이 재무제표를 작성하고 공정하게 표시할 책임이있으며, 부정이나 오류로 인한 중요한 왜곡표시가 없는 재무제표를 작성하는데 필요하다고 결정한 내부통제에 대해서도 책임이 있습니다."
    },
    {
      "sn": "dis100056sent62253300",
      "source_original": "경영진은 재무제표를 작성할 때, 회사의 계속기업으로서의 존속능력을 평가하고 해당되는 경우, 계속기업 관련 사항을 공시할 책임이 있습니다."
    },
    {
      "sn": "dis100056sent62253301",
      "source_original": "그리고 경영진이 기업을 청산하거나 영업을 중단할 의도가 없는 한, 회계의 계속기업전제의 사용에 대해서도 책임이 있습니다."
    },
    {
      "sn": "dis100056sent62253302",
      "source_original": "지배기구는 회사의 재무보고절차의 감시에 대한 책임이 있습니다."
    },
    {
      "sn": "dis100056sent62253303",
      "source_original": "재무제표감사에 대한 감사인의 책임"
    },
    {
      "sn": "dis100056sent62253304",
      "source_original": "우리의 목적은 회사의 재무제표에 전체적으로 부정이나 오류로 인한 중요한 왜곡표시가 없는지에 대하여 합리적인 확신을 얻어 우리의 의견이 포함된 감사보고서를 발행하는데 있습니다."
    },
    {
      "sn": "dis100056sent62253305",
      "source_original": "합리적인 확신은 높은 수준의 확신을 의미하나, 감사기준에 따라수행된 감사가 항상 중요한 왜곡표시를 발견한다는 것을 보장하지는 않습니다."
    },
    {
      "sn": "dis100056sent62253306",
      "source_original": "왜곡표시는 부정이나 오류로부터 발생할 수 있으며, 왜곡표시가 재무제표를 근거로 하는 이용자의 경제적 의사결정에 개별적으로 또는 집합적으로 영향을 미칠 것이 합리적으로 예상되면, 그 왜곡표시는 중요하다고 간주됩니다."
    },
    {
      "sn": "dis100056sent62253307",
      "source_original": "감사기준에 따른 감사의 일부로서 우리는 감사의 전 과정에 걸쳐 전문가적 판단을 수행하고 전문가적 의구심을 유지하고 있습니다."
    },
    {
      "sn": "dis100056sent62253308",
      "source_original": "또한, 우리는:"
    },
    {
      "sn": "dis100056sent62253309",
      "source_original": "* 부정이나 오류로 인한 재무제표의 중요왜곡표시위험을 식별하고 평가하며 그러한 위험에 대응하는 감사절차를 설계하고 수행합니다."
    },
    {
      "sn": "dis100056sent62253310",
      "source_original": "그리고 감사의견의 근거로서 충분하고 적합한 감사증거를 입수합니다."
    },
    {
      "sn": "dis100056sent62253311",
      "source_original": "부정은 공모, 위조, 의도적인 누락, 허위진술 또는 내부통제 무력화가 개입될 수 있기 때문에 부정으로 인한 중요한 왜곡표시를 발견하지 못할 위험은 오류로 인한 위험보다 큽니다."
    },
    {
      "sn": "dis100056sent62253312",
      "source_original": "* 상황에 적합한 감사절차를 설계하기 위하여 감사와 관련된 내부통제를 이해합니 다."
    },
    {
      "sn": "dis100056sent62253313",
      "source_original": "그러나 이는 내부통제의 효과성에 대한 의견을 표명하기 위한 것이 아닙니다."
    },
    {
      "sn": "dis100056sent62253314",
      "source_original": "* 재무제표를 작성하기 위하여 경영진이 적용한 회계정책의 적합성과 경영진이 도출한 회계추정치와 관련 공시의 합리성에 대하여 평가합니다."
    },
    {
      "sn": "dis100056sent62253315",
      "source_original": "* 경영진이 사용한 회계의 계속기업전제의 적절성과, 입수한 감사증거를 근거로 계속기업으로서의 존속능력에 대하여 유의적 의문을 초래할 수 있는 사건이나, 상황과 관련된 중요한 불확실성이 존재하는지 여부에 대하여 결론을 내립니다."
    },
    {
      "sn": "dis100056sent62253316",
      "source_original": "중요한 불확실성이 존재한다고 결론을 내리는 경우, 우리는 재무제표의 관련 공시에 대하여 감사보고서에 주의를 환기시키고, 이들 공시가 부적절한 경우 의견을 변형시킬 것을 요구받고 있습니다."
    },
    {
      "sn": "dis100056sent62253317",
      "source_original": "우리의 결론은 감사보고서일까지 입수된 감사증거에 기초하나, 미래의 사건이나 상황이 회사의 계속기업으로서 존속을 중단시킬 수 있습니다."
    },
    {
      "sn": "dis100056sent62253318",
      "source_original": "* 공시를 포함한 재무제표의 전반적인 표시와 구조 및 내용을 평가하고, 재무제표의 기초가 되는 거래와 사건을 재무제표가 공정한 방식으로 표시하고 있는지 여부를 평가합니다."
    },
    {
      "sn": "dis100056sent62253319",
      "source_original": "우리는 여러 가지 사항들 중에서 계획된 감사범위와 시기 그리고 감사 중 식별된 유의적 내부통제 미비점 등 유의적인 감사의 발견사항에 대하여 지배기구와 커뮤니케이션합니다."
    },
    {
      "sn": "dis100056sent62253320",
      "source_original": "서울특별시 강남구 봉은사로 407"
    },
    {
      "sn": "dis100056sent62253321",
      "source_original": "윤 성 회 계 법 인"
    },
    {
      "sn": "dis100056sent62253322",
      "source_original": "대표이사 공인회계사 조 영 민"
    },
    {
      "sn": "dis100056sent62253323",
      "source_original": "2022년"
    },
    {
      "sn": "dis100056sent62253324",
      "source_original": "3월 31"
    },
    {
      "sn": "dis100056sent62253325",
      "source_original": "일"
    },
    {
      "sn": "dis100056sent62253326",
      "source_original": "이 감사보고서는 감사보고서일 현재로 유효한 것입니다."
    },
    {
      "sn": "dis100056sent62253327",
      "source_original": "따라서 감사보고서일 후 이 보고서를 열람하는 시점 사이에 첨부된 회사의 재무제표에 중요한 영향을 미칠 수 있는 사건이나 상황이 발생할 수도 있으며, 이로 인하여 이 감사보고서가 수정될수도 있습니다."
    },
    {
      "sn": "dis100056sent62253328",
      "source_original": "(첨부)재 무 제 표"
    },
    {
      "sn": "dis100056sent62253329",
      "source_original": "제 21(당) 기"
    },
    {
      "sn": "dis100056sent62253330",
      "source_original": "제 20(전) 기"
    },
    {
      "sn": "dis100056sent62253331",
      "source_original": "\"첨부된 재무제표는 당사가 작성한 것입니다.\""
    },
    {
      "sn": "dis100056sent62253332",
      "source_original": "삼진엠피에스 주식회사 대표이사 최낙기"
    },
    {
      "sn": "dis100056sent62253333",
      "source_original": "본점 소재지 :"
    },
    {
      "sn": "dis100056sent62253334",
      "source_original": "(도로명주소)"
    },
    {
      "sn": "dis100056sent62253335",
      "source_original": "서울특별시 송파구 올림픽로 80 (잠실동, 영원빌딩)"
    },
    {
      "sn": "dis100056sent62253336",
      "source_original": "(전 화)"
    },
    {
      "sn": "dis100056sent62253337",
      "source_original": "재 무 상 태 표"
    },
    {
      "sn": "dis100056sent62253338",
      "source_original": "제 21(당) 기 2021년 12월 31일 현재"
    },
    {
      "sn": "dis100056sent62253339",
      "source_original": "제 20(전) 기 2020년 12월 31일 현재"
    },
    {
      "sn": "dis100056sent62253340",
      "source_original": "(단위 : 원)"
    },
    {
      "sn": "dis100056sent62253341",
      "source_original": "과목"
    },
    {
      "sn": "dis100056sent62253342",
      "source_original": "자산"
    },
    {
      "sn": "dis100056sent62253343",
      "source_original": "I. 유동자산"
    },
    {
      "sn": "dis100056sent62253344",
      "source_original": "1. 당좌자산"
    },
    {
      "sn": "dis100056sent62253345",
      "source_original": "현금및현금성자산"
    },
    {
      "sn": "dis100056sent62253346",
      "source_original": "매출채권"
    },
    {
      "sn": "dis100056sent62253347",
      "source_original": "선급금"
    },
    {
      "sn": "dis100056sent62253348",
      "source_original": "선급비용"
    },
    {
      "sn": "dis100056sent62253349",
      "source_original": "선납세금"
    },
    {
      "sn": "dis100056sent62253350",
      "source_original": "단기대여금(주석11)"
    },
    {
      "sn": "dis100056sent62253351",
      "source_original": "II. 비유동자산"
    },
    {
      "sn": "dis100056sent62253352",
      "source_original": "1. 유형자산(주석3)"
    },
    {
      "sn": "dis100056sent62253353",
      "source_original": "비품"
    },
    {
      "sn": "dis100056sent62253354",
      "source_original": "감가상각누계액"
    },
    {
      "sn": "dis100056sent62253355",
      "source_original": "시설장치"
    },
    {
      "sn": "dis100056sent62253356",
      "source_original": "2. 무형자산(주석4)"
    },
    {
      "sn": "dis100056sent62253357",
      "source_original": "소프트웨어"
    },
    {
      "sn": "dis100056sent62253358",
      "source_original": "3. 기타비유동자산"
    },
    {
      "sn": "dis100056sent62253359",
      "source_original": "임차보증금"
    },
    {
      "sn": "dis100056sent62253360",
      "source_original": "기타보증금"
    },
    {
      "sn": "dis100056sent62253361",
      "source_original": "자산총계"
    },
    {
      "sn": "dis100056sent62253362",
      "source_original": "부채"
    },
    {
      "sn": "dis100056sent62253363",
      "source_original": "I. 유동부채"
    },
    {
      "sn": "dis100056sent62253364",
      "source_original": "미지급금(주석5)"
    },
    {
      "sn": "dis100056sent62253365",
      "source_original": "예수금"
    },
    {
      "sn": "dis100056sent62253366",
      "source_original": "부가세예수금"
    },
    {
      "sn": "dis100056sent62253367",
      "source_original": "단기차입금(주석5,6,10,11)"
    },
    {
      "sn": "dis100056sent62253368",
      "source_original": "미지급비용(주석5)"
    },
    {
      "sn": "dis100056sent62253369",
      "source_original": "II. 비유동부채"
    },
    {
      "sn": "dis100056sent62253370",
      "source_original": "퇴직급여충당부채(주석7)"
    },
    {
      "sn": "dis100056sent62253371",
      "source_original": "부채총계"
    },
    {
      "sn": "dis100056sent62253372",
      "source_original": "자본"
    },
    {
      "sn": "dis100056sent62253373",
      "source_original": "I. 자본금"
    },
    {
      "sn": "dis100056sent62253374",
      "source_original": "보통주자본금(주석8)"
    },
    {
      "sn": "dis100056sent62253375",
      "source_original": "II. 결손금"
    },
    {
      "sn": "dis100056sent62253376",
      "source_original": "이익준비금"
    },
    {
      "sn": "dis100056sent62253377",
      "source_original": "미처리결손금(주석9)"
    },
    {
      "sn": "dis100056sent62253378",
      "source_original": "자본총계"
    },
    {
      "sn": "dis100056sent62253379",
      "source_original": "부채와자본총계"
    },
    {
      "sn": "dis100056sent62253380",
      "source_original": "\"첨부된 주석은 본 재무제표의 일부입니다.\""
    },
    {
      "sn": "dis100056sent62253381",
      "source_original": "손 익 계 산 서"
    },
    {
      "sn": "dis100056sent62253382",
      "source_original": "제 21(당) 기 2021년 01월 01일부터 2021년 12월 31일까지"
    },
    {
      "sn": "dis100056sent62253383",
      "source_original": "제 20(전) 기 2020년 01월 01일부터 2020년 12월 31일까지"
    },
    {
      "sn": "dis100056sent62253384",
      "source_original": "I. 매출액"
    },
    {
      "sn": "dis100056sent62253385",
      "source_original": "용역매출"
    },
    {
      "sn": "dis100056sent62253386",
      "source_original": "II. 매출원가"
    },
    {
      "sn": "dis100056sent62253387",
      "source_original": "용역원가(주석7,12)"
    },
    {
      "sn": "dis100056sent62253388",
      "source_original": "III. 매출총이익"
    },
    {
      "sn": "dis100056sent62253389",
      "source_original": "IV. 판매비와관리비(주석7,12)"
    },
    {
      "sn": "dis100056sent62253390",
      "source_original": "급여"
    },
    {
      "sn": "dis100056sent62253391",
      "source_original": "퇴직급여"
    },
    {
      "sn": "dis100056sent62253392",
      "source_original": "복리후생비"
    },
    {
      "sn": "dis100056sent62253393",
      "source_original": "여비교통비"
    },
    {
      "sn": "dis100056sent62253394",
      "source_original": "접대비"
    },
    {
      "sn": "dis100056sent62253395",
      "source_original": "통신비"
    },
    {
      "sn": "dis100056sent62253396",
      "source_original": "전력비"
    },
    {
      "sn": "dis100056sent62253397",
      "source_original": "세금과공과"
    },
    {
      "sn": "dis100056sent62253398",
      "source_original": "감가상각비"
    },
    {
      "sn": "dis100056sent62253399",
      "source_original": "지급임차료"
    },
    {
      "sn": "dis100056sent62253400",
      "source_original": "보험료"
    },
    {
      "sn": "dis100056sent62253401",
      "source_original": "차량유지비"
    },
    {
      "sn": "dis100056sent62253402",
      "source_original": "운반비"
    },
    {
      "sn": "dis100056sent62253403",
      "source_original": "교육훈련비"
    },
    {
      "sn": "dis100056sent62253404",
      "source_original": "도서인쇄비"
    },
    {
      "sn": "dis100056sent62253405",
      "source_original": "사무용품비"
    },
    {
      "sn": "dis100056sent62253406",
      "source_original": "소모품비"
    },
    {
      "sn": "dis100056sent62253407",
      "source_original": "지급수수료"
    },
    {
      "sn": "dis100056sent62253408",
      "source_original": "광고선전비"
    },
    {
      "sn": "dis100056sent62253409",
      "source_original": "V. 영업이익"
    },
    {
      "sn": "dis100056sent62253410",
      "source_original": "VI. 영업외수익"
    },
    {
      "sn": "dis100056sent62253411",
      "source_original": "이자수익"
    },
    {
      "sn": "dis100056sent62253412",
      "source_original": "채무면제이익"
    },
    {
      "sn": "dis100056sent62253413",
      "source_original": "잡이익"
    },
    {
      "sn": "dis100056sent62253414",
      "source_original": "VII. 영업외비용"
    },
    {
      "sn": "dis100056sent62253415",
      "source_original": "이자비용"
    },
    {
      "sn": "dis100056sent62253416",
      "source_original": "잡손실"
    },
    {
      "sn": "dis100056sent62253417",
      "source_original": "법인세비용차감전순이익"
    },
    {
      "sn": "dis100056sent62253418",
      "source_original": "IX. 법인세비용"
    },
    {
      "sn": "dis100056sent62253419",
      "source_original": "X. 당기순이익"
    },
    {
      "sn": "dis100056sent62253420",
      "source_original": "자 본 변 동 표"
    },
    {
      "sn": "dis100056sent62253421",
      "source_original": "과 목"
    },
    {
      "sn": "dis100056sent62253422",
      "source_original": "자 본 금"
    },
    {
      "sn": "dis100056sent62253423",
      "source_original": "이 익"
    },
    {
      "sn": "dis100056sent62253424",
      "source_original": "잉여금"
    },
    {
      "sn": "dis100056sent62253425",
      "source_original": "총 계"
    },
    {
      "sn": "dis100056sent62253426",
      "source_original": "2020.01.01(전기초)"
    },
    {
      "sn": "dis100056sent62253427",
      "source_original": "당기순이익"
    },
    {
      "sn": "dis100056sent62253428",
      "source_original": "2020.12.31(전기말)"
    },
    {
      "sn": "dis100056sent62253429",
      "source_original": "2021.01.01(당기초)"
    },
    {
      "sn": "dis100056sent62253430",
      "source_original": "2021.12.31(당기말)"
    },
    {
      "sn": "dis100056sent62253431",
      "source_original": "현 금 흐 름 표"
    },
    {
      "sn": "dis100056sent62253432",
      "source_original": "Ⅰ.영업활동으로 인한 현금흐름"
    },
    {
      "sn": "dis100056sent62253433",
      "source_original": "1.당기순이익"
    },
    {
      "sn": "dis100056sent62253434",
      "source_original": "2.현금의 유출이 없는 비용등의 가산"
    },
    {
      "sn": "dis100056sent62253435",
      "source_original": "감가상각비(주석14)"
    },
    {
      "sn": "dis100056sent62253436",
      "source_original": "3.현금의유입이없는수익등의차감"
    },
    {
      "sn": "dis100056sent62253437",
      "source_original": "퇴직급여충당금의환입"
    },
    {
      "sn": "dis100056sent62253438",
      "source_original": "4.영업활동으로 인한 자산부채의 변동"
    },
    {
      "sn": "dis100056sent62253439",
      "source_original": "매출채권의감소(증가)"
    },
    {
      "sn": "dis100056sent62253440",
      "source_original": "선급금의증가"
    },
    {
      "sn": "dis100056sent62253441",
      "source_original": "선급비용의감소"
    },
    {
      "sn": "dis100056sent62253442",
      "source_original": "선납세금의감소(증가)"
    },
    {
      "sn": "dis100056sent62253443",
      "source_original": "미지급금의증가(감소)"
    },
    {
      "sn": "dis100056sent62253444",
      "source_original": "예수금의증가(감소)"
    },
    {
      "sn": "dis100056sent62253445",
      "source_original": "부가세예수금의증가(감소)"
    },
    {
      "sn": "dis100056sent62253446",
      "source_original": "미지급세금의감소"
    },
    {
      "sn": "dis100056sent62253447",
      "source_original": "미지급비용의증가"
    },
    {
      "sn": "dis100056sent62253448",
      "source_original": "퇴직금의 지급"
    },
    {
      "sn": "dis100056sent62253449",
      "source_original": "Ⅱ.투자활동으로 인한 현금 흐름"
    },
    {
      "sn": "dis100056sent62253450",
      "source_original": "1.투자활동으로 인한 현금유입액"
    },
    {
      "sn": "dis100056sent62253451",
      "source_original": "단기대여금의 회수"
    },
    {
      "sn": "dis100056sent62253452",
      "source_original": "2.투자활동으로 인한 현금유출액"
    },
    {
      "sn": "dis100056sent62253453",
      "source_original": "단기대여금의 증가"
    },
    {
      "sn": "dis100056sent62253454",
      "source_original": "시설장치의 취득"
    },
    {
      "sn": "dis100056sent62253455",
      "source_original": "Ⅲ.재무활동으로 인한 현금흐름"
    },
    {
      "sn": "dis100056sent62253456",
      "source_original": "1.재무활동으로 인한 현금유입액"
    },
    {
      "sn": "dis100056sent62253457",
      "source_original": "단기차입금의 차입"
    },
    {
      "sn": "dis100056sent62253458",
      "source_original": "2.재무활동으로 인한 현금유출액"
    },
    {
      "sn": "dis100056sent62253459",
      "source_original": "단기차입금의 상환"
    },
    {
      "sn": "dis100056sent62253460",
      "source_original": "Ⅳ.현금의 증가(감소)(Ⅰ+Ⅱ+Ⅲ)"
    },
    {
      "sn": "dis100056sent62253461",
      "source_original": "Ⅴ.기초의 현금"
    },
    {
      "sn": "dis100056sent62253462",
      "source_original": "Ⅵ.기말의 현금"
    },
    {
      "sn": "dis100056sent62253463",
      "source_original": "주석"
    },
    {
      "sn": "dis100056sent62253464",
      "source_original": "제 20(전) 기 2020년 12월 31일 현재"
    },
    {
      "sn": "dis100056sent62253465",
      "source_original": "1. 당사의 개요"
    },
    {
      "sn": "dis100056sent62253466",
      "source_original": "삼진엠피에스 주식회사(이하 \"당사\")는 상용 인력 공급 및 인사관련 서비스업을 주된 사업 목적으로 하여 2001년 4월 6일에 설립되었으며, 본사는 서울특별시 송파구에 위치하고 있습니다."
    },
    {
      "sn": "dis100056sent62253467",
      "source_original": "2. 중요한 회계처리방침"
    },
    {
      "sn": "dis100056sent62253468",
      "source_original": "당사의 재무제표는 일반기업회계기준에 따라 작성되었으며, 2021년 1월 1일 이후 최초로 시작하는 회계연도부터 적용되는 다음의 개정 기준서를 신규로 적용한 것을 제외하고는 전기재무제표 작성시 채택한 회계정책과 동일하게 적용되었습니다."
    },
    {
      "sn": "dis100056sent62253469",
      "source_original": "일반기업회계기준 제25장 '특수관계자 공시' (개정"
    },
    {
      "sn": "dis100056sent62253470",
      "source_original": "개정된 기준은 주요 경영진 보상에 관한 공시 규정을 수정하여 주요 경영진 보상 총액과 분류별 금액에 관한 공시 모두가 생략 범위에 포함됨을 명확히 하였습니다."
    },
    {
      "sn": "dis100056sent62253471",
      "source_original": "동 개정이 재무제표에 미치는 중요한 영향은 없습니다."
    },
    {
      "sn": "dis100056sent62253472",
      "source_original": "- 일반기업회계기준 제29장 '중간재무제표' (개정)"
    },
    {
      "sn": "dis100056sent62253473",
      "source_original": "개정된 기준은 직전 연도의 동일 중간기간에 대한 현금흐름표나 자본변동표가 작성되지 않은 경우에도 손익계산서와 마찬가지로 비교 표시 면제 규정을 적용할 수 있음을 명확히 하"
    },
    {
      "sn": "dis100056sent62253474",
      "source_original": "였습니다."
    },
    {
      "sn": "dis100056sent62253475",
      "source_original": "동 개정이 재"
    },
    {
      "sn": "dis100056sent62253476",
      "source_original": "무제표에 미치는 중요한 영향은 없습니다."
    },
    {
      "sn": "dis100056sent62253477",
      "source_original": "일반기업회계기준 제31장 '중소기업 회계처리 특례' (개정)"
    },
    {
      "sn": "dis100056sent62253478",
      "source_original": "개정된 기준은 시장성이 없는 지분증권은 취득원가에서 손상차손누계액을 차감한 금액으로 측정할 수 있으며, 관계기업이나 공동지배기업에 지분법을 적용하지 않을 경우 취득원가에서 손상차손누계액을 차감한 금액과 공정가치 중 하"
    },
    {
      "sn": "dis100056sent62253479",
      "source_original": "나로 측정함을 명확히 하였습니다."
    },
    {
      "sn": "dis100056sent62253480",
      "source_original": "당사의 중요한 회계처리방침은 다음과 같습니다."
    },
    {
      "sn": "dis100056sent62253481",
      "source_original": "(1) 현금및현금성자산"
    },
    {
      "sn": "dis100056sent62253482",
      "source_original": "당사는 통화 및 타인발행수표 등 통화대용증권과 당좌예금, 보통예금 및 큰 거래비용없이 현금으로 전환이 용이하고 이자율 변동에 따른 가치변동의 위험이 경미한 금융상품으로서 취득 당시 만기일(또는 상환일)이 3개월 이내인 것을 현금및현금성자산으로 분류하고 있습니다."
    },
    {
      "sn": "dis100056sent62253483",
      "source_original": "(2) 금융상품"
    },
    {
      "sn": "dis100056sent62253484",
      "source_original": "① 공통사항"
    },
    {
      "sn": "dis100056sent62253485",
      "source_original": "금융자산이나 금융부채는 당사가 금융상품의 계약당사자가 되는 때에만 재무상태표에 인식하고, 최초 인식 시 공정가치로 측정하며, 공정가치의 변동을 당기손익으로 인식하는 금융자산이나 금융부채가 아닌 경우 당해 금융자산(금융부채)의 취득(발행)과 직접 관련되는 거래원가는 최초 인식하는 공정가치에 가산(차감)하고 있습니다."
    },
    {
      "sn": "dis100056sent62253486",
      "source_original": "최초 인식 후 금융자산이나 금융부채는 유가증권, 파생상품 및 당기손익인식지정항목을 제외하고 상각후원가로 측정하고 있습니다."
    },
    {
      "sn": "dis100056sent62253487",
      "source_original": "당사는 상각후원가로 측정하는 금융자산의 손상 발생에 대한 객관적인 증거가 있는지를 매 보고기간말에 평가하고, 그러한 증거가 있는 경우, 해당 금융자산에 대한 손상차손의 인식, 측정 및 환입은 아래 유가증권의 손상에 대한 회계정책을 준용하여 회계처리하고 있습니다."
    },
    {
      "sn": "dis100056sent62253488",
      "source_original": "한편, 유가증권을 제외한 회수가 불확실한 금융자산은 합리적이고 객관적인 기준에 따라 산출한 대손추산액을 대손충당금으로 설정하고 있습니다."
    },
    {
      "sn": "dis100056sent62253489",
      "source_original": "유가증권을 제외한 금융자산 양도의 경우, 당사가 금융자산 양도 후 양도자산에 대한권리를 행사할 수 없고, 양도 후에 효율적인 통제권을 행사할 수 없으며 양수인이 양수한 금융자산을 처분할 자유로운 권리가 있을 때에 한하여 금융자산을 제거하고 있으며, 이외의 경우에는 금융자산을 담보로 한 차입거래로 회계처리하고 있습니다."
    },
    {
      "sn": "dis100056sent62253490",
      "source_original": "② 유가증권"
    },
    {
      "sn": "dis100056sent62253491",
      "source_original": "종속기업, 지분법피투자기업, 조인트벤처에 대한 투자를 제외한 지분증권과 채무증권에 대해서 취득하는 시점에 만기보유증권, 매도가능증권, 단기매매증권으로 분류하고 매 보고기간말마다 분류의 적정성을 재검토하고 있습니다."
    },
    {
      "sn": "dis100056sent62253492",
      "source_original": "만기가 확정된 채무증권으로서 상환금액이 확정되었거나 확정이 가능한 채무증권을 만기까지 보유할 적극적인 의도와 능력이 있는 경우에는 만기보유증권으로, 주로 단기간 내의 매매차익을 목적으로 취득한 유가증권은 단기매매증권으로, 그리고 단기매매증권이나 만기보유증권으로 분류되지 아니하는 유가증권은 매도가능증권으로 분류하고 있습니다."
    },
    {
      "sn": "dis100056sent62253493",
      "source_original": "단기매매증권과 매도가능증권은 공정가치로 평가하고 있습니다."
    },
    {
      "sn": "dis100056sent62253494",
      "source_original": "다만, 당사는 매도가능증권 중 시장성이 없는 지분증권은 일반기업회계기준 제31장 \"중소기업 회계처리 특례\"를적용하여 취득원가로 평가하고 있습니다."
    },
    {
      "sn": "dis100056sent62253495",
      "source_original": "또한 시장가격이 없는 채무증권의 경우에는 미래현금흐름을 합리적으로 추정하고, 공신력 있는 독립된 신용평가기관이 평가한 신용등급이 있는 경우에는 신용평가등급을 적절히 감안한 할인율을 사용하여 평가한 금액을 공정가치로 하고 있습니다."
    },
    {
      "sn": "dis100056sent62253496",
      "source_original": "한편, 시장성이 없는 수익증권의 경우에는 펀드운용회사가 제시하는 수익증권의 매매기준가격을 공정가치로 하고 있습니다."
    },
    {
      "sn": "dis100056sent62253497",
      "source_original": "당사는 단기매매증권의 미실현보유손익을 당기손익항목으로 처리하고, 공정가치로 평가하는 매도가능증권의 미실현보유손익을 기타포괄손익누계액으로 처리하고 있으며, 당해 매도가능증권을 처분하거나 손상차손을 인식하는 시점에 일괄하여 당기손익에 반영하고 있습니다."
    },
    {
      "sn": "dis100056sent62253498",
      "source_original": "당사는 손상차손의 발생에 대한 객관적인 증거가 있는지 매 보고기간말마다 평가하여 유가증권의 회수가능액이 채무증권의 상각후원가 또는 지분증권의 취득원가보다 적은 경우에는 손상차손이 불필요하다는 명백한 반증이 없는 한 손상차손을 인식하여 당기손익에 반영하고 있습니다."
    },
    {
      "sn": "dis100056sent62253499",
      "source_original": "손상차손의 회복이 손상차손 인식 후에 발생한 사건과 객관적으로 관련되는 경우, 만기보유증권 또는 원가로 평가하는 매도가능증권의 경우 당초에 손상차손을 인식하지 않았다면 회복일 현재의 상각후원가(매도가능증권의 경우 취득원가)를 한도로 당기이익을 인식하며, 공정가치로 평가하는 매도가능증권의 경우에는 이전에 인식하였던 손상차손 금액을 한도로 하여 회복된 금액을 당기이익으로 인식하고 있습니다."
    },
    {
      "sn": "dis100056sent62253500",
      "source_original": "유가증권의 양도로 당사가 유가증권의 통제를 상실한 때에는 그 유가증권을 재무상태표에서 제거하나, 통제를 상실하지 않았을 경우 당해 거래를 담보차입거래로 회계처리하고 있습니다."
    },
    {
      "sn": "dis100056sent62253501",
      "source_original": "(3) 유형자산"
    },
    {
      "sn": "dis100056sent62253502",
      "source_original": "당사는 유형자산의 취득원가 산정 시, 당해 자산의 제작원가 또는 구입원가 및 경영진이 의도하는 방식으로 가동하는데 필요한 장소와 상태에 이르게 하는 데 직접 관련되는 원가를 가산하고 있습니다."
    },
    {
      "sn": "dis100056sent62253503",
      "source_original": "현물출자, 증여, 기타 무상으로 취득한 자산의 가액은 공정가치를 취득원가로"
    },
    {
      "sn": "dis100056sent62253504",
      "source_original": "하고,"
    },
    {
      "sn": "dis100056sent62253505",
      "source_original": "동일한 업종 내에서 유사한 용도로 사용되고 공정가치가 비슷한 동종자산과의 교환으로 받은 유형자산의 취득원가는 교환으로 제공한 자산의 장부금액으로 인식합니다."
    },
    {
      "sn": "dis100056sent62253506",
      "source_original": "한편, 다른 종류의 자산과의 교환으로 취득한 자산의 취득원가는 교환을 위하여 제공한 자산의 공정가치로 측정하고, 제공한 자산의 공정가치가 불확실한 경우에는 교환으로 취득한 자산의 공정가치로 측정하고 있습니다."
    },
    {
      "sn": "dis100056sent62253507",
      "source_original": "유형자산의 취득 또는 완성 후의 지출이 유형자산의 내용연수를 연장시키거나 가치를 실질적으로 증가시키는 지출인 경우에는 자본적지출로 처리하고, 원상을 회복시키거나 능률유지를 위한 지출은 당기비용으로 처리하고 있습니다."
    },
    {
      "sn": "dis100056sent62253508",
      "source_original": "최초 인식 후에 유형자산은 원가에서 감가상각누계액과 손상차손누계액을 차감한 금액을 장부금액으로 하고 있습니다."
    },
    {
      "sn": "dis100056sent62253509",
      "source_original": "유형자산은 자산이 사용가능한 때부터 자산의 취득원가에서 잔존가치를 차감한 금액에 대하여 아래의 상각방법과 내용연수를 적용하고 있습니다."
    },
    {
      "sn": "dis100056sent62253510",
      "source_original": "구분"
    },
    {
      "sn": "dis100056sent62253511",
      "source_original": "상각방법"
    },
    {
      "sn": "dis100056sent62253512",
      "source_original": "추정 내용연수"
    },
    {
      "sn": "dis100056sent62253513",
      "source_original": "정률법"
    },
    {
      "sn": "dis100056sent62253514",
      "source_original": "5년"
    },
    {
      "sn": "dis100056sent62253515",
      "source_original": "유형자산의 제거로부터 발생하는 손익은 처분금액과 장부금액의 차액으로 결정되며,당기손익으로 인식하고 있습니다."
    },
    {
      "sn": "dis100056sent62253516",
      "source_original": "(4) 무형자산"
    },
    {
      "sn": "dis100056sent62253517",
      "source_original": "무형자산은 당해 자산의 제작원가 또는"
    },
    {
      "sn": "dis100056sent62253518",
      "source_original": "구입가격"
    },
    {
      "sn": "dis100056sent62253519",
      "source_original": "에 자산을 의도한 목적에 사용할 수 있도록 준비하는데 직접 관련되는 원가를 가산한 가액을 취득원가로 계상하고"
    },
    {
      "sn": "dis100056sent62253520",
      "source_original": "있습니다."
    },
    {
      "sn": "dis100056sent62253521",
      "source_original": "당사는 무형자산을 취득원가에서 아래의 상각방법과 내용연수에 따라 산정된 상각누계액을 차감한 금액으로 표시하고 있습니다."
    },
    {
      "sn": "dis100056sent62253522",
      "source_original": "계정과목"
    },
    {
      "sn": "dis100056sent62253523",
      "source_original": "정액법"
    },
    {
      "sn": "dis100056sent62253524",
      "source_original": "무형자산의 취득 또는 완성 후의 지출로서 무형자산과 직접 관련 되어 있고 미래경제적효익을 증가시킬 가능성이 매우 높으며, 관련된 지출을 신뢰성 있게 측정할 수 있는 경우에만 자본적지출로 처리하고, 그렇지 않은 경우에는 발생한 기간의 비용으로인식하고 있습니다."
    },
    {
      "sn": "dis100056sent62253525",
      "source_original": "(5) 납입자본"
    },
    {
      "sn": "dis100056sent62253526",
      "source_original": "당사는 주식을 발행하는 경우 주식의 발행금액이 액면금액보다 크다면 그 차액을 주식발행초과금으로 하여 자본잉여금으로 처리하고, 발행금액이 액면금액보다 작다면 그 차액을 주식발행초과금의 범위내에서 상계처리하고 미상계된 잔액이 있는 경우에는 자본조정의 주식할인발행차금으로 처리하고 있습니다."
    },
    {
      "sn": "dis100056sent62253527",
      "source_original": "한편, 자본거래 비용 중 자본거래가 없었다면 회피가능하고 자본거래에 직접 관련되어 발생한 추가비용에 대해서는 관련된 법인세효과를 차감한 금액을 주식발행초과금에서 차감하거나 주식할인발행차금에 가산하고 있습니다."
    },
    {
      "sn": "dis100056sent62253528",
      "source_original": "(6) 수익"
    },
    {
      "sn": "dis100056sent62253529",
      "source_original": "당사는 용역의 제공이나 자산의 사용에 대하여 받았거나 또는 받을 대가의 공정가치로 수익을 측정하고 있으며, 부가가치세, 매출에누리와 할인 및 환입은 수익에서 차감하고 있습니다."
    },
    {
      "sn": "dis100056sent62253530",
      "source_original": "당사는 수익을 신뢰성 있게 측정할 수 있으며 관련된 경제적 효익의 유입 가능성이 매우 높은 경우에 수익을 인식합니다."
    },
    {
      "sn": "dis100056sent62253531",
      "source_original": "당사는 용역의 제공과 관련한 정액계약의 경우 수익은 일반적으로 용역이 제공되는 기간에 걸쳐 정액법으로 인식하고 있습니다."
    },
    {
      "sn": "dis100056sent62253532",
      "source_original": "또한 예상수익금액, 원가 및 용역제공 정도에 변동이 발생하는 경우 이에 대한 추정을 변경하고 있습니다."
    },
    {
      "sn": "dis100056sent62253533",
      "source_original": "이러한 추정의 변경은 예상수익 및 원가의 증감을 가져올 수 있으며, 그러한 상황의 변화가 경영자에 의하여 인지되는 기간에 손익에 반영하고 있습니다."
    },
    {
      "sn": "dis100056sent62253534",
      "source_original": "(7) 자산손상"
    },
    {
      "sn": "dis100056sent62253535",
      "source_original": "금융자산, 건설형공사계약에서 발생한 자산, 재고자산을 제외한 당사의 모든 자산에 대해서는 매 보고기간말마다 자산손상을 시사하는 징후가 있는지를 검토하며, 만약 그러한 징후가 있다면 당해 자산의 회수가능액을 추정하고 있습니다."
    },
    {
      "sn": "dis100056sent62253536",
      "source_original": "회수가능액은 개별 자산별로 추정합니다."
    },
    {
      "sn": "dis100056sent62253537",
      "source_original": "만약, 개별 자산의 회수가능액을 추정할 수없다면 그 자산이 속하는 현금창출단위별로 회수가능액을 추정하고 있습니다."
    },
    {
      "sn": "dis100056sent62253538",
      "source_original": "현금창출단위란 다른 자산이나 자산집단에서의 현금유입과는 거의 독립적인 현금유입을 창출하는 식별가능한 최소자산집단을 의미합니다."
    },
    {
      "sn": "dis100056sent62253539",
      "source_original": "개별 자산이나 현금창출단위의 회수가능액이 장부금액에 미달하는 경우 자산의 장부금액을 감소시키며 이러한 장부금액의 감소는 손상차손(당기손익)으로 인식하고 있습니다."
    },
    {
      "sn": "dis100056sent62253540",
      "source_original": "매 보고기간말에 영업권을 제외한 자산에 대해 과거기간에 인식한 손상차손이 더 이상 존재하지 않거나 감소된 것을 시사하는 징후가 있는지를 검토하고 직전 손상차손의 인식시점 이후 회수가능액을 결정하는 데 사용된 추정치에 변화가 있는 경우에만 손상차손을 환입하고 있으며, 손상차손환입으로 증가된 장부금액은 과거에 손상차손을 인식하기 전 장부금액의 감가상각 또는 상각후 잔액을 초과할 수 없습니다."
    },
    {
      "sn": "dis100056sent62253541",
      "source_original": "(8) 퇴직급여"
    },
    {
      "sn": "dis100056sent62253542",
      "source_original": "당사는 보고기간말 현재 1년 이상 근속한 전종업원이 일시에 퇴직할 경우 지급하여야 할 퇴직금(근로기준법과 당사의 퇴직금지급 규정 중 큰 금액)에 상당하는 금액을퇴직급여충당부채로 계상하고, 종업원의 수급권을 보장하는 종업원 퇴직보험에 가입한 예치금은 퇴직급여충당부채에서 차감하는 형식으로 표시하고 있습니다."
    },
    {
      "sn": "dis100056sent62253543",
      "source_original": "(다만 퇴직보험예치금액이 퇴직급여충당부채를 초과하는 경우 당해 초과액은 투자자산으로처리하고 있습니다.)"
    },
    {
      "sn": "dis100056sent62253544",
      "source_original": "당사의 퇴직연금제도는 확정급여형 퇴직연금제도로서 수급요건을 갖춘 종업원은 퇴직시에 확정된 연금을 수령하게 됩니다."
    },
    {
      "sn": "dis100056sent62253545",
      "source_original": "종업원이 퇴직하기 전에는 보고기간말 현재종업원이 퇴직할 경우 지급하여야 할 퇴직일시금에 상당하는 금액을 퇴직급여충당부채로 계상하고 있으며, 퇴직연금에 대한 수급요건 중 가입기간 요건을 갖추고 퇴사한종업원이 퇴직연금의 수령을 선택한 경우에는 보고기간말 이후 퇴직종업원에게 지급하여야 할 예상퇴직연금합계액을 보험수리적가정을 사용하여 추정하고, 보고기간말현재 우량회사채의 시장이자율(회사채에 대해 거래층이 두터운 시장이 없는 경우에는 보고기간말 현재 국공채의 수익률)에 기초하여 할인한 현재가치를 퇴직연금미지급금으로 계상하고 있습니다."
    },
    {
      "sn": "dis100056sent62253546",
      "source_original": "한편, 사망률과 같은 보험수리적 가정이 바뀌거나 시간의 경과에 따라 현재가치가 증가한 경우 퇴직급여로 비용처리하고 있습니다."
    },
    {
      "sn": "dis100056sent62253547",
      "source_original": "퇴직연금제도에서 운용되는 자산은 퇴직연금운용자산의 과목으로 하여 퇴직급여 관련 부채, 즉 퇴직급여충당부채와 퇴직연금미지급금에서 차감하는 형식으로 표시하고있습니다."
    },
    {
      "sn": "dis100056sent62253548",
      "source_original": "(다만 퇴직연금운용자산이 퇴직급여 관련 부채의 합계액을 초과하는 경우에는 초과액을 투자자산으로 처리하고 있습니다.)"
    },
    {
      "sn": "dis100056sent62253549",
      "source_original": "당사의 퇴직연금제도는 확정기여형으로서, 연금의 운용결과와 관계없이 확정된 부담금을 납부하며, 당해 회계기간에 납부하여야 할 부담금을 퇴직급여로 인식하고 있습니다."
    },
    {
      "sn": "dis100056sent62253550",
      "source_original": "(9) 법인세 등"
    },
    {
      "sn": "dis100056sent62253551",
      "source_original": "법인세부담액은 법인세법 등의 법령에 의하여 각 회계연도에 부담할 법인세 및 법인세에 부가되는 세액의 합계이며 전기 이전의 기간과 관련된 법인세부담액을 당기에 인식하는 법인세 추납액 또는 환급액이 포함됩니다."
    },
    {
      "sn": "dis100056sent62253552",
      "source_original": "(10) 환율변동효과"
    },
    {
      "sn": "dis100056sent62253553",
      "source_original": "① 기능통화 및 표시통화"
    },
    {
      "sn": "dis100056sent62253554",
      "source_original": "당사는 재무제표에 포함되는 항목들을 영업활동이 이루어지는 주된 경제환경의 통화(기능통화)이며 재무제표 작성을 위한 표시통화인 '원'으로 표시하고 있습니다."
    },
    {
      "sn": "dis100056sent62253555",
      "source_original": "② 외화거래"
    },
    {
      "sn": "dis100056sent62253556",
      "source_original": "당사는 기능통화 외의 통화(외화)로 이루어진 거래는 거래일의 환율을 적용하여 기록하고 있습니다."
    },
    {
      "sn": "dis100056sent62253557",
      "source_original": "역사적원가로 측정하는 비화폐성 외화항목은 거래일의 환율로 환산하고, 공정가치로 측정하는 비화폐성항목은 공정가치가 결정된 날의 환율로 환산하였습니다."
    },
    {
      "sn": "dis100056sent62253558",
      "source_original": "비화폐성항목에서 발생한 손익을 기타포괄손익으로 인식하는 경우에는 그손익에 포함된 환율변동효과도 기타포괄손익으로 인식하고, 당기손익으로 인식하는 경우에는 환율변동효과도 당기손익으로 인식하고 있습니다."
    },
    {
      "sn": "dis100056sent62253559",
      "source_original": "또한, 화폐성 외화자산 및 부채는 보고기간말 현재 환율로 환산하고 있으며 환산손익은 당기손익으로 계상하고 있습니다."
    },
    {
      "sn": "dis100056sent62253560",
      "source_original": "다만, 외화표시 매도가능채무증권의 경우 동 금액을 기타포괄손익으로 인식하고 있습니다."
    },
    {
      "sn": "dis100056sent62253561",
      "source_original": "(11) 중소기업 회계처리에 대한 특례규정 적용"
    },
    {
      "sn": "dis100056sent62253562",
      "source_original": "중소기업기본법에 의한 중소기업으로서 일반기업회계기준 제31장 \"중소기업 회계처리 특례\"에 의하여 다음과 같이 회계처리하고 있습니다."
    },
    {
      "sn": "dis100056sent62253563",
      "source_original": "1) 유형자산과 무형자산의 내용연수 및 잔존가치는 법인세법 등의 법령에 따랐습니다."
    },
    {
      "sn": "dis100056sent62253564",
      "source_original": "2) 법인세비용은 법인세법 등의 법령에 의하여 납부하여야 할 금액으로 계상하고 있습니다."
    },
    {
      "sn": "dis100056sent62253565",
      "source_original": "(12) 추정의 사용"
    },
    {
      "sn": "dis100056sent62253566",
      "source_original": "한국의"
    },
    {
      "sn": "dis100056sent62253567",
      "source_original": "일반기업회계기준"
    },
    {
      "sn": "dis100056sent62253568",
      "source_original": "에 따라 재무제표를 작성하기 위해서 회사의 경영자는 자산및 부채의 금액 및 충당부채 등에 대한 공시, 수익 및 비용의 측정과 관련하여 많은 합리적인 추정과 가정을 사용합니다."
    },
    {
      "sn": "dis100056sent62253569",
      "source_original": "여기에는 유형자산의 장부금액, 매출채권, 재고자산, 충당부채 등이 포함됩니다."
    },
    {
      "sn": "dis100056sent62253570",
      "source_original": "이러한 평가금액은 실제와 다를수 있습니다."
    },
    {
      "sn": "dis100056sent62253571",
      "source_original": "3. 유형자산"
    },
    {
      "sn": "dis100056sent62253572",
      "source_original": "유형자산의 변동내용은 다음과 같습니다."
    },
    {
      "sn": "dis100056sent62253573",
      "source_original": "① 당기"
    },
    {
      "sn": "dis100056sent62253574",
      "source_original": "(단위: 천원)"
    },
    {
      "sn": "dis100056sent62253575",
      "source_original": "기초잔액"
    },
    {
      "sn": "dis100056sent62253576",
      "source_original": "취득액"
    },
    {
      "sn": "dis100056sent62253577",
      "source_original": "처분액"
    },
    {
      "sn": "dis100056sent62253578",
      "source_original": "대체액"
    },
    {
      "sn": "dis100056sent62253579",
      "source_original": "기말잔액"
    },
    {
      "sn": "dis100056sent62253580",
      "source_original": "합계"
    },
    {
      "sn": "dis100056sent62253581",
      "source_original": "② 전기"
    },
    {
      "sn": "dis100056sent62253582",
      "source_original": "4. 무형자산"
    },
    {
      "sn": "dis100056sent62253583",
      "source_original": "당사의 무형자산은 전기 이전 상각완료되었으며, 당기와 전기 중 발생한 무형자산의 변동 내역은 없습니다."
    },
    {
      "sn": "dis100056sent62253584",
      "source_original": "5. 금융부채의 유동성위험 관리 방법 및 종"
    },
    {
      "sn": "dis100056sent62253585",
      "source_original": "류별 만기 분석"
    },
    {
      "sn": "dis100056sent62253586",
      "source_original": "(1) 유동성위험 관리 방법"
    },
    {
      "sn": "dis100056sent62253587",
      "source_original": "유동성위험 관리에 대한 궁극적인 책임은 단기 및 중장기 자금조달과 유동성관리규정을 적절하게 관리하기 위한 기본정책을 수립하는 이사회에 있습니다."
    },
    {
      "sn": "dis100056sent62253588",
      "source_original": "당사는 운영비용을 충당할 수 있는 요구불예금을 보유하고 예측 현금흐름과 실제 현금흐름을 계속하여 관찰하여 금융자산과 금융부채의 만기 구조를 대응시키면서 유동성위험을 관리하고 있습니다."
    },
    {
      "sn": "dis100056sent62253589",
      "source_original": "(2) 당기말 현"
    },
    {
      "sn": "dis100056sent62253590",
      "source_original": "재"
    },
    {
      "sn": "dis100056sent62253591",
      "source_original": "금융부채"
    },
    {
      "sn": "dis100056sent62253592",
      "source_original": "의 만기는 다음과 같습니다."
    },
    {
      "sn": "dis100056sent62253593",
      "source_original": "장부금액"
    },
    {
      "sn": "dis100056sent62253594",
      "source_original": "1년 미만"
    },
    {
      "sn": "dis100056sent62253595",
      "source_original": "1년~5년"
    },
    {
      "sn": "dis100056sent62253596",
      "source_original": "5년 이상"
    },
    {
      "sn": "dis100056sent62253597",
      "source_original": "미지급금"
    },
    {
      "sn": "dis100056sent62253598",
      "source_original": "미지급비용"
    },
    {
      "sn": "dis100056sent62253599",
      "source_original": "단기차입금"
    },
    {
      "sn": "dis100056sent62253600",
      "source_original": "당사는 이 현금흐름이 유의적으로 더 이른 기간에 발생하거나, 유의적으로 다른 금액일 것으로 기대하지 않습니다."
    },
    {
      "sn": "dis100056sent62253601",
      "source_original": "6. 단기차입금"
    },
    {
      "sn": "dis100056sent62253602",
      "source_original": "단기차입금의 내용은 다음과 같습니다."
    },
    {
      "sn": "dis100056sent62253603",
      "source_original": "차입처"
    },
    {
      "sn": "dis100056sent62253604",
      "source_original": "연이자율"
    },
    {
      "sn": "dis100056sent62253605",
      "source_original": "당기"
    },
    {
      "sn": "dis100056sent62253606",
      "source_original": "전기"
    },
    {
      "sn": "dis100056sent62253607",
      "source_original": "기업자유"
    },
    {
      "sn": "dis100056sent62253608",
      "source_original": "국민은행"
    },
    {
      "sn": "dis100056sent62253609",
      "source_original": "일반자금대출"
    },
    {
      "sn": "dis100056sent62253610",
      "source_original": "신한은행"
    },
    {
      "sn": "dis100056sent62253611",
      "source_original": "종합통장대출"
    },
    {
      "sn": "dis100056sent62253612",
      "source_original": "가수금"
    },
    {
      "sn": "dis100056sent62253613",
      "source_original": "대표이사"
    },
    {
      "sn": "dis100056sent62253614",
      "source_original": "7. 퇴직급여"
    },
    {
      "sn": "dis100056sent62253615",
      "source_original": "(1) 퇴직급여충당부채의 변동내역은 다음과 같습니다."
    },
    {
      "sn": "dis100056sent62253616",
      "source_original": "퇴직급여 지급액"
    },
    {
      "sn": "dis100056sent62253617",
      "source_original": "퇴직급여 설정액"
    },
    {
      "sn": "dis100056sent62253618",
      "source_original": "(2) 당사가 확정기여제도와 관련하여 비용으로 인식한 금액은 당기(전기) 중"
    },
    {
      "sn": "dis100056sent62253619",
      "source_original": "천원"
    },
    {
      "sn": "dis100056sent62253620",
      "source_original": "(220,631천원)입니다."
    },
    {
      "sn": "dis100056sent62253621",
      "source_original": "8. 자본금"
    },
    {
      "sn": "dis100056sent62253622",
      "source_original": "보통주 자본금의 내용은 다음과 같습니다."
    },
    {
      "sn": "dis100056sent62253623",
      "source_original": "(단위: 주,원)"
    },
    {
      "sn": "dis100056sent62253624",
      "source_original": "당기말"
    },
    {
      "sn": "dis100056sent62253625",
      "source_original": "전기말"
    },
    {
      "sn": "dis100056sent62253626",
      "source_original": "발행할 주식의 총수"
    },
    {
      "sn": "dis100056sent62253627",
      "source_original": "1주당 금액"
    },
    {
      "sn": "dis100056sent62253628",
      "source_original": "발행한 주식의 총수"
    },
    {
      "sn": "dis100056sent62253629",
      "source_original": "보"
    },
    {
      "sn": "dis100056sent62253630",
      "source_original": "통주 자본금"
    },
    {
      "sn": "dis100056sent62253631",
      "source_original": "9. 결손금"
    },
    {
      "sn": "dis100056sent62253632",
      "source_original": "결손금처리계산서는 다음과 같습니다."
    },
    {
      "sn": "dis100056sent62253633",
      "source_original": "(단위: 원)"
    },
    {
      "sn": "dis100056sent62253634",
      "source_original": "처리예정일: 2022년 03월 31일"
    },
    {
      "sn": "dis100056sent62253635",
      "source_original": "처리확정일: 2021년 03월 31일"
    },
    {
      "sn": "dis100056sent62253636",
      "source_original": "I. 미처리결손금"
    },
    {
      "sn": "dis100056sent62253637",
      "source_original": "1. 전기이월미처리결손금"
    },
    {
      "sn": "dis100056sent62253638",
      "source_original": "2. 당기순이익"
    },
    {
      "sn": "dis100056sent62253639",
      "source_original": "II. 결손금처리액"
    },
    {
      "sn": "dis100056sent62253640",
      "source_original": "Ⅲ. 차기이월미처리결손금"
    },
    {
      "sn": "dis100056sent62253641",
      "source_original": "10. 우발부채와 약정사항"
    },
    {
      "sn": "dis100056sent62253642",
      "source_original": "(1) 당기말 현재 당사는 금융기관과 다음과 같은 약정을 체결하고 있습니다."
    },
    {
      "sn": "dis100056sent62253643",
      "source_original": "금융기관"
    },
    {
      "sn": "dis100056sent62253644",
      "source_original": "약정내용"
    },
    {
      "sn": "dis100056sent62253645",
      "source_original": "한도액"
    },
    {
      "sn": "dis100056sent62253646",
      "source_original": "사용액"
    },
    {
      "sn": "dis100056sent62253647",
      "source_original": "기업일반운전자금대출"
    },
    {
      "sn": "dis100056sent62253648",
      "source_original": "(2) 당기말 현재 당사가 타인으로부터 제공받은 보증의 내역은 다음과 같습니다."
    },
    {
      "sn": "dis100056sent62253649",
      "source_original": "제공자"
    },
    {
      "sn": "dis100056sent62253650",
      "source_original": "제공받은 내용"
    },
    {
      "sn": "dis100056sent62253651",
      "source_original": "보증담보금액"
    },
    {
      "sn": "dis100056sent62253652",
      "source_original": "담보권자"
    },
    {
      "sn": "dis100056sent62253653",
      "source_original": "당연보증"
    },
    {
      "sn": "dis100056sent62253654",
      "source_original": "신용보증보험"
    },
    {
      "sn": "dis100056sent62253655",
      "source_original": "신용보증서"
    },
    {
      "sn": "dis100056sent62253656",
      "source_original": "보증인"
    },
    {
      "sn": "dis100056sent62253657",
      "source_original": "3) 당기"
    },
    {
      "sn": "dis100056sent62253658",
      "source_original": "말"
    },
    {
      "sn": "dis100056sent62253659",
      "source_original": "현재 당사는 서울보증보험과 이행보증보험 등의 계약을 체결하였으며 부보액"
    },
    {
      "sn": "dis100056sent62253660",
      "source_original": "은"
    },
    {
      "sn": "dis100056sent62253661",
      "source_original": "448,117천원입니다."
    },
    {
      "sn": "dis100056sent62253662",
      "source_original": "11. 특수관계자와의"
    },
    {
      "sn": "dis100056sent62253663",
      "source_original": "주요거래"
    },
    {
      "sn": "dis100056sent62253664",
      "source_original": "(1) 특수관계자 현황은 다음과 같습니다."
    },
    {
      "sn": "dis100056sent62253665",
      "source_original": "관계"
    },
    {
      "sn": "dis100056sent62253666",
      "source_original": "회사명"
    },
    {
      "sn": "dis100056sent62253667",
      "source_original": "기"
    },
    {
      "sn": "dis100056sent62253668",
      "source_original": "타특수관계자"
    },
    {
      "sn": "dis100056sent62253669",
      "source_original": "삼진맨파워주식회사"
    },
    {
      "sn": "dis100056sent62253670",
      "source_original": "(2) 당기 중 특수관계자와의 자금거래는 다음과 같습니다."
    },
    {
      "sn": "dis100056sent62253671",
      "source_original": "(단위 : 천원)"
    },
    {
      "sn": "dis100056sent62253672",
      "source_original": "특수관계자"
    },
    {
      "sn": "dis100056sent62253673",
      "source_original": "거래내용"
    },
    {
      "sn": "dis100056sent62253674",
      "source_original": "기초"
    },
    {
      "sn": "dis100056sent62253675",
      "source_original": "증가"
    },
    {
      "sn": "dis100056sent62253676",
      "source_original": "감소"
    },
    {
      "sn": "dis100056sent62253677",
      "source_original": "기말"
    },
    {
      "sn": "dis100056sent62253678",
      "source_original": "대여금"
    },
    {
      "sn": "dis100056sent62253679",
      "source_original": "차입금"
    },
    {
      "sn": "dis100056sent62253680",
      "source_original": "임직원"
    },
    {
      "sn": "dis100056sent62253681",
      "source_original": "합계"
    },
    {
      "sn": "dis100056sent62253682",
      "source_original": "한편, 회사는 회사의 차입금 등과 관련하여 주요 경영진으로부터 지급보증을 제공받고 있습니다."
    },
    {
      "sn": "dis100056sent62253683",
      "source_original": "12. 부가가치 관련자료"
    },
    {
      "sn": "dis100056sent62253684",
      "source_original": "당기와 전기 중 매출원가 및 판매비와관리비에 계상된 부가가치계산에 필요한 계정과목과 그 금액은 다음과 같습니다."
    },
    {
      "sn": "dis100056sent62253685",
      "source_original": "13. 현금흐름표"
    },
    {
      "sn": "dis100056sent62253686",
      "source_original": "현금흐름표는 간접법으로 작성되었으며, 현금의 유입과 유출이 없는 거래는 다음과 같습니다."
    },
    {
      "sn": "dis100056sent62253687",
      "source_original": "(단위:천원)"
    },
    {
      "sn": "dis100056sent62253688",
      "source_original": "금액"
    },
    {
      "sn": "dis100056sent62253689",
      "source_original": "매출채권의 단기대여금 대체"
    },
    {
      "sn": "dis100056sent62253690",
      "source_original": "14. 재무제표의 승인"
    },
    {
      "sn": "dis100056sent62253691",
      "source_original": "회사의 재무제표는 2022년 3월 31일 개최될 정기추추종회에서 최종 승인될 예정입니다."
    },
    {
      "sn": "dis100056sent62253692",
      "source_original": "「주식회사 등의 외부감사에 관한 법률」제18조제3항의 규정에 의하여 외부감사 실시내용을 첨부합니다."
    },
    {
      "sn": "dis100056sent62253693",
      "source_original": "1. 감사대상업무"
    },
    {
      "sn": "dis100056sent62253694",
      "source_original": "회 사 명"
    },
    {
      "sn": "dis100056sent62253695",
      "source_original": "감사대상 사업연도"
    },
    {
      "sn": "dis100056sent62253696",
      "source_original": "2. 감사참여자 구분별 인원수 및 감사시간"
    },
    {
      "sn": "dis100056sent62253697",
      "source_original": "(단위 : 명, 시간)"
    },
    {
      "sn": "dis100056sent62253698",
      "source_original": "감사참여자"
    },
    {
      "sn": "dis100056sent62253699",
      "source_original": "인원수 및 시간"
    },
    {
      "sn": "dis100056sent62253700",
      "source_original": "품질관리"
    },
    {
      "sn": "dis100056sent62253701",
      "source_original": "검토자"
    },
    {
      "sn": "dis100056sent62253702",
      "source_original": "(심리실 등)"
    },
    {
      "sn": "dis100056sent62253703",
      "source_original": "감사업무 담당 회계사"
    },
    {
      "sn": "dis100056sent62253704",
      "source_original": "전산감사ㆍ"
    },
    {
      "sn": "dis100056sent62253705",
      "source_original": "세무ㆍ가치평가"
    },
    {
      "sn": "dis100056sent62253706",
      "source_original": "등 전문가"
    },
    {
      "sn": "dis100056sent62253707",
      "source_original": "건설계약 등"
    },
    {
      "sn": "dis100056sent62253708",
      "source_original": "수주산업"
    },
    {
      "sn": "dis100056sent62253709",
      "source_original": "전문가"
    },
    {
      "sn": "dis100056sent62253710",
      "source_original": "담당이사"
    },
    {
      "sn": "dis100056sent62253711",
      "source_original": "(업무수행이사)"
    },
    {
      "sn": "dis100056sent62253712",
      "source_original": "등록"
    },
    {
      "sn": "dis100056sent62253713",
      "source_original": "공인회계사"
    },
    {
      "sn": "dis100056sent62253714",
      "source_original": "수습"
    },
    {
      "sn": "dis100056sent62253715",
      "source_original": "투입 인원수"
    },
    {
      "sn": "dis100056sent62253716",
      "source_original": "투입시간"
    },
    {
      "sn": "dis100056sent62253717",
      "source_original": "분ㆍ반기검토"
    },
    {
      "sn": "dis100056sent62253718",
      "source_original": "감사"
    },
    {
      "sn": "dis100056sent62253719",
      "source_original": "3. 주요 감사실시내용"
    },
    {
      "sn": "dis100056sent62253720",
      "source_original": "구 분"
    },
    {
      "sn": "dis100056sent62253721",
      "source_original": "내 역"
    },
    {
      "sn": "dis100056sent62253722",
      "source_original": "전반감사계획"
    },
    {
      "sn": "dis100056sent62253723",
      "source_original": "(감사착수단계)"
    },
    {
      "sn": "dis100056sent62253724",
      "source_original": "수행시기"
    },
    {
      "sn": "dis100056sent62253725",
      "source_original": "2021년 8월 1일 ~ 8월 3일"
    },
    {
      "sn": "dis100056sent62253726",
      "source_original": "주요내용"
    },
    {
      "sn": "dis100056sent62253727",
      "source_original": "분석적검토를 통한 감사위험 분류 및 중점 감사항목 선정 협의"
    },
    {
      "sn": "dis100056sent62253728",
      "source_original": "현장감사"
    },
    {
      "sn": "dis100056sent62253729",
      "source_original": "투입인원"
    },
    {
      "sn": "dis100056sent62253730",
      "source_original": "주요 감사업무 수행내용"
    },
    {
      "sn": "dis100056sent62253731",
      "source_original": "상주"
    },
    {
      "sn": "dis100056sent62253732",
      "source_original": "비상주"
    },
    {
      "sn": "dis100056sent62253733",
      "source_original": "2021년 11월 09일~13일"
    },
    {
      "sn": "dis100056sent62253734",
      "source_original": "명"
    },
    {
      "sn": "dis100056sent62253735",
      "source_original": "중간감사"
    },
    {
      "sn": "dis100056sent62253736",
      "source_original": "2022년 02월 22일~26일"
    },
    {
      "sn": "dis100056sent62253737",
      "source_original": "기말감사"
    },
    {
      "sn": "dis100056sent62253738",
      "source_original": "재고자산실사(입회)"
    },
    {
      "sn": "dis100056sent62253739",
      "source_original": "실사(입회)시기"
    },
    {
      "sn": "dis100056sent62253740",
      "source_original": "실사(입회)장소"
    },
    {
      "sn": "dis100056sent62253741",
      "source_original": "실사(입회)대상"
    },
    {
      "sn": "dis100056sent62253742",
      "source_original": "금융자산실사(입회)"
    },
    {
      "sn": "dis100056sent62253743",
      "source_original": "2021년 12월 29일"
    },
    {
      "sn": "dis100056sent62253744",
      "source_original": "본사 사무실"
    },
    {
      "sn": "dis100056sent62253745",
      "source_original": "현금"
    },
    {
      "sn": "dis100056sent62253746",
      "source_original": "외부조회"
    },
    {
      "sn": "dis100056sent62253747",
      "source_original": "금융거래조회"
    },
    {
      "sn": "dis100056sent62253748",
      "source_original": "채권채무조회"
    },
    {
      "sn": "dis100056sent62253749",
      "source_original": "변호사조회"
    },
    {
      "sn": "dis100056sent62253750",
      "source_original": "기타조회"
    },
    {
      "sn": "dis100056sent62253751",
      "source_original": "지배기구와의"
    },
    {
      "sn": "dis100056sent62253752",
      "source_original": "커뮤니케이션"
    },
    {
      "sn": "dis100056sent62253753",
      "source_original": "커뮤니케이션 횟수"
    },
    {
      "sn": "dis100056sent62253754",
      "source_original": "회"
    },
    {
      "sn": "dis100056sent62253755",
      "source_original": "중간감사 및 기말감사"
    },
    {
      "sn": "dis100056sent62253756",
      "source_original": "외부전문가 활용"
    },
    {
      "sn": "dis100056sent62253757",
      "source_original": "감사 활용 내용"
    },
    {
      "sn": "dis100056sent62253758",
      "source_original": "4. 감사(감사위원회)와의 커뮤니케이션"
    },
    {
      "sn": "dis100056sent62253759",
      "source_original": "일자"
    },
    {
      "sn": "dis100056sent62253760",
      "source_original": "참석자"
    },
    {
      "sn": "dis100056sent62253761",
      "source_original": "방식"
    },
    {
      "sn": "dis100056sent62253762",
      "source_original": "주요 논의 내용"
    },
    {
      "sn": "dis100056sent62253763",
      "source_original": "2021년 11월 10일"
    },
    {
      "sn": "dis100056sent62253764",
      "source_original": "대표이사 및"
    },
    {
      "sn": "dis100056sent62253765",
      "source_original": "재무담당자"
    },
    {
      "sn": "dis100056sent62253766",
      "source_original": "대면회의"
    },
    {
      "sn": "dis100056sent62253767",
      "source_original": "중간감사 주요 이슈사항 논의"
    },
    {
      "sn": "dis100056sent62253768",
      "source_original": "2022년 02월 23일"
    },
    {
      "sn": "dis100056sent62253769",
      "source_original": "기말감사 주요 이슈사항 논의"
    }
  ]
}