{
  "meta": {
    "doc_no": "dis100102",
    "domain": "금융",
    "category": "공시정보",
    "license": "open",
    "source_language": "ko"
  },
  "doc_info": {
    "source": "금융감독원",
    "dis_no": 2022041100224000760,
    "doc_name": "감사보고서",
    "com_name": "(주)포항서밋컨벤션",
    "date": 20220411
  },
  "sents": [
    {
      "sn": "dis100102sent62284480",
      "source_original": "감사보고서"
    },
    {
      "sn": "dis100102sent62284481",
      "source_original": "(주)포항서밋컨벤션"
    },
    {
      "sn": "dis100102sent62284482",
      "source_original": "주식회사 포항서밋컨벤션"
    },
    {
      "sn": "dis100102sent62284483",
      "source_original": "재 무 제 표 에 대 한"
    },
    {
      "sn": "dis100102sent62284484",
      "source_original": "감 사 보 고 서"
    },
    {
      "sn": "dis100102sent62284485",
      "source_original": "제 3 기"
    },
    {
      "sn": "dis100102sent62284486",
      "source_original": "2021년 01월 01일"
    },
    {
      "sn": "dis100102sent62284487",
      "source_original": "부터"
    },
    {
      "sn": "dis100102sent62284488",
      "source_original": "2021년 12월 31일"
    },
    {
      "sn": "dis100102sent62284489",
      "source_original": "까지"
    },
    {
      "sn": "dis100102sent62284490",
      "source_original": "성 문 회 계 법 인"
    },
    {
      "sn": "dis100102sent62284491",
      "source_original": "목 차"
    },
    {
      "sn": "dis100102sent62284492",
      "source_original": "독립된 감사인의 감사보고서……………………………………………………………1"
    },
    {
      "sn": "dis100102sent62284493",
      "source_original": "재무제표"
    },
    {
      "sn": "dis100102sent62284494",
      "source_original": "재무상태표…………………………………………………………………………………5"
    },
    {
      "sn": "dis100102sent62284495",
      "source_original": "손익계산서…………………………………………………………………………………7"
    },
    {
      "sn": "dis100102sent62284496",
      "source_original": "자본변동표…………………………………………………………………………………9"
    },
    {
      "sn": "dis100102sent62284497",
      "source_original": "현금흐름표…………………………………………………………………………………10"
    },
    {
      "sn": "dis100102sent62284498",
      "source_original": "주석…………………………………………………………………………………………12"
    },
    {
      "sn": "dis100102sent62284499",
      "source_original": "독립된 감사인의 감사보고서"
    },
    {
      "sn": "dis100102sent62284500",
      "source_original": "주식회사 포항서밋컨벤션"
    },
    {
      "sn": "dis100102sent62284501",
      "source_original": "주주 및 이사회 귀중"
    },
    {
      "sn": "dis100102sent62284502",
      "source_original": "2022년 3월 29일"
    },
    {
      "sn": "dis100102sent62284503",
      "source_original": "감사의견"
    },
    {
      "sn": "dis100102sent62284504",
      "source_original": "우리는 주식회사 포항서밋컨벤션(이하 \"회사\")의 재무제표를 감사하였습니다."
    },
    {
      "sn": "dis100102sent62284505",
      "source_original": "해당 재무제표는 2021년 12월 31일 현재의 재무상태표, 동일로 종료되는 보고기간의 손익계산서, 자본변동표 및 현금흐름표 그리고 유의적인 회계정책의 요약을 포함한 재무제표의 주석으로 구성되어 있습니다."
    },
    {
      "sn": "dis100102sent62284506",
      "source_original": "우리의 의견으로는 별첨된 회사의 재무제표는 회사의 2021년 12월 31일 현재의 재무상태, 동일로 종료되는 보고기간의 재무성과 및 현금흐름을 일반기업회계기준에 따라 중요성의 관점에서 공정하게 표시하고 있습니다."
    },
    {
      "sn": "dis100102sent62284507",
      "source_original": "감사의견근거"
    },
    {
      "sn": "dis100102sent62284508",
      "source_original": "우리는 대한민국의 회계감사기준에 따라 감사를 수행하였습니다."
    },
    {
      "sn": "dis100102sent62284509",
      "source_original": "이 기준에 따른 우리의 책임은 이 감사보고서의 재무제표감사에 대한 감사인의 책임 단락에 기술되어 있습니다."
    },
    {
      "sn": "dis100102sent62284510",
      "source_original": "우리는 재무제표감사와 관련된 대한민국의 윤리적 요구사항에 따라 회사로부터 독립적이며, 그러한 요구사항에 따른 기타의 윤리적 책임들을 이행하였습니다."
    },
    {
      "sn": "dis100102sent62284511",
      "source_original": "우리가 입수한 감사증거가 감사의견을 위한 근거로서 충분하고 적합하다고 우리는 믿습니다."
    },
    {
      "sn": "dis100102sent62284512",
      "source_original": "계속기업 관련 중요한 불확실성"
    },
    {
      "sn": "dis100102sent62284513",
      "source_original": "감사의견에는 영향을 미치지 않는 사항으로서 이용자는 주석 10에 주의를 기울여야 할 필요가 있습니다."
    },
    {
      "sn": "dis100102sent62284514",
      "source_original": "주석 10에서 기술하고 있는 바와 같이 회사는 2021년말 현재 누적결손금이 2,806백만원이며, 유동부채가 유동자산을 3,523천원을 초과하고 있습니다."
    },
    {
      "sn": "dis100102sent62284515",
      "source_original": "이러한 상황은 계속기업으로서의 존속능력에 유의적 의문을 제기할 만한 중요한 불확실성이 존재함을 나타냅니다."
    },
    {
      "sn": "dis100102sent62284516",
      "source_original": "우리의 의견은 이 사항으로부터 영향을 받지 아니합니다."
    },
    {
      "sn": "dis100102sent62284517",
      "source_original": "재무제표에 대한 경영진과 지배기구의 책임"
    },
    {
      "sn": "dis100102sent62284518",
      "source_original": "경영진은 일반기업회계기준에 따라 이 재무제표를 작성하고 공정하게 표시할 책임이있으며, 부정이나 오류로 인한 중요한 왜곡표시가 없는 재무제표를 작성하는데 필요하다고 결정한 내부통제에 대해서도 책임이 있습니다."
    },
    {
      "sn": "dis100102sent62284519",
      "source_original": "경영진은 재무제표를 작성할 때, 회사의 계속기업으로서의 존속능력을 평가하고 해당되는 경우, 계속기업 관련 사항을 공시할 책임이 있습니다."
    },
    {
      "sn": "dis100102sent62284520",
      "source_original": "그리고 경영진이 기업을 청산하거나 영업을 중단할 의도가 없는 한, 회계의 계속기업전제의 사용에 대해서도 책임이 있습니다."
    },
    {
      "sn": "dis100102sent62284521",
      "source_original": "지배기구는 회사의 재무보고절차의 감시에 대한 책임이 있습니다."
    },
    {
      "sn": "dis100102sent62284522",
      "source_original": "재무제표감사에 대한 감사인의 책임"
    },
    {
      "sn": "dis100102sent62284523",
      "source_original": "우리의 목적은 회사의 재무제표에 전체적으로 부정이나 오류로 인한 중요한 왜곡표시가 없는지에 대하여 합리적인 확신을 얻어 우리의 의견이 포함된 감사보고서를 발행하는데 있습니다."
    },
    {
      "sn": "dis100102sent62284524",
      "source_original": "합리적인 확신은 높은 수준의 확신을 의미하나, 감사기준에 따라 수행된 감사가 항상 중요한 왜곡표시를 발견한다는 것을 보장하지는 않습니다."
    },
    {
      "sn": "dis100102sent62284525",
      "source_original": "왜곡표시는 부정이나 오류로부터 발생할 수 있으며, 왜곡표시가 재무제표를 근거로 하는 이용자의 경제적 의사결정에 개별적으로 또는 집합적으로 영향을 미칠 것이 합리적으로 예상되면, 그 왜곡표시는 중요하다고 간주됩니다."
    },
    {
      "sn": "dis100102sent62284526",
      "source_original": "감사기준에 따른 감사의 일부로서 우리는 감사의 전 과정에 걸쳐 전문가적 판단을 수행하고 전문가적 의구심을 유지하고 있습니다."
    },
    {
      "sn": "dis100102sent62284527",
      "source_original": "또한, 우리는:"
    },
    {
      "sn": "dis100102sent62284528",
      "source_original": "- 부정이나 오류로 인한 재무제표의 중요왜곡표시위험을 식별하고 평가하며 그러한 위험에 대응하는 감사절차를 설계하고 수행합니다."
    },
    {
      "sn": "dis100102sent62284529",
      "source_original": "그리고 감사의견의 근거로서 충분하고 적합한 감사증거를 입수합니다."
    },
    {
      "sn": "dis100102sent62284530",
      "source_original": "부정은 공모, 위조, 의도적인 누락, 허위진술 또는 내부통제 무력화가 개입될 수 있기 때문에 부정으로 인한 중요한 왜곡표시를 발견하지 못할 위험은 오류로 인한 위험보다 큽니다."
    },
    {
      "sn": "dis100102sent62284531",
      "source_original": "- 상황에 적합한 감사절차를 설계하기 위하여 감사와 관련된 내부통제를 이해합니다."
    },
    {
      "sn": "dis100102sent62284532",
      "source_original": "그러나 이는 내부통제의 효과성에 대한 의견을 표명하기 위한 것이 아닙니다."
    },
    {
      "sn": "dis100102sent62284533",
      "source_original": "- 재무제표를 작성하기 위하여 경영진이 적용한 회계정책의 적합성과 경영진이 도출한 회계추정치와 관련 공시의 합리성에 대하여 평가합니다."
    },
    {
      "sn": "dis100102sent62284534",
      "source_original": "- 경영진이 사용한 회계의 계속기업전제의 적절성과, 입수한 감사증거를 근거로 계속기업으로서의 존속능력에 대하여 유의적 의문을 초래할 수 있는 사건이나, 상황과 관련된 중요한 불확실성이 존재하는지 여부에 대하여 결론을 내립니다."
    },
    {
      "sn": "dis100102sent62284535",
      "source_original": "중요한 불확실성이 존재한다고 결론을 내리는 경우, 우리는 재무제표의 관련 공시에 대하여 감사보고서에 주의를 환기시키고, 이들 공시가 부적절한 경우 의견을 변형시킬 것을 요구받고 있습니다."
    },
    {
      "sn": "dis100102sent62284536",
      "source_original": "우리의 결론은 감사보고서일까지 입수된 감사증거에 기초하나, 미래의 사건이나 상황이 회사의 계속기업으로서 존속을 중단시킬 수 있습니다."
    },
    {
      "sn": "dis100102sent62284537",
      "source_original": "- 공시를 포함한 재무제표의 전반적인 표시와 구조 및 내용을 평가하고, 재무제표의 기초가 되는 거래와 사건을 재무제표가 공정한 방식으로 표시하고 있는지 여부를 평가합니다."
    },
    {
      "sn": "dis100102sent62284538",
      "source_original": "우리는 여러 가지 사항들 중에서 계획된 감사범위와 시기 그리고 감사 중 식별된 유의적 내부통제 미비점 등 유의적인 감사의 발견사항에 대하여 지배기구와 커뮤니케이션합니다."
    },
    {
      "sn": "dis100102sent62284539",
      "source_original": "대구광역시 남구 봉덕로 14, 7층(봉덕동, 성문빌딩)"
    },
    {
      "sn": "dis100102sent62284540",
      "source_original": "성문회계법인"
    },
    {
      "sn": "dis100102sent62284541",
      "source_original": "대표이사 안영기"
    },
    {
      "sn": "dis100102sent62284542",
      "source_original": "이 감사보고서는 감사보고서일 현재로 유효한 것입니다."
    },
    {
      "sn": "dis100102sent62284543",
      "source_original": "따라서 감사보고서일 후 이 보고서를 열람하는 시점 사이에 첨부된 회사의 재무제표에 중요한 영향을 미칠 수 있는 사건이나 상황이 발생할 수도 있으며 이로 인하여 이 감사보고서가 수정될 수도 있습니다."
    },
    {
      "sn": "dis100102sent62284544",
      "source_original": "(첨부)재 무 제 표"
    },
    {
      "sn": "dis100102sent62284545",
      "source_original": "제 2 기"
    },
    {
      "sn": "dis100102sent62284546",
      "source_original": "2020년 01월 01일"
    },
    {
      "sn": "dis100102sent62284547",
      "source_original": "2020년 12월 31일"
    },
    {
      "sn": "dis100102sent62284548",
      "source_original": "\"첨부된 재무제표는 당사가 작성한 것입니다.\""
    },
    {
      "sn": "dis100102sent62284549",
      "source_original": "주식회사 포항서밋컨벤션 대표이사 서진영"
    },
    {
      "sn": "dis100102sent62284550",
      "source_original": "본점 소재지 :"
    },
    {
      "sn": "dis100102sent62284551",
      "source_original": "(도로명주소)"
    },
    {
      "sn": "dis100102sent62284552",
      "source_original": "경북 포항시 북구 소티재로 151번길 5"
    },
    {
      "sn": "dis100102sent62284553",
      "source_original": "(전 화)"
    },
    {
      "sn": "dis100102sent62284554",
      "source_original": "재 무 상 태 표"
    },
    {
      "sn": "dis100102sent62284555",
      "source_original": "제3기 : 2021년 12월 31일 현재"
    },
    {
      "sn": "dis100102sent62284556",
      "source_original": "제2기 : 2020년 12월 31일 현재"
    },
    {
      "sn": "dis100102sent62284557",
      "source_original": "(단위 : 원)"
    },
    {
      "sn": "dis100102sent62284558",
      "source_original": "과 목"
    },
    {
      "sn": "dis100102sent62284559",
      "source_original": "제 3(당) 기"
    },
    {
      "sn": "dis100102sent62284560",
      "source_original": "제 2(전) 기"
    },
    {
      "sn": "dis100102sent62284561",
      "source_original": "(감사받지 아니한 재무제표)"
    },
    {
      "sn": "dis100102sent62284562",
      "source_original": "자 산"
    },
    {
      "sn": "dis100102sent62284563",
      "source_original": "Ⅰ.유동자산"
    },
    {
      "sn": "dis100102sent62284564",
      "source_original": "(1)당좌자산"
    },
    {
      "sn": "dis100102sent62284565",
      "source_original": "현금및현금성자산"
    },
    {
      "sn": "dis100102sent62284566",
      "source_original": "매출채권"
    },
    {
      "sn": "dis100102sent62284567",
      "source_original": "미수금"
    },
    {
      "sn": "dis100102sent62284568",
      "source_original": "관계회사대여금(주석9)"
    },
    {
      "sn": "dis100102sent62284569",
      "source_original": "선급금"
    },
    {
      "sn": "dis100102sent62284570",
      "source_original": "선급비용"
    },
    {
      "sn": "dis100102sent62284571",
      "source_original": "Ⅱ.비유동자산"
    },
    {
      "sn": "dis100102sent62284572",
      "source_original": "(1)유형자산(주석4)"
    },
    {
      "sn": "dis100102sent62284573",
      "source_original": "차량운반구"
    },
    {
      "sn": "dis100102sent62284574",
      "source_original": "감가상각누계액"
    },
    {
      "sn": "dis100102sent62284575",
      "source_original": "비품"
    },
    {
      "sn": "dis100102sent62284576",
      "source_original": "시설장치"
    },
    {
      "sn": "dis100102sent62284577",
      "source_original": "(2)기타비유동자산"
    },
    {
      "sn": "dis100102sent62284578",
      "source_original": "보증금"
    },
    {
      "sn": "dis100102sent62284579",
      "source_original": "자산총계"
    },
    {
      "sn": "dis100102sent62284580",
      "source_original": "부 채"
    },
    {
      "sn": "dis100102sent62284581",
      "source_original": "Ⅰ.유동부채"
    },
    {
      "sn": "dis100102sent62284582",
      "source_original": "미지급금(주석5)"
    },
    {
      "sn": "dis100102sent62284583",
      "source_original": "예수금"
    },
    {
      "sn": "dis100102sent62284584",
      "source_original": "부가세예수금"
    },
    {
      "sn": "dis100102sent62284585",
      "source_original": "단기차입금(주석5,9)"
    },
    {
      "sn": "dis100102sent62284586",
      "source_original": "선수금"
    },
    {
      "sn": "dis100102sent62284587",
      "source_original": "미지급비용(주석5)"
    },
    {
      "sn": "dis100102sent62284588",
      "source_original": "Ⅱ.비유동부채"
    },
    {
      "sn": "dis100102sent62284589",
      "source_original": "장기차입금(주석5,6,9)"
    },
    {
      "sn": "dis100102sent62284590",
      "source_original": "퇴직급여충당부채"
    },
    {
      "sn": "dis100102sent62284591",
      "source_original": "부채총계"
    },
    {
      "sn": "dis100102sent62284592",
      "source_original": "자 본"
    },
    {
      "sn": "dis100102sent62284593",
      "source_original": "Ⅰ.자본금(주석1,7)"
    },
    {
      "sn": "dis100102sent62284594",
      "source_original": "보통주자본금"
    },
    {
      "sn": "dis100102sent62284595",
      "source_original": "Ⅱ.결손금(주석7)"
    },
    {
      "sn": "dis100102sent62284596",
      "source_original": "미처리결손금"
    },
    {
      "sn": "dis100102sent62284597",
      "source_original": "자본총계"
    },
    {
      "sn": "dis100102sent62284598",
      "source_original": "부채와자본총계"
    },
    {
      "sn": "dis100102sent62284599",
      "source_original": "\"별첨 주석은 본 재무제표의 일부입니다.\""
    },
    {
      "sn": "dis100102sent62284600",
      "source_original": "손 익 계 산 서"
    },
    {
      "sn": "dis100102sent62284601",
      "source_original": "제3기 : 2021년 1월 1일부터 2021년 12월 31일까지"
    },
    {
      "sn": "dis100102sent62284602",
      "source_original": "제2기 : 2020년 1월 1일부터 2020년 12월 31일까지"
    },
    {
      "sn": "dis100102sent62284603",
      "source_original": "Ⅰ.매출액"
    },
    {
      "sn": "dis100102sent62284604",
      "source_original": "서비스수입"
    },
    {
      "sn": "dis100102sent62284605",
      "source_original": "식음료수입"
    },
    {
      "sn": "dis100102sent62284606",
      "source_original": "Ⅱ.매출원가"
    },
    {
      "sn": "dis100102sent62284607",
      "source_original": "식음료원가"
    },
    {
      "sn": "dis100102sent62284608",
      "source_original": "Ⅲ.매출총이익"
    },
    {
      "sn": "dis100102sent62284609",
      "source_original": "Ⅳ.판매비와관리비"
    },
    {
      "sn": "dis100102sent62284610",
      "source_original": "급여"
    },
    {
      "sn": "dis100102sent62284611",
      "source_original": "퇴직급여"
    },
    {
      "sn": "dis100102sent62284612",
      "source_original": "복리후생비"
    },
    {
      "sn": "dis100102sent62284613",
      "source_original": "여비교통비"
    },
    {
      "sn": "dis100102sent62284614",
      "source_original": "접대비"
    },
    {
      "sn": "dis100102sent62284615",
      "source_original": "통신비"
    },
    {
      "sn": "dis100102sent62284616",
      "source_original": "수도광열비"
    },
    {
      "sn": "dis100102sent62284617",
      "source_original": "세금과공과"
    },
    {
      "sn": "dis100102sent62284618",
      "source_original": "감가상각비"
    },
    {
      "sn": "dis100102sent62284619",
      "source_original": "지급임차료"
    },
    {
      "sn": "dis100102sent62284620",
      "source_original": "수선비"
    },
    {
      "sn": "dis100102sent62284621",
      "source_original": "보험료"
    },
    {
      "sn": "dis100102sent62284622",
      "source_original": "차량유지비"
    },
    {
      "sn": "dis100102sent62284623",
      "source_original": "도서인쇄비"
    },
    {
      "sn": "dis100102sent62284624",
      "source_original": "운반비"
    },
    {
      "sn": "dis100102sent62284625",
      "source_original": "교육훈련비"
    },
    {
      "sn": "dis100102sent62284626",
      "source_original": "포장비"
    },
    {
      "sn": "dis100102sent62284627",
      "source_original": "사무용품비"
    },
    {
      "sn": "dis100102sent62284628",
      "source_original": "소모품비"
    },
    {
      "sn": "dis100102sent62284629",
      "source_original": "지급수수료"
    },
    {
      "sn": "dis100102sent62284630",
      "source_original": "광고선전비"
    },
    {
      "sn": "dis100102sent62284631",
      "source_original": "외주비"
    },
    {
      "sn": "dis100102sent62284632",
      "source_original": "Ⅴ.영업이익(손실)"
    },
    {
      "sn": "dis100102sent62284633",
      "source_original": "Ⅵ.영업외수익"
    },
    {
      "sn": "dis100102sent62284634",
      "source_original": "이자수익"
    },
    {
      "sn": "dis100102sent62284635",
      "source_original": "잡이익"
    },
    {
      "sn": "dis100102sent62284636",
      "source_original": "Ⅶ.영업외비용"
    },
    {
      "sn": "dis100102sent62284637",
      "source_original": "이자비용"
    },
    {
      "sn": "dis100102sent62284638",
      "source_original": "보상비"
    },
    {
      "sn": "dis100102sent62284639",
      "source_original": "잡손실"
    },
    {
      "sn": "dis100102sent62284640",
      "source_original": "Ⅷ.법인세차감전순이익(손실)"
    },
    {
      "sn": "dis100102sent62284641",
      "source_original": "Ⅸ.법인세등(주석8)"
    },
    {
      "sn": "dis100102sent62284642",
      "source_original": "Ⅹ.당기순이익(손실)"
    },
    {
      "sn": "dis100102sent62284643",
      "source_original": "자 본 변 동 표"
    },
    {
      "sn": "dis100102sent62284644",
      "source_original": "자 본 금"
    },
    {
      "sn": "dis100102sent62284645",
      "source_original": "이 익"
    },
    {
      "sn": "dis100102sent62284646",
      "source_original": "잉여금"
    },
    {
      "sn": "dis100102sent62284647",
      "source_original": "총 계"
    },
    {
      "sn": "dis100102sent62284648",
      "source_original": "2020.01.01 (전기초)"
    },
    {
      "sn": "dis100102sent62284649",
      "source_original": "(감사받지 아니한 재무제표)"
    },
    {
      "sn": "dis100102sent62284650",
      "source_original": "1.당기순이익(손실)"
    },
    {
      "sn": "dis100102sent62284651",
      "source_original": "2020.12.31(전기말)"
    },
    {
      "sn": "dis100102sent62284652",
      "source_original": "2021.01.01 (당기초)"
    },
    {
      "sn": "dis100102sent62284653",
      "source_original": "2021.12.31(당기말)"
    },
    {
      "sn": "dis100102sent62284654",
      "source_original": "현 금 흐 름 표"
    },
    {
      "sn": "dis100102sent62284655",
      "source_original": "Ⅰ. 영업활동으로인한현금흐름"
    },
    {
      "sn": "dis100102sent62284656",
      "source_original": "1. 당 기 순 손 실"
    },
    {
      "sn": "dis100102sent62284657",
      "source_original": "2. 현금의유출이없는비용등의가산"
    },
    {
      "sn": "dis100102sent62284658",
      "source_original": "3. 현금의유입이없는수익등의차감"
    },
    {
      "sn": "dis100102sent62284659",
      "source_original": "4. 영업활동으로인한자산부채의변동"
    },
    {
      "sn": "dis100102sent62284660",
      "source_original": "매출채권의감소(증가)"
    },
    {
      "sn": "dis100102sent62284661",
      "source_original": "미수금의감소(증가)"
    },
    {
      "sn": "dis100102sent62284662",
      "source_original": "선급금의감소(증가)"
    },
    {
      "sn": "dis100102sent62284663",
      "source_original": "선급비용의감소(증가)"
    },
    {
      "sn": "dis100102sent62284664",
      "source_original": "미지급금의증가(감소)"
    },
    {
      "sn": "dis100102sent62284665",
      "source_original": "예수금의증가(감소)"
    },
    {
      "sn": "dis100102sent62284666",
      "source_original": "부가세예수금의증가(감소)"
    },
    {
      "sn": "dis100102sent62284667",
      "source_original": "선수금의증가(감소)"
    },
    {
      "sn": "dis100102sent62284668",
      "source_original": "미지급비용의증가(감소)"
    },
    {
      "sn": "dis100102sent62284669",
      "source_original": "퇴직금의지급"
    },
    {
      "sn": "dis100102sent62284670",
      "source_original": "Ⅱ. 투자활동으로인한현금흐름"
    },
    {
      "sn": "dis100102sent62284671",
      "source_original": "1. 투자활동으로인한현금유입액"
    },
    {
      "sn": "dis100102sent62284672",
      "source_original": "2. 투자활동으로인한현금유출액"
    },
    {
      "sn": "dis100102sent62284673",
      "source_original": "관계회사대여금의증가"
    },
    {
      "sn": "dis100102sent62284674",
      "source_original": "차량운반구의취득"
    },
    {
      "sn": "dis100102sent62284675",
      "source_original": "비품의취득"
    },
    {
      "sn": "dis100102sent62284676",
      "source_original": "시설장치의취득"
    },
    {
      "sn": "dis100102sent62284677",
      "source_original": "보증금의증가"
    },
    {
      "sn": "dis100102sent62284678",
      "source_original": "Ⅲ. 재무활동으로인한현금흐름"
    },
    {
      "sn": "dis100102sent62284679",
      "source_original": "1. 재무활동으로인한현금유입액"
    },
    {
      "sn": "dis100102sent62284680",
      "source_original": "단기차입금의차입"
    },
    {
      "sn": "dis100102sent62284681",
      "source_original": "장기차입금의차입"
    },
    {
      "sn": "dis100102sent62284682",
      "source_original": "2. 재무활동으로인한현금유출액"
    },
    {
      "sn": "dis100102sent62284683",
      "source_original": "단기차입금의상환"
    },
    {
      "sn": "dis100102sent62284684",
      "source_original": "장기차입금의상환"
    },
    {
      "sn": "dis100102sent62284685",
      "source_original": "Ⅳ. 현금의 증가(감소)(Ⅰ+Ⅱ+Ⅲ)"
    },
    {
      "sn": "dis100102sent62284686",
      "source_original": "Ⅴ. 기초의 현금"
    },
    {
      "sn": "dis100102sent62284687",
      "source_original": "Ⅵ. 기말의 현금"
    },
    {
      "sn": "dis100102sent62284688",
      "source_original": "주석"
    },
    {
      "sn": "dis100102sent62284689",
      "source_original": "제3(당)기 : 2021년 12월 31일 현재"
    },
    {
      "sn": "dis100102sent62284690",
      "source_original": "제2(전)기 : 2020년 12월 31일 현재"
    },
    {
      "sn": "dis100102sent62284691",
      "source_original": "1. 회사의 개요"
    },
    {
      "sn": "dis100102sent62284692",
      "source_original": "회사의 개요는 다음과 같습니다."
    },
    {
      "sn": "dis100102sent62284693",
      "source_original": "(1) 회사의 설립일 : 2019년 10월 16일"
    },
    {
      "sn": "dis100102sent62284694",
      "source_original": "(2) 업종 : 서비스, 음식점업, 예식장업"
    },
    {
      "sn": "dis100102sent62284695",
      "source_original": "(3) 본사 소재지 : 경북 포항시 북구 소티재로 151번길 5(우현동)"
    },
    {
      "sn": "dis100102sent62284696",
      "source_original": "(4) 대표자의 성명: 서진영"
    },
    {
      "sn": "dis100102sent62284697",
      "source_original": "(5) 대주주의 성명 및 특수관계인을 포함한 대주주 등의 지분비율"
    },
    {
      "sn": "dis100102sent62284698",
      "source_original": "성 명"
    },
    {
      "sn": "dis100102sent62284699",
      "source_original": "소 유 주 식 수"
    },
    {
      "sn": "dis100102sent62284700",
      "source_original": "지 분 율(%)"
    },
    {
      "sn": "dis100102sent62284701",
      "source_original": "이상엽"
    },
    {
      "sn": "dis100102sent62284702",
      "source_original": "김대식"
    },
    {
      "sn": "dis100102sent62284703",
      "source_original": "(주)유경서원외"
    },
    {
      "sn": "dis100102sent62284704",
      "source_original": "합 계"
    },
    {
      "sn": "dis100102sent62284705",
      "source_original": "2. 재무제표 작성기준"
    },
    {
      "sn": "dis100102sent62284706",
      "source_original": "(1) 회계기준의 적용"
    },
    {
      "sn": "dis100102sent62284707",
      "source_original": "회사는 일반기업회계기준에 따라 당기의 재무제표를 작성하였습니다."
    },
    {
      "sn": "dis100102sent62284708",
      "source_original": "(2) 측정기준"
    },
    {
      "sn": "dis100102sent62284709",
      "source_original": "재무제표는 역사적원"
    },
    {
      "sn": "dis100102sent62284710",
      "source_original": "가를 기준으로 작성되었습니다."
    },
    {
      "sn": "dis100102sent62284711",
      "source_original": "(3) 추정과 판단"
    },
    {
      "sn": "dis100102sent62284712",
      "source_original": "일반기업회계기준에서는 재무제표를 작성함에 있어서 회계정책의 적용이나, 보고기간말 현재 자산, 부채 및 수익, 비용의 보고금액에 영향을 미치는 사항에 대하여 경영진의 최선의 판단을 기준으로 한 추정치와 가정의 사용을 요구하고 있습니다."
    },
    {
      "sn": "dis100102sent62284713",
      "source_original": "보고기간말 현재 경영진의 최선의 판단을 기준으로 한 추정치와 가정이 실제 환경과 다를 경우 이러한 추정치와 실제 결과는 다를 수 있습니다."
    },
    {
      "sn": "dis100102sent62284714",
      "source_original": "3. 유의적 회계정책"
    },
    {
      "sn": "dis100102sent62284715",
      "source_original": "회사가 일반기업회계기준에 따라 작성한 재무제표에 적용한"
    },
    {
      "sn": "dis100102sent62284716",
      "source_original": "유의적인 회계정책은"
    },
    {
      "sn": "dis100102sent62284717",
      "source_original": "다음과 같습니다."
    },
    {
      "sn": "dis100102sent62284718",
      "source_original": "(1) 현금및현금성자산"
    },
    {
      "sn": "dis100102sent62284719",
      "source_original": "회사는 통화 및 타인발행수표 등 통화대용증권과 당좌예금, 보통예금 및 큰 거래비용없이 현금으로 전환이 용이하고 이자율 변동에 따른 가치변동의 위험이 경미한 금융상품으로서 취득 당시 만기일(또는 상환일)이 3개월 이내인 것을 현금및현금성자산으로 분류하고 있습니다."
    },
    {
      "sn": "dis100102sent62284720",
      "source_original": "(2) 금융상품"
    },
    {
      "sn": "dis100102sent62284721",
      "source_original": "1) 공통사항"
    },
    {
      "sn": "dis100102sent62284722",
      "source_original": "금융자산이나 금융부채는 회사가 금융상품의 계약당사자가 되는 때에만 재무상태표에 인식하고, 최초 인식시 공정가치로 측정하며, 공정가치의 변동을 당기손익으로 인식하는 금융자산이나 금융부채가 아닌 경우 당해 금융자산(금융부채)의 취득(발행)과직접 관련되는 거래원가는 최초 인식하는 공정가치에 가산(차감)하고 있습니다."
    },
    {
      "sn": "dis100102sent62284723",
      "source_original": "최초 인식 후 금융자산이나 금융부채는 상각후원가로 측정하고 있습니다."
    },
    {
      "sn": "dis100102sent62284724",
      "source_original": "회사는 상각후원가로 측정하는 금융자산의 손상 발생에 대한 객관적인 증거가 있는지를 매 보고기간말에 평가하고, 그러한 증거가 있는 경우, 그러한 금융자산에 대한 손상차손의 인식, 측정 및 환입은 아래 금융자산의 손상에 대한 회계정책에 따라 회계처리하고 있습니다."
    },
    {
      "sn": "dis100102sent62284725",
      "source_original": "한편, 회수가 불확실한 금융자산은 합리적이고 객관적인 기준에 따라 산출한 대손추산액을 대손충당금으로 설정하고 있습니다."
    },
    {
      "sn": "dis100102sent62284726",
      "source_original": "금융자산의 양도의 경우에, 회사가 금융자산 양도후 양도자산에 대한 권리를 행사할수 없고, 양도후에 효율적인 통제권을 행사할 수 없으며 양수인이 양수한 금융자산을처분할 자유로운 권리가 있을 때에 한하여 금융자산을 제거하고 있으며, 이외의 경우에는 금융자산을 담보로 한 차입거래로 회계처리하고 있습니다."
    },
    {
      "sn": "dis100102sent62284727",
      "source_original": "2)금융자산의 손상"
    },
    {
      "sn": "dis100102sent62284728",
      "source_original": "회사는 손상차손의 발생에 대한 객관적인 증거가 있는지 매 보고기간말마다 평가하여 금융자산의 회수가능액이 상각후원가보다 작은 경우에는 손상차손이 불필요하다는 명백한 반증이 없는 한 손상차손을 인식하여 당기손익에 반영하고 있습니다."
    },
    {
      "sn": "dis100102sent62284729",
      "source_original": "손상차손의 회복이 손상차손 인식 후에 발생한 사건과 객관적으로 관련되는 경우, 당초에손상차손을 인식하지 않았다면 회복일 현재의 상각후원가를 한도로 당기이익을 인식하고 있습니다."
    },
    {
      "sn": "dis100102sent62284730",
      "source_original": "(3) 유형자산의 평가 및 감가상각"
    },
    {
      "sn": "dis100102sent62284731",
      "source_original": "회사는 유형자산의 취득원가 산정시, 당해 자산의 제작원가 또는 구입원가 및 경영진이 의도하는 방식으로 가동하는데 필요한 장소와 상태에 이르게 하는 데 직접 관련되는 원가를 가산하고 있습니다."
    },
    {
      "sn": "dis100102sent62284732",
      "source_original": "현물출자, 증여, 기타 무상으로 취득한 자산의 가액은 공정가치를 취득원가로"
    },
    {
      "sn": "dis100102sent62284733",
      "source_original": "하고,"
    },
    {
      "sn": "dis100102sent62284734",
      "source_original": "동일한 업종 내에서 유사한 용도로 사용되고 공정가치가 비슷한 동종자산과의 교환으로 받은 유형자산의 취득원가는 교환으로 제공한 자산의 장부금액으로 인식합니다."
    },
    {
      "sn": "dis100102sent62284735",
      "source_original": "한편, 다른 종류의 자산과의 교환으로 취득한 자산의취득원가는 교환을 위하여 제공한 자산의 공정가치로 측정하고, 제공한 자산의 공정가치가 불확실한 경우에는 교환으로 취득한 자산의 공정가치로 측정하고 있습니다."
    },
    {
      "sn": "dis100102sent62284736",
      "source_original": "유형자산의 취득 또는 완성 후의 지출이 유형자산의 내용연수를 연장시키거나 가치를 실질적으로 증가시키는 지출인 경우에는 자본적 지출로 처리하고, 원상을 회복시키거나 능률유지를 위한 지출은 당기 비용으로 처리하고 있습니다."
    },
    {
      "sn": "dis100102sent62284737",
      "source_original": "최초 인식 후에 유형자산은 원가에서 감가상각누계액을 차감한 금액을 장부금액으로 하고 있습니다."
    },
    {
      "sn": "dis100102sent62284738",
      "source_original": "유형자산은 자산이 사용가능한 때부터 자산의 취득원가에서 잔존가치를 차감한 금액에 대하여 아래의 내용연수 동안 차량운반구는 정액법, 비품과 시설장치는 정률법으로 상각하고 있습니다."
    },
    {
      "sn": "dis100102sent62284739",
      "source_original": "과 목"
    },
    {
      "sn": "dis100102sent62284740",
      "source_original": "내용연수"
    },
    {
      "sn": "dis100102sent62284741",
      "source_original": "(4) 수익인식기준"
    },
    {
      "sn": "dis100102sent62284742",
      "source_original": "회사는 재화의 판매, 용역의 제공이나 자산의 사용에 대하여 받았거나 또는 받을 대가의 공정가치로 수익을 측정하고 있으며, 부가가치세, 매출에누리와 할인 및 환입은수익에서 차감하고 있습니다."
    },
    {
      "sn": "dis100102sent62284743",
      "source_original": "회사는 수익을 신뢰성 있게 측정할 수 있으며 관련된 경제적 효익의 유입 가능성이 매우 높은 경우에 수익을 인식합니다."
    },
    {
      "sn": "dis100102sent62284744",
      "source_original": "(5) 퇴직급여 및 퇴직급여충당부채"
    },
    {
      "sn": "dis100102sent62284745",
      "source_original": "회사는 임직원 퇴직금 지급규정에 따라 당기말 현재 1년 이상 근속한 전 임직원이 일시에 퇴직할 경우에 지급하여야 할 퇴직금 총 추계액을 퇴직급여충당부채로 설정하고 있습니다."
    },
    {
      "sn": "dis100102sent62284746",
      "source_original": "(6) 중소기업 회계처리 특례"
    },
    {
      "sn": "dis100102sent62284747",
      "source_original": "회사는 중소기업기본법 상의 중소기업에 해당하며, 다음의 사항에 대하여는 일반기업회계기준 제31장 \"중소기업 회계처리 특례\"에 따라 회계처리하고 있습니다."
    },
    {
      "sn": "dis100102sent62284748",
      "source_original": "항 목"
    },
    {
      "sn": "dis100102sent62284749",
      "source_original": "특 례 내 역"
    },
    {
      "sn": "dis100102sent62284750",
      "source_original": "유형자산 및 무형자산"
    },
    {
      "sn": "dis100102sent62284751",
      "source_original": "내용연수 및 잔존가치 결정시 법인세법 규정에 따름"
    },
    {
      "sn": "dis100102sent62284752",
      "source_original": "법인세비용"
    },
    {
      "sn": "dis100102sent62284753",
      "source_original": "법인세비용은 법인세법 등의 법령에 의하여 납부하여야 할 금액으로 계상"
    },
    {
      "sn": "dis100102sent62284754",
      "source_original": "(7) 차입원가자본화"
    },
    {
      "sn": "dis100102sent62284755",
      "source_original": "회사는 유형자산과 제조, 매입, 건설 또는 개발이 개시된 날로부터 의도된 용도로 사용하거나 판매할 수 있는 상태가 될 때까지 1년 이상의 기간이 소요되는 재고자산과 관련하여 발생한 차입원가 등을 기간비용으로 회계처리하고 있습니다."
    },
    {
      "sn": "dis100102sent62284756",
      "source_original": "(8)전기오류수정손익"
    },
    {
      "sn": "dis100102sent62284757",
      "source_original": "전기 또는 그 이전기간의 재무제표를 작성할 때 발생하였던 오류가 당기에 발견되는 경우 당기 손익계산서에 영업외손익 중 전기오류수정손익으로 보고합니다."
    },
    {
      "sn": "dis100102sent62284758",
      "source_original": "다만, 중대한 오류의 수정은 전기이월이익잉여금에 반영하고 관련 계정잔액을 수정하며 중대한 오류의 영향을 받은 회계기간의 재무제표를 재작성하고 있습니다."
    },
    {
      "sn": "dis100102sent62284759",
      "source_original": "4. 유형자산"
    },
    {
      "sn": "dis100102sent62284760",
      "source_original": "4-1 당기 및 전기 중 유형자산의 변동내역은 다음과 같습니다(단위:원)."
    },
    {
      "sn": "dis100102sent62284761",
      "source_original": "-제3(당)기"
    },
    {
      "sn": "dis100102sent62284762",
      "source_original": "구분"
    },
    {
      "sn": "dis100102sent62284763",
      "source_original": "기초가액"
    },
    {
      "sn": "dis100102sent62284764",
      "source_original": "취득가액"
    },
    {
      "sn": "dis100102sent62284765",
      "source_original": "처분가액"
    },
    {
      "sn": "dis100102sent62284766",
      "source_original": "대체"
    },
    {
      "sn": "dis100102sent62284767",
      "source_original": "기말가액"
    },
    {
      "sn": "dis100102sent62284768",
      "source_original": "합 계"
    },
    {
      "sn": "dis100102sent62284769",
      "source_original": "-제 2(전)기"
    },
    {
      "sn": "dis100102sent62284770",
      "source_original": "5. 차입금"
    },
    {
      "sn": "dis100102sent62284771",
      "source_original": "5-1 당기말 및 전기말 현재 차입금의 내역은 다음과 같습니다(단위:원)."
    },
    {
      "sn": "dis100102sent62284772",
      "source_original": "-단기차입금"
    },
    {
      "sn": "dis100102sent62284773",
      "source_original": "차 입 처"
    },
    {
      "sn": "dis100102sent62284774",
      "source_original": "종류"
    },
    {
      "sn": "dis100102sent62284775",
      "source_original": "연이자율(%)"
    },
    {
      "sn": "dis100102sent62284776",
      "source_original": "제3(당)기"
    },
    {
      "sn": "dis100102sent62284777",
      "source_original": "제2(전)기"
    },
    {
      "sn": "dis100102sent62284778",
      "source_original": "서진영"
    },
    {
      "sn": "dis100102sent62284779",
      "source_original": "운전자금"
    },
    {
      "sn": "dis100102sent62284780",
      "source_original": "이준호"
    },
    {
      "sn": "dis100102sent62284781",
      "source_original": "송오현"
    },
    {
      "sn": "dis100102sent62284782",
      "source_original": "박재원"
    },
    {
      "sn": "dis100102sent62284783",
      "source_original": "-장기차입금"
    },
    {
      "sn": "dis100102sent62284784",
      "source_original": "파주중앙새마을금고"
    },
    {
      "sn": "dis100102sent62284785",
      "source_original": "시설자금"
    },
    {
      "sn": "dis100102sent62284786",
      "source_original": "푸른새마을금고"
    },
    {
      "sn": "dis100102sent62284787",
      "source_original": "의정부신곡새마을금고"
    },
    {
      "sn": "dis100102sent62284788",
      "source_original": "호원새마을금고"
    },
    {
      "sn": "dis100102sent62284789",
      "source_original": "하나새마을금고"
    },
    {
      "sn": "dis100102sent62284790",
      "source_original": "일산새마을금고"
    },
    {
      "sn": "dis100102sent62284791",
      "source_original": "화성새마을금고"
    },
    {
      "sn": "dis100102sent62284792",
      "source_original": "양주새마을금고"
    },
    {
      "sn": "dis100102sent62284793",
      "source_original": "성남북부새마을금고"
    },
    {
      "sn": "dis100102sent62284794",
      "source_original": "(주)포항서밋에프앤비"
    },
    {
      "sn": "dis100102sent62284795",
      "source_original": "5-2 유동성위험"
    },
    {
      "sn": "dis100102sent62284796",
      "source_original": "회사의 자금팀은 미사용 차입금한도를 적정수준으로 유지하고 영업자금 수요를 충족시킬 수 있도록 유동성에 대한 예측을 항시 모니터링하여 차입금 한도나 약정을 위반하는 일이 없도록 하고 있습니다."
    },
    {
      "sn": "dis100102sent62284797",
      "source_original": "유동성에 대한 예측 시에는 회사의 자금조달계획, 약정 준수 및 통화에 대한 제한과 같은 외부 법규나 법률 요구사항이 있는 경우 그러한 요구사항을 고려하고 있습니다."
    },
    {
      "sn": "dis100102sent62284798",
      "source_original": "회사의 금융부채의 만기분석 내역은 다음과 같습니다(단위:원)."
    },
    {
      "sn": "dis100102sent62284799",
      "source_original": "-제3(당)기"
    },
    {
      "sn": "dis100102sent62284800",
      "source_original": "구 분"
    },
    {
      "sn": "dis100102sent62284801",
      "source_original": "1년 이내"
    },
    {
      "sn": "dis100102sent62284802",
      "source_original": "1년에서"
    },
    {
      "sn": "dis100102sent62284803",
      "source_original": "2년 이내"
    },
    {
      "sn": "dis100102sent62284804",
      "source_original": "2년에서"
    },
    {
      "sn": "dis100102sent62284805",
      "source_original": "5년 이내"
    },
    {
      "sn": "dis100102sent62284806",
      "source_original": "차입금"
    },
    {
      "sn": "dis100102sent62284807",
      "source_original": "미지급금"
    },
    {
      "sn": "dis100102sent62284808",
      "source_original": "미지급비용"
    },
    {
      "sn": "dis100102sent62284809",
      "source_original": "-제 2(전)기"
    },
    {
      "sn": "dis100102sent62284810",
      "source_original": "5-4 회사는 서울보증보험에 이행지급보증으로 15백만원을 제공받고 있습니다."
    },
    {
      "sn": "dis100102sent62284811",
      "source_original": "6.퇴직급여충당부채"
    },
    {
      "sn": "dis100102sent62284812",
      "source_original": "회사는 당기말 및 전기말 현재 1년 이상 근속한 전 임직원이 일시에 퇴직할 경우 퇴직금지급규정에 따라 지급해야 할 퇴직급여추계액 전액을 퇴직급여충당부채로 설정하고 있으며, 당기 및 전기중 퇴직급여충당부채의 증감내역은 다음과 같습니다."
    },
    {
      "sn": "dis100102sent62284813",
      "source_original": "기 초 잔 액"
    },
    {
      "sn": "dis100102sent62284814",
      "source_original": "당기설정액"
    },
    {
      "sn": "dis100102sent62284815",
      "source_original": "당기지급액"
    },
    {
      "sn": "dis100102sent62284816",
      "source_original": "기 말 잔 액"
    },
    {
      "sn": "dis100102sent62284817",
      "source_original": "7.자 본"
    },
    {
      "sn": "dis100102sent62284818",
      "source_original": "7-1 당기말 현재 회사의 발행주식수 등은 다음과 같습니다."
    },
    {
      "sn": "dis100102sent62284819",
      "source_original": "발행할주식의 총수"
    },
    {
      "sn": "dis100102sent62284820",
      "source_original": "20,000주"
    },
    {
      "sn": "dis100102sent62284821",
      "source_original": "1주의 금액"
    },
    {
      "sn": "dis100102sent62284822",
      "source_original": "10,000원"
    },
    {
      "sn": "dis100102sent62284823",
      "source_original": "발행주식수-보통주"
    },
    {
      "sn": "dis100102sent62284824",
      "source_original": "5,000주"
    },
    {
      "sn": "dis100102sent62284825",
      "source_original": "자본금-보통주"
    },
    {
      "sn": "dis100102sent62284826",
      "source_original": "50,000,000원"
    },
    {
      "sn": "dis100102sent62284827",
      "source_original": "7-2 결손금처리계산서"
    },
    {
      "sn": "dis100102sent62284828",
      "source_original": "제3(당)기"
    },
    {
      "sn": "dis100102sent62284829",
      "source_original": "2021년 1월 1일부터"
    },
    {
      "sn": "dis100102sent62284830",
      "source_original": "제2(전)기"
    },
    {
      "sn": "dis100102sent62284831",
      "source_original": "2020년 1월 1일부터"
    },
    {
      "sn": "dis100102sent62284832",
      "source_original": "2021년 12월 31일까지"
    },
    {
      "sn": "dis100102sent62284833",
      "source_original": "2020년 12월 31일까지"
    },
    {
      "sn": "dis100102sent62284834",
      "source_original": "처리예정일"
    },
    {
      "sn": "dis100102sent62284835",
      "source_original": "2022년 3월 31일"
    },
    {
      "sn": "dis100102sent62284836",
      "source_original": "처리확정일"
    },
    {
      "sn": "dis100102sent62284837",
      "source_original": "2021년 3월 31일"
    },
    {
      "sn": "dis100102sent62284838",
      "source_original": "(단위:원)"
    },
    {
      "sn": "dis100102sent62284839",
      "source_original": "Ⅰ.미처리결손금"
    },
    {
      "sn": "dis100102sent62284840",
      "source_original": "1.전기이월미처리결손금"
    },
    {
      "sn": "dis100102sent62284841",
      "source_original": "2.당기순손실"
    },
    {
      "sn": "dis100102sent62284842",
      "source_original": "Ⅱ.차기이월미처리결손금"
    },
    {
      "sn": "dis100102sent62284843",
      "source_original": "8. 법인세등"
    },
    {
      "sn": "dis100102sent62284844",
      "source_original": "회사는 일반기업회계기준 제31장 중소기업 회계처리 특례에 의거하여 이연법인세회계를 도입하지 아니하였습니다."
    },
    {
      "sn": "dis100102sent62284845",
      "source_original": "또한, 회사의 지방소득세를 포함한 당기의 법인세등의 법정세율은 과세표준금액 2억원 이하는 11%, 2억원 초과분은 22%이며 당기에 납부할 법인세는 없습니다."
    },
    {
      "sn": "dis100102sent62284846",
      "source_original": "9. 특수관계자"
    },
    {
      "sn": "dis100102sent62284847",
      "source_original": "9-1 당기말 현재 회사의 특수관계자 현황은 다음과 같습니다."
    },
    {
      "sn": "dis100102sent62284848",
      "source_original": "특수관계자의 명칭"
    },
    {
      "sn": "dis100102sent62284849",
      "source_original": "관 계"
    },
    {
      "sn": "dis100102sent62284850",
      "source_original": "(주)라움"
    },
    {
      "sn": "dis100102sent62284851",
      "source_original": "관계회사"
    },
    {
      "sn": "dis100102sent62284852",
      "source_original": "(주)라움드포레"
    },
    {
      "sn": "dis100102sent62284853",
      "source_original": "(주)천지인"
    },
    {
      "sn": "dis100102sent62284854",
      "source_original": "기타특수관계자"
    },
    {
      "sn": "dis100102sent62284855",
      "source_original": "9-2 당기 및 전기중 특수관계자와의 중요한 자금거래의 거래내용 및 당기말 및 전기말 현재의 채권, 채무의 내용은 다음과 같습니다(단위:원)."
    },
    {
      "sn": "dis100102sent62284856",
      "source_original": "특수관계구분"
    },
    {
      "sn": "dis100102sent62284857",
      "source_original": "특수관계자명"
    },
    {
      "sn": "dis100102sent62284858",
      "source_original": "계정과목"
    },
    {
      "sn": "dis100102sent62284859",
      "source_original": "기초"
    },
    {
      "sn": "dis100102sent62284860",
      "source_original": "증가"
    },
    {
      "sn": "dis100102sent62284861",
      "source_original": "감소"
    },
    {
      "sn": "dis100102sent62284862",
      "source_original": "기말"
    },
    {
      "sn": "dis100102sent62284863",
      "source_original": "단기대여금"
    },
    {
      "sn": "dis100102sent62284864",
      "source_original": "㈜라움드포레"
    },
    {
      "sn": "dis100102sent62284865",
      "source_original": "㈜천지인"
    },
    {
      "sn": "dis100102sent62284866",
      "source_original": "㈜포항서밋에프앤비"
    },
    {
      "sn": "dis100102sent62284867",
      "source_original": "장기차입금"
    },
    {
      "sn": "dis100102sent62284868",
      "source_original": "단기차입금"
    },
    {
      "sn": "dis100102sent62284869",
      "source_original": "-제2(전)기"
    },
    {
      "sn": "dis100102sent62284870",
      "source_original": "10. 계속기업가정에 대한 중요한 불확실성"
    },
    {
      "sn": "dis100102sent62284871",
      "source_original": "회사의 재무제표는 회사가 계속기업으로서 존속할 것이라는 가정을 전제로 작성되었습니다."
    },
    {
      "sn": "dis100102sent62284872",
      "source_original": "따라서 자산과 부채를 정상적인 영업활동과정을 통하여 장부가액으로 회수하거나 상환할 수 있다는 가정하에 회계처리되었습니다."
    },
    {
      "sn": "dis100102sent62284873",
      "source_original": "회사는 누"
    },
    {
      "sn": "dis100102sent62284874",
      "source_original": "적결손금이 2,806백만원이"
    },
    {
      "sn": "dis100102sent62284875",
      "source_original": "며"
    },
    {
      "sn": "dis100102sent62284876",
      "source_original": ", 유동부채가 유동자산을 3,523천원을 초과하고 있습니다.."
    },
    {
      "sn": "dis100102sent62284877",
      "source_original": "이러한 상황은회사의 계속기업으로서의 존속능력에 의문을 불러 일으킬 수 있는 중요한 불확실성이 존재함을 의미합니다."
    },
    {
      "sn": "dis100102sent62284878",
      "source_original": "따라서 회사의 계속기업으로서의 존속여부는 향후 안정적"
    },
    {
      "sn": "dis100102sent62284879",
      "source_original": "인 영업이익 달성을 통한 재무 및 경영개선계획의 성패에 따라 결정되며, 만일 이러한 회사의 계획에 차질이 있는 경우에는 계속기업으로서의 존속이 어려우므로 회사의 자산과 부채를 정상적인 사업 활동과정을 통하여 장부가액으로 회수하거나 상환하지 못할 수도 있습니다."
    },
    {
      "sn": "dis100102sent62284880",
      "source_original": "이와 같이 불확실성의 최종 결과로 계속기업가정이 타당하지 않을 경우에 발생될 수도 있는 자산과 부채의 금액 및 분류표시와 관련 손익항목에 대한 수정사항은 당기 재무제표에 반영되어 있지 않습니다."
    },
    {
      "sn": "dis100102sent62284881",
      "source_original": "외부감사 실시내용"
    },
    {
      "sn": "dis100102sent62284882",
      "source_original": "「주식회사 등의 외부감사에 관한 법률」제18조제3항의 규정에 의하여 외부감사 실시내용을 첨부합니다."
    },
    {
      "sn": "dis100102sent62284883",
      "source_original": "1. 감사대상업무"
    },
    {
      "sn": "dis100102sent62284884",
      "source_original": "회 사 명"
    },
    {
      "sn": "dis100102sent62284885",
      "source_original": "감사대상 사업연도"
    },
    {
      "sn": "dis100102sent62284886",
      "source_original": "2. 감사참여자 구분별 인원수 및 감사시간"
    },
    {
      "sn": "dis100102sent62284887",
      "source_original": "(단위 : 명, 시간)"
    },
    {
      "sn": "dis100102sent62284888",
      "source_original": "감사참여자"
    },
    {
      "sn": "dis100102sent62284889",
      "source_original": "인원수 및 시간"
    },
    {
      "sn": "dis100102sent62284890",
      "source_original": "품질관리"
    },
    {
      "sn": "dis100102sent62284891",
      "source_original": "검토자"
    },
    {
      "sn": "dis100102sent62284892",
      "source_original": "(심리실 등)"
    },
    {
      "sn": "dis100102sent62284893",
      "source_original": "감사업무 담당 회계사"
    },
    {
      "sn": "dis100102sent62284894",
      "source_original": "전산감사ㆍ"
    },
    {
      "sn": "dis100102sent62284895",
      "source_original": "세무ㆍ가치평가"
    },
    {
      "sn": "dis100102sent62284896",
      "source_original": "등 전문가"
    },
    {
      "sn": "dis100102sent62284897",
      "source_original": "건설계약 등"
    },
    {
      "sn": "dis100102sent62284898",
      "source_original": "수주산업"
    },
    {
      "sn": "dis100102sent62284899",
      "source_original": "전문가"
    },
    {
      "sn": "dis100102sent62284900",
      "source_original": "합계"
    },
    {
      "sn": "dis100102sent62284901",
      "source_original": "담당이사"
    },
    {
      "sn": "dis100102sent62284902",
      "source_original": "(업무수행이사)"
    },
    {
      "sn": "dis100102sent62284903",
      "source_original": "등록"
    },
    {
      "sn": "dis100102sent62284904",
      "source_original": "공인회계사"
    },
    {
      "sn": "dis100102sent62284905",
      "source_original": "수습"
    },
    {
      "sn": "dis100102sent62284906",
      "source_original": "당기"
    },
    {
      "sn": "dis100102sent62284907",
      "source_original": "전기"
    },
    {
      "sn": "dis100102sent62284908",
      "source_original": "투입 인원수"
    },
    {
      "sn": "dis100102sent62284909",
      "source_original": "투입시간"
    },
    {
      "sn": "dis100102sent62284910",
      "source_original": "분ㆍ반기검토"
    },
    {
      "sn": "dis100102sent62284911",
      "source_original": "감사"
    },
    {
      "sn": "dis100102sent62284912",
      "source_original": "3. 주요 감사실시내용"
    },
    {
      "sn": "dis100102sent62284913",
      "source_original": "내 역"
    },
    {
      "sn": "dis100102sent62284914",
      "source_original": "전반감사계획"
    },
    {
      "sn": "dis100102sent62284915",
      "source_original": "(감사착수단계)"
    },
    {
      "sn": "dis100102sent62284916",
      "source_original": "수행시기"
    },
    {
      "sn": "dis100102sent62284917",
      "source_original": "일"
    },
    {
      "sn": "dis100102sent62284918",
      "source_original": "주요내용"
    },
    {
      "sn": "dis100102sent62284919",
      "source_original": "회사에 대한 이해 및 감사위험평가 등"
    },
    {
      "sn": "dis100102sent62284920",
      "source_original": "현장감사"
    },
    {
      "sn": "dis100102sent62284921",
      "source_original": "투입인원"
    },
    {
      "sn": "dis100102sent62284922",
      "source_original": "주요 감사업무 수행내용"
    },
    {
      "sn": "dis100102sent62284923",
      "source_original": "상주"
    },
    {
      "sn": "dis100102sent62284924",
      "source_original": "비상주"
    },
    {
      "sn": "dis100102sent62284925",
      "source_original": "중간감사"
    },
    {
      "sn": "dis100102sent62284926",
      "source_original": "명"
    },
    {
      "sn": "dis100102sent62284927",
      "source_original": "내부통제 이해 및 평가"
    },
    {
      "sn": "dis100102sent62284928",
      "source_original": "기말감사"
    },
    {
      "sn": "dis100102sent62284929",
      "source_original": "중요 계정잔액 및 공시내용에 대하여 질문, 분석적절차, 표본점검(문서검증, 재계산등) 수행"
    },
    {
      "sn": "dis100102sent62284930",
      "source_original": "재고자산실사(입회)"
    },
    {
      "sn": "dis100102sent62284931",
      "source_original": "실사(입회)시기"
    },
    {
      "sn": "dis100102sent62284932",
      "source_original": "실사(입회)장소"
    },
    {
      "sn": "dis100102sent62284933",
      "source_original": "본점"
    },
    {
      "sn": "dis100102sent62284934",
      "source_original": "실사(입회)대상"
    },
    {
      "sn": "dis100102sent62284935",
      "source_original": "유형자산등"
    },
    {
      "sn": "dis100102sent62284936",
      "source_original": "금융자산실사(입회)"
    },
    {
      "sn": "dis100102sent62284937",
      "source_original": "현금"
    },
    {
      "sn": "dis100102sent62284938",
      "source_original": "외부조회"
    },
    {
      "sn": "dis100102sent62284939",
      "source_original": "금융거래조회"
    },
    {
      "sn": "dis100102sent62284940",
      "source_original": "채권채무조회"
    },
    {
      "sn": "dis100102sent62284941",
      "source_original": "변호사조회"
    },
    {
      "sn": "dis100102sent62284942",
      "source_original": "기타조회"
    },
    {
      "sn": "dis100102sent62284943",
      "source_original": "지배기구와의"
    },
    {
      "sn": "dis100102sent62284944",
      "source_original": "커뮤니케이션"
    },
    {
      "sn": "dis100102sent62284945",
      "source_original": "커뮤니케이션 횟수"
    },
    {
      "sn": "dis100102sent62284946",
      "source_original": "회"
    },
    {
      "sn": "dis100102sent62284947",
      "source_original": "외부전문가 활용"
    },
    {
      "sn": "dis100102sent62284948",
      "source_original": "감사 활용 내용"
    },
    {
      "sn": "dis100102sent62284949",
      "source_original": "4. 감사(감사위원회)와의 커뮤니케이션"
    },
    {
      "sn": "dis100102sent62284950",
      "source_original": "일자"
    },
    {
      "sn": "dis100102sent62284951",
      "source_original": "참석자"
    },
    {
      "sn": "dis100102sent62284952",
      "source_original": "방식"
    },
    {
      "sn": "dis100102sent62284953",
      "source_original": "주요 논의 내용"
    },
    {
      "sn": "dis100102sent62284954",
      "source_original": "2021년 10월 18일"
    },
    {
      "sn": "dis100102sent62284955",
      "source_original": "회사 : 사내감사"
    },
    {
      "sn": "dis100102sent62284956",
      "source_original": "감사인 : 담당이사,"
    },
    {
      "sn": "dis100102sent62284957",
      "source_original": "서면회의"
    },
    {
      "sn": "dis100102sent62284958",
      "source_original": "감사계약 및 독립성, 감사전략, 부정 및 부정위험 등"
    },
    {
      "sn": "dis100102sent62284959",
      "source_original": "2022년 03월 29일"
    },
    {
      "sn": "dis100102sent62284960",
      "source_original": "독립성, 서면진술, 감사 수정사항 등"
    }
  ]
}