{
  "meta": {
    "doc_no": "dis100008",
    "domain": "금융",
    "category": "공시정보",
    "license": "open",
    "source_language": "ko"
  },
  "doc_info": {
    "source": "금융감독원",
    "dis_no": 2022041100233600760,
    "doc_name": "감사보고서",
    "com_name": "케이브이엠(주)",
    "date": 20220411
  },
  "sents": [
    {
      "sn": "dis100008sent62221891",
      "source_original": "감사보고서"
    },
    {
      "sn": "dis100008sent62221892",
      "source_original": "케이브이엠(주)"
    },
    {
      "sn": "dis100008sent62221893",
      "source_original": "케이브이엠 주식회사"
    },
    {
      "sn": "dis100008sent62221894",
      "source_original": "재 무 제 표 에 대 한"
    },
    {
      "sn": "dis100008sent62221895",
      "source_original": "감 사 보 고 서"
    },
    {
      "sn": "dis100008sent62221896",
      "source_original": "제 10 기"
    },
    {
      "sn": "dis100008sent62221897",
      "source_original": "2021년 01월 01일"
    },
    {
      "sn": "dis100008sent62221898",
      "source_original": "부터"
    },
    {
      "sn": "dis100008sent62221899",
      "source_original": "2021년 12월 31일"
    },
    {
      "sn": "dis100008sent62221900",
      "source_original": "까지"
    },
    {
      "sn": "dis100008sent62221901",
      "source_original": "삼화회계법인"
    },
    {
      "sn": "dis100008sent62221902",
      "source_original": "목 차"
    },
    {
      "sn": "dis100008sent62221903",
      "source_original": "페 이 지"
    },
    {
      "sn": "dis100008sent62221904",
      "source_original": "독립된 감사인의 감사보고서"
    },
    {
      "sn": "dis100008sent62221905",
      "source_original": "재무제표"
    },
    {
      "sn": "dis100008sent62221906",
      "source_original": "ㆍ재무상태표"
    },
    {
      "sn": "dis100008sent62221907",
      "source_original": "ㆍ손익계산서"
    },
    {
      "sn": "dis100008sent62221908",
      "source_original": "ㆍ 자본변동표"
    },
    {
      "sn": "dis100008sent62221909",
      "source_original": "ㆍ현금흐름표"
    },
    {
      "sn": "dis100008sent62221910",
      "source_original": "ㆍ주석"
    },
    {
      "sn": "dis100008sent62221911",
      "source_original": "주주 및 이사회 귀중"
    },
    {
      "sn": "dis100008sent62221912",
      "source_original": "2022년"
    },
    {
      "sn": "dis100008sent62221913",
      "source_original": "3월 28일"
    },
    {
      "sn": "dis100008sent62221914",
      "source_original": "감사의견"
    },
    {
      "sn": "dis100008sent62221915",
      "source_original": "우리는 케이브이엠주식회사(이하 “회사”)의 재무제표를 감사하였습니다."
    },
    {
      "sn": "dis100008sent62221916",
      "source_original": "해당 재무제표는 2021년 12월 31일 현재의 재무상태표, 동일로 종료되는 보고기간의 손익계산서, 자본변동표, 현금흐름표 그리고 유의적인 회계정책의 요약을 포함한 재무제표의 주석으로 구성되어 있습니다."
    },
    {
      "sn": "dis100008sent62221917",
      "source_original": "우리의 의견으로는 별첨된 회사의 재무제표는 회사의 2021년 12월 31일 현재의 재무상태와 동일로 종료되는 보고기간의 재무성과 및 현금흐름을 일반기업회계기준에 따라, 중요성의 관점에서 공정하게 표시하고 있습니다."
    },
    {
      "sn": "dis100008sent62221918",
      "source_original": "감사의견근거"
    },
    {
      "sn": "dis100008sent62221919",
      "source_original": "우리는 대한민국의 회계감사기준에 따라 감사를 수행하였습니다."
    },
    {
      "sn": "dis100008sent62221920",
      "source_original": "이 기준에 따른 우리의 책임은 이 감사보고서의 재무제표감사에 대한 감사인의 책임 단락에 기술되어 있습니다."
    },
    {
      "sn": "dis100008sent62221921",
      "source_original": "우리는 재무제표감사와 관련된 대한민국의 윤리적 요구사항에 따라 회사로부터 독립적이며, 그러한 요구사항에 따른 기타의 윤리적 책임들을 이행하였습니다."
    },
    {
      "sn": "dis100008sent62221922",
      "source_original": "우리가 입수한 감사증거가 감사의견을 위한 근거로서 충분하고 적합하다고 우리는 믿습니다."
    },
    {
      "sn": "dis100008sent62221923",
      "source_original": "강조사항"
    },
    {
      "sn": "dis100008sent62221924",
      "source_original": "감사의견에는 영향을 미치지 않는 사항으로서 이용자는 주석 16에 주의를 기울여야 할 필요가 있습니다."
    },
    {
      "sn": "dis100008sent62221925",
      "source_original": "주석 16에서 설명하고 있는 바와 같이,"
    },
    {
      "sn": "dis100008sent62221926",
      "source_original": "2021년도 중 COVID-19의 확산은 국내외 경제에 중대한 영향을 미치고 있습니다."
    },
    {
      "sn": "dis100008sent62221927",
      "source_original": "이는 영업수익을 감소시키거나 기존 채권의 회수에 부정적인 영향을 미칠 수 있습니다."
    },
    {
      "sn": "dis100008sent62221928",
      "source_original": "이로 인해 회사의 재무상태와 재무성과에도 부정적인 영향이 발생할 수 있습니다."
    },
    {
      "sn": "dis100008sent62221929",
      "source_original": "재무제표 작성시 사용된 중요한 회계추정 및 가정은 COVID-19에 따른 불확실성의 변동에 따라 조정될 수 있으며, COVID-19로 인하여 회사의 사업, 재무상태 및 경영성과 등에 미칠 궁극적인 영향은 현재 예측할 수 없"
    },
    {
      "sn": "dis100008sent62221930",
      "source_original": "으며, 회사의 재무제표는 이로 인한 영향이 반영되지 아니하였습니다."
    },
    {
      "sn": "dis100008sent62221931",
      "source_original": "기타사항"
    },
    {
      "sn": "dis100008sent62221932",
      "source_original": "회사의 2020년 12월 31일로 종료되는 보고기간의 재무제표는 타감사인이 감사하였 으며, 이 감사인의 2021년 3월 23일자 감사보고서에는 적정의견이 표명되었습니다."
    },
    {
      "sn": "dis100008sent62221933",
      "source_original": "재무제표에 대한 경영진과 지배기구의 책임"
    },
    {
      "sn": "dis100008sent62221934",
      "source_original": "경영진은 일반기업회계기준에 따라 이 재무제표를 작성하고 공정하게 표시할 책임이있으며, 부정이나 오류로 인한 중요한 왜곡표시가 없는 재무제표를 작성하는데 필요하다고 결정한 내부통제에 대해서도 책임이 있습니다."
    },
    {
      "sn": "dis100008sent62221935",
      "source_original": "경영진은 재무제표를 작성할 때, 회사의 계속기업으로서의 존속능력을 평가하고 해당되는 경우, 계속기업 관련 사항을 공시할 책임이 있습니다."
    },
    {
      "sn": "dis100008sent62221936",
      "source_original": "그리고 경영진이 기업을 청산하거나 영업을 중단할 의도가 없는 한, 회계의 계속기업전제의 사용에 대해서도 책임이 있습니다."
    },
    {
      "sn": "dis100008sent62221937",
      "source_original": "지배기구는 회사의 재무보고절차의 감시에 대한 책임이 있습니다."
    },
    {
      "sn": "dis100008sent62221938",
      "source_original": "재무제표감사에 대한 감사인의 책임"
    },
    {
      "sn": "dis100008sent62221939",
      "source_original": "우리의 목적은 회사의 재무제표에 전체적으로 부정이나 오류로 인한 중요한 왜곡표시가 없는지에 대하여 합리적인 확신을 얻어 우리의 의견이 포함된 감사보고서를 발행하는데 있습니다."
    },
    {
      "sn": "dis100008sent62221940",
      "source_original": "합리적인 확신은 높은 수준의 확신을 의미하나, 감사기준에 따라수행된 감사가 항상 중요한 왜곡표시를 발견한다는 것을 보장하지는 않습니다."
    },
    {
      "sn": "dis100008sent62221941",
      "source_original": "왜곡표시는 부정이나 오류로부터 발생할 수 있으며, 왜곡표시가 재무제표를 근거로 하는 이용자의 경제적 의사결정에 개별적으로 또는 집합적으로 영향을 미칠 것이 합리적으로 예상되면, 그 왜곡표시는 중요하다고 간주됩니다."
    },
    {
      "sn": "dis100008sent62221942",
      "source_original": "감사기준에 따른 감사의 일부로서 우리는 감사의 전 과정에 걸쳐 전문가적 판단을 수행하고 전문가적 의구심을 유지하고 있습니다."
    },
    {
      "sn": "dis100008sent62221943",
      "source_original": "또한, 우리는:"
    },
    {
      "sn": "dis100008sent62221944",
      "source_original": "- 부정이나 오류로 인한 재무제표의 중요왜곡표시위험을 식별하고 평가하며 그러한 위험에 대응하는 감사절차를 설계하고 수행합니다."
    },
    {
      "sn": "dis100008sent62221945",
      "source_original": "그리고 감사의견의 근거로서 충분하고 적합한 감사증거를 입수합니다."
    },
    {
      "sn": "dis100008sent62221946",
      "source_original": "부정은 공모, 위조, 의도적인 누락, 허위진술 또는 내부통제 무력화가 개입될 수 있기 때문에 부정으로 인한 중요한 왜곡표시를 발견하지 못할 위험은 오류로 인한 위험보다 큽니다."
    },
    {
      "sn": "dis100008sent62221947",
      "source_original": "- 상황에 적합한 감사절차를 설계하기 위하여 감사와 관련된 내부통제를 이해합니다."
    },
    {
      "sn": "dis100008sent62221948",
      "source_original": "그러나 이는 내부통제의 효과성에 대한 의견을 표명하기 위한 것이 아닙니다."
    },
    {
      "sn": "dis100008sent62221949",
      "source_original": "- 재무제표를 작성하기 위하여 경영진이 적용한 회계정책의 적합성과 경영진이 도출한 회계추정치와 관련 공시의 합리성에 대하여 평가합니다."
    },
    {
      "sn": "dis100008sent62221950",
      "source_original": "- 경영진이 사용한 회계의 계속기업전제의 적절성과, 입수한 감사증거를 근거로 계속기업으로서의 존속능력에 대하여 유의적 의문을 초래할 수 있는 사건이나, 상황과 관련된 중요한 불확실성이 존재하는지 여부에 대하여 결론을 내립니다."
    },
    {
      "sn": "dis100008sent62221951",
      "source_original": "중요한 불확실성이 존재한다고 결론을 내리는 경우, 우리는 재무제표의 관련 공시에 대하여 감사보고서에 주의를 환기시키고, 이들 공시가 부적절한 경우 의견을 변형시킬 것을 요구받고 있습니다."
    },
    {
      "sn": "dis100008sent62221952",
      "source_original": "우리의 결론은 감사보고서일까지 입수된 감사증거에 기초하나, 미래의 사건이나 상황이 회사의 계속기업으로서 존속을 중단시킬 수 있습니다."
    },
    {
      "sn": "dis100008sent62221953",
      "source_original": "- 공시를 포함한 재무제표의 전반적인 표시와 구조 및 내용을 평가하고, 재무제표의 기초가 되는 거래와 사건을 재무제표가 공정한 방식으로 표시하고 있는지 여부를 평가합니다."
    },
    {
      "sn": "dis100008sent62221954",
      "source_original": "우리는 여러 가지 사항들 중에서 계획된 감사범위와 시기 그리고 감사 중 식별된 유의적 내부통제 미비점 등 유의적인 감사의 발견사항에 대하여 지배기구와 커뮤니케이션합니다."
    },
    {
      "sn": "dis100008sent62221955",
      "source_original": "서울특별시 강남구 봉은사로 407"
    },
    {
      "sn": "dis100008sent62221956",
      "source_original": "대표이사 석완주"
    },
    {
      "sn": "dis100008sent62221957",
      "source_original": "이 감사보고서는 감사보고서일 현재로 유효한 것입니다."
    },
    {
      "sn": "dis100008sent62221958",
      "source_original": "따라서 감사보고서일 후 이 보고서를 열람하는 시점 사이에 별첨된 회사의 재무제표에 중요한 영향을 미칠 수 있는 사건이나 상황이 발생할 수도 있으며, 이로 인하여 이 감사보고서가 수정될 수도 있습니다."
    },
    {
      "sn": "dis100008sent62221959",
      "source_original": "(첨부)재 무 제 표"
    },
    {
      "sn": "dis100008sent62221960",
      "source_original": "제 09 기"
    },
    {
      "sn": "dis100008sent62221961",
      "source_original": "2020년 01월 01일"
    },
    {
      "sn": "dis100008sent62221962",
      "source_original": "2020년 12월 31일"
    },
    {
      "sn": "dis100008sent62221963",
      "source_original": "\"첨부된 재무제표는 당사가 작성한 것입니다.\""
    },
    {
      "sn": "dis100008sent62221964",
      "source_original": "케이브이엠 주식회사 대표이사 이도희, 배윤희"
    },
    {
      "sn": "dis100008sent62221965",
      "source_original": "본점 소재지 :"
    },
    {
      "sn": "dis100008sent62221966",
      "source_original": "(도로명주소)"
    },
    {
      "sn": "dis100008sent62221967",
      "source_original": "인천광역시 남동구 예술로204번길 15"
    },
    {
      "sn": "dis100008sent62221968",
      "source_original": "(전 화)"
    },
    {
      "sn": "dis100008sent62221969",
      "source_original": "재 무 상 태 표"
    },
    {
      "sn": "dis100008sent62221970",
      "source_original": "제 10(당) 기 2021년 12월 31일 현재"
    },
    {
      "sn": "dis100008sent62221971",
      "source_original": "제 09(전) 기 2020년 12월 31일 현재"
    },
    {
      "sn": "dis100008sent62221972",
      "source_original": "(단위 : 원)"
    },
    {
      "sn": "dis100008sent62221973",
      "source_original": "과목"
    },
    {
      "sn": "dis100008sent62221974",
      "source_original": "제 10(당) 기"
    },
    {
      "sn": "dis100008sent62221975",
      "source_original": "제 09(전) 기"
    },
    {
      "sn": "dis100008sent62221976",
      "source_original": "자산"
    },
    {
      "sn": "dis100008sent62221977",
      "source_original": "Ⅰ. 유동자산"
    },
    {
      "sn": "dis100008sent62221978",
      "source_original": "(1) 당좌자산"
    },
    {
      "sn": "dis100008sent62221979",
      "source_original": "현금및현금성자산(주석2)"
    },
    {
      "sn": "dis100008sent62221980",
      "source_original": "매출채권(주석2)"
    },
    {
      "sn": "dis100008sent62221981",
      "source_original": "대손충당금"
    },
    {
      "sn": "dis100008sent62221982",
      "source_original": "미수금"
    },
    {
      "sn": "dis100008sent62221983",
      "source_original": "부가세대급금"
    },
    {
      "sn": "dis100008sent62221984",
      "source_original": "선납세금"
    },
    {
      "sn": "dis100008sent62221985",
      "source_original": "선급금"
    },
    {
      "sn": "dis100008sent62221986",
      "source_original": "선급비용"
    },
    {
      "sn": "dis100008sent62221987",
      "source_original": "Ⅱ. 비유동자산"
    },
    {
      "sn": "dis100008sent62221988",
      "source_original": "(1) 투자자산"
    },
    {
      "sn": "dis100008sent62221989",
      "source_original": "장기금융상품"
    },
    {
      "sn": "dis100008sent62221990",
      "source_original": "(2) 유형자산(주석2,3,4,7)"
    },
    {
      "sn": "dis100008sent62221991",
      "source_original": "토지"
    },
    {
      "sn": "dis100008sent62221992",
      "source_original": "건물"
    },
    {
      "sn": "dis100008sent62221993",
      "source_original": "감가상각누계액"
    },
    {
      "sn": "dis100008sent62221994",
      "source_original": "구축물"
    },
    {
      "sn": "dis100008sent62221995",
      "source_original": "비품"
    },
    {
      "sn": "dis100008sent62221996",
      "source_original": "건설중인자산"
    },
    {
      "sn": "dis100008sent62221997",
      "source_original": "(3) 기타비유동자산"
    },
    {
      "sn": "dis100008sent62221998",
      "source_original": "보증금"
    },
    {
      "sn": "dis100008sent62221999",
      "source_original": "자산총계"
    },
    {
      "sn": "dis100008sent62222000",
      "source_original": "부채"
    },
    {
      "sn": "dis100008sent62222001",
      "source_original": "Ⅰ. 유동부채"
    },
    {
      "sn": "dis100008sent62222002",
      "source_original": "미지급금(주석14)"
    },
    {
      "sn": "dis100008sent62222003",
      "source_original": "예수금"
    },
    {
      "sn": "dis100008sent62222004",
      "source_original": "부가세예수금"
    },
    {
      "sn": "dis100008sent62222005",
      "source_original": "단기차입금(주석5,8,14)"
    },
    {
      "sn": "dis100008sent62222006",
      "source_original": "미지급비용(주석14)"
    },
    {
      "sn": "dis100008sent62222007",
      "source_original": "유동성장기부채(주석6,7,8,14)"
    },
    {
      "sn": "dis100008sent62222008",
      "source_original": "Ⅱ. 비유동부채"
    },
    {
      "sn": "dis100008sent62222009",
      "source_original": "장기차입금(주석6,7,8,14)"
    },
    {
      "sn": "dis100008sent62222010",
      "source_original": "임대보증금(주석14)"
    },
    {
      "sn": "dis100008sent62222011",
      "source_original": "부채총계"
    },
    {
      "sn": "dis100008sent62222012",
      "source_original": "자본"
    },
    {
      "sn": "dis100008sent62222013",
      "source_original": "Ⅰ. 자본금(주석9)"
    },
    {
      "sn": "dis100008sent62222014",
      "source_original": "보통주자본금"
    },
    {
      "sn": "dis100008sent62222015",
      "source_original": "Ⅲ. 결손금(주석11)"
    },
    {
      "sn": "dis100008sent62222016",
      "source_original": "미처리결손금"
    },
    {
      "sn": "dis100008sent62222017",
      "source_original": "자본총계"
    },
    {
      "sn": "dis100008sent62222018",
      "source_original": "부채및자본총계"
    },
    {
      "sn": "dis100008sent62222019",
      "source_original": "별첨 주석은 본 재무제표의 일부입니다."
    },
    {
      "sn": "dis100008sent62222020",
      "source_original": "손 익 계 산 서"
    },
    {
      "sn": "dis100008sent62222021",
      "source_original": "제 10(당) 기 2021년 1월 1일부터 2021년 12월 31일까지"
    },
    {
      "sn": "dis100008sent62222022",
      "source_original": "제 09(전) 기 2020년 1월 1일부터 2020년 12월 31일까지"
    },
    {
      "sn": "dis100008sent62222023",
      "source_original": "과 목"
    },
    {
      "sn": "dis100008sent62222024",
      "source_original": "Ⅰ. 영업수익(주석2)"
    },
    {
      "sn": "dis100008sent62222025",
      "source_original": "임대료수입"
    },
    {
      "sn": "dis100008sent62222026",
      "source_original": "Ⅱ. 영업비용"
    },
    {
      "sn": "dis100008sent62222027",
      "source_original": "급여(주석15)"
    },
    {
      "sn": "dis100008sent62222028",
      "source_original": "복리후생비(주석15)"
    },
    {
      "sn": "dis100008sent62222029",
      "source_original": "여비교통비"
    },
    {
      "sn": "dis100008sent62222030",
      "source_original": "통신비"
    },
    {
      "sn": "dis100008sent62222031",
      "source_original": "세금과공과(주석15)"
    },
    {
      "sn": "dis100008sent62222032",
      "source_original": "감가상각비(주석15)"
    },
    {
      "sn": "dis100008sent62222033",
      "source_original": "수선비"
    },
    {
      "sn": "dis100008sent62222034",
      "source_original": "접대비"
    },
    {
      "sn": "dis100008sent62222035",
      "source_original": "소모품비"
    },
    {
      "sn": "dis100008sent62222036",
      "source_original": "수수료비용"
    },
    {
      "sn": "dis100008sent62222037",
      "source_original": "보험료"
    },
    {
      "sn": "dis100008sent62222038",
      "source_original": "Ⅲ. 영업이익"
    },
    {
      "sn": "dis100008sent62222039",
      "source_original": "Ⅳ. 영업외수익"
    },
    {
      "sn": "dis100008sent62222040",
      "source_original": "이자수익"
    },
    {
      "sn": "dis100008sent62222041",
      "source_original": "잡이익"
    },
    {
      "sn": "dis100008sent62222042",
      "source_original": "Ⅴ. 영업외비용"
    },
    {
      "sn": "dis100008sent62222043",
      "source_original": "이자비용"
    },
    {
      "sn": "dis100008sent62222044",
      "source_original": "잡손실"
    },
    {
      "sn": "dis100008sent62222045",
      "source_original": "Ⅵ. 법인세차감전순이익"
    },
    {
      "sn": "dis100008sent62222046",
      "source_original": "Ⅶ. 법인세등 (주석2,12)"
    },
    {
      "sn": "dis100008sent62222047",
      "source_original": "Ⅷ. 당기순이익"
    },
    {
      "sn": "dis100008sent62222048",
      "source_original": "자 본 변 동 표"
    },
    {
      "sn": "dis100008sent62222049",
      "source_original": "자 본 금"
    },
    {
      "sn": "dis100008sent62222050",
      "source_original": "이 익"
    },
    {
      "sn": "dis100008sent62222051",
      "source_original": "잉여금"
    },
    {
      "sn": "dis100008sent62222052",
      "source_original": "총 계"
    },
    {
      "sn": "dis100008sent62222053",
      "source_original": "2020.01.01 (전기초)"
    },
    {
      "sn": "dis100008sent62222054",
      "source_original": "당기순이익(손실)"
    },
    {
      "sn": "dis100008sent62222055",
      "source_original": "2020.12.31 (전기말)"
    },
    {
      "sn": "dis100008sent62222056",
      "source_original": "2021.01.01 (당기초)"
    },
    {
      "sn": "dis100008sent62222057",
      "source_original": "2021.12.31 (당기말)"
    },
    {
      "sn": "dis100008sent62222058",
      "source_original": "현 금 흐 름 표"
    },
    {
      "sn": "dis100008sent62222059",
      "source_original": "Ⅰ. 영업활동으로인한현금흐름"
    },
    {
      "sn": "dis100008sent62222060",
      "source_original": "(1) 당기순이익(손실)"
    },
    {
      "sn": "dis100008sent62222061",
      "source_original": "(2) 현금의유출이없는비용등의가산"
    },
    {
      "sn": "dis100008sent62222062",
      "source_original": "감가상각비"
    },
    {
      "sn": "dis100008sent62222063",
      "source_original": "(3) 현금의유입이없는수익등의차감"
    },
    {
      "sn": "dis100008sent62222064",
      "source_original": "(4) 영업활동으로인한자산부채의변동"
    },
    {
      "sn": "dis100008sent62222065",
      "source_original": "선납세금의 감소(증가)"
    },
    {
      "sn": "dis100008sent62222066",
      "source_original": "미수금의 감소(증가)"
    },
    {
      "sn": "dis100008sent62222067",
      "source_original": "선급금의 감소(증가)"
    },
    {
      "sn": "dis100008sent62222068",
      "source_original": "선급비용의 감소(증가)"
    },
    {
      "sn": "dis100008sent62222069",
      "source_original": "부가세대급금의 감소(증가)"
    },
    {
      "sn": "dis100008sent62222070",
      "source_original": "미지급금의 증가(감소)"
    },
    {
      "sn": "dis100008sent62222071",
      "source_original": "예수금의 증가(감소)"
    },
    {
      "sn": "dis100008sent62222072",
      "source_original": "부가세예수금의 증가(감소)"
    },
    {
      "sn": "dis100008sent62222073",
      "source_original": "미지급비용의 증가(감소)"
    },
    {
      "sn": "dis100008sent62222074",
      "source_original": "Ⅱ. 투자활동으로인한현금흐름"
    },
    {
      "sn": "dis100008sent62222075",
      "source_original": "(1) 투자활동으로인한현금유입액"
    },
    {
      "sn": "dis100008sent62222076",
      "source_original": "장기금융상품의 감소"
    },
    {
      "sn": "dis100008sent62222077",
      "source_original": "(2) 투자활동으로인한현금유출액"
    },
    {
      "sn": "dis100008sent62222078",
      "source_original": "비품의 취득"
    },
    {
      "sn": "dis100008sent62222079",
      "source_original": "건설중인자산의 증가"
    },
    {
      "sn": "dis100008sent62222080",
      "source_original": "보증금의 증가"
    },
    {
      "sn": "dis100008sent62222081",
      "source_original": "Ⅲ. 재무활동으로인한현금흐름"
    },
    {
      "sn": "dis100008sent62222082",
      "source_original": "(1) 재무활동으로인한현금유입액"
    },
    {
      "sn": "dis100008sent62222083",
      "source_original": "단기차입금의 증가"
    },
    {
      "sn": "dis100008sent62222084",
      "source_original": "장기차입금의 차입"
    },
    {
      "sn": "dis100008sent62222085",
      "source_original": "임대보증금의 증가"
    },
    {
      "sn": "dis100008sent62222086",
      "source_original": "(2) 재무활동으로인한현금유출액"
    },
    {
      "sn": "dis100008sent62222087",
      "source_original": "단기차입금의 감소"
    },
    {
      "sn": "dis100008sent62222088",
      "source_original": "유동성장기부채의 상환"
    },
    {
      "sn": "dis100008sent62222089",
      "source_original": "장기차입금의 상환"
    },
    {
      "sn": "dis100008sent62222090",
      "source_original": "임대보증금의 감소"
    },
    {
      "sn": "dis100008sent62222091",
      "source_original": "Ⅳ. 현금의증가(감소)(Ⅰ+Ⅱ+Ⅲ)"
    },
    {
      "sn": "dis100008sent62222092",
      "source_original": "Ⅴ. 기초의현금"
    },
    {
      "sn": "dis100008sent62222093",
      "source_original": "Ⅵ. 기말의현금"
    },
    {
      "sn": "dis100008sent62222094",
      "source_original": "주석"
    },
    {
      "sn": "dis100008sent62222095",
      "source_original": "1. 일반사항"
    },
    {
      "sn": "dis100008sent62222096",
      "source_original": "케이브이엠 주식회사(이하 \"회사\"라 함)는 2012년 11월 29일 호텔 관광업을 주업으로하여 설립되었으며 2014년 3월부터 영업을 개시하였습니다."
    },
    {
      "sn": "dis100008sent62222097",
      "source_original": "보고기간 종료일 현재 회사는 호텔 관광업을 영위하고 있으며 본점은 인천광역시 남동구 예술로 204번길 15에 소재하고 있습니다."
    },
    {
      "sn": "dis100008sent62222098",
      "source_original": "보고기간 종료일 현재 주주의 현황은 다음과 같습니다."
    },
    {
      "sn": "dis100008sent62222099",
      "source_original": "주주명"
    },
    {
      "sn": "dis100008sent62222100",
      "source_original": "주식수"
    },
    {
      "sn": "dis100008sent62222101",
      "source_original": "지분율(%)"
    },
    {
      "sn": "dis100008sent62222102",
      "source_original": "비고"
    },
    {
      "sn": "dis100008sent62222103",
      "source_original": "이용수"
    },
    {
      "sn": "dis100008sent62222104",
      "source_original": "96,750주"
    },
    {
      "sn": "dis100008sent62222105",
      "source_original": "대주주의 특수관계자"
    },
    {
      "sn": "dis100008sent62222106",
      "source_original": "김재민"
    },
    {
      "sn": "dis100008sent62222107",
      "source_original": "123,250주"
    },
    {
      "sn": "dis100008sent62222108",
      "source_original": "대주주"
    },
    {
      "sn": "dis100008sent62222109",
      "source_original": "합계"
    },
    {
      "sn": "dis100008sent62222110",
      "source_original": "220,000주"
    },
    {
      "sn": "dis100008sent62222111",
      "source_original": "2. 중요한 회계정책"
    },
    {
      "sn": "dis100008sent62222112",
      "source_original": "재무제표의 작성에 적용된 중요한 회계정책은 아래에 제시되어 있습니다."
    },
    {
      "sn": "dis100008sent62222113",
      "source_original": "이러한 정책은 별도의 언급이 없다면, 표시된 회계기간에 계속적으로 적용되었습니다."
    },
    {
      "sn": "dis100008sent62222114",
      "source_original": "회사는 일반기업회계기준을 적용하고 있습니다."
    },
    {
      "sn": "dis100008sent62222115",
      "source_original": "일반기업회계기준은 '주식회사의 외부감사에 관한 법률'의 적용대상기업 중 한국채택국제회계기준에 따라 회계처리하지 아니하는 기업에 적용되는 기준입니다."
    },
    {
      "sn": "dis100008sent62222116",
      "source_original": "회사가 채택한 제ㆍ개정 기준서"
    },
    {
      "sn": "dis100008sent62222117",
      "source_original": "회사는 2021년 1월 1일로 개시하는 회계기간부터 다음의 제ㆍ개정 기준서를 신규로 적용하였습니다."
    },
    {
      "sn": "dis100008sent62222118",
      "source_original": "동 개정이 재무제표에 미치는 중요한 영향은 없습니다."
    },
    {
      "sn": "dis100008sent62222119",
      "source_original": "- 제25장 특수관계자 공시 (주요 경영진 보상에 관한 공시 규정의 명확화)"
    },
    {
      "sn": "dis100008sent62222120",
      "source_original": "- 제29장 중간재무제표 (중간재무보고 비교표시 면제 명확화)"
    },
    {
      "sn": "dis100008sent62222121",
      "source_original": "- 제31장 중소기업 회계처리 특례 (관계기업, 공동지배기업, 시장성 있는 지분증권 특례 회계처리 명확화)"
    },
    {
      "sn": "dis100008sent62222122",
      "source_original": "2.2 현금및현금성자산"
    },
    {
      "sn": "dis100008sent62222123",
      "source_original": "회사는 통화 및 타인발행수표 등 통화대용증권과 당좌예금, 보통예금 및 큰 거래비용없이 현금으로 전환이 용이하고 이자율 변동에 따른 가치변동의 위험이 경미한 금융상품으로서 취득 당시 만기일(또는 상환일)이 3개월 이내인 것을 현금및현금성자산으로 처리하고 있습니다."
    },
    {
      "sn": "dis100008sent62222124",
      "source_original": "2.3 대손충당금"
    },
    {
      "sn": "dis100008sent62222125",
      "source_original": "회사는 회수가 불확실한 매출채권 등은 합리적이고 객관적인 기준에 따라 산출한 대손추산액을 대손충당금으로 설정하고 있습니다."
    },
    {
      "sn": "dis100008sent62222126",
      "source_original": "대손추산액에서 대손충당금 잔액을 차감한 금액을 대손상각비로 인식하며, 상거래에서 발생한 매출채권에 대한 대손상각비는 판매비와 관리비로 계상하고, 기타 채권에 대한 대손상각비는 영업외비용으로 계상하고 있습니다."
    },
    {
      "sn": "dis100008sent62222127",
      "source_original": "회수가 불가능한 채권은 대손충당금과 상계하고, 대손충당금이 부족한 경우에는 그 부족액을 대손상각비로 인식하고 있습니다."
    },
    {
      "sn": "dis100008sent62222128",
      "source_original": "2.4 유형자산의 평가 및 감가상각방법"
    },
    {
      "sn": "dis100008sent62222129",
      "source_original": "유형자산의 취득원가는 구입원가 또는 제작원가 및 경영진이 의도하는 방식으로 자산을 가동하는 데 필요한 장소와 상태에 이르게 하는 데 직접 관련되는 지출 등으로 구성되어 있습니다."
    },
    {
      "sn": "dis100008sent62222130",
      "source_original": "한편, 회사는 유형자산에 대한 감가상각을 다음의 추정내용연수와 상각방법에 따라 산정된 감가상각누계액과 감액손실누계액을 차감하는 형식으로 재무상태표에 표시하고 있습니다."
    },
    {
      "sn": "dis100008sent62222131",
      "source_original": "구분"
    },
    {
      "sn": "dis100008sent62222132",
      "source_original": "추정내용연수"
    },
    {
      "sn": "dis100008sent62222133",
      "source_original": "상각방법"
    },
    {
      "sn": "dis100008sent62222134",
      "source_original": "50년"
    },
    {
      "sn": "dis100008sent62222135",
      "source_original": "정액법"
    },
    {
      "sn": "dis100008sent62222136",
      "source_original": "20년"
    },
    {
      "sn": "dis100008sent62222137",
      "source_original": "5년"
    },
    {
      "sn": "dis100008sent62222138",
      "source_original": "정률법"
    },
    {
      "sn": "dis100008sent62222139",
      "source_original": "유형자산의 취득 또는 완성 후의 지출이 생산능력 증대, 내용연수 연장, 상당한 원가절감 또는 품질향상을 가져오는 등 미래경제적효익의 유입 가능성이 매우 높고, 원가를 신뢰성 있게 측정할 수 있는 경우에는 자본적 지출로 인식하고, 그렇지 않은 경우에는 발생한 기간의 비용으로 인식하고 있습니다."
    },
    {
      "sn": "dis100008sent62222140",
      "source_original": "회"
    },
    {
      "sn": "dis100008sent62222141",
      "source_original": "사는 유형자산 등 적격자산의 취득을 위한 자금에 차입금이 포함된다면 이러한 차입금에 대한 차입원가(특정차입금과 일반차입금에 대한 차입원가)는 적격자산의 취득에 소요되는 원가로 처리하고 있습니다."
    },
    {
      "sn": "dis100008sent62222142",
      "source_original": "특정차입금 관련 차입원가 중 자본화 할 수 있는 금액은 자본화기간동안 특정차입금으로 부터 발생한 차입원가에서 동 기간 동안 자금의 일시적 운용에서 생긴 수익을 차감한 금액으로 산정하고 있습니다."
    },
    {
      "sn": "dis100008sent62222143",
      "source_original": "한편, 일반차입금에 대한 차입원가 중 자본화할수 있는 차입원가는 회계기간 동안의 적격자산에 대한 평균지출액 중 특정차입금을 사용한 평균지출액을 초과하는 부분에 대해 자본화이자율을 적용하는 방식으로 산정하고 있습니다."
    },
    {
      "sn": "dis100008sent62222144",
      "source_original": "2.5 비금융자산의 손상"
    },
    {
      "sn": "dis100008sent62222145",
      "source_original": "감가상각 또는 상각하는 자산의 경우는 장부금액이 회수가능하지 않을 수도 있음을 나타내는 환경의 변화나 사건과 같이 자산손상을 시사하는 징후가 있다면 손상검사를 수행하고 있습니다."
    },
    {
      "sn": "dis100008sent62222146",
      "source_original": "단, 유형자산의 경우에는 이러한 손상징후가 있다고 판단되 고, 당해 유형자산(개별자산 또는 유형자산만으로 구성된 현금창출단위 포함)의 사용 및 처분으로부터 기대되는 미래의 현금흐름총액의 추정액이 장부금액에 미달하는경우에 손상검사를 수행하고 있습니다."
    },
    {
      "sn": "dis100008sent62222147",
      "source_original": "손상차손은 회수가능액을 초과하는 장부금액으로 인식하고 있습니다."
    },
    {
      "sn": "dis100008sent62222148",
      "source_original": "회수가능액은 순공정가치와 사용가치 중 큰 금액으로 결정하고 있습니다."
    },
    {
      "sn": "dis100008sent62222149",
      "source_original": "손상을 측정하기 위한 목적으로 자산을 별도의 식별가능한 현금흐름을 창출하는 가장 하위수준의 집단(현금창출단위)으로 그룹화하고 있습니다."
    },
    {
      "sn": "dis100008sent62222150",
      "source_original": "손상차손이 인식된 비금융자산은 매 보고일에 손상차손의 환입가능성을 검토하고 있습니다."
    },
    {
      "sn": "dis100008sent62222151",
      "source_original": "2.6 퇴직급여충당부채"
    },
    {
      "sn": "dis100008sent62222152",
      "source_original": "회사는 임직원 퇴직금지급규정에 따라 보고기간 종료일 현재 1년이상 근속한 전 임직원이 일시에 퇴직할 경우에 지급하여야 할 퇴직금 총 추계액을 퇴직급여충당부채로 설정하고 있습니다."
    },
    {
      "sn": "dis100008sent62222153",
      "source_original": "2.7 충당부채와 우발부채"
    },
    {
      "sn": "dis100008sent62222154",
      "source_original": "회사는 과거사건이나 거래의 결과로 존재하는 현재 의무의 이행을 위하여 자원이 유출될 가능성이 매우 높고 동 손실의 금액을 신뢰성 있게 추정할 수 있는 경우에 그 손실금액을 충당부채로 계상하고 있습니다."
    },
    {
      "sn": "dis100008sent62222155",
      "source_original": "또한, 회사는 과거사건은 발생하였으나 불확실한 미래사건의 발생여부에 의해서 존재여부가 확인되는 잠재적인 의무가 있는 경우 또는 과거사건이나 거래의 결과 현재의무가 존재하나 자원이 유출될 가능성이 매우 높지 않거나 당해 의무를 이행하여야 할 금액을 신뢰성 있게 추정할 수 없는 경우 우발부채로 주석기재하고 있습니다."
    },
    {
      "sn": "dis100008sent62222156",
      "source_original": "2.8 금융자산과 금융부채의 측정"
    },
    {
      "sn": "dis100008sent62222157",
      "source_original": "(1) 최초측정"
    },
    {
      "sn": "dis100008sent62222158",
      "source_original": "회사는 금융자산과 금융부채의 최초인식시 공정가치로 측정하고 있으며, 이 때의 공정가치는 일반적으로 거래가격(금융자산의 경우에는 제공한 대가의 공정가치, 금융부채의 경우에는 수취한 대가의 공정가치)입니다."
    },
    {
      "sn": "dis100008sent62222159",
      "source_original": "그러나 장기연불조건의 매매거래, 장기금전대차거래 또는 이와 유사한 거래에서 발생하는 채권ㆍ채무로서 명목금액과 공정가치의 차이가 유의적인 경우에는 공정가치로 평가합니다."
    },
    {
      "sn": "dis100008sent62222160",
      "source_original": "제공(수취)한 대가에 금융상품이 아닌 다른 것에 대한 대가가 포함되었다면 그 금융상품의 공정가치는 시장가격으로 평가하되, 시장가격이 없는 경우에는 평가기법(현재가치평가기법을 포함)을 사용하여 공정가치를 추정합니다."
    },
    {
      "sn": "dis100008sent62222161",
      "source_original": "다만, 제공하거나 수취한 대가에 금융상품이 아닌 다른 것에 대한 대가가 포함되었더라도, 자금의 사용에 따른 반대 급부(예를 들어 생산물 공급가액의 제약 등)를 부과하거나 제공하는 자금의 조달과 사용의 연계성이 확실한 경우 및 임대차보증금에 대하여는 거래가격 전체를 금융상품의 최초인식액으로 하고 있습니다."
    },
    {
      "sn": "dis100008sent62222162",
      "source_original": "회사는 단기매매증권, 파생상품(위험회피회계를 적용하는 경우는 제외)과 같이 최초 인식 이후 공정가치로 측정하고 공정가치의 변동을 당기손익으로 인식하는 금융자산이나 금융부채가 아닌 경우에는 당해금융자산의 취득 또는 금융부채의 발행과 직접적으로 관련된 거래원가를 최초인식하는 공정가치에 가산 또는 차감하고 있습니다."
    },
    {
      "sn": "dis100008sent62222163",
      "source_original": "(2) 후속측정"
    },
    {
      "sn": "dis100008sent62222164",
      "source_original": "회사는 금융자산 및 금융부채에 대하여 유효이자율법을 적용하여 상각후 원가로 측정하고 있습니다."
    },
    {
      "sn": "dis100008sent62222165",
      "source_original": "2.9 수익인식"
    },
    {
      "sn": "dis100008sent62222166",
      "source_original": "회사의 주요 수익은 용역의 제공으로 구성되어 있습니다."
    },
    {
      "sn": "dis100008sent62222167",
      "source_original": "수익은 용역의 제공 등에 대하여 받았거나 받을 대가의 공정가치로 측정하고 매출에누리와 할인 및 환입은 수익에서 차감하고 있습니다."
    },
    {
      "sn": "dis100008sent62222168",
      "source_original": "용역의 제공으로 인한 수익은 거래 전체의 수익금액을 신뢰성 있게 측정할 수 있고, 경제적 효익의 유입가능성이 매우 높고, 이미 발생한 원가 및 거래의 완료를 위하여 투입하여야 할 원가를 신뢰성 있게 측정할 수 있을 때 인식하고 있습니다."
    },
    {
      "sn": "dis100008sent62222169",
      "source_original": "2.10 중소기업회계처리에 대한 특례적용"
    },
    {
      "sn": "dis100008sent62222170",
      "source_original": "회사는 중소기업기본법 상의 중소기업에 해당하며, 다음의 사항에 대하여는 일반기업회계기준 제31장 \"중소기업회계처리 특례\"에 따라 회계처리하고 있습니다."
    },
    {
      "sn": "dis100008sent62222171",
      "source_original": "항목"
    },
    {
      "sn": "dis100008sent62222172",
      "source_original": "특례내역"
    },
    {
      "sn": "dis100008sent62222173",
      "source_original": "중단사업부문의 정보"
    },
    {
      "sn": "dis100008sent62222174",
      "source_original": "주석공시 하지 않음."
    },
    {
      "sn": "dis100008sent62222175",
      "source_original": "파생상품의 평가"
    },
    {
      "sn": "dis100008sent62222176",
      "source_original": "정형화된 시장에서 거래되지 않아 시가가 없는 파생상품에"
    },
    {
      "sn": "dis100008sent62222177",
      "source_original": "대하여는 계약시점 후 평가에 관한 회계처리를 하지 않음."
    },
    {
      "sn": "dis100008sent62222178",
      "source_original": "시장성 없는 지분증권"
    },
    {
      "sn": "dis100008sent62222179",
      "source_original": "취득원가로 평가함"
    },
    {
      "sn": "dis100008sent62222180",
      "source_original": "유형자산 및 무형자산"
    },
    {
      "sn": "dis100008sent62222181",
      "source_original": "(내용연수 및 잔존가치 결정시 법인세법 규정에 따름)"
    },
    {
      "sn": "dis100008sent62222182",
      "source_original": "장기할부로 처분한 유형자산"
    },
    {
      "sn": "dis100008sent62222183",
      "source_original": "(당해 자산의 처분이익을 할부금회수기일이 도래한 날에 실현되는 것으로 함)"
    },
    {
      "sn": "dis100008sent62222184",
      "source_original": "현재가치평가"
    },
    {
      "sn": "dis100008sent62222185",
      "source_original": "장기연불조건의 매매거래 및 장기금전대차거래 등에서 발생하는 채권ㆍ채무는 현재가치가 아닌 명목가치로 평가"
    },
    {
      "sn": "dis100008sent62222186",
      "source_original": "법인세비용"
    },
    {
      "sn": "dis100008sent62222187",
      "source_original": "법인세비용은 법인세법 등의 법령에 의하여 납부하여야 할"
    },
    {
      "sn": "dis100008sent62222188",
      "source_original": "금액으로 계상"
    },
    {
      "sn": "dis100008sent62222189",
      "source_original": "3. 유형자산"
    },
    {
      "sn": "dis100008sent62222190",
      "source_original": "가. 당기 및 전기 중 유형자산의 변동내역은 다음과 같습니다."
    },
    {
      "sn": "dis100008sent62222191",
      "source_original": "(단위:원)"
    },
    {
      "sn": "dis100008sent62222192",
      "source_original": "계정과목"
    },
    {
      "sn": "dis100008sent62222193",
      "source_original": "기초장부가액"
    },
    {
      "sn": "dis100008sent62222194",
      "source_original": "취득 등"
    },
    {
      "sn": "dis100008sent62222195",
      "source_original": "처분/폐기 등"
    },
    {
      "sn": "dis100008sent62222196",
      "source_original": "기말장부가액"
    },
    {
      "sn": "dis100008sent62222197",
      "source_original": "계"
    },
    {
      "sn": "dis100008sent62222198",
      "source_original": "나. 당기 및 전기의 유형자산 감가상각비는 전부 영업비용으로 처리되고 있습니다."
    },
    {
      "sn": "dis100008sent62222199",
      "source_original": "다. 차입원가 자본화"
    },
    {
      "sn": "dis100008sent62222200",
      "source_original": "회사는 당기중 건설중인자산 취득과 관련된 차입금에서 발생한 차입원가 46,138천원을 자본화하였습니다."
    },
    {
      "sn": "dis100008sent62222201",
      "source_original": "차입원가 자본화와 관련하여 재무제표에 미치는 영향은 다음과 같습니다."
    },
    {
      "sn": "dis100008sent62222202",
      "source_original": "당기"
    },
    {
      "sn": "dis100008sent62222203",
      "source_original": "전기"
    },
    {
      "sn": "dis100008sent62222204",
      "source_original": "차입원가를 자본화한경우"
    },
    {
      "sn": "dis100008sent62222205",
      "source_original": "차입원가를 기간비용으로 인식한 경우"
    },
    {
      "sn": "dis100008sent62222206",
      "source_original": "유형자산"
    },
    {
      "sn": "dis100008sent62222207",
      "source_original": "당기순이익"
    },
    {
      "sn": "dis100008sent62222208",
      "source_original": "라. 보험가입"
    },
    {
      "sn": "dis100008sent62222209",
      "source_original": "보고기간종료일 현재 회사의 유형자산은 한화손해보험(주)에 보험가입금액을 11,000백만원을 한도로 하는 화재보험을 가입되어 있습니다."
    },
    {
      "sn": "dis100008sent62222210",
      "source_original": "해당 보험은 KEB하나은행에 1,217백만원 한도의 질권이 설정되어 있습니다."
    },
    {
      "sn": "dis100008sent62222211",
      "source_original": "4. 보유토지 공시지가"
    },
    {
      "sn": "dis100008sent62222212",
      "source_original": "보고기간 종료일 현재 회사가 보유하고 있는 토지의 공시지가 내역은 다음과 같습니다."
    },
    {
      "sn": "dis100008sent62222213",
      "source_original": "소재지"
    },
    {
      "sn": "dis100008sent62222214",
      "source_original": "면적(㎡)"
    },
    {
      "sn": "dis100008sent62222215",
      "source_original": "장부가액"
    },
    {
      "sn": "dis100008sent62222216",
      "source_original": "공시지가"
    },
    {
      "sn": "dis100008sent62222217",
      "source_original": "인천시 남동구 구월동 1131-7 외"
    },
    {
      "sn": "dis100008sent62222218",
      "source_original": "5. 단기차입금"
    },
    {
      "sn": "dis100008sent62222219",
      "source_original": "보고기간종료일 현재 차입금의 내역은 다음과 같습니다"
    },
    {
      "sn": "dis100008sent62222220",
      "source_original": "차입금 종류"
    },
    {
      "sn": "dis100008sent62222221",
      "source_original": "차입처"
    },
    {
      "sn": "dis100008sent62222222",
      "source_original": "이자율(%)"
    },
    {
      "sn": "dis100008sent62222223",
      "source_original": "당기말"
    },
    {
      "sn": "dis100008sent62222224",
      "source_original": "전기말"
    },
    {
      "sn": "dis100008sent62222225",
      "source_original": "일시차입"
    },
    {
      "sn": "dis100008sent62222226",
      "source_original": "대주주등"
    },
    {
      "sn": "dis100008sent62222227",
      "source_original": "6. 장기차입금"
    },
    {
      "sn": "dis100008sent62222228",
      "source_original": "가"
    },
    {
      "sn": "dis100008sent62222229",
      "source_original": "보고기간종료일 현재 장기차입금의 내역은 다음과 같습니다"
    },
    {
      "sn": "dis100008sent62222230",
      "source_original": "관광진흥개발자금대출"
    },
    {
      "sn": "dis100008sent62222231",
      "source_original": "KEB하나은행"
    },
    {
      "sn": "dis100008sent62222232",
      "source_original": "시설자금대출"
    },
    {
      "sn": "dis100008sent62222233",
      "source_original": "일반자금대출"
    },
    {
      "sn": "dis100008sent62222234",
      "source_original": "신한은행"
    },
    {
      "sn": "dis100008sent62222235",
      "source_original": "차감: 유동성 대체"
    },
    {
      "sn": "dis100008sent62222236",
      "source_original": "잔액"
    },
    {
      "sn": "dis100008sent62222237",
      "source_original": "나. 장기차입금의 상환계획은 다음과 같습니다."
    },
    {
      "sn": "dis100008sent62222238",
      "source_original": "종류"
    },
    {
      "sn": "dis100008sent62222239",
      "source_original": "상환금액"
    },
    {
      "sn": "dis100008sent62222240",
      "source_original": "2023년"
    },
    {
      "sn": "dis100008sent62222241",
      "source_original": "2024년"
    },
    {
      "sn": "dis100008sent62222242",
      "source_original": "2025년"
    },
    {
      "sn": "dis100008sent62222243",
      "source_original": "2026년"
    },
    {
      "sn": "dis100008sent62222244",
      "source_original": "2027년이후"
    },
    {
      "sn": "dis100008sent62222245",
      "source_original": "장기차입금"
    },
    {
      "sn": "dis100008sent62222246",
      "source_original": "7. 우발채무 및 약정사항"
    },
    {
      "sn": "dis100008sent62222247",
      "source_original": "보고기간종료일 현재 회사의 채무 등을 위하여 담보 제공한 회사 자산의 내용은 다음과 같습니다."
    },
    {
      "sn": "dis100008sent62222248",
      "source_original": "담보설정금액"
    },
    {
      "sn": "dis100008sent62222249",
      "source_original": "담보권자"
    },
    {
      "sn": "dis100008sent62222250",
      "source_original": "토지 및 건물"
    },
    {
      "sn": "dis100008sent62222251",
      "source_original": "차입금담보 관련 근저당"
    },
    {
      "sn": "dis100008sent62222252",
      "source_original": "8. 특수관계자 공시"
    },
    {
      "sn": "dis100008sent62222253",
      "source_original": "가. 보고기간 종료일 현재 특수관계자에 대한 채권ㆍ채무 내역은 다음과 같습니다."
    },
    {
      "sn": "dis100008sent62222254",
      "source_original": "특수관계자"
    },
    {
      "sn": "dis100008sent62222255",
      "source_original": "단기차입금"
    },
    {
      "sn": "dis100008sent62222256",
      "source_original": "(회사 또는 회사의 지배기업의 주요 경영진)"
    },
    {
      "sn": "dis100008sent62222257",
      "source_original": "나. 보고기간 종료일 현재 특수관계자에 대한 차입금 기중 거래 내역은 다음과 같습니다."
    },
    {
      "sn": "dis100008sent62222258",
      "source_original": "차입"
    },
    {
      "sn": "dis100008sent62222259",
      "source_original": "상환"
    },
    {
      "sn": "dis100008sent62222260",
      "source_original": "9. 자본금"
    },
    {
      "sn": "dis100008sent62222261",
      "source_original": "보고기간 종료일 현재 자본금의 내역은 다음과 같습니다."
    },
    {
      "sn": "dis100008sent62222262",
      "source_original": "(단위: 주, 원)"
    },
    {
      "sn": "dis100008sent62222263",
      "source_original": "발행할 주식의 총수"
    },
    {
      "sn": "dis100008sent62222264",
      "source_original": "1주당 금액"
    },
    {
      "sn": "dis100008sent62222265",
      "source_original": "발행주식총수"
    },
    {
      "sn": "dis100008sent62222266",
      "source_original": "기말 자본금"
    },
    {
      "sn": "dis100008sent62222267",
      "source_original": "10. 포괄손익계산서"
    },
    {
      "sn": "dis100008sent62222268",
      "source_original": "당기 및 전기 회사의 포괄손익은 기타포괄손익이 없어 당기 및 전기의 손익계산서상 순손익과 동일합니다."
    },
    {
      "sn": "dis100008sent62222269",
      "source_original": "11. 결손금처리계산서"
    },
    {
      "sn": "dis100008sent62222270",
      "source_original": "당 기"
    },
    {
      "sn": "dis100008sent62222271",
      "source_original": "전 기"
    },
    {
      "sn": "dis100008sent62222272",
      "source_original": "I. 미처리결손금"
    },
    {
      "sn": "dis100008sent62222273",
      "source_original": "1. 전기이월미처리결손금"
    },
    {
      "sn": "dis100008sent62222274",
      "source_original": "2. 당기순이익(손실)"
    },
    {
      "sn": "dis100008sent62222275",
      "source_original": "II. 결손금처리액"
    },
    {
      "sn": "dis100008sent62222276",
      "source_original": "III. 차기이월미처리결손금"
    },
    {
      "sn": "dis100008sent62222277",
      "source_original": "당기 결손금처리계산서 처리예정일은 2022년 3월 31일(전기 처리확정일: 2021년 3월 31일)입니다."
    },
    {
      "sn": "dis100008sent62222278",
      "source_original": "12. 법인세등"
    },
    {
      "sn": "dis100008sent62222279",
      "source_original": "법인세비용은 일반기업회계기준 제31장 \"중소기업회계처리 특례\" 규정에 따라서 법인세법등의 법령에 의하여 납부하여야 할 금액으로 계상하고 있으며, 회사의 지방소득세를 포함한 법인세등의 법정세율은 과세표준의 22%입니다."
    },
    {
      "sn": "dis100008sent62222280",
      "source_original": "한편, 당기와 전기 법인세등은 발생한 금액이 없습니다."
    },
    {
      "sn": "dis100008sent62222281",
      "source_original": "13. 현금흐름표"
    },
    {
      "sn": "dis100008sent62222282",
      "source_original": "현금흐름표는 간접법으로 작성되었으며 현금의 유입과 유출이 없는 거래 내역은 다음과 같습니다."
    },
    {
      "sn": "dis100008sent62222283",
      "source_original": "장기차입금의 유동성 대체"
    },
    {
      "sn": "dis100008sent62222284",
      "source_original": "14. 금융부채의 만기분석 및 유동성 위험관리"
    },
    {
      "sn": "dis100008sent62222285",
      "source_original": "가. 금융부채의 만기분석"
    },
    {
      "sn": "dis100008sent62222286",
      "source_original": "현금 등 금융자산을 인도하여 결제하는 금융부채의 종류별 만기분석 내역은 다음과 같습니다."
    },
    {
      "sn": "dis100008sent62222287",
      "source_original": "6개월 미만"
    },
    {
      "sn": "dis100008sent62222288",
      "source_original": "6개월 ~ 1년"
    },
    {
      "sn": "dis100008sent62222289",
      "source_original": "1년 이상"
    },
    {
      "sn": "dis100008sent62222290",
      "source_original": "미지급금"
    },
    {
      "sn": "dis100008sent62222291",
      "source_original": "미지급비용"
    },
    {
      "sn": "dis100008sent62222292",
      "source_original": "유동성장기부채"
    },
    {
      "sn": "dis100008sent62222293",
      "source_original": "임대보증금"
    },
    {
      "sn": "dis100008sent62222294",
      "source_original": "나. 유동성 위험 관리"
    },
    {
      "sn": "dis100008sent62222295",
      "source_original": "유동성위험이란 당사가 금융부채와 관련된 의무를 충족하는 데 어려움을 겪게 될 위험을 의미합니다."
    },
    {
      "sn": "dis100008sent62222296",
      "source_original": "당사의 유동성 관리방법은 재무적으로 어려운 상황에서도 받아들일 수 없는 손실이 발생하거나, 당사의 평판에 손상을 입힐 위험 없이, 만기일에 부채를 상환할 수 있는 충분한 유동성을 유지하도록 하는 것입니다."
    },
    {
      "sn": "dis100008sent62222297",
      "source_original": "당사는 부채 상환을 포함한 유동성 위험과 관련하여 적정 규모의 현금및현금성자산을 보유하고 있습니 다."
    },
    {
      "sn": "dis100008sent62222298",
      "source_original": "여기에는 합리적으로 예상할 수 없는 극단적인 상황으로 인한 잠재적인 효과는 포함되지 않았습니다."
    },
    {
      "sn": "dis100008sent62222299",
      "source_original": "부가가치 계산에 필요한 항목"
    },
    {
      "sn": "dis100008sent62222300",
      "source_original": "당기와 전기에 발생한 부가가치계산에 필요한 계정과목의 내역은 다음과 같습니다."
    },
    {
      "sn": "dis100008sent62222301",
      "source_original": "급여"
    },
    {
      "sn": "dis100008sent62222302",
      "source_original": "복리후생비"
    },
    {
      "sn": "dis100008sent62222303",
      "source_original": "세금과공과"
    },
    {
      "sn": "dis100008sent62222304",
      "source_original": "16. 영업환경의 중요한 불확실성"
    },
    {
      "sn": "dis100008sent62222305",
      "source_original": "재무제표 작성시 사용된 중요한 회계추정 및 가정은 COVID-19에 따른 불확실성의 변동에 따라 조정될 수 있으며, COVID-19로 인하여 회사의 사업, 재무상태 및 경영성과 등에 미칠 궁극적인 영향은 현재 예측할 수 없습니다."
    },
    {
      "sn": "dis100008sent62222306",
      "source_original": "외부감사 실시내용"
    },
    {
      "sn": "dis100008sent62222307",
      "source_original": "「주식회사 등의 외부감사에 관한 법률」제18조제3항의 규정에 의하여 외부감사 실시내용을 첨부합니다."
    },
    {
      "sn": "dis100008sent62222308",
      "source_original": "1. 감사대상업무"
    },
    {
      "sn": "dis100008sent62222309",
      "source_original": "회 사 명"
    },
    {
      "sn": "dis100008sent62222310",
      "source_original": "케이브이엠주식회사"
    },
    {
      "sn": "dis100008sent62222311",
      "source_original": "감사대상 사업연도"
    },
    {
      "sn": "dis100008sent62222312",
      "source_original": "2. 감사참여자 구분별 인원수 및 감사시간"
    },
    {
      "sn": "dis100008sent62222313",
      "source_original": "(단위 : 명, 시간)"
    },
    {
      "sn": "dis100008sent62222314",
      "source_original": "감사참여자"
    },
    {
      "sn": "dis100008sent62222315",
      "source_original": "인원수 및 시간"
    },
    {
      "sn": "dis100008sent62222316",
      "source_original": "품질관리"
    },
    {
      "sn": "dis100008sent62222317",
      "source_original": "검토자"
    },
    {
      "sn": "dis100008sent62222318",
      "source_original": "(심리실 등)"
    },
    {
      "sn": "dis100008sent62222319",
      "source_original": "감사업무 담당 회계사"
    },
    {
      "sn": "dis100008sent62222320",
      "source_original": "전산감사ㆍ"
    },
    {
      "sn": "dis100008sent62222321",
      "source_original": "세무ㆍ가치평가"
    },
    {
      "sn": "dis100008sent62222322",
      "source_original": "등 전문가"
    },
    {
      "sn": "dis100008sent62222323",
      "source_original": "건설계약 등"
    },
    {
      "sn": "dis100008sent62222324",
      "source_original": "수주산업"
    },
    {
      "sn": "dis100008sent62222325",
      "source_original": "전문가"
    },
    {
      "sn": "dis100008sent62222326",
      "source_original": "담당이사"
    },
    {
      "sn": "dis100008sent62222327",
      "source_original": "(업무수행이사)"
    },
    {
      "sn": "dis100008sent62222328",
      "source_original": "등록"
    },
    {
      "sn": "dis100008sent62222329",
      "source_original": "공인회계사"
    },
    {
      "sn": "dis100008sent62222330",
      "source_original": "수습"
    },
    {
      "sn": "dis100008sent62222331",
      "source_original": "투입 인원수"
    },
    {
      "sn": "dis100008sent62222332",
      "source_original": "투입시간"
    },
    {
      "sn": "dis100008sent62222333",
      "source_original": "분ㆍ반기검토"
    },
    {
      "sn": "dis100008sent62222334",
      "source_original": "감사"
    },
    {
      "sn": "dis100008sent62222335",
      "source_original": "(주) 전기 감사시간은 타 감사인이 전기에 업무를 수행한 시간입니다."
    },
    {
      "sn": "dis100008sent62222336",
      "source_original": "3. 주요 감사실시내용"
    },
    {
      "sn": "dis100008sent62222337",
      "source_original": "구 분"
    },
    {
      "sn": "dis100008sent62222338",
      "source_original": "내 역"
    },
    {
      "sn": "dis100008sent62222339",
      "source_original": "전반감사계획"
    },
    {
      "sn": "dis100008sent62222340",
      "source_original": "(감사착수단계)"
    },
    {
      "sn": "dis100008sent62222341",
      "source_original": "수행시기"
    },
    {
      "sn": "dis100008sent62222342",
      "source_original": "일"
    },
    {
      "sn": "dis100008sent62222343",
      "source_original": "주요내용"
    },
    {
      "sn": "dis100008sent62222344",
      "source_original": "감사위험 평가 및 감사절차의 성격, 시기, 범위 결정"
    },
    {
      "sn": "dis100008sent62222345",
      "source_original": "현장감사"
    },
    {
      "sn": "dis100008sent62222346",
      "source_original": "투입인원"
    },
    {
      "sn": "dis100008sent62222347",
      "source_original": "주요 감사업무 수행내용"
    },
    {
      "sn": "dis100008sent62222348",
      "source_original": "상주"
    },
    {
      "sn": "dis100008sent62222349",
      "source_original": "비상주"
    },
    {
      "sn": "dis100008sent62222350",
      "source_original": "중간감사"
    },
    {
      "sn": "dis100008sent62222351",
      "source_original": "명"
    },
    {
      "sn": "dis100008sent62222352",
      "source_original": "내부통제 이해 및 평가"
    },
    {
      "sn": "dis100008sent62222353",
      "source_original": "기말감사"
    },
    {
      "sn": "dis100008sent62222354",
      "source_original": "중요 계정잔액 및 공시내용에 대해 질문, 분석적절차, 표본점검 등"
    },
    {
      "sn": "dis100008sent62222355",
      "source_original": "재고자산실사(입회)"
    },
    {
      "sn": "dis100008sent62222356",
      "source_original": "실사(입회)시기"
    },
    {
      "sn": "dis100008sent62222357",
      "source_original": "실사(입회)장소"
    },
    {
      "sn": "dis100008sent62222358",
      "source_original": "실사(입회)대상"
    },
    {
      "sn": "dis100008sent62222359",
      "source_original": "금융자산실사(입회)"
    },
    {
      "sn": "dis100008sent62222360",
      "source_original": "외부조회"
    },
    {
      "sn": "dis100008sent62222361",
      "source_original": "금융거래조회"
    },
    {
      "sn": "dis100008sent62222362",
      "source_original": "채권채무조회"
    },
    {
      "sn": "dis100008sent62222363",
      "source_original": "변호사조회"
    },
    {
      "sn": "dis100008sent62222364",
      "source_original": "기타조회"
    },
    {
      "sn": "dis100008sent62222365",
      "source_original": "지배기구와의"
    },
    {
      "sn": "dis100008sent62222366",
      "source_original": "커뮤니케이션"
    },
    {
      "sn": "dis100008sent62222367",
      "source_original": "커뮤니케이션 횟수"
    },
    {
      "sn": "dis100008sent62222368",
      "source_original": "외부전문가 활용"
    },
    {
      "sn": "dis100008sent62222369",
      "source_original": "감사 활용 내용"
    },
    {
      "sn": "dis100008sent62222370",
      "source_original": "4. 감사(감사위원회)와의 커뮤니케이션"
    },
    {
      "sn": "dis100008sent62222371",
      "source_original": "일자"
    },
    {
      "sn": "dis100008sent62222372",
      "source_original": "참석자"
    },
    {
      "sn": "dis100008sent62222373",
      "source_original": "방식"
    },
    {
      "sn": "dis100008sent62222374",
      "source_original": "주요 논의 내용"
    },
    {
      "sn": "dis100008sent62222375",
      "source_original": "2022년 01월 07일"
    },
    {
      "sn": "dis100008sent62222376",
      "source_original": "회사: 대표이사"
    },
    {
      "sn": "dis100008sent62222377",
      "source_original": "감사인: 업무수행이사"
    },
    {
      "sn": "dis100008sent62222378",
      "source_original": "대면회의"
    },
    {
      "sn": "dis100008sent62222379",
      "source_original": "감사전략 및 계획, 감사인의 독립성 등"
    },
    {
      "sn": "dis100008sent62222380",
      "source_original": "2022년 03월 18일"
    },
    {
      "sn": "dis100008sent62222381",
      "source_original": "비대면회의"
    },
    {
      "sn": "dis100008sent62222382",
      "source_original": "감사종결보고, 감사인의 독립성 등"
    }
  ]
}