{
  "meta": {
    "doc_no": "news101042",
    "domain": "금융",
    "category": "뉴스기사",
    "license": "open",
    "source_language": "ko"
  },
  "sents": [
    {
      "sn": "news101042sent1226194",
      "source_original": "유럽 주요국 증시는 8일(현지시간) 대부분 소폭 상승 마감했다."
    },
    {
      "sn": "news101042sent1226195",
      "source_original": "프랑스 파리 증시의 CAC40 지수는 전 거래일 종가 대비 0.27% 오른 7,028.41로, 독일 프랑크푸르트 증시의 DAX30 지수는 0.24 상승한 15,242.38로 장을 마쳤다."
    },
    {
      "sn": "news101042sent1226196",
      "source_original": "범유럽 지수인 유로 Stoxx50은 0.21% 상승한 4,129.25로 종료했지만, 영국 런던의 FTSE 100은 0.08% 하락한 7,567.07을 기록했다."
    },
    {
      "sn": "news101042sent1226197",
      "source_original": "시장은 미국이 10일 발표하는 인플레이션 지표인 소비자물가지수(CPI)를 주시했다고 AFP 통신이 전했다."
    },
    {
      "sn": "news101042sent1226198",
      "source_original": "CMC 마켓의 애널리스트 마이클 휴슨은 중앙은행이 금리를 인상한다는 아이디어에 대부분 투자자가 익숙해져 있다고 분석했다."
    }
  ]
}