{
  "meta": {
    "doc_no": "news101277",
    "domain": "금융",
    "category": "뉴스기사",
    "license": "open",
    "source_language": "ko"
  },
  "sents": [
    {
      "sn": "news101277sent1228820",
      "source_original": "전남 함평군 현직 군의원이 부동산 불법 이중매매에 관여한 혐의로 경찰 수사를 받고 있다."
    },
    {
      "sn": "news101277sent1228821",
      "source_original": "함평경찰서는 한 건설업자가 부동산 이중 매매 혐의(배임) 등으로 현직 군의원 A씨를 고소한 사건을 조사 중이라고 10일 밝혔다."
    },
    {
      "sn": "news101277sent1228822",
      "source_original": "고소장에 따르면 A 의원은 지난해 3월 축산업을 하는 자신의 아들과 부인의 명의로 함평군 손불면 소재 임야 5만3천㎡를 매입했다."
    },
    {
      "sn": "news101277sent1228823",
      "source_original": "그러나 이 부동산은 고소인 측이 이미 2014년 2월 원소유주에게 매입하기로 하고 중도금까지 치렀다가 특약 조건이 이행되지 않자 소송을 진행하던 곳이었다."
    },
    {
      "sn": "news101277sent1228824",
      "source_original": "이중 매매를 한 원소유자는 사기 혐의로 기소돼 재판을 받고 있는데 고소인 측은 A의원이 이중매매 사실을 알고도 토지를 매입한 것이라고 주장하며 추가 고소장을 냈다."
    },
    {
      "sn": "news101277sent1228825",
      "source_original": "경찰은 고소 내용을 토대로 A 의원 등을 상대로 사실관계를 확인하고 있다."
    },
    {
      "sn": "news101277sent1228826",
      "source_original": "이에 대해 A 의원은 원소유주와 알고 지낸 사실은 인정하면서도 \"매매가 진행 중인 토지였는지 알지 못했다\"며 \"아내와 아들이 매매한 것일 뿐 나는 관여하지 않았다\"고 해명했다."
    }
  ]
}