{
  "meta": {
    "doc_no": "paper100011",
    "domain": "금융",
    "category": "학술논문",
    "license": "open",
    "source_language": "ko"
  },
  "doc_info": {
    "source": "한국공인회계사회",
    "journal_name": "회계ㆍ세무와 감사 연구",
    "vol_info": "2007, vol.,no.45, pp. 237-276 (40 pages)",
    "doi": "10.22781/kicpa.2007..45.237",
    "title": "내부감사부서의 특성과 외부감사노력과의 관련성에 대한 연구",
    "date": 202206
  },
  "sents": [
    {
      "page": 19,
      "sn": "paper100011sent986804",
      "source_original": "또한, 내부감사부서의 독립성에 대한 보다 세부적인 측정치를 활용하여 부서의 독립성에 영향을 미칠 수 있는 요소 들을 보다 다양하게 고려하였다."
    },
    {
      "page": 19,
      "sn": "paper100011sent986805",
      "source_original": "내부 감사부서를 보유한 기업은 그렇지 않은 기업에 비해 외부감사노력이 증가하였으나 내부감사 부서의 특성이 우수한 경우 외부감사노력은 오히려 감소하는 것으로 나타났다."
    },
    {
      "page": 19,
      "sn": "paper100011sent986806",
      "source_original": "이는 단순히 부서의 보유여부만으로는 외부감사인의 내부감사의존도에 유의한 영향을 미치지 않으나 내부 감사부서의 특성이 우수할수록 기업의 내부감사기능이 향상되면서 외부감사인 입장에서 감사 위험을 낮추는 등 감사수행에 고려대상이 되어 상대적으로 외부감사노력을 낮출 수 있다는 것을 의미한다."
    },
    {
      "page": 19,
      "sn": "paper100011sent986807",
      "source_original": "이 밖에도 기존 연구에서는 주로 내부감사부서만 관심변수로 두었으나 본 연구에서는 내부감사부서 뿐만 아니라 기업의 내부감사기구인 감사 위원회를 고려하여 감사위원회가 내부감사부서와 외부감사노력간 관계에 어떠한 영향을 미치 는지를 확인하였다."
    },
    {
      "page": 19,
      "sn": "paper100011sent986808",
      "source_original": "본 연구를 통해 내부감사인의 역할에 대한 연구가 확장되고 내부감사부서 를 비롯한 기업지배구조 전반에 대한 정책적 시사점을 제공하는 한편, 부서 운영과 관련된 기 업의 합리적인 의사결정에도 기여할 수 있기를 바란다."
    },
    {
      "page": 19,
      "sn": "paper100011sent986809",
      "source_original": "기존에는 내부감사활동에 대한 보고가 감사위원회에 이루어 지는지를 확인한데 비해, 본 연구에서는 이와 더불어 내부감사부서장의 직위, 감사위원회에서 부서장 임면동의권이 부여되는지, 부서의 업무계획･성과평가 등을 보고･결정하는지 여부를 추가적으로 파악하였다 (Prawitt et al.2009)."
    },
    {
      "page": 19,
      "sn": "paper100011sent986810",
      "source_original": "이를 통해 내부감사부서의 보유유무 및 세부특성을 각각 구 분하여 경우에 따라 외부감사노력에 미치는 영향이 상이함을 보였다."
    },
    {
      "page": 19,
      "sn": "paper100011sent986811",
      "source_original": "본 연구는 다음과 같은 공헌점을 지닌다고 할 수 있다."
    },
    {
      "page": 19,
      "sn": "paper100011sent986812",
      "source_original": "다만, 감사위원회가 내부감사부서와 더불어 효과적으로 운영되는 경우 외부감 사인 측면(공급자적 입장)보다는 외부감사의 수요자인 기업의 입장에서의 고품질의 외부감사 에 대한 요구가 더욱 강해져 외부감사노력을 더 투입하게 되어 결과적으로 내부감사부서 특 성과 외부감사 시간, 보수와의 음(-)의 관계를 보다 완화하는 것으로 파악된다."
    },
    {
      "page": 19,
      "sn": "paper100011sent986813",
      "source_original": "다만, 내부감사부서와 관련된 공시데이터는 2018년부터 감사위원회가 있는 상장사를 대상 으로만 수집을 하여 내생성의 문제가 존재할 가능성이 있다."
    },
    {
      "page": 19,
      "sn": "paper100011sent986814",
      "source_original": "이러한 상황에서 본 연구는 내부감사부서의 보유유무 및 특성(규모, 전문성, 독립성)에 따라 외부감사노력인 감사시간 및 보수에 어떠한 영향을 미치는지를 실증적으로 분석하였다."
    },
    {
      "page": 19,
      "sn": "paper100011sent986815",
      "source_original": "Ⅴ. 결 론 최근 국내에서 지배구조보고서 의무화 등 지배구조 관련 공시제도가 강화되면서 내부감사 부서에 대한 현황이 공시되기 시작하였으며, 대우조선해양 등 대규모 회계부정사건과 관련하 여 내부감사부서에 대한 관심 역시 증대되었다."
    },
    {
      "page": 19,
      "sn": "paper100011sent986816",
      "source_original": "또한 내부감사부서에 대한 공시"
    },
    {
      "page": 19,
      "sn": "paper100011sent986817",
      "source_original": "먼저, 설문조사나 실험연구 위주로 진행된 기존 연구에 비해 사업보고서, 지배구조보고서를 통한 공시자료를 활용함으로써 자료 의 객관성, 신뢰성을 향상시켰다."
    }
  ]
}