{
  "meta": {
    "doc_no": "paper100",
    "domain": "금융",
    "category": "학술논문",
    "license": "open",
    "source_language": "ko"
  },
  "doc_info": {
    "source": "(사)한국보험법학회",
    "journal_name": "보험법연구",
    "vol_info": "2018, vol.12,no.2, pp. 121-151 (31 pages)",
    "doi": "10.36248/kdps.2018.12.2.121",
    "title": "보험증권상 피보험자의 사기행위와 보험계약의 효력 - 대법원 2014. 9. 4. 선고 2012다67559 판결을 중심으로 -",
    "date": 201506
  },
  "sents": [
    {
      "page": 22,
      "sn": "paper100sent681",
      "source_original": "이 사건 대법원 판결이 청약서 및 보험증권상 기재만을 형식적으로 해석하지 않고 할부금융특별약관을 도입하게 된 배경이나 취지는 어떤 것인지, 부보하고자 하는 위험이 무엇인지 등 계약의 실체적인 면을 파악하여 주계약 및 피보험자를 확정한 것은 합리적인 판단이라고 평가된다."
    },
    {
      "page": 22,
      "sn": "paper100sent682",
      "source_original": "반면에 보험계약자인 X, Y회사는 차량 1대당 계약금 으로 각 1,000,000원씩 지급했고, 이 사건 보증보험계약에 가입하면서 보험료 정 도를 지출한 것이 전부일 것이다."
    },
    {
      "page": 22,
      "sn": "paper100sent683",
      "source_original": "2014년 상반기 보 험사기 적발규모가 총 2,869억 원27)이라는 점에 비추어 보면 단일 사건으로는 결코 적지 않은 금액이다."
    },
    {
      "page": 22,
      "sn": "paper100sent684",
      "source_original": "피고1이 이 사건 보증보험계약에 따라 원고에게 지 급할 보험금은 차량 1대당 보험가입금액이 136,092,000원 이므로 이 사건 트럭 에 대한 지급보험금의 합계는 무려 1,224,828,000원에 이른다."
    },
    {
      "page": 22,
      "sn": "paper100sent685",
      "source_original": "이 사건을 비롯해 기초적 사실관계가 동일한 관련 사건들에서 보험계약자인 구매회사들이 차량을 인도받은 직후 대출원리금을 연체28)하였다는 점과 매매목적물인 차량이 소재불명이라는 점에 비추어 보면 차 량 구매회사들이 보증보험계약을 체결할 무렵 대출원리금을 변제할 자력이나 변 제의사가 있었다고 보기는 어렵다고 판단된다."
    },
    {
      "page": 22,
      "sn": "paper100sent686",
      "source_original": "위 사건들의 피고가 모두 보증보험회사였으므로 결국 보험사들 사이에서 누가 최종적인 위험을 떠맡을 것인지 싸우는 격이 되어 버렸 다 ."
    },
    {
      "page": 22,
      "sn": "paper100sent687",
      "source_original": "이 사건의 원고는 생명보험사인데, 공교롭게도 Ⅳ.에서 소개한 관련 판례들의 원 고들 역시 생명보험사였다."
    },
    {
      "page": 22,
      "sn": "paper100sent688",
      "source_original": "종래 서울고등법원의 판결들이 엇갈 렸던 상황을 법리적 측면에서 정리해 주었다는 점에서도 의의가 있다 할 것이다."
    },
    {
      "page": 22,
      "sn": "paper100sent689",
      "source_original": "이 사건 보증보험계약은 포괄협약, 매매계약, 대출계약과 같은 여러 계약들과 연계되어 있고 관련 당사자도 다수인데 그 상품구조가 보험사기에 취약한 것으 로 판명되었으며 지급보험금의 규모가 일반 보험계약에 비해 상대적으로 크다는 점도 무시할 수 없을 것이다."
    }
  ]
}