{
  "meta": {
    "doc_no": "paper100010",
    "domain": "금융",
    "category": "학술논문",
    "license": "open",
    "source_language": "ko"
  },
  "doc_info": {
    "source": "한국공인회계사회",
    "journal_name": "회계ㆍ세무와 감사 연구",
    "vol_info": "2007, vol.,no.45, pp. 237-276 (40 pages)",
    "doi": "10.22781/kicpa.2007..45.237",
    "title": "내부감사부서의 특성과 외부감사노력과의 관련성에 대한 연구",
    "date": 202206
  },
  "sents": [
    {
      "page": 18,
      "sn": "paper100010sent986798",
      "source_original": "&lt;표 6&gt; Hypothesis 3"
    },
    {
      "page": 18,
      "sn": "paper100010sent986799",
      "source_original": "이는 감사위원회가 외부감사인에 대해 선임권한을 가지고 있어 우수한 내부감사 부서를 보유한 기업에서 감사위원회 또한 효과적으로 운영이 된다면 기업 차원에서 내부통제 수준을 적절하게 유지하기 위해 외부감사인에게 고품질의 감사를 요구하는 것으로 해석된다."
    },
    {
      "page": 18,
      "sn": "paper100010sent986800",
      "source_original": "특히, 내부감사기구의 커뮤니케이션이 강화되면서 기업에 대한 모니터링 기능이 강화되고 선행연구에서도 감사기구 입장에서 재무보고 오류로 인한 손해배 상책임과 명성의 훼손을 우려하여 보다 고품질의 외부감사를 요구함에 따라 감사범위 및 보 수가 상승하게 되어 내부감사와 외부감사간 보완적 관계를 제시하기도 하였다 (Abbott and 효과적으로 운영되는 경우 기업의 외부감사 수요가 강해져 외부감사시간, 보수가 증가하게 되 었으며, 가설 2에서 나타난 내부감사특성과 외부감사노력간 음(-)의 관계는 다소 완화된다고 볼 수 있다."
    },
    {
      "page": 18,
      "sn": "paper100010sent986801",
      "source_original": "&lt;표 6&gt;에 따르면, 내부감 사부서 특성(IAF)와 감사위원회 특성(AC_HIGH)를 결합한 변수(IAF*AC_HIGH)의 경우 외부감 사 시간, 보수에 모두 유의한 양(+)의 관계를 보이고 있다."
    },
    {
      "page": 18,
      "sn": "paper100010sent986802",
      "source_original": "변수로 활용한 내부감사부서의 종합특성(IAF)을 결합(Interaction)한 변수를 추가하여 해당 변 수가 외부감사시간, 보수에 어떠한 영향을 미치는지를 확인하였다."
    },
    {
      "page": 18,
      "sn": "paper100010sent986803",
      "source_original": "즉, 우수한 감사위원회와 내부감사 부서가 존재하는 경우 기업이 보다 감사(모니터링)에 관심을 기울이기 되어 고품질의 외부감 사를 요구한다고 볼 수 있다."
    }
  ]
}