{
  "meta": {
    "doc_no": "paper100003",
    "domain": "금융",
    "category": "학술논문",
    "license": "open",
    "source_language": "ko"
  },
  "doc_info": {
    "source": "한국공인회계사회",
    "journal_name": "회계ㆍ세무와 감사 연구",
    "vol_info": "2007, vol.,no.45, pp. 237-276 (40 pages)",
    "doi": "10.22781/kicpa.2007..45.237",
    "title": "내부감사부서의 특성과 외부감사노력과의 관련성에 대한 연구",
    "date": 202206
  },
  "sents": [
    {
      "page": 11,
      "sn": "paper100003sent986766",
      "source_original": "내부감사부서의 특성변수인 부서규모의 평균(중위값)은 0.0143(0.0034) 로 확인되었으며, 내부감사부서 직원의 평균근무연수(중위값)는 1.5267(1.4816), 부서의 독립성 정도는 1.5940(2.0)로 나타났다."
    },
    {
      "page": 11,
      "sn": "paper100003sent986767",
      "source_original": "종속변수인 감사보수 및 감사시간은 평 균은 각각 12.8862, 8.4650이며, 중위값은 12.8674, 8.4284로 전체표본기업(패널 A)보다 다소 증 가한 것으로 나타났다."
    },
    {
      "page": 11,
      "sn": "paper100003sent986768",
      "source_original": "관심변수인 내부감사부서 보유유무의 평균 은 0.3705로 대상기업 중 내부감사부서가 존재하는 기업은 약 40%를 차지하고 있는 것으로 확인되었다."
    },
    {
      "page": 11,
      "sn": "paper100003sent986769",
      "source_original": "패널 B에서는 내부감사부서가 존재하는 기업(N=468)을 대상으로 내부감사부서의 특성변수, 종속변수 및 통제변수에 대한 정보를 제공하고 있다."
    },
    {
      "page": 11,
      "sn": "paper100003sent986770",
      "source_original": "기술통계량 및 상관관계 &lt;표 2&gt;에서는 회귀모형에 포함된 변수에 대한 기술통계를 보여주고 있다."
    },
    {
      "page": 11,
      "sn": "paper100003sent986771",
      "source_original": "&lt;표 2&gt; Descriptive Statistics"
    },
    {
      "page": 11,
      "sn": "paper100003sent986772",
      "source_original": "패널 A는 전체표 본기업(N=1,487)을 대상으로 분석한 결과로서 감사보수의 평균(중위수)은 12.2302(12.1007)이 며, 감사시간의 평균(중위수)은 7.8293(7.6290)이다."
    },
    {
      "page": 11,
      "sn": "paper100003sent986773",
      "source_original": "Ⅳ. 연구 결과 1."
    }
  ]
}