{
  "meta": {
    "doc_no": "paper100012",
    "domain": "금융",
    "category": "학술논문",
    "license": "open",
    "source_language": "ko"
  },
  "doc_info": {
    "source": "한국공인회계사회",
    "journal_name": "회계ㆍ세무와 감사 연구",
    "vol_info": "2007, vol.,no.45, pp. 237-276 (40 pages)",
    "doi": "10.22781/kicpa.2007..45.237",
    "title": "내부감사부서의 특성과 외부감사노력과의 관련성에 대한 연구",
    "date": 202206
  },
  "sents": [
    {
      "page": 20,
      "sn": "paper100012sent986818",
      "source_original": "하지 만 기존 선행연구에서는 내부감사부서의 특성에 대해서는 연구가 활발히 진행되지 않았다는 점에서 본 연구가 실무적인 기여점이 있다고 사료된다."
    },
    {
      "page": 20,
      "sn": "paper100012sent986819",
      "source_original": "또한 추후 연구에서는 이러한 한계점 을 극복하고 내부감사부서와 관련된 다양한 연구들이 이루어지길 기대해본다."
    },
    {
      "page": 20,
      "sn": "paper100012sent986820",
      "source_original": "“본 연구자는 한국공인회계사회의 논문편집위원회가 제공･공표한 ｢학술지 연구윤리규정｣을 엄정히 준수하였습니다.”"
    },
    {
      "page": 20,
      "sn": "paper100012sent986821",
      "source_original": "기간이 짧아 관련 데이터가 많이 축적되지는 않은 점, 내부감사부서의 구체적인 활동내역에 대해서는 확인이 어려운 점 등을 고려할 때, 본 연구의 한계점이 존재한다고 할 수 있다."
    }
  ]
}