{
  "meta": {
    "doc_no": "paper100007",
    "domain": "금융",
    "category": "학술논문",
    "license": "open",
    "source_language": "ko"
  },
  "doc_info": {
    "source": "한국공인회계사회",
    "journal_name": "회계ㆍ세무와 감사 연구",
    "vol_info": "2007, vol.,no.45, pp. 237-276 (40 pages)",
    "doi": "10.22781/kicpa.2007..45.237",
    "title": "내부감사부서의 특성과 외부감사노력과의 관련성에 대한 연구",
    "date": 202206
  },
  "sents": [
    {
      "page": 15,
      "sn": "paper100007sent986780",
      "source_original": "따라서 감사품질을 제고하기 위해서는 감사투입량이 커져야 하므로 감사보수, 시간이 증가하 는 결과가 나타났다."
    },
    {
      "page": 15,
      "sn": "paper100007sent986781",
      "source_original": "분석결과, 가설에 대한 관심변수인 내부감사부서(IAD_PRE)를 보유하고 있는 기업은 그렇지 않은 기업에 비해 감사보수 및 감사시간 모두 유의한 양(+)의 상관관계를 지니고 있는 것으로 나타났다."
    },
    {
      "page": 15,
      "sn": "paper100007sent986782",
      "source_original": "2. 실증분석 결과 &lt;표 4&gt;는 가설 1을 검증하기 위해 외부감사인의 감사노력에 대한 종속변수로 감사보수, 시 간을 이용하여 내부감사부서 유무와의 상관관계를 분석한 연구결과이다."
    },
    {
      "page": 15,
      "sn": "paper100007sent986783",
      "source_original": "위와 같은 결과는 내부감사부서를 보유하는 기업은 상대적으로 양호한 내부통제시 스템, 지배구조를 가지고 있으며, 이러한 경우 기업입장에서 오히려 모니터링 기능 강화, 기업 의 신뢰성 제고를 위하여 고품질의 외부감사를 요구하는 경향이 더 크다고 해석할 수 있다."
    },
    {
      "page": 15,
      "sn": "paper100007sent986784",
      "source_original": "반면에 외부감사인의 내부감사의존도는 내부감사부서 존재여부만으로는 큰 변화가 나타나지는 않는다는 것을 알 수 있다."
    },
    {
      "page": 15,
      "sn": "paper100007sent986785",
      "source_original": "&lt;표 4&gt; Hypothesis 1 가설 2를 검증하기 위해 내부감사부서를 보유하고 있는 기업을 대상으로 내부감사부서의 다양한 특성에 따라 외부감사인의 감사노력에 어떠한 영향을 미치는지 검증한 결과를 &lt;표 5&gt;"
    }
  ]
}