{
  "meta": {
    "doc_no": "paper100000",
    "domain": "금융",
    "category": "학술논문",
    "license": "open",
    "source_language": "ko"
  },
  "doc_info": {
    "source": "한국공인회계사회",
    "journal_name": "회계ㆍ세무와 감사 연구",
    "vol_info": "2007, vol.,no.45, pp. 237-276 (40 pages)",
    "doi": "10.22781/kicpa.2007..45.237",
    "title": "내부감사부서의 특성과 외부감사노력과의 관련성에 대한 연구",
    "date": 202206
  },
  "sents": [
    {
      "page": 8,
      "sn": "paper100000sent986738",
      "source_original": "다만, 산업의 특성이 다소 상이 한 금융업종11)은 제외하였다."
    },
    {
      "page": 8,
      "sn": "paper100000sent986739",
      "source_original": "이는 감사위원회가 외부감사인에 대해 선임권한을 가지고 있기 때문에10) 내부통제의 효과성 을 제고하고 외부이해관계자들 간의 대리인문제를 줄이고자 외부감사인에게 높은 질의 감사 를 요구할 수 있음을 의미한다(Carcello et al.2002; DeFond and Zhang 2014)."
    },
    {
      "page": 8,
      "sn": "paper100000sent986740",
      "source_original": "그러므로 내부감 사부서가 우수한 기업에서 감사위원회 또한 우수할 경우 외부감사 시간 및 보수 등이 증가할 것이라고 생각되어 가설 3은 다음과 같이 설정한다."
    },
    {
      "page": 8,
      "sn": "paper100000sent986741",
      "source_original": "H3 : 감사위원회가 우수한 기업일수록 내부감사부서의 특성과 외부감사 시간 및 보수 간의 음(-) 의 관련성은 완화될 것이다."
    },
    {
      "page": 8,
      "sn": "paper100000sent986742",
      "source_original": "Ⅲ. 연구 설계 1."
    },
    {
      "page": 8,
      "sn": "paper100000sent986743",
      "source_original": "자본시장과 금융투자업에 관한 법률(이하 ‘자본시장법’)에 따라 상장기업은 사업보고 서를 의무적으로 공시(자본시장법 제159조)에서는 하도록 하고 있으며 증권의 발행 및 공시 등에 관한 규정 제 4-3조에 따라 공시할 때 공통적인 작성기준(‘기업공시서식 작성기준’)을 준 수하도록 하고 있다."
    },
    {
      "page": 8,
      "sn": "paper100000sent986744",
      "source_original": "국내 금융감독원의 DART시스템 내 사업보고서와 한국거래소의 KIND시스템 내 지배구조보고서를 대상으로 내부감사부서 관련 공시자료를 수작업으로 수집 하였다."
    },
    {
      "page": 8,
      "sn": "paper100000sent986745",
      "source_original": "2019년 1월 기업공시서식 작성기준 개정에 따라 상장회사는 2018년 사업 보고서부터 감사위원회 지원조직 현황을 공시하고 있다."
    },
    {
      "page": 8,
      "sn": "paper100000sent986746",
      "source_original": "또한, 유가증권시장 상장규정 제24조 의2, 제29조 등에 따라 코스피 상장기업 중 연결재무제표 기준 전년도 자산총액 2조원 이상의 기업은 2018년부터 지배구조보고서를 공시 의무화12)하였으며, 공시 가이드라인에 따라 내부 감사부서 보유유무 및 부서 운영에 대한 상세 설명을 하도록 하고 있어 사업보고서에 공시내 용이 부족할 경우 해당 자료를 추가로 참고해 연구에 활용하였다13)."
    },
    {
      "page": 8,
      "sn": "paper100000sent986747",
      "source_original": "이 밖에도 통제변수로 활 용하기 위해 한국상장회사협의회에서 제공하는 데이터베이스(TS2000)와 Fnguide에서 제공하 는 기업재무/주가정보 데이터베이스(DataGuide)에서 기업 재무데이터를 수집하였다."
    },
    {
      "page": 8,
      "sn": "paper100000sent986748",
      "source_original": "표본선정 본 연구는 2018년부터 2020년까지 한국거래소 상장기업(KOSPI&amp;KOSDAQ) 중 감사위원회를 도입하고 있는 기업을 표본으로 선정하여 연구를 진행하였다."
    }
  ]
}