{
  "meta": {
    "doc_no": "paper100008",
    "domain": "금융",
    "category": "학술논문",
    "license": "open",
    "source_language": "ko"
  },
  "doc_info": {
    "source": "한국공인회계사회",
    "journal_name": "회계ㆍ세무와 감사 연구",
    "vol_info": "2007, vol.,no.45, pp. 237-276 (40 pages)",
    "doi": "10.22781/kicpa.2007..45.237",
    "title": "내부감사부서의 특성과 외부감사노력과의 관련성에 대한 연구",
    "date": 202206
  },
  "sents": [
    {
      "page": 16,
      "sn": "paper100008sent986786",
      "source_original": "이는 외부감사인이 내부감사의존도를 결정함에 있어 내부감사부서 독립성 이 크게 작용하지는 않으며, 내부감사부서가 기업 내부조직으로 운영되어 경영진의 간섭으로 부터 자율성을 보장받지 못한다는 한계로도 해석될 수 있다."
    },
    {
      "page": 16,
      "sn": "paper100008sent986787",
      "source_original": "먼저, 가설 2에서 언급한 내부감사부서의 특성과 관련된 변수(규모, 전문 성, 독립성)과 관련하여 내부감사부서의 종합 특성(IAF)16)의 경우 외부감사 시간, 보수에 통계 적으로 유의한 음(-)의 관계를 보였다."
    },
    {
      "page": 16,
      "sn": "paper100008sent986788",
      "source_original": "또한, 국내 기업지배구조원 감사위원회 모범규준(문 단 5.1~5.4)에서도 내부감사부서장을 임원으로 하고 감사위원회에서 부서장 임면 및 부서 활동 등에 대한 효과적인 감독 을 수행하도록 권고하고 있다."
    },
    {
      "page": 16,
      "sn": "paper100008sent986789",
      "source_original": "&lt;표 5&gt; Hypothesis 2 Panel A : Audit Time Variable (1) (2) (3) (4) (5) 16) 내부감사부서에 대한 각각의 개별 특성(규모, 전문성, 독립성)별로 상위25%이내에 드는 경우를 1, 아니면 0으로 정한 후 3가지 특성을 합한 값 17) 국내 회계감사기준 감사기준서 600 문단A7 등에 따르면, 내부감사의 객관성(독립성)은 이해 상충 또는 부당한 영향으로 부터 자유로울 수 있는 능력을 의미하고 그 예로 내부감사기능이 지배기구에 직접 접촉할 수 있거나 지배기구가 내부감 사기능 관련 고용결정, 보상정책을 감시하는지 여부 등을 들고 있다."
    },
    {
      "page": 16,
      "sn": "paper100008sent986790",
      "source_original": "내부감사부서의 특성이 우수할수록 외부감사인은 내부 감사의존도를 높이고 감사위험을 낮다고 평가하여 감사노력을 상대적으로 줄이게 된다는 것 이다."
    },
    {
      "page": 16,
      "sn": "paper100008sent986791",
      "source_original": "그 결과 내부감사부서 의 규모(IAD_SIZE) 및 부서인원의 평균근속연수(IAD_EXP)에 대해서는 외부감사시간, 보수와 대체적으로 통계적인 음의 상관관계를 보였으나 부서의 독립성에 대해서는 유의적인 결과를 나타나지 않았다."
    },
    {
      "page": 16,
      "sn": "paper100008sent986792",
      "source_original": "가설 1과 비교하면, 외부감사인의 내부감사의존도에 내부감사부서의 단순보유여부 보다는 내부감사부서의 특성이 크게 작용하고 있음을 확인할 수 있다."
    },
    {
      "page": 16,
      "sn": "paper100008sent986793",
      "source_original": "즉, 내부감사부서의 특성과 외부감사노력 사이에는 대체적인 성격이 강하다고 할 수 있 다."
    },
    {
      "page": 16,
      "sn": "paper100008sent986794",
      "source_original": "에서 제시하고 있다."
    },
    {
      "page": 16,
      "sn": "paper100008sent986795",
      "source_original": "내부감사부서의 세부적인 특성 별로 외부감사노력에 어떠한 영향을 미치는지를 살펴보기 위해 내부감사부서의 특성을 각각 부서 규모, 부서인원의 평균근속연수(전문성), 경영진으로부터의 부서 업무를 보다 자유롭게 수행할 수 있는 능력17)(독립성)으로 구분하여 추가분석을 실시하였다."
    }
  ]
}