{
  "meta": {
    "doc_no": "paper100002",
    "domain": "금융",
    "category": "학술논문",
    "license": "open",
    "source_language": "ko"
  },
  "doc_info": {
    "source": "한국공인회계사회",
    "journal_name": "회계ㆍ세무와 감사 연구",
    "vol_info": "2007, vol.,no.45, pp. 237-276 (40 pages)",
    "doi": "10.22781/kicpa.2007..45.237",
    "title": "내부감사부서의 특성과 외부감사노력과의 관련성에 대한 연구",
    "date": 202206
  },
  "sents": [
    {
      "page": 10,
      "sn": "paper100002sent986758",
      "source_original": "마지막으로, 부서 전문성(IAD_EXP)은 내부감사부서 직원들의 해당 업무 평균 근무기간으로 측정되는데 기간이 길수록 전문성이 실무요령습득이나 법규 동향 파 악 등 내부감사의 전문성이 증가할 수 있다(IV.5.4) 가설 3을 검증하기 위해 감사위원회의 특성(독립성, 전문성, 활동성)을 파악한 후 대상기업 중 상위 25% 기업을 우수한 감사위원회가 있는 것으로 보고 해당 집단을 1, 그렇지 않은 기업 을 0으로 구분한다."
    },
    {
      "page": 10,
      "sn": "paper100002sent986759",
      "source_original": "다음으로 가설 2를 분석하기 위한 연구모형으로는 연구모형(2)에서 관심변수를 내부감사부 서의 특성(IAF)으로 설정하여 내부감사부서의 특성에 따라 외부감사인의 감사노력에 어떠한 영향을 미치는지 확인할 예정이다."
    },
    {
      "page": 10,
      "sn": "paper100002sent986760",
      "source_original": "또한, 세부적으로 부서의 개별특성이 미치는 효과를 보다 구체적으로 파악하기 위해 부서의 특성을 부서의 규모(IAD_SIZE), 부서인원의 전문성 (IAD_EXP), 부서의 독립성(IAD_IND)로 구분하여 외부감사 시간, 보수에 각각 어떠한 영향을 미치는지 보고자 한다."
    },
    {
      "page": 10,
      "sn": "paper100002sent986761",
      "source_original": "내부 감사부서의 특성변수(IAF)는 국내 기업지배구조원 감사위원회 모 범규준(2018)을 참고했다."
    },
    {
      "page": 10,
      "sn": "paper100002sent986762",
      "source_original": "부서의 규모(IAD_SIZE)는 전체 직원 수 대비 내부감사부서의 인원 이 얼만큼인지로 측정되는데 이는 내부감사부서의 규모가 클수록 내부감사담당인력이 충분하 다는 것으로 보아, 내부감사부서가 효과적으로 운영될 수 있다(IV.5.4)."
    },
    {
      "page": 10,
      "sn": "paper100002sent986763",
      "source_original": "또한, 부서 독립성 (IAD_IND)은 4가지 항목별로 (1) 부서장(CAE)이 임원인 경우(IV.5.1) (2) 내부감사부서장 임면 동의권이 감사위원회에 존재하는 경우(IV.5.1) (3) 내부감사부서 감사활동결과가 감사위원회에 보고되는 경우(IV.5.2) (4) 내부감사부서 감사업무계획, 성과평과, 예산결정 중 하나라도 감사 위원회에서 보고･결정되는 경우(IV.5.2), 각각의 항목에 대해 1과 0을 부여하여 이를 합한 값 으로 측정된다."
    },
    {
      "page": 10,
      "sn": "paper100002sent986764",
      "source_original": "감사위원회 모범규준에서는 내부감사부서의 독립성을 확보하려면 내부감사부 서의 책임자는 임원급이여 하고 감사위원회는 책임자에 대해 임면권과 평가권을 가져야 하고 내부감사부서의 역할 및 예산 활동 등이 적절하게 운영될 수 있도록 이를 지속적으로 감독해 야 한다고 기술되어 있다."
    },
    {
      "page": 10,
      "sn": "paper100002sent986765",
      "source_original": "우수한 감사위원회를 보유한 기업이 그렇지 않은 기업에 비해 내부감사부 서 특성과 외부감사노력간 관계에 더 큰 영향을 미칠 것으로 예상하고 감사위원회의 특성 (AC_HIGH)과 내부감사부서의 특성(IAF)을 결합(Interaction)한 변수를 생성하여 β3가 종속변수 에 어떠한 영향을 미치는지를 보고자 한다."
    }
  ]
}