{
  "meta": {
    "doc_no": "news100008",
    "domain": "금융",
    "category": "뉴스기사",
    "license": "open",
    "source_language": "ko",
    "target_language": "ja"
  },
  "sents": [
    {
      "sn": "news100008sent1213334",
      "source_original": "미국의 1월 노동부의 고용보고서 발표를 앞두고 나온 민간 부문 고용지표가 예상과 달리 부진했으나 주가에는 타격을 주지 못했다.",
      "source_cleaned": "미국의 1월 노동부의 고용보고서 발표를 앞두고 나온 민간 부문 고용지표가 예상과 달리 부진했으나 주가에는 타격을 주지 못했다.",
      "mt": "米国の1月労働部の雇用報告書発表を控えて出た民間部門雇用指標が予想とは違い不振だったが、株価には打撃を与えることができなかった。",
      "mtpe": "米労働省の1月雇用統計発表を控えて発表された民間部門の雇用指標が予想とは違い不振だったが、株価には影響を与えなかった。"
    },
    {
      "sn": "news100008sent1213340",
      "source_original": "미 노동부의 1월 고용보고서 자료 집계 기간은 1월 9일부터 15일로 이때는 코로나19 확진자 수가 절정에 달했던 때다.",
      "source_cleaned": "미 노동부의 1월 고용보고서 자료 집계 기간은 1월 9일부터 15일로 이때는 코로나19 확진자 수가 절정에 달했던 때다.",
      "mt": "米労働部の1月の雇用報告書の資料の集計期間は1月9日から15日で、この時は新型コロナウイルス感染症の感染者数がピークに達した時だ。",
      "mtpe": "米労働部の1月の雇用報告書のデータ集計期間は1月9日から15日までで、この時期はCOVID-19の感染者数がピークに達した時期だ。"
    }
  ]
}