{
  "meta": {
    "doc_no": "news100001",
    "domain": "금융",
    "category": "뉴스기사",
    "license": "open",
    "source_language": "ko",
    "target_language": "ja"
  },
  "sents": [
    {
      "sn": "news100001sent1213228",
      "source_original": "미국의 1월 노동부의 고용보고서 발표를 앞두고 나온 민간 부문 고용지표가 예상과 달리 부진했으나 주가에는 오히려 호재로 작용했다.",
      "source_cleaned": "미국의 1월 노동부의 고용보고서 발표를 앞두고 나온 민간 부문 고용지표가 예상과 달리 부진했으나 주가에는 오히려 호재로 작용했다.",
      "mt": "米国の1月労働部の雇用報告書発表を控えて出た民間部門雇用指標が予想とは違い不振だったが株価にはむしろ好材料として作用した。",
      "mtpe": "米労働省の1月雇用報告書発表を前に発表された民間部門の雇用指標が予想と異なり不振だったが、株価にはむしろ好材料となった。"
    },
    {
      "sn": "news100001sent1213232",
      "source_original": "1월 민간 고용에서 서비스 부문은 27만4천 명 줄고, 제조업 부문은 2만7천 명 감소해 오미크론 확산으로 서비스 부문의 고용이 크게 영향을 받았다.",
      "source_cleaned": "1월 민간 고용에서 서비스 부문은 27만4천 명 줄고, 제조업 부문은 2만7천 명 감소해 오미크론 확산으로 서비스 부문의 고용이 크게 영향을 받았다.",
      "mt": "1月の民間雇用でサービス部門は27万4千人減り、製造業部門は2万7千人減少し、オミクロンの拡散でサービス部門の雇用が大きく影響を受けた。",
      "mtpe": "1月の民間雇用でサービス部門は27万4千人減り、製造業部門は2万7千人減少し、オミクロン流行の影響でサービス部門の雇用が大きく影響を受けた。"
    },
    {
      "sn": "news100001sent1213233",
      "source_original": "앞서 젠 사키 백악관 대변인은 오미크론 확산이 절정이던 시점에 1월 고용보고서 조사가 이뤄져 이번 수치가 부진할 수 있다고 경고했다.",
      "source_cleaned": "앞서 젠 사키 백악관 대변인은 오미크론 확산이 절정이던 시점에 1월 고용보고서 조사가 이뤄져 이번 수치가 부진할 수 있다고 경고했다.",
      "mt": "これに先立ち、ジェン・サキのホワイトハウス報道官は、オミクロンの拡散がピークだった時点で、1月の雇用報告書の調査が行われ、今回の数値がふさがれかねないと警告した。",
      "mtpe": "これに先立ち、ジェン・サキのホワイトハウス報道官は、オミクロン拡散がピークだった時点で、1月の雇用報告書の調査が行われたため、今回の数字が低迷する可能性があると警告した。"
    }
  ]
}