{
  "meta": {
    "doc_no": "news100009",
    "domain": "금융",
    "category": "뉴스기사",
    "license": "open",
    "source_language": "ko",
    "target_language": "ja"
  },
  "sents": [
    {
      "sn": "news100009sent1213371",
      "source_original": "이러한 부동산 가격 하락 추세가 더욱 빨라질 것으로 내다보면서 그간의 정책 기조를 흔들림 없이 유지하겠다는 의지를 밝힌 것이다.",
      "source_cleaned": "이러한 부동산 가격 하락 추세가 더욱 빨라질 것으로 내다보면서 그간의 정책 기조를 흔들림 없이 유지하겠다는 의지를 밝힌 것이다.",
      "mt": "このような不動産価格の下落傾向がさらに早まるものと予想し、これまでの政策基調を揺らぐことなく維持するという意志を明らかにしたのだ。",
      "mtpe": "このような不動産価格の下落傾向がさらに早まると予測し、これまでの政策基調を揺らぐことなく維持するという意志をを示したものである。"
    },
    {
      "sn": "news100009sent1213375",
      "source_original": "홍 부총리는 전세시장에 대해서도 \"매매가 하락, 매물 누적 등으로 1월 4주 수도권이 하락 전환하고 서울도 상승세를 종료했다\"고 밝혔다.",
      "source_cleaned": "홍 부총리는 전세시장에 대해서도 \"매매가 하락, 매물 누적 등으로 1월 4주 수도권이 하락 전환하고 서울도 상승세를 종료했다\"고 밝혔다.",
      "mt": "ホン副総理は貸切市場に対しても「売買価格下落、売物累積などで1月4週目に首都圏が下落転換し、ソウルも上昇傾向を終了した」と明らかにした。",
      "mtpe": "ホン副総理はチョンセ市場に対しても「売買価格の下落、売物累積などで1月4週目に首都圏が下落転換し、ソウルも上昇を終えた」と伝えた。"
    },
    {
      "sn": "news100009sent1213377",
      "source_original": "홍 부총리는 또 \"최근 한국개발연구원(KDI) 설문조사에 따른 전문가 집단과 한은 주택가격전망 소비자동향지수(CSI)에 따른 서울 거주자 모두 과반이 올해 주택가격의 하락을 전망하고 있다\"고 강조했다.",
      "source_cleaned": "홍 부총리는 또 \"최근 한국개발연구원(KDI) 설문조사에 따른 전문가 집단과 한은 주택가격전망 소비자동향지수(CSI)에 따른 서울 거주자 모두 과반이 올해 주택가격의 하락을 전망하고 있다\"고 강조했다.",
      "mt": "ホン副総理はまた「最近、韓国開発研究院(KDI)アンケート調査にともなう専門家集団と韓国銀行住宅価格展望消費者動向指数(CSI)にともなうソウル居住者の全てが過半数が今年の住宅価格の下落を展望している」と強調した。",
      "mtpe": "ホン副総理はまた「最近、韓国開発研究院(KDI)アンケート調査にともなう専門家集団と韓国銀行住宅価格展望消費者動向指数(CSI)によると、ソウル居住者の全てが、過半数が今年の住宅価格の下落を予想している」と強調した。"
    }
  ]
}