{
  "meta": {
    "doc_no": "news100002",
    "domain": "금융",
    "category": "뉴스기사",
    "license": "open",
    "source_language": "ko",
    "target_language": "ja"
  },
  "sents": [
    {
      "sn": "news100002sent1213260",
      "source_original": "독일 정부가 약 6조원 규모에 달하는 대만 반도체기업 글로벌웨이퍼스의 독일 반도체기업 실트로닉 인수를 결렬시켰다.",
      "source_cleaned": "독일 정부가 약 6조 원 규모에 달하는 대만 반도체기업 글로벌웨이퍼스의 독일 반도체기업 실트로닉 인수를 결렬시켰다.",
      "mt": "ドイツ政府が約6兆ウォン規模に達する台湾半導体企業グローバルウェハズのドイツ半導体企業シルトロニック買収を決裂させた。",
      "mtpe": "ドイツ政府が約6兆ウォン規模に達する台湾半導体企業グローバルウェーハズのドイツ半導体企業シルトロニック買収を決裂させた。"
    },
    {
      "sn": "news100002sent1213261",
      "source_original": "독일 경제기후부는 지난 1일(현지시간) 시한 내에 44억유로(약 6조원) 규모인 글로벌웨이퍼스의 실트로닉 인수계약을 승인하지 않아 좌절시켰다고 프랑크푸르터알게마이네차이퉁(FAZ) 등이 2일 전했다.",
      "source_cleaned": "독일 경제기후부는 지난 1일(현지시간) 시한 내에 44억 유로(약 6조 원) 규모인 글로벌웨이퍼스의 실트로닉 인수계약을 승인하지 않아 좌절시켰다고 프랑크푸르터알게마이네차이퉁(FAZ) 등이 2일 전했다.",
      "mt": "ドイツの経済気候部は1日（現地時間）時限内に44億ユーロ（約6兆ウォン）規模であるグローバルウェハスのシルトロニック買収契約を承認せず挫折させたとフランクフルターアルゲマイネチャイトゥング(FAZ)などが2日伝えた。",
      "mtpe": "ドイツの経済気候部は1日(現地時間)、期限内に44億ユーロ(約6兆ウォン)規模であるグローバルウェーハズのシルトロニック買収契約を承認せず、挫折させたとフランクフルターアルゲマイネツァイトゥング(FAZ)などが2日伝えた。"
    },
    {
      "sn": "news100002sent1213262",
      "source_original": "대만과 유럽, 미국, 중국 등 다른 국가 정부 경쟁당국은 모두 시한 내에 인수계약을 승인했지만, 독일 정부는 시한을 넘기면서 사실상 인수계약이 결렬되게 한 것이다.",
      "source_cleaned": "대만과 유럽, 미국, 중국 등 다른 국가 정부 경쟁당국은 모두 시한 내에 인수계약을 승인했지만, 독일 정부는 시한을 넘기면서 사실상 인수계약이 결렬되게 한 것이다.",
      "mt": "台湾とヨーロッパ、米国、中国など他の国家政府の競争当局は全て時限内に買収契約を承認したが、ドイツ政府は期限を越して事実上の買収契約が決裂されるようにしたのだ。",
      "mtpe": "台湾とヨーロッパ、米国、中国など他の国家政府の競争当局は全て期限内に買収契約を承認したが、ドイツ政府は期限を過ぎて事実上買収契約を決裂させたのだ。"
    }
  ]
}