{
  "meta": {
    "doc_no": "paper139892",
    "domain": "금융",
    "category": "학술논문",
    "license": "open",
    "source_language": "ko"
  },
  "doc_info": {
    "source": "한국무역보험학회",
    "journal_name": "무역금융보험연구",
    "vol_info": "2019, vol.20,no.3, pp. 1-25 (25 pages)",
    "doi": "10.22875/jiti.2019.20.3.001",
    "title": "수출중소기업의 대금 결제방식 변화에 따른 리스크 관리에 관한 연구",
    "date": 201803
  },
  "sents": [
    {
      "page": 20,
      "sn": "paper139892sent1425442",
      "source_original": "1992년에 비해 중소수출보험실적은 지속적으로 증가하고 있는 추세이지만 수출신용보증(선적전)에 편중되는 경향이 강하며, 주력상품인 단기수출보험 이 용률은 정체수준이다."
    },
    {
      "page": 20,
      "sn": "paper139892sent1425443",
      "source_original": "중소기업의 활용을 위해서는 중소기업이 원하는 리스크까지 범위를 확대시켜줌으로서 무역보험의 활성화 가 가능 하지만 이는 무역보험의 기금을 중소기업에게 유리하도록 개편하여 운용하여야만 할 것이다."
    },
    {
      "page": 20,
      "sn": "paper139892sent1425444",
      "source_original": "중소기업이 수출보험에 부보하고 싶어도 부보를 할 수 없는 제약적 요건이 너무 많이 형성되어 있다고 볼 수 있는 것 이다."
    },
    {
      "page": 20,
      "sn": "paper139892sent1425445",
      "source_original": "이런 지적을 선행연구에서 밝히고 있듯이 수출보험 담보율 20%라고 할 때 나머지 수출기업 80%는 수출보험을 가입하지 않고 아무런 리스크 대비 없이 수출을 진행하고 있는 것으로 분석되고 있다.17) 우리나라의 수출보험은 주로 위험담보에 치중한 종목의 운영에 중점을 두고 있어 해외 상품판매에 중점적으로 수행하는 일부 대기업을 대상으로 수출보험 을 운영하는 측면에서 중소기업이 소외되는 결과로 볼 수 있다."
    },
    {
      "page": 20,
      "sn": "paper139892sent1425446",
      "source_original": "중소기업 수출보험 이용의 주된 기피이유는 복잡한 수출보험 가입절차, 수출 보험가입 후 복잡한 수출통지 절차, 과도한 보험료임18)을 선행연구에서 제시 하고 있다."
    },
    {
      "page": 20,
      "sn": "paper139892sent1425447",
      "source_original": "4) 중소기업의 결제역량강화 수출대금결제방식의 추세가 신용장방식에서 사후송금방식으로 바뀌면서 수"
    },
    {
      "page": 20,
      "sn": "paper139892sent1425448",
      "source_original": "하지만 실증분석에서 나타난바와 같이 위험지역으로 담보를 꺼리 게 되는 현상에 대하여 결국은 한국의 수출보험은 인수면에서 지나치게 안정 적인 면을 위주로 운영이 되어 왔다는 측면으로 해석 된다."
    },
    {
      "page": 20,
      "sn": "paper139892sent1425449",
      "source_original": "수출보험, 특히 중소기업을 대 상으로 하는 수출보험은 공익적인 성격이 강한 측면이 있는데, 최근 수출보험 의 민영화논의가 진행 될수록 중소기업은 불안할 수밖에 없다."
    },
    {
      "page": 20,
      "sn": "paper139892sent1425450",
      "source_original": "이를 위해서는 적절한 기금의 운용이 대안으로 제시될 수 있다."
    },
    {
      "page": 20,
      "sn": "paper139892sent1425451",
      "source_original": "따라서 정책적으로 중소기업전담보험의 설립과 중소 기업전담 신용보증기금의 운영이 필요한 시점이라고 판단된다."
    }
  ]
}