{
  "meta": {
    "doc_no": "paper139885",
    "domain": "금융",
    "category": "학술논문",
    "license": "open",
    "source_language": "ko"
  },
  "doc_info": {
    "source": "한국무역보험학회",
    "journal_name": "무역금융보험연구",
    "vol_info": "2019, vol.20,no.3, pp. 1-25 (25 pages)",
    "doi": "10.22875/jiti.2019.20.3.001",
    "title": "수출중소기업의 대금 결제방식 변화에 따른 리스크 관리에 관한 연구",
    "date": 201803
  },
  "sents": [
    {
      "page": 13,
      "sn": "paper139885sent1425391",
      "source_original": "이는 기업의 설립연도가 오래된 기업에서 먼저 나타나고 있음을 알 수 있 는데, 기업의 수출입경험이 오래된 기업이 신용도가 좋지 않은 바이어나 정치, 금융이 불안한 상대국과의 거래시에 위험에 관한 대비를 하고 있음을 알 수 있 다."
    },
    {
      "page": 13,
      "sn": "paper139885sent1425392",
      "source_original": "복합 결제방식도 기계류와 금속 및 비금속류에서 높게 나타났다."
    },
    {
      "page": 13,
      "sn": "paper139885sent1425393",
      "source_original": "결제방식과 기업의 설립연도는 유의도를 보이지 않는 것으로 나타났다."
    },
    {
      "page": 13,
      "sn": "paper139885sent1425394",
      "source_original": "본 연구에서 조사된 기업의 경우는 1970년도에 설립된 기업부터 1990년도까지 설립된 기업에서 사용되는 비율이 높은 것으로 나타났 다."
    },
    {
      "page": 13,
      "sn": "paper139885sent1425395",
      "source_original": "신용장과 송금방식의 복합결 제방식은 일부는 신용장, 일부는 송금방식으로 사용하는 결제 방식으로서 거 래상대방의 신용이 의심될 경우나 거래상대국의 상황이 여의치 않은 경우 주 로 사용하는 방식이다."
    },
    {
      "page": 13,
      "sn": "paper139885sent1425396",
      "source_original": "65 기업의 설립연도와 결제방식간의 교차분석을 살펴보면 신용장방식은 1996 년 이후 설립된 기업에서 많이 사용하고 있음을 알 수 있으며, 송금방식은 1986 년도 이후 설립된 기업에서 주로 사용하고 있다."
    },
    {
      "page": 13,
      "sn": "paper139885sent1425397",
      "source_original": "품목별 결제방식을 보면, 신용장 비중이 높은 품목은 기계류와 금속 및 비금 속류의 품목이며 전기 및 전자분야에서는 사용이 낮은 것으로 나타났다."
    },
    {
      "page": 13,
      "sn": "paper139885sent1425398",
      "source_original": "상대적으로 송금 방식이 높은 품목은 기계류와 금속 및 비금속류의 품목과 전기 및 전자분야로 서 이들품목에서 신용장과 복합, 송금방식의 방식이 주로 나타난 점은 제품의"
    }
  ]
}