{
  "meta": {
    "doc_no": "paper139890",
    "domain": "금융",
    "category": "학술논문",
    "license": "open",
    "source_language": "ko"
  },
  "doc_info": {
    "source": "한국무역보험학회",
    "journal_name": "무역금융보험연구",
    "vol_info": "2019, vol.20,no.3, pp. 1-25 (25 pages)",
    "doi": "10.22875/jiti.2019.20.3.001",
    "title": "수출중소기업의 대금 결제방식 변화에 따른 리스크 관리에 관한 연구",
    "date": 201803
  },
  "sents": [
    {
      "page": 18,
      "sn": "paper139890sent1425425",
      "source_original": "우리나라와 다른 나라의 방식의 통일성이 가장 급선무인데, 가장 보편적인 방법으로는 은 행전산망, SWIFT를 이용하는 것이다."
    },
    {
      "page": 18,
      "sn": "paper139890sent1425426",
      "source_original": "3) 수출보험의 확대 및 신용보증기능의 강화 한국무역보험공사에서 운영하고 있는 수출보험은 중장기 수출의 경우에 중 소기업의 규모로는 혜택을 받을 수 없을 것이다."
    },
    {
      "page": 18,
      "sn": "paper139890sent1425427",
      "source_original": "직면할 수 있는 단점을 지니고 있다."
    },
    {
      "page": 18,
      "sn": "paper139890sent1425428",
      "source_original": "이부분은 범 세계적인 시스템의 통일화를 통해서 해결해야 한다."
    },
    {
      "page": 18,
      "sn": "paper139890sent1425429",
      "source_original": "이러한 방향은 보험료, 보험율, 신용도 평가기준, 보험지급 유예기간 등 여러 면에서 특별한 유인책을 마련함으로써 대기업과 차등을 둘 필요가 있다.15) 무역보험은 중소기업을 지원하기 위한 ‘수출보험 육성대상 중소기업 지원제"
    },
    {
      "page": 18,
      "sn": "paper139890sent1425430",
      "source_original": "어차피 무역대금의 결제가 은행을 통해 서 이루어 지고 있으며, 환어음의 취결과 신용장의 이용 등에 은행역할의 증대 가 중요한 요인으로 대두되고 있기 때문에 현재 이용되는 여러 사이트, 또는 기관의 이용도 중요하지만 국내외 은행과 기관의 협조로 전자결제방식을 이용 할 수 있도록 하는 것이 바람직하다."
    },
    {
      "page": 18,
      "sn": "paper139890sent1425431",
      "source_original": "전자무역의 국제적인 연계시스템으로 여러 가지 방법중 SWIFTNet TSU(Trade Service Utility)를 그 하나로 제시 할 수 있는데, 무신용장방식 수 출입 거래에서 수입상의 구매계약서(Purchase Order, P/O)와 수출상의 &#x27;Invoice/ 선적 DATA&#x27;를 전세계 은행간 금융통신 교환망인 SWIFT를 통해 상호 검증하 고 보관하는 글로벌 무역 솔루션으로 기존 수입상과 수출상간의 서류 교환방 식을 SWIFTNet TSU(Trade Service Utility)로 대체하여 기업의 무신용장 방식 수 출입 거래의 자동화와 시스템화를 구현하였다."
    },
    {
      "page": 18,
      "sn": "paper139890sent1425432",
      "source_original": "SWIFTNet TSU(Trade Service Utility) 상용화에 따른 서류 검증의 간편화로 수 입대금 조기 결제 및 수입상 및 수출상 서류간의 하자(불일치)의 발생을 최소 화하여 수출입 거래 활성화를 할 수 있다."
    },
    {
      "page": 18,
      "sn": "paper139890sent1425433",
      "source_original": "따라서 중소기업의 이용을 높 이기 위해서는 중소기업이 활용 가능한 종목을 신설하거나 또는 기존의 높은 비율을 차지하고 있는 종목을 더욱 활성화하는 방안을 모색하여 중소기업에게 보험의 혜택을 증대시켜야 할 것이다."
    }
  ]
}