{
  "meta": {
    "doc_no": "paper139884",
    "domain": "금융",
    "category": "학술논문",
    "license": "open",
    "source_language": "ko"
  },
  "doc_info": {
    "source": "한국무역보험학회",
    "journal_name": "무역금융보험연구",
    "vol_info": "2019, vol.20,no.3, pp. 1-25 (25 pages)",
    "doi": "10.22875/jiti.2019.20.3.001",
    "title": "수출중소기업의 대금 결제방식 변화에 따른 리스크 관리에 관한 연구",
    "date": 201803
  },
  "sents": [
    {
      "page": 12,
      "sn": "paper139884sent1425385",
      "source_original": "이는 자세한 실태조사를 위하여 실시하였 으며 기업의 결제방식을 세분화하여 실태분석을 하기 위함이다."
    },
    {
      "page": 12,
      "sn": "paper139884sent1425386",
      "source_original": "교 차분석에서는 결제방식을 신용장방식, 추심방식, 송금방식과 신용장+송금, 추 심+송금으로 분리하여 분석하였다."
    },
    {
      "page": 12,
      "sn": "paper139884sent1425387",
      "source_original": "교차분석은 변수들간의 범주를 교차시켜 얻은 각 각의 셀에 해당하는 관측치 빈도를 나타내는 빈도교차표를 이용하여 두 변수 간의 상호 독립성이나 관련성정도를 분석하는 것이다.14) 결제방식의 빈도를 신용장, 추심, 송금방식으로 분리하였으며 기타 부분은 중복처리를 하였다."
    },
    {
      "page": 12,
      "sn": "paper139884sent1425388",
      "source_original": "교차분석은 명목척도나 서열척도로 측정된 범주형 변수들 간의 연관성을 분석하는 방법이다."
    },
    {
      "page": 12,
      "sn": "paper139884sent1425389",
      "source_original": "2) 분석방법 실태 분석은 데이터를 대상으로 일반 현황과 결제방식과의 교차분석을 통하 여 분석을 하였다."
    },
    {
      "page": 12,
      "sn": "paper139884sent1425390",
      "source_original": "등간척도나 비율척도로 측정된 연속변수 간의 선형적 연관성은 상관분석을 통하여 구할 수 있으나, 명목척도나 서열척 도로 측정된 변수들, 특히 명목척도로 측정된 변수들간의 연관성분석은 교차 분석을 통하여 이루어 진다."
    }
  ]
}