{
  "meta": {
    "doc_no": "paper13989",
    "domain": "금융",
    "category": "학술논문",
    "license": "open",
    "source_language": "ko"
  },
  "doc_info": {
    "source": "법조협회",
    "journal_name": "법조",
    "vol_info": "2009, vol.58,no.7, 통권 634호pp. 134-169 (36 pages)",
    "doi": "10.17007/klaj.2009.58.7.004",
    "title": "자본시장법상 인수인과 ｢상속세 및 증여세법｣ 제40조 제1항의 해석  - 대법원 2019. 5. 30. 선고 2017두49560 판결 및 대법원 2019. 4. 11. 선고 2017두55268 판결을 중심으로 -",
    "date": 202304
  },
  "sents": [
    {
      "page": 20,
      "sn": "paper13989sent154428",
      "source_original": "신주인수권부사채의 취득 및 신주인수권 매각 주체를 기준으로 살펴보면, 은 행과 증권회사에 관한 대법원 2019."
    },
    {
      "page": 20,
      "sn": "paper13989sent154429",
      "source_original": "4. 11. 선고 2017두52030 판결,51) 여신전문금융업법상 여신전문금융회 50) 비록 앞서 살펴본 감사원의 잘못된 이해가 개정 조항의 입법 계기이기는 하나, 이는 개정 조항의 구체 적인 의미 또는 그에 관한 해석에 영향을 미치지 않는다."
    },
    {
      "page": 20,
      "sn": "paper13989sent154430",
      "source_original": "해당 문구와 입법 자 료에 비추어 보면, 개정 조항의 적용 대상은 ‘금융위원회 인가를 받지 않았더라도 제3자 취 득 목적에 따라 자본시장법상 인수행위를 한 자’이다.50) 즉, 자본시장법상 인수행위라는 개 념은 그대로 유지되었다."
    },
    {
      "page": 20,
      "sn": "paper13989sent154431",
      "source_original": "게다가 제3자 취득 목적은 여전히 자본시장법상 인수인의 핵심 요 건이자, 2016년 개정 상증세법 제40조 제1항에 관한 과세요건이다."
    },
    {
      "page": 20,
      "sn": "paper13989sent154432",
      "source_original": "결국 개정 조항은 솔로몬·신안 판결의 선고에 앞서 도입되었지만, 두 판결의 법리를 상증 세법령에 반영한 것이다."
    },
    {
      "page": 20,
      "sn": "paper13989sent154433",
      "source_original": "따라서 제3자 취득 목적의 판단 기준을 다룬 솔로몬·신안 판결은 2016년 개정 상증세법 제40조 제1항 및 2017년 개정 상증세법 시행령 제29조 제4항에서 도 계속 중요한 선례로 남으리라 생각한다."
    },
    {
      "page": 20,
      "sn": "paper13989sent154434",
      "source_original": "즉, 개정 조항의 시행 이후 및 현행 상증세법령 아래에서 솔로몬·신안 판결처럼 투자 또는 대출 목적이 인정되는 경우에는 제3자 취득 목적 또는 자본시장법상 인수행위가 인정되지 않으므로, 인가 여부를 묻지 않고 상증세법 제40 조가 적용되지 않는다."
    },
    {
      "page": 20,
      "sn": "paper13989sent154435",
      "source_original": "나아가 제3자 취득 목적을 다룬 다른 판결도 앞으로 있을 사건에서 의미 있는 판단 기준 이 될 것이다."
    },
    {
      "page": 20,
      "sn": "paper13989sent154436",
      "source_original": "4. 11. 선고 2016두59546 판결, 중소벤처기업진흥공단 주도로 설립된 유동화전문회사에 관 한 대법원 2019."
    },
    {
      "page": 20,
      "sn": "paper13989sent154437",
      "source_original": "자본시장법상 인수인과 ｢상속세 및 증여세법｣ 제40조 제1항의 해석 그렇다면 솔로몬·신안 판결은 개정 조항에서 어떠한 의미를 지닐까?"
    },
    {
      "page": 20,
      "sn": "paper13989sent154438",
      "source_original": "위에서 보았듯이 개정 조항의 문구와 입법 자 료는 ‘금융위원회 인가를 받지 않았더라도 제3자 취득 목적으로 자본시장법상 인수행위를 한 자’를 상 증세법 제40조 제1항의 적용 대상으로 명확히 정하였기 때문이다."
    },
    {
      "page": 20,
      "sn": "paper13989sent154439",
      "source_original": "51) 사모 신주인수권부사채를 활용한 대출은 중소벤처기업진흥공단(KOSME) 또는 신용보증기금(KODIT)의 중소기업 자금지원 방법으로도 쓰인다."
    },
    {
      "page": 20,
      "sn": "paper13989sent154440",
      "source_original": "대구·경북지 방중소기업청, “’05년 하반기 2천억원 규모 중소기업 ABS 발행”, 보도자료, (2005.8. 1.자) &lt;https:// www.mss.go.kr/site/daegu/ex/bbs/View.do?cbIdx=203&amp;bcIdx=12011&amp;parentSeq=0&gt;."
    },
    {
      "page": 20,
      "sn": "paper13989sent154441",
      "source_original": "이는 주요 주주의 경영권을 유지함과 동시에 도덕적 해이를 막기 위한 법적 장치이다."
    },
    {
      "page": 20,
      "sn": "paper13989sent154442",
      "source_original": "또한 중소벤처기업진흥공단은 각 중소기업의 주요 주주로 하여금 신주인수권부사채의 신주인수권 일부를 의무적으로 매입하도록 한 다."
    },
    {
      "page": 20,
      "sn": "paper13989sent154443",
      "source_original": "4. 25. 선고 2017두47847 판결과 대법원 2019."
    },
    {
      "page": 20,
      "sn": "paper13989sent154444",
      "source_original": "P-CBO 실무에서는 유동화전문회사가 기초자산을 다양화하고 시장 상황에 따라 중소기업 지분을 취득 할 수 있도록, 중소기업이 신주인수권부사채를 유동화전문회사에게 발행한다."
    },
    {
      "page": 20,
      "sn": "paper13989sent154445",
      "source_original": "이러한 유동화증권(ABS, asset backed securities)을 자산담보부채 권(primary collaterized bond obligation, 이하 ‘P-CBO’)이라고 부른다."
    },
    {
      "page": 20,
      "sn": "paper13989sent154446",
      "source_original": "｢자산유동화에 관한 법률｣에 따른 유동화전문회사(특수목적법인) 가 중소벤처기업진흥공단 등의 주도 아래 중소기업 발행 사채를 취득한 다음, 이를 기초자산으로 삼은 유동화증권을 제3자에게 발행한다."
    },
    {
      "page": 20,
      "sn": "paper13989sent154447",
      "source_original": "최태진, “P-CBO 보증 성 과분석과 발전방향”, 코딧리서치(여름호), 신용보증기금(2007.6.), 69쪽."
    }
  ]
}