{
  "meta": {
    "doc_no": "dis100003",
    "domain": "금융",
    "category": "공시정보",
    "license": "open",
    "source_language": "ko",
    "target_language": "ja"
  },
  "doc_info": {
    "source": "금융감독원",
    "dis_no": 2022041100234100761,
    "doc_name": "연결감사보고서",
    "com_name": "(주)동아홀딩스",
    "date": 20220411
  },
  "sents": [
    {
      "sn": "dis100003sent62218201",
      "source_original": "자 감사보고서에의견이 표명되지 아니하였으며, 해당 감사의견 및 종속기업의 상황이 연결회사의 연결재무제표에 미치는 영향은 없습니다.",
      "source_cleaned": "감사보고서에 의견이 표명되지 아니하였으며, 해당 감사의견 및 종속기업의 상황이 연결회사의 연결재무제표에 미치는 영향은 없습니다.",
      "mt": "監査レポートにはコメントが付けられず、その監査コメントと従属会社の状況が、連結会社の連結財務諸表に与える影響はありません。",
      "mtpe": "監査レポートには意見が表明されておらず、その監査意見や従属会社の状況が、連結会社の連結財務諸表に与える影響はありません。"
    }
  ]
}