{
  "meta": {
    "doc_no": "dis100004",
    "domain": "금융",
    "category": "공시정보",
    "license": "open",
    "source_language": "ko",
    "target_language": "ja"
  },
  "doc_info": {
    "source": "금융감독원",
    "dis_no": 2022041100234000760,
    "doc_name": "감사보고서",
    "com_name": "코람코암사프로젝트금융투자 주식회사",
    "date": 20220411
  },
  "sents": [
    {
      "sn": "dis100004sent62219257",
      "source_original": "(주1) 차입금의 담보로 제공된 유형자산의 보험금 수익권은 장기차입금과 관련하여 근질권설정(채권최고액: 13,560,000천원)되어 있습니다.",
      "source_cleaned": "차입금의 담보로 제공된 유형자산의 보험금 수익권은 장기차입금과 관련하여 근질권설정(채권최고액: 13,560,000천 원)되어 있습니다.",
      "mt": "借入金の担保として提供された有形資産の保険金収益権は長期借入金と関連して根質権設定（債権最高額：13,560,000ウォン）されています。",
      "mtpe": "借入金の担保として提供された有形資産の保険金の収益権は長期借入金に関して根質権の設定（債権最高額：13,560,000ウォン）になっています。"
    },
    {
      "sn": "dis100004sent62219246",
      "source_original": "(1) 회사는 당기말 현재 보유 자산과 관련하여 현대해상화재보험(주)의 패키지보험에 가입하고 있으며 그 현황은 다음과 같습니다.",
      "source_cleaned": "회사는 당기말 현재 보유 자산과 관련하여 현대해상화재보험(주)의 패키지보험에 가입하고 있으며 그 현황은 다음과 같습니다.",
      "mt": "同社は当期末現在、保有資産に関して現代海上火災保険（株）のパッケージ保険に加入しており、その現状は次のとおりです。",
      "mtpe": "同社は当期末現在、保有資産と関連して現代海上火災保険(株)のパッケージ保険に加入しており、その現状は次のとおりです。"
    }
  ]
}