{
  "meta": {
    "doc_no": "dis100016",
    "domain": "금융",
    "category": "공시정보",
    "license": "open",
    "source_language": "ko",
    "target_language": "ja"
  },
  "doc_info": {
    "source": "금융감독원",
    "dis_no": 2022041100232800760,
    "doc_name": "감사보고서",
    "com_name": "태영디앤씨 주식회사",
    "date": 20220411
  },
  "sents": [
    {
      "sn": "dis100016sent62226989",
      "source_original": "(*1) 당기말 현재 상기 신탁예금은 분양관리신탁계약에 따라 신탁부동산의 소유권을 보전,관리할 목적으로 사용이 제한되어 있습니다.",
      "source_cleaned": "당기말 현재 상기 신탁예금은 분양관리신탁계약에 따라 신탁부동산의 소유권을 보전,관리할 목적으로 사용이 제한되어 있습니다.",
      "mt": "当期末現在、上記の信託預金は分譲管理信託契約により信託不動産の所有権を保全、管理する目的で使用が制限されています。",
      "mtpe": "当期末現在、上記の信託預金は分譲管理信託契約により、信託不動産の所有権を保全、管理する目的で使用が制限されています。"
    }
  ]
}