{
  "meta": {
    "doc_no": "dis100009",
    "domain": "금융",
    "category": "공시정보",
    "license": "open",
    "source_language": "ko",
    "target_language": "ja"
  },
  "doc_info": {
    "source": "금융감독원",
    "dis_no": 2022041100233500760,
    "doc_name": "감사보고서",
    "com_name": "주식회사플로우텍",
    "date": 20220411
  },
  "sents": [
    {
      "sn": "dis100009sent62222656",
      "source_original": "당사는 2014년 2월 27일 벤처기업육성에 관한 특별조치법에 의해 벤처기업으로 지정되었으며, 2013년 4월 2일 기술개발촉진법에 의거 한국 산업기술진흥협회로부터 기업부설연구소 인정을 받았습니다.",
      "source_cleaned": "당사는 2014년 2월 27일 벤처기업육성에 관한 특별조치법에 의해 벤처기업으로 지정되었으며, 2013년 4월 2일 기술개발촉진법에 의거 한국 산업기술진흥협회로부터 기업부설연구소 인정을 받았습니다.",
      "mt": "当社は2014年2月27日ベンチャー企業育成に関する特別措置法によりベンチャー企業に指定され、2013年4月2日技術開発促進法に基づき韓国産業技術振興協会から企業付設研究所の認定を受けました。",
      "mtpe": "当社は2014年2月27日ベンチャー企業も育成に関する特別措置法によりベンチャー企業として指定され、2013年4月2日技術開発促進法に基づき、韓国産業技術振興協会から企業付設研究所の認定を受けました。"
    },
    {
      "sn": "dis100009sent62222657",
      "source_original": "한편, 당사의 보고기간종료일 현재 납입자본금은 300백만원(액면가 5천원, 60,000주)이며, 주요주주 현황은 다음과 같습니다.",
      "source_cleaned": "한편, 당사의 보고기간종료일 현재 납입자본금은 300백만 원(액면가 5천 원, 60,000주)이며, 주요주주 현황은 다음과 같습니다.",
      "mt": "一方、当社の報告期間終了日現在の納入資本金は300百万ウォン（額面価格5千ウォン、60,000株）であり、主要株主の現況は次のとおりです。",
      "mtpe": "一方、当社の報告期間終了日現在、払込資本金は300百万ウォン(額面価格5千ウォン、60,000株)であり、主要株主の現況は次のとおりです。"
    }
  ]
}