{
  "meta": {
    "doc_no": "dis100002",
    "domain": "금융",
    "category": "공시정보",
    "license": "open",
    "source_language": "ko",
    "target_language": "ja"
  },
  "doc_info": {
    "source": "금융감독원",
    "dis_no": 20220411002342,
    "doc_name": "증권신고서(합병)",
    "com_name": "대신밸런스제8호스팩",
    "date": 20220411
  },
  "sents": [
    {
      "sn": "dis100002sent62209282",
      "source_original": "피합병법인의 한국채택국제회계기준에 의한 분석기준일 기준 최근 3개년 및 2021년반기 재무상태표는 다음과 같습니다.",
      "source_cleaned": "피합병법인의 한국채택국제회계기준에 의한 분석기준일 기준 최근 3개년 및 2021년반기 재무상태표는 다음과 같습니다.",
      "mt": "被合併法人の韓国採択国際会計基準による分析基準日基準の最近3年および2021年半期の財務状態表は次のとおりです。",
      "mtpe": "被合併法人の、韓国採択国際会計基準による分析基準日を基準にした、最近3年と2021年半期の財務状態表は次のとおりです。"
    },
    {
      "sn": "dis100002sent62209336",
      "source_original": "피합병법인의 한국채택국제회계기준에 의한 분석기준일 기준 최근 3개년 및 2021년반기 포괄손익계산서는 다음과 같습니다.",
      "source_cleaned": "피합병법인의 한국채택국제회계기준에 의한 분석기준일 기준 최근 3개년 및 2021년반기 포괄손익계산서는 다음과 같습니다.",
      "mt": "被合併法人の韓国採択国際会計基準による分析基準日基準で、最近3年および2021年半期の包括損益計算書は次のとおりです。",
      "mtpe": "被合併法人の、韓国採択国際会計基準による分析基準日を基準にした、最近3年と2021年半期の包括損益計算書は次のとおりです。"
    }
  ]
}