{
  "meta": {
    "doc_no": "law100198",
    "domain": "금융",
    "category": "규제정보",
    "license": "open",
    "source_language": "ko",
    "target_language": "en"
  },
  "doc_info": {
    "source": "법제처",
    "title": "국제금융기구에의 가입조치에 관한 법률 시행령 ",
    "date": 20181106
  },
  "sents": [
    {
      "page": 5,
      "sn": "law100198sent1191440",
      "source_original": "29. 국제통화기금의 한ㆍ국제통화기금 기술협력기금에의 제23호 및 제25호부터 제28호까지의 규정 외의 출연: 300만 미합중국달러",
      "source_cleaned": "국제통화기금의 한ㆍ국제통화기금 기술협력기금에의 제23호 및 제25호부터 제28호까지의 규정 외의 출연: 300만 미합중국달러",
      "mt": "Contributions to the Korea-International Monetary Fund Technology Cooperation Fund, other than those provided for in subparagraphs 23 and 25 through 28: 3 million US dollars",
      "mtpe": "Contributions to the Korea-International Monetary Fund Technology Cooperation Fund, excluding regulations from No. 23 to No. 28: 3 million USD."
    }
  ]
}