{
  "meta": {
    "doc_no": "law100251",
    "domain": "금융",
    "category": "규제정보",
    "license": "open",
    "source_language": "ko",
    "target_language": "en"
  },
  "doc_info": {
    "source": "법제처",
    "title": "대부업 등의 등록 및 금융이용자 보호에 관한 법률 시행령 ",
    "date": 20181113
  },
  "sents": [
    {
      "page": 10,
      "sn": "law100251sent1192266",
      "source_original": "5. 그 밖에 대부업자등이 대부업등을 경영하는 데 필요하다고 판단되는 사항",
      "source_cleaned": "그 밖에 대부업자 등이 대부업등을 경영하는 데 필요하다고 판단되는 사항",
      "mt": "Other matters deemed necessary for credit service providers, etc. to operate credit business, etc.;",
      "mtpe": "Other necessary matters for credit service providers and others to operate credit businesses."
    },
    {
      "page": 10,
      "sn": "law100251sent1192277",
      "source_original": "2. 법 제3조제2항에 따라 대부업등의 등록을 하거나 해당 등록을 법 제3조의2제1항에 따라 갱신하려는 경우: 다음 각 목의 구분에 따른 사람",
      "source_cleaned": "법 제3조제2항에 따라 대부업 등의 등록을 하거나 해당 등록을 법 제3조의2제1항에 따라 갱신하려는 경우: 다음 각 목의 구분에 따른 사람",
      "mt": "Where it is intended to register a credit business, etc. pursuant to Article 3 (2) of the Act or renew registration of a credit business, etc. pursuant to Article 3-2 (1) of the Act: Persons classified as follows:",
      "mtpe": "If you intend to register a credit business or renew the registration of a credit business according to Article 3 (2) of the Act or Article 3-2 (1) of the Act, the following individuals are classified as:"
    },
    {
      "page": 10,
      "sn": "law100251sent1192276",
      "source_original": "가. 법인인 대부업자등의 지점: 해당 지점의 업무총괄 사용인",
      "source_cleaned": "법인인 대부업자 등의 지점: 해당 지점의 업무총괄 사용인",
      "mt": "A branch office of a corporate lender or such: The general manager of the branch;",
      "mtpe": "A branch office of a corporate lender or similar: The person in charge of overall operations at the branch."
    },
    {
      "page": 10,
      "sn": "law100251sent1192270",
      "source_original": "⑤ 시ㆍ도지사등은 제3항에 따른 교육을 받은 사람에게 금융위원회가 정하여 고시하는 교육이수증을 교부하여야 한다.",
      "source_cleaned": "시ㆍ도지사 등은 제3항에 따른 교육을 받은 사람에게 금융위원회가 정하여 고시하는 교육이수증을 교부하여야 한다.",
      "mt": "The Mayor/Do Governor, etc. shall issue a certificate of completion of education prescribed and publicly notified by the Financial Services Commission to a person who has received education under paragraph (3).",
      "mtpe": "The Mayor/Do Governor, etc. must provide a certificate of completion of education, as prescribed and publicly announced by the Financial Services Commission, to individuals who have received education under paragraph (3)."
    }
  ]
}