{
  "meta": {
    "doc_no": "law100241",
    "domain": "금융",
    "category": "규제정보",
    "license": "open",
    "source_language": "ko",
    "target_language": "en"
  },
  "doc_info": {
    "source": "법제처",
    "title": "기술보증기금법 시행규칙",
    "date": 20181113
  },
  "sents": [
    {
      "page": 15,
      "sn": "law100241sent1192131",
      "source_original": "제4조제1항제2호처목의 개정규정은 이 규칙 시행일이 속하는 달에 출연의무가 발생하는 분부터 적용한다.",
      "source_cleaned": "제4조제1항제2호처목의 개정규정은 이 규칙 시행일이 속하는 달에 출연의무가 발생하는 분부터 적용한다.",
      "mt": "The amended provisions of Article 4 (1) 2 (x) shall begin to apply to cases where the obligation to make contribution arises in the month to which the enforcement date of this Rule belongs.",
      "mtpe": "The revised regulations of Article 4 (1) 2 (x) shall be applied from the month in which the enforcement date of this Rule falls, to cases where the obligation to make contributions arises."
    }
  ]
}