{
  "meta": {
    "doc_no": "law100248",
    "domain": "금융",
    "category": "규제정보",
    "license": "open",
    "source_language": "ko",
    "target_language": "en"
  },
  "doc_info": {
    "source": "법제처",
    "title": "대부업 등의 등록 및 금융이용자 보호에 관한 법률 시행령 ",
    "date": 20181113
  },
  "sents": [
    {
      "page": 7,
      "sn": "law100248sent1192235",
      "source_original": "1. 직전 사업연도말을 기준으로 자산규모가 100억원을 초과할 것",
      "source_cleaned": "직전 사업연도말을 기준으로 자산규모가 100억 원을 초과할 것",
      "mt": "As of the end of the previous business year, the asset size shall exceed KRW 10 billion",
      "mtpe": "As of the end of the previous business year, the asset size is expected to exceed KRW 10 billion."
    }
  ]
}