{
  "meta": {
    "doc_no": "law100183",
    "domain": "금융",
    "category": "규제정보",
    "license": "open",
    "source_language": "ko",
    "target_language": "en"
  },
  "doc_info": {
    "source": "법제처",
    "title": "자본시장과 금융투자업에 관한 법률 시행령 ",
    "date": 20181101
  },
  "sents": [
    {
      "page": 750,
      "sn": "law100183sent1191265",
      "source_original": "제10조제3항제16호나목 중 “「주식회사의 외부감사에 관한 법률」”을 “「주식회사 등의 외부감사에 관한 법률」”로 한다.",
      "source_cleaned": "제10조제3항제16호나목 중 “「주식회사의 외부감사에 관한 법률」”을 “「주식회사 등의 외부감사에 관한 법률」”로 한다.",
      "mt": "\"The Act on External Audit of Stock Companies\" in Article 10 (3) 16 (b) shall be construed as \"the Act on External Audit of Stock Companies.\"",
      "mtpe": "Article 10 (3) 16 (b) shall be amended to read \"the Act on External Audit of Stock Companies\" instead of \"The Act on External Audit of Stock Companies.\""
    },
    {
      "page": 750,
      "sn": "law100183sent1191263",
      "source_original": "제116조 중 “「주식회사의 외부감사에 관한 법률 시행령」 제7조의2제1항”을 “「주식회사 등의 외부감사에 관한 법률 시행령」 제7조제1항”으로 한다.",
      "source_cleaned": "제116조 중 “「주식회사의 외부감사에 관한 법률 시행령」 제7조의2제1항”을 “「주식회사 등의 외부감사에 관한 법률 시행령」 제7조제1항”으로 한다.",
      "mt": "\"Article 7-2 (1) of the Enforcement Decree of the Act on External Audit of Stock Companies\" in Article 116 shall be construed as \"Article 7 (1) of the Enforcement Decree of the Act on External Audit of Stock Companies.\"",
      "mtpe": "The phrase \"Article 7-2 (1) of the Enforcement Decree of the Act on External Audit of Stock Companies\" in Article 116 should be changed to \"Article 7 (1) of the Enforcement Decree of the Act on External Audit of Stock Companies.\""
    },
    {
      "page": 750,
      "sn": "law100183sent1191262",
      "source_original": "제118조제3항 중 “「주식회사의 외부감사에 관한 법률」”을 “「주식회사 등의 외부감사에 관한 법률」”로 한다.",
      "source_cleaned": "제118조제3항 중 “「주식회사의 외부감사에 관한 법률」”을 “「주식회사 등의 외부감사에 관한 법률」”로 한다.",
      "mt": "\"Act on External Audit of Stock Companies\" in Article 118 (3) shall be construed as \"the Act on External Audit of Stock Companies.\"",
      "mtpe": "Article 118 (3) shall amend \"Act on External Audit of Stock Companies\" to \"the Act on External Audit of Stock Companies.\""
    },
    {
      "page": 750,
      "sn": "law100183sent1191261",
      "source_original": "제121조제6항제6호 중 “「주식회사의 외부감사에 관한 법률」 제13조”를 “「주식회사 등의 외부감사에 관한 법률」 제5조”로 한다.",
      "source_cleaned": "제121조제6항제6호 중 “「주식회사의 외부감사에 관한 법률」 제13조”를 “「주식회사 등의 외부감사에 관한 법률」 제5조”로 한다.",
      "mt": "\"Article 13 of the Act on External Audit of Stock Companies\" in Article 121 (6) 6 shall be construed as \"Article 5 of the Act on External Audit of Stock Companies.\"",
      "mtpe": "Article 121 (6) 6 shall be amended to \"Article 5 of the Act on External Audit of Stock Companies\" in accordance with the \"Act on External Audit of Stock Companies.\""
    },
    {
      "page": 750,
      "sn": "law100183sent1191264",
      "source_original": "제80조제1항제1호사목2) 중 “「주식회사의 외부감사에 관한 법률 시행령」 제1조의3제1항”을 “「주식회사 등의 외부감사에 관한 법률 시행령」 제3조제1항”으로 한다.",
      "source_cleaned": "제80조제1항제1호사목 중 “「주식회사의 외부감사에 관한 법률 시행령」 제1조의3제1항”을 “「주식회사 등의 외부감사에 관한 법률 시행령」 제3조제1항”으로 한다.",
      "mt": "\"Article 1-3 (1) of the Enforcement Decree of the Act on External Audit of Stock Companies\" in Article 80 (1) 1 (g) shall be construed as \"Article 3 (1) of the Enforcement Decree of the Act on External Audit of Stock Companies.\"",
      "mtpe": "\"Article 1-3 (1) of the Enforcement Decree of the Act on External Audit of Stock Companies\" in Article 80 (1) 1 (g) shall be amended to \"Article 3 (1) of the Enforcement Decree of the Act on External Audit of Stock Companies.\""
    }
  ]
}