{
  "meta": {
    "doc_no": "law100220",
    "domain": "금융",
    "category": "규제정보",
    "license": "open",
    "source_language": "ko",
    "target_language": "en"
  },
  "doc_info": {
    "source": "법제처",
    "title": "국제금융기구에의 가입조치에 관한 법률 시행령 ",
    "date": 20181106
  },
  "sents": [
    {
      "page": 27,
      "sn": "law100220sent1191718",
      "source_original": "3. 아시아 인프라 투자은행의 아시아 인프라 투자은행 사업준비특별기금에의 제2호 외의 출연: 1천만 미합중국달러",
      "source_cleaned": "아시아 인프라 투자은행의 아시아 인프라 투자은행 사업준비특별기금에의 제2호 외의 출연: 1천만 미합중국달러",
      "mt": "Contribution other than No. 2 to the Special Fund for Business Preparation of the Asian Infrastructure Investment Bank of the Asian Infrastructure Investment Bank: 10 million US dollars",
      "mtpe": "Contribution other than No. 2 to the Special Fund for Business Preparation of the Asian Infrastructure Investment Bank (AIIB): 10 million USD."
    }
  ]
}