{
  "meta": {
    "doc_no": "law100235",
    "domain": "금융",
    "category": "규제정보",
    "license": "open",
    "source_language": "ko",
    "target_language": "en"
  },
  "doc_info": {
    "source": "법제처",
    "title": "기술보증기금법 시행규칙",
    "date": 20181113
  },
  "sents": [
    {
      "page": 9,
      "sn": "law100235sent1192010",
      "source_original": "신기술사업금융업자 또는 금융회사는 제3조부터 제5조까지의 규정에 따라 산정된 출연금보다 많거나 적은 출연금을 납부한 경우에는 다음 달 출연금에 해당 금액을 가감하여 납부하여야 한다.",
      "source_cleaned": "신기술사업금융업자 또는 금융회사는 제3조 부터 제5조까지의 규정에 따라 산정된 출연금보다 많거나 적은 출연금을 납부한 경우에는 다음 달 출연금에 해당 금액을 가감하여 납부하여야 한다.",
      "mt": "Where any new technology venture capitalist or financial company pays contributions in excess of or less than the contributions calculated pursuant to Articles 3 through 5, it or he/she or it shall pay the contributions by adding or subtracting the relevant amount to the contributions for the following month.",
      "mtpe": "If a new technology venture capitalist or financial company pays contributions that are higher or lower than the contributions calculated according to Articles 3 through 5, they must adjust the amount and pay it as part of the contributions for the following month."
    }
  ]
}