{
  "meta": {
    "doc_no": "law1211079",
    "domain": "금융",
    "category": "규제정보",
    "license": "open",
    "source_language": "ko"
  },
  "doc_info": {
    "source": "공정거래위원회",
    "title": "2013년도 업무계획",
    "date": 20130424
  },
  "sents": [
    {
      "page": 10,
      "sn": "law1211079sent13206739",
      "source_original": "대기업집단 관련 공시제도의 실효성을 제고하는 한편, 공시에 따른 기업부담을 완화하는 방향으로 공시제도 개편 추진"
    },
    {
      "page": 10,
      "sn": "law1211079sent13206740",
      "source_original": "공시정보가 일감몰아주기 등 총수일가의 사익추구에 대한 경보(warning) 장치로 작동될 수 있도록 공시시스템 개선방안 마련"
    },
    {
      "page": 10,
      "sn": "law1211079sent13206741",
      "source_original": "중복·불필요한 공시항목(일반·재무현황 등) 통폐합으로 공시에 따른 개별기업의 업무부담 경감방안도 함께 추진"
    },
    {
      "page": 10,
      "sn": "law1211079sent13206742",
      "source_original": "(정보공개 강화) 대기업집단 관련 공시정보를 시장의 수요에 맞게 가공·분석하여 공개함으로써 공시정보의 활용성 제고"
    },
    {
      "page": 10,
      "sn": "law1211079sent13206743",
      "source_original": "대기업집단 소속 금융보험사의 의결권 행사현황 분석·발표"
    },
    {
      "page": 10,
      "sn": "law1211079sent13206744",
      "source_original": "금융보험사 고객자금을 이용한 지배력 유지·확장 실태를 분석·공개함으로써 제도의 취지에 맞는 의결권 행사 유도"
    },
    {
      "page": 10,
      "sn": "law1211079sent13206745",
      "source_original": "주식소유현황, 내부거래 현황 등에 대한 정례적 정보공개도 지속"
    }
  ]
}