{
  "meta": {
    "doc_no": "law1211103",
    "domain": "금융",
    "category": "규제정보",
    "license": "open",
    "source_language": "ko"
  },
  "doc_info": {
    "source": "공정거래위원회",
    "title": "2013년도 업무계획",
    "date": 20130424
  },
  "sents": [
    {
      "page": 34,
      "sn": "law1211103sent13206907",
      "source_original": "법 제정 단계부터 집행 사후에까지 협업 시너지 효과 창출"
    },
    {
      "page": 34,
      "sn": "law1211103sent13206908",
      "source_original": "관계부처간 긴밀한 사전조율·협의를 통하여 시장에 통일된 신호 전달"
    },
    {
      "page": 34,
      "sn": "law1211103sent13206909",
      "source_original": "각 부처 규제수준 및 범위 등이 조화롭게 이루어지도록 유기적 협업"
    },
    {
      "page": 34,
      "sn": "law1211103sent13206910",
      "source_original": "신규 순환출자를 금지하고 기존 순환출자는 공시의무 부과 등을 통해 점진적 해소 유도"
    },
    {
      "page": 34,
      "sn": "law1211103sent13206911",
      "source_original": "(T/F 구성) 공정위 사무처장을 팀장으로, 공정위, 기재부, 산업부, 국토부, 금융위, 중기청 등 8개 유관기관 국장급으로 구성"
    },
    {
      "page": 34,
      "sn": "law1211103sent13206912",
      "source_original": "근본적으로 거래선 다변화로 중소기업의 종속성을 완화하고, 대·중소기업간 이해가 일치하는 상생협력 시스템 확산"
    },
    {
      "page": 34,
      "sn": "law1211103sent13206913",
      "source_original": "(대책 마련) T/F 회의를 개최하여 대책방안 마련 및 시행"
    }
  ]
}