{
  "meta": {
    "doc_no": "law1211076",
    "domain": "금융",
    "category": "규제정보",
    "license": "open",
    "source_language": "ko"
  },
  "doc_info": {
    "source": "공정거래위원회",
    "title": "2013년도 업무계획",
    "date": 20130424
  },
  "sents": [
    {
      "page": 7,
      "sn": "law1211076sent13206718",
      "source_original": "우리나라 대기업집단은 순환출자 등을 통해 총수일가가 적은 지분으로 기업집단 소속회사 전체를 지배하는 특유의 소유구조 형성"
    },
    {
      "page": 7,
      "sn": "law1211076sent13206719",
      "source_original": "이러한 소유구조는 총수 등 지배주주의 독단적 경영을 견제하기 위한 내부견제장치의 실질적 작동을 저해하는 원인으로 작용"
    },
    {
      "page": 7,
      "sn": "law1211076sent13206720",
      "source_original": "총수일가 등 지배주주가 부당한 활동을 통해 부당하게 높은 보상을 취할 수 있는 구조적 유인 상존"
    },
    {
      "page": 7,
      "sn": "law1211076sent13206721",
      "source_original": "신규 순환출자는 금지(6월)하고, 기존 순환출자는 자발적 해소 유도"
    },
    {
      "page": 7,
      "sn": "law1211076sent13206722",
      "source_original": "원칙적으로 순환출자는 실질적 자본투자 없이 지배력을 확장하는 가장 악성의 계열사간 출자유형이므로 완전해소가 바람직"
    },
    {
      "page": 7,
      "sn": "law1211076sent13206723",
      "source_original": "기업부담 등 국민경제에 미치는 영향을 고려하여 단기적으로는 신규 순환출자만 금지해 현행 소유구조의 악화를 방지"
    },
    {
      "page": 7,
      "sn": "law1211076sent13206724",
      "source_original": "일부 기업집단은 순환출자 해소에 필요한 자금규모가 상당해 기업경영에 부담이 되며, 기술개발·설비증설 등 투자여력이 감소"
    }
  ]
}