{
  "meta": {
    "doc_no": "law1211067",
    "domain": "금융",
    "category": "규제정보",
    "license": "open",
    "source_language": "ko"
  },
  "doc_info": {
    "source": "공정거래위원회",
    "title": "20060314am",
    "date": 20060313
  },
  "sents": [
    {
      "page": 2,
      "sn": "law1211067sent13206656",
      "source_original": "관련 사업자 및 사업자단체 또는 관심있는 개인은 공정거래위원회 홈페이지(www.ftc.go.kr)에 들어가면 자세한 내용을 다운로드 받거나 검색할 수 있음"
    },
    {
      "page": 2,
      "sn": "law1211067sent13206657",
      "source_original": "현행 법규는 가맹본부가 계약만료일로부터 90일전에 가맹계약을 갱신‧연장하지 않겠다는 사실을 서면으로 통지만 하면 가맹계약은 계약만료일에 종료됨."
    },
    {
      "page": 2,
      "sn": "law1211067sent13206658",
      "source_original": "가맹점사업자 보호를 위하여 가맹본부에 의한 가맹계약 종료는 정당한 사유가 있는 경우에만 가능하도록 제한."
    },
    {
      "page": 2,
      "sn": "law1211067sent13206659",
      "source_original": "가맹점사업자들의 단체구성 및 참여를 이유로 이들에게 불이익을 주는 가맹본부에 대해 시정조치, 과징금, 벌칙 부과."
    },
    {
      "page": 2,
      "sn": "law1211067sent13206660",
      "source_original": "가맹희망자가 가맹계약 체결 전에 당해 가맹사업에 대한 정보공개서를 충분히 검토할 수 있도록 숙고기간을 연장(가맹금 지급 또는 가맹계약 체결 5일 전→14일 전)"
    },
    {
      "page": 2,
      "sn": "law1211067sent13206661",
      "source_original": "｢정보공개서의 제공을 서면으로 신청한 자｣로 한정하고 있는 현재 가맹희망자 규정으로는 가맹계약 체결을 희망하는 자에 대한 가맹본부의 정보공개서 미제공행위, 허위‧과장된 정보 제공행위 등을 시정하기 곤란."
    },
    {
      "page": 2,
      "sn": "law1211067sent13206662",
      "source_original": "다만, 변호사 등 전문가를 통하여 가맹계약을 체결하는 경우에는 신속한 거래개시를 위해 예외 인정"
    }
  ]
}