{
  "meta": {
    "doc_no": "news14266",
    "domain": "금융",
    "category": "뉴스기사",
    "license": "open",
    "source_language": "ko"
  },
  "sents": [
    {
      "sn": "news14266sent176581",
      "source_original": "LG전자[066570] 서울 여의도 본사에서 신종 코로나바이러스 감염증(코로나19) 확진자가 이틀 새 5명 발생했다."
    },
    {
      "sn": "news14266sent176582",
      "source_original": "23일 LG전자에 따르면 지난 21일부터 22일까지 직원 5명이 코로나19 확진 판정을 받았다."
    },
    {
      "sn": "news14266sent176583",
      "source_original": "21일에 1명, 22일 4명이 확진자로 판명됐다."
    },
    {
      "sn": "news14266sent176584",
      "source_original": "확진자 5명은 LG 여의도 트윈타워 서관 6층과 9층에서 근무하는 직원들이다."
    },
    {
      "sn": "news14266sent176585",
      "source_original": "6∼9층이 같은 사업본부로 알려졌다."
    },
    {
      "sn": "news14266sent176586",
      "source_original": "LG전자는 서관 6∼9층을 폐쇄하고 해당 층 근무자들은 전원 코로나19 검사를 받도록 했다."
    },
    {
      "sn": "news14266sent176587",
      "source_original": "확진자 추가 발생에 따라 25일까지 전 임직원을 대상으로 회사로 출근하지 않는 원격(리모트) 근무를 한다."
    },
    {
      "sn": "news14266sent176588",
      "source_original": "LG 여의도 트윈타원 서관은 LG전자가 사용하고 동관은 LG화학[051910], LG디스플레이[034220] 등이 사용한다."
    },
    {
      "sn": "news14266sent176589",
      "source_original": "LG전자와 타 계열사 직원 중에서도 확진자들과 직·간접적으로 동선이 겹친 경우 선제적 코로나19 검사를 받을 수 있도록 했다."
    },
    {
      "sn": "news14266sent176590",
      "source_original": "이틀 연속 확진자가 발생해 집단감염 우려도 제기되는 상황이다."
    },
    {
      "sn": "news14266sent176591",
      "source_original": "LG전자 측은 \"감염 경로를 방역당국과 함께 철저하게 조사하고 있다\"고 말했다."
    }
  ]
}