{
  "meta": {
    "doc_no": "news1007",
    "domain": "금융",
    "category": "뉴스기사",
    "license": "open",
    "source_language": "ko"
  },
  "sents": [
    {
      "sn": "news1007sent12725",
      "source_original": "재개발을 놓친 동대문구 제기동 일대가 노후 저층 주거지 집수리 활성화를 위한 구역으로 지정됐다."
    },
    {
      "sn": "news1007sent12726",
      "source_original": "서울시는 지난 6일 열린 도시재생위원회 소규모주택 수권분과위원회가 제기동 67-17번지 일대 주택성능개선지원구역 지정안을 가결했다고 7일 밝혔다."
    },
    {
      "sn": "news1007sent12727",
      "source_original": "해당 지역은 제기7 재개발정비예정구역에서 해제된 4만5천906㎡ 부지다."
    },
    {
      "sn": "news1007sent12728",
      "source_original": "이번 지정에 따라 세대주는 집수리 보조금 최대 2천만원을 지원하는 서울가꿈주택 사업, 최대 1억원을 연이율 0.7%로 빌려주는 주택개량 융자지원 사업 등을 활용할 수 있다."
    },
    {
      "sn": "news1007sent12729",
      "source_original": "주택성능개선지원구역은 기존 서울시의 집수리 지원 대상인 '도시재생활성화지역'이나 '관리형 주거환경개선사업' 지역에 해당하지 않는 지역이 집수리 지원을 받을 수 있도록 지정하는 제도다."
    },
    {
      "sn": "news1007sent12730",
      "source_original": "사용승인 후 20년이 지난 저층 주택이 60% 이상이어야 지정될 수 있다."
    },
    {
      "sn": "news1007sent12731",
      "source_original": "이를 충족하는 관리형 주거환경개선사업 예정지, 정비구역 해제지역, 경관·고도지구, 골목길 재생사업 구역 등이 대상이 될 수 있다."
    },
    {
      "sn": "news1007sent12732",
      "source_original": "류훈 서울시 도시재생실장은 \"주택성능개선지원구역을 확대할 것\"이라며 \"지속가능한 주거환경 개선을 기대한다\"고 밝혔다."
    },
    {
      "sn": "news1007sent12733",
      "source_original": "한편 이날 도시재생위원회에는 양천구 목동 557번지 일대 가로주택정비사업의 임대주택 건설에 따른 층수 완화 적용안도 상정됐으나 심의가 보류됐다."
    }
  ]
}