{
  "meta": {
    "doc_no": "dis109180",
    "domain": "금융",
    "category": "공시정보",
    "license": "open",
    "source_language": "ko",
    "target_language": "id"
  },
  "doc_info": {
    "source": "금융감독원",
    "dis_no": 2022040600249900760,
    "doc_name": "감사보고서",
    "com_name": "(주)농협물류",
    "date": 20220406
  },
  "sents": [
    {
      "sn": "dis109180sent67947769",
      "source_original": "개정사항은 유의적인 회계정책이 아닌 중요한 회계정책을 공시하고, 중요하지 않은 회계정책을 공시하는 경우에는 그 정보가 중요한 회계정책 정보를 불분명하게 하지 않도록 하고 있습니다.",
      "source_cleaned": "개정사항은 유의적인 회계정책이 아닌 중요한 회계정책을 공시하고, 중요하지 않은 회계정책을 공시하는 경우에는 그 정보가 중요한 회계정책 정보를 불분명하게 하지 않도록 하고 있습니다.",
      "mt": "Perubahan yang dibuat tidak mengungkapkan kebijakan akuntansi yang penting, tetapi kebijakan akuntansi yang penting, dan dalam hal mengungkapkan kebijakan akuntansi yang tidak penting, informasi kebijakan akuntansi yang penting tidak ambigu.",
      "mtpe": "Amandemen tersebut memastikan bahwa kebijakan akuntansi penting diungkapkan dibandingkan kebijakan akuntansi penting, dan bahwa informasi tidak mengaburkan informasi kebijakan akuntansi penting ketika pengungkapan kebijakan akuntansi non-kritis."
    }
  ]
}