{
  "meta": {
    "doc_no": "dis109187",
    "domain": "금융",
    "category": "공시정보",
    "license": "open",
    "source_language": "ko",
    "target_language": "id"
  },
  "doc_info": {
    "source": "금융감독원",
    "dis_no": 2022040600249200760,
    "doc_name": "감사보고서",
    "com_name": "(주)대화산기",
    "date": 20220406
  },
  "sents": [
    {
      "sn": "dis109187sent67951676",
      "source_original": "당사는 만기가 확정된 채무증권으로서 상환금액이 확정되었거나, 확정이 가능한 채무증권을 만기까지 보유할 적극적인 의도와 능력이 있는 경우에는 투자자산인 만기보유증권으로 분류하고 있습니다.",
      "source_cleaned": "당사는 만기가 확정된 채무증권으로서 상환금액이 확정되었거나, 확정이 가능한 채무증권을 만기까지 보유할 적극적인 의도와 능력이 있는 경우에는 투자자산인 만기보유증권으로 분류하고 있습니다.",
      "mt": "Sebagai sekuritas hutang dengan jatuh tempo yang telah dikonfirmasi, perusahaan menggolongkan sekuritas jatuh tempo sebagai aset investasi jika jumlah pembayaran telah dikonfirmasi atau jika Anda memiliki niat aktif dan kemampuan untuk menahan sekuritas hutang yang dapat dikonfirmasi hingga jatuh tempo.",
      "mtpe": "Sebagai suatu surat utang dengan jangka waktu tetap, perusahaan mengklasifikasikannya sebagai kepemilikan jatuh tempo jika jumlah pelunasannya telah dipastikan atau terdapat niat aktif dan kemampuan untuk memegang surat utang tersebut yang dapat dipastikan hingga jatuh tempo."
    }
  ]
}