{
  "meta": {
    "doc_no": "dis109176",
    "domain": "금융",
    "category": "공시정보",
    "license": "open",
    "source_language": "ko",
    "target_language": "id"
  },
  "doc_info": {
    "source": "금융감독원",
    "dis_no": 2022040600250300760,
    "doc_name": "감사보고서",
    "com_name": "주식회사 아데나소프트웨어",
    "date": 20220406
  },
  "sents": [
    {
      "sn": "dis109176sent67944410",
      "source_original": "고객과의 계약에서 회사는 라이선스나 용역의 통제가 고객에 이전되었을 때, 해당 라이선스나 용역의 대가로 받을 권리를 갖게 될 것으로 예상하는 대가를 반영하는 금액으로 수익을 인식합니다.",
      "source_cleaned": "고객과의 계약에서 회사는 라이선스나 용역의 통제가 고객에 이전되었을 때, 해당 라이선스나 용역의 대가로 받을 권리를 갖게 될 것으로 예상하는 대가를 반영하는 금액으로 수익을 인식합니다.",
      "mt": "Dalam kontrak dengan pelanggan, perusahaan mengenali pendapatan sebagai jumlah yang mencerminkan biaya yang diharapkan saat lisensi atau layanan dialihkan ke pelanggan, dan mungkin mendapatkan hak untuk menerima lisensi atau layanan tersebut sebagai imbalan.",
      "mtpe": "Dalam kontrak dengan pelanggan, perusahaan mengakui pendapatan sebesar jumlah yang mencerminkan imbalan yang diharapkan diterima sebagai imbalan atas lisensi atau jasa ketika kendali atas lisensi atau jasa dialihkan kepada pelanggan."
    },
    {
      "sn": "dis109176sent67944409",
      "source_original": "회사는 회사가 개발한 소프트웨어 라이선스와 기타 용역을 고객에게 제공하면서 고객에게 부과되는 수수료에서 수익을 얻고 있습니다.",
      "source_cleaned": "회사는 회사가 개발한 소프트웨어 라이선스와 기타 용역을 고객에게 제공하면서 고객에게 부과되는 수수료에서 수익을 얻고 있습니다.",
      "mt": "Perusahaan mendapat untung dari biaya yang dibebankan kepada pelanggan mereka dengan menawarkan lisensi perangkat lunak dan layanan lainnya yang dikembangkan perusahaan mereka kepada pelanggan mereka.",
      "mtpe": "Perusahaan memperoleh pendapatan dari biaya yang dibebankan kepada pelanggan dengan memberikan lisensi perangkat lunak dan layanan lain yang dikembangkan oleh perusahaan kepada pelanggan."
    }
  ]
}