{
  "meta": {
    "doc_no": "paper100003",
    "domain": "금융",
    "category": "학술논문",
    "license": "open",
    "source_language": "ko",
    "target_language": "en"
  },
  "doc_info": {
    "source": "한국공인회계사회",
    "journal_name": "회계ㆍ세무와 감사 연구",
    "vol_info": "2007, vol.,no.45, pp. 237-276 (40 pages)",
    "doi": "10.22781/kicpa.2007..45.237",
    "title": "내부감사부서의 특성과 외부감사노력과의 관련성에 대한 연구",
    "date": 202206
  },
  "sents": [
    {
      "page": 11,
      "sn": "paper100003sent986768",
      "source_original": "관심변수인 내부감사부서 보유유무의 평균 은 0.3705로 대상기업 중 내부감사부서가 존재하는 기업은 약 40%를 차지하고 있는 것으로 확인되었다.",
      "source_cleaned": "관심변수인 내부감사부서 보유유무의 평균은 0.3705로 대상기업 중 내부감사부서가 존재하는 기업은 약 40%를 차지하고 있는 것으로 확인되었다.",
      "mt": "The average of whether or not to have an internal audit department, which is a variable of interest, was 0.3705, and it was confirmed that about 40% of the target companies had internal audit departments.",
      "mtpe": "It was confirmed that approximately 40% of the target companies have internal audit departments, as the average for the variable of interest, the presence of an internal audit department, was 0.3705."
    },
    {
      "page": 11,
      "sn": "paper100003sent986770",
      "source_original": "기술통계량 및 상관관계 &lt;표 2&gt;에서는 회귀모형에 포함된 변수에 대한 기술통계를 보여주고 있다.",
      "source_cleaned": "기술통계량 및 상관관계 <표 2>에서는 회귀모형에 포함된 변수에 대한 기술통계를 보여주고 있다.",
      "mt": "Descriptive Statistics and Correlation &lt;Table 2&gt; shows descriptive statistics for variables included in the regression model.",
      "mtpe": "Descriptive Statistics and Correlation <Table 2> display the descriptive statistics for the variables included in the regression model."
    },
    {
      "page": 11,
      "sn": "paper100003sent986769",
      "source_original": "패널 B에서는 내부감사부서가 존재하는 기업(N=468)을 대상으로 내부감사부서의 특성변수, 종속변수 및 통제변수에 대한 정보를 제공하고 있다.",
      "source_cleaned": "패널 B에서는 내부감사부서가 존재하는 기업을 대상으로 내부감사부서의 특성변수, 종속변수 및 통제변수에 대한 정보를 제공하고 있다.",
      "mt": "Panel B provides information on the characteristic variables, dependent variables, and control variables of the internal audit department for companies with internal audit departments.",
      "mtpe": "Panel B provides information on the characteristics, dependent variables, and control variables of the internal audit department for companies that have an internal audit department."
    }
  ]
}