{
  "meta": {
    "doc_no": "paper100008",
    "domain": "금융",
    "category": "학술논문",
    "license": "open",
    "source_language": "ko",
    "target_language": "en"
  },
  "doc_info": {
    "source": "한국공인회계사회",
    "journal_name": "회계ㆍ세무와 감사 연구",
    "vol_info": "2007, vol.,no.45, pp. 237-276 (40 pages)",
    "doi": "10.22781/kicpa.2007..45.237",
    "title": "내부감사부서의 특성과 외부감사노력과의 관련성에 대한 연구",
    "date": 202206
  },
  "sents": [
    {
      "page": 16,
      "sn": "paper100008sent986792",
      "source_original": "가설 1과 비교하면, 외부감사인의 내부감사의존도에 내부감사부서의 단순보유여부 보다는 내부감사부서의 특성이 크게 작용하고 있음을 확인할 수 있다.",
      "source_cleaned": "가설 1과 비교하면, 외부감사인의 내부감사의존도에 내부감사부서의 단순보유여부 보다는 내부감사부서의 특성이 크게 작용하고 있음을 확인할 수 있다.",
      "mt": "Compared with Hypothesis 1, it can be seen that the characteristics of the internal audit department play a large role in the dependence of external auditors on internal audit rather than the simple retention of the internal audit department.",
      "mtpe": "Compared to Hypothesis 1, it can be confirmed that the characteristics of the internal audit department have a greater influence on the dependence of external auditors on internal audit than simply whether or not the department has an internal audit department."
    },
    {
      "page": 16,
      "sn": "paper100008sent986788",
      "source_original": "또한, 국내 기업지배구조원 감사위원회 모범규준(문 단 5.1~5.4)에서도 내부감사부서장을 임원으로 하고 감사위원회에서 부서장 임면 및 부서 활동 등에 대한 효과적인 감독 을 수행하도록 권고하고 있다.",
      "source_cleaned": "국내 기업지배구조 원 감사위원회 모범규준에서도 내부감사부서장을 임원으로 하고 감사위원회에서 부서장 임면 및 부서 활동 등에 대한 효과적인 감독 을 수행하도록 권고하고 있다.",
      "mt": "The best standards of the Audit Committee of the Korea Corporate Governance Service also recommend that the head of the internal audit department be an executive and that the audit committee carry out effective supervision on the appointment and dismissal of the department head and department activities.",
      "mtpe": "The Korea Corporate Governance Institute's Audit Committee Model Code also recommends that the head of the internal audit department be an executive and that the audit committee conduct effective supervision of the appointment and dismissal of the department head and department activities."
    },
    {
      "page": 16,
      "sn": "paper100008sent986791",
      "source_original": "그 결과 내부감사부서 의 규모(IAD_SIZE) 및 부서인원의 평균근속연수(IAD_EXP)에 대해서는 외부감사시간, 보수와 대체적으로 통계적인 음의 상관관계를 보였으나 부서의 독립성에 대해서는 유의적인 결과를 나타나지 않았다.",
      "source_cleaned": "그 결과 내부감사부서 의 규모 및 부서인원의 평균근속연수에 대해서는 외부감사시간, 보수와 대체적으로 통계적인 음의 상관관계를 보였으나 부서의 독립성에 대해서는 유의적인 결과를 나타나지 않았다.",
      "mt": "As a result, there was a generally statistical negative correlation with external audit time and remuneration for the size of the internal audit department and the average number of years of service of the department members, but there was no significant result for the independence of the department.",
      "mtpe": "As a result, the size of the internal audit department and the average years of service of department personnel showed a generally negative statistical correlation with external audit hours and compensation, but no significant results were found regarding the independence of the department."
    },
    {
      "page": 16,
      "sn": "paper100008sent986795",
      "source_original": "내부감사부서의 세부적인 특성 별로 외부감사노력에 어떠한 영향을 미치는지를 살펴보기 위해 내부감사부서의 특성을 각각 부서 규모, 부서인원의 평균근속연수(전문성), 경영진으로부터의 부서 업무를 보다 자유롭게 수행할 수 있는 능력17)(독립성)으로 구분하여 추가분석을 실시하였다.",
      "source_cleaned": "내부감사부서의 세부적인 특성 별로 외부감사노력에 어떠한 영향을 미치는지를 살펴보기 위해 내부감사부서의 특성을 각각 부서 규모, 부서인원의 평균근속연수, 경영진으로부터의 부서 업무를 보다 자유롭게 수행할 수 있는 능력으로 구분하여 추가분석을 실시하였다.",
      "mt": "In order to examine how the detailed characteristics of the internal audit department affect the external audit efforts, additional analysis was conducted by dividing the characteristics of the internal audit department into the size of the department, the average number of years of service of the department personnel, and the ability to perform department work more freely from management.",
      "mtpe": "In order to examine the impact of the internal audit department's detailed characteristics on external audit efforts, further analysis was conducted by dividing the characteristics of the internal audit department into department size, average tenure of department personnel, and the ability to perform department tasks more freely from the management."
    },
    {
      "page": 16,
      "sn": "paper100008sent986790",
      "source_original": "내부감사부서의 특성이 우수할수록 외부감사인은 내부 감사의존도를 높이고 감사위험을 낮다고 평가하여 감사노력을 상대적으로 줄이게 된다는 것 이다.",
      "source_cleaned": "내부감사부서의 특성이 우수할수록 외부감사인은 내부 감사의존도를 높이고 감사위험을 낮다고 평가하여 감사노력을 상대적으로 줄이게 된다는 것 이다.",
      "mt": "The better the characteristics of the internal audit department, the more external auditors increase their dependence on internal audits and evaluate that the audit risk is low, thereby relatively reducing audit efforts.",
      "mtpe": "The better the characteristics of the internal audit department, the higher the external auditor's dependence on internal audit, the lower the audit risk, and the lower the audit effort."
    },
    {
      "page": 16,
      "sn": "paper100008sent986787",
      "source_original": "먼저, 가설 2에서 언급한 내부감사부서의 특성과 관련된 변수(규모, 전문 성, 독립성)과 관련하여 내부감사부서의 종합 특성(IAF)16)의 경우 외부감사 시간, 보수에 통계 적으로 유의한 음(-)의 관계를 보였다.",
      "source_cleaned": "먼저, 가설 2에서 언급한 내부감사부서의 특성과 관련된 변수과 관련하여 내부감사부서의 종합 특성의 경우 외부감사 시간, 보수에 통계 적으로 유의한 음의 관계를 보였다.",
      "mt": "First, in relation to the variables related to the characteristics of the internal audit department mentioned in Hypothesis 2, the overall characteristics of the internal audit department showed a statistically significant negative relationship between external audit time and remuneration.",
      "mtpe": "First, in relation to the variables related to the characteristics of the internal audit department mentioned in Hypothesis 2, the comprehensive characteristics of the internal audit department showed a statistically significant negative relationship with external audit time and compensation."
    },
    {
      "page": 16,
      "sn": "paper100008sent986786",
      "source_original": "이는 외부감사인이 내부감사의존도를 결정함에 있어 내부감사부서 독립성 이 크게 작용하지는 않으며, 내부감사부서가 기업 내부조직으로 운영되어 경영진의 간섭으로 부터 자율성을 보장받지 못한다는 한계로도 해석될 수 있다.",
      "source_cleaned": "이는 외부감사인이 내부감사의존도를 결정함에 있어 내부감사부서 독립성 이 크게 작용하지는 않으며, 내부감사부서가 기업 내부조직으로 운영되어 경영진의 간섭으로 부터 자율성을 보장받지 못한다는 한계로도 해석될 수 있다.",
      "mt": "This can be interpreted as a limitation that external auditors do not have much independence of the internal audit department in determining the dependence on internal audit, and that the internal audit department is operated as an internal organization of a company and is not guaranteed autonomy from management interference.",
      "mtpe": "This can also be interpreted as a limitation that the independence of the internal audit department does not play a significant role in determining the degree of dependence of external auditors on internal audit, and that the internal audit department is operated as an internal organization of the company and is not guaranteed autonomy from management's interference."
    },
    {
      "page": 16,
      "sn": "paper100008sent986793",
      "source_original": "즉, 내부감사부서의 특성과 외부감사노력 사이에는 대체적인 성격이 강하다고 할 수 있 다.",
      "source_cleaned": "즉, 내부감사부서의 특성과 외부감사노력 사이에는 대체적인 성격이 강하다고 할 수 있 다.",
      "mt": "In other words, it can be said that there is a strong general character between the characteristics of the internal audit department and the external audit effort.",
      "mtpe": "In other words, it can be said that there is a strong general nature between the characteristics of the internal audit department and external audit efforts."
    }
  ]
}