{
  "meta": {
    "doc_no": "paper100011",
    "domain": "금융",
    "category": "학술논문",
    "license": "open",
    "source_language": "ko",
    "target_language": "en"
  },
  "doc_info": {
    "source": "한국공인회계사회",
    "journal_name": "회계ㆍ세무와 감사 연구",
    "vol_info": "2007, vol.,no.45, pp. 237-276 (40 pages)",
    "doi": "10.22781/kicpa.2007..45.237",
    "title": "내부감사부서의 특성과 외부감사노력과의 관련성에 대한 연구",
    "date": 202206
  },
  "sents": [
    {
      "page": 19,
      "sn": "paper100011sent986807",
      "source_original": "이 밖에도 기존 연구에서는 주로 내부감사부서만 관심변수로 두었으나 본 연구에서는 내부감사부서 뿐만 아니라 기업의 내부감사기구인 감사 위원회를 고려하여 감사위원회가 내부감사부서와 외부감사노력간 관계에 어떠한 영향을 미치 는지를 확인하였다.",
      "source_cleaned": "이 밖에도 기존 연구에서는 주로 내부감사부서만 관심변수로 두었으나 본 연구에서는 내부감사부서 뿐만 아니라 기업의 내부감사기구인 감사 위원회를 고려하여 감사위원회가 내부감사부서와 외부감사노력간 관계에 어떠한 영향을 미치 는지를 확인하였다.",
      "mt": "In addition, in the previous study, only the internal audit department was set as a variable of interest, but in this study, the audit committee, which is an internal audit organization of a company, as well as the internal audit department, was considered to confirm how the audit committee affects the relationship between the internal audit department and external audit efforts.",
      "mtpe": "In addition, in the previous study, only the internal audit department was set as a variable of interest, but in this study, the audit committee, which is an internal audit organization of a company, as well as the internal audit department, was considered to confirm what impact the audit committee had on the relationship between the internal audit department and external audit efforts."
    },
    {
      "page": 19,
      "sn": "paper100011sent986814",
      "source_original": "이러한 상황에서 본 연구는 내부감사부서의 보유유무 및 특성(규모, 전문성, 독립성)에 따라 외부감사노력인 감사시간 및 보수에 어떠한 영향을 미치는지를 실증적으로 분석하였다.",
      "source_cleaned": "이러한 상황에서 본 연구는 내부감사부서의 보유유무 및 특성에 따라 외부감사노력인 감사시간 및 보수에 어떠한 영향을 미치는지를 실증적으로 분석하였다.",
      "mt": "In this situation, this study empirically analyzed how the audit time and remuneration, which are external audit efforts, are affected according to the presence or absence and characteristics of the internal audit department.",
      "mtpe": "In this situation, this study empirically analyzed how the external audit effort, audit time and compensation, is affected by the presence and characteristics of the internal audit department."
    },
    {
      "page": 19,
      "sn": "paper100011sent986810",
      "source_original": "이를 통해 내부감사부서의 보유유무 및 세부특성을 각각 구 분하여 경우에 따라 외부감사노력에 미치는 영향이 상이함을 보였다.",
      "source_cleaned": "이를 통해 내부감사부서의 보유유무 및 세부특성을 각각 구 분하여 경우에 따라 외부감사노력에 미치는 영향이 상이함을 보였다.",
      "mt": "Through this, it was shown that the influence on external audit efforts was different in some cases by dividing the existence and detailed characteristics of the internal audit department.",
      "mtpe": "Through this, the presence or absence of an internal audit department and its detailed characteristics were distinguished, showing that the impact on external audit efforts differed depending on the case."
    }
  ]
}