{
  "meta": {
    "doc_no": "paper10000",
    "domain": "금융",
    "category": "학술논문",
    "license": "open",
    "source_language": "ko",
    "target_language": "en"
  },
  "doc_info": {
    "source": "동북아법연구소",
    "journal_name": "동북아법연구",
    "vol_info": "2020, vol.14,no.2, 통권 37호pp. 209-240 (32 pages)",
    "doi": "10.19035/nal.2020.14.2.9",
    "title": "한·중·일의 자금세탁 문제점 분석을 통한 해결방안모색 - 동북아공동체의 형사사법공조를 중심으로 -",
    "date": 201409
  },
  "sents": [
    {
      "page": 20,
      "sn": "paper10000sent116004",
      "source_original": "쌍방가벌주의 완화방안 (1) 쌍방가벌주의의 의미와 쌍방가벌주의 완화필요성 ① 쌍방가벌주의(principle of double criminality) 의미 쌍방가벌성 원칙 또는 쌍방가벌주의는 형사사법공조의 대상이 되는 범죄는 요청국 과 피요청국에서 모두 처벌 가능한 범죄이어야 한다는 원칙이다.",
      "source_cleaned": "쌍방가벌성 원칙 또는 쌍방가벌주의는 형사사법공조의 대상이 되는 범죄는 요청국과 피요청국에서 모두 처벌 가능한 범죄이어야 한다는 원칙이다.",
      "mt": "The principle of two-way punishment or two-way punishment is the principle that crimes subject to criminal justice cooperation must be punishable in both the requesting country and the requested country.",
      "mtpe": "The principle of reciprocity or mutual legal assistance is based on the principle that crimes subject to criminal justice cooperation should be punishable in both the requesting country and the requested country."
    },
    {
      "page": 20,
      "sn": "paper10000sent116010",
      "source_original": "쌍방가벌주의에 있어서는 어느 정도의 쌍방가벌주의가 요구되 는지 여부가 문제되는데, 이에 관하여는 추상적 쌍방가벌주의(double criminality in abstracto)의 입장과 구체적 쌍방가벌주의(double criminality in concreto)의 입장이 대립 된다.",
      "source_cleaned": "쌍방가벌주의에 있어서는 어느 정도의 쌍방가벌주의가 요구되는지 여부가 문제되는데, 이에 관하여는 추상적 쌍방가벌주의의 입장과 구체적 쌍방가벌주의의 입장이 대립된다.",
      "mt": "It is a question of how much two-way punishment is required in two-way punishment, in which the position of abstract two-way punishment and the position of specific two-way punishment conflict.",
      "mtpe": "The issue in dual reciprocity lies in determining the extent to which dual reciprocity is required, with conflicting positions between the abstract perspective of dual reciprocity and the concrete perspective of dual reciprocity."
    },
    {
      "page": 20,
      "sn": "paper10000sent116006",
      "source_original": "이 원칙은 범죄인인도 법의 요체인 기본원칙을 형사사법공조에 도입한 것으로 궁극적으로는 상호주의의 원 칙에서 파생된 것이다.",
      "source_cleaned": "이 원칙은 범죄인인도 법의 요체인 기본원칙을 형사사법공조에 도입한 것으로 궁극적으로는 상호주의의 원칙에서 파생된 것이다.",
      "mt": "This principle is the introduction of the basic principle, which is the essence of the criminal extradition law, to criminal justice cooperation, and ultimately derived from the principle of reciprocity.",
      "mtpe": "This principle, which is ultimately derived from the principle of reciprocity, is the incorporation of the fundamental principle of the criminal extradition law into criminal justice cooperation."
    },
    {
      "page": 20,
      "sn": "paper10000sent116009",
      "source_original": "현재 관련 법규에 산재되어 있는 국제범죄관련 법령들을 한곳에 통합하여 보다 능률적이고 합리적인 법제정을 위해서 노력을 하여야 한다.",
      "source_cleaned": "현재 관련 법규에 산재되어 있는 국제범죄관련 법령들을 한곳에 통합하여 보다 능률적이고 합리적인 법제정을 위해서 노력을 하여야 한다.",
      "mt": "Efforts should be made to enact a more efficient and rational legislation by integrating the laws and regulations related to international crimes currently scattered in the relevant laws and regulations in one place.",
      "mtpe": "Efforts should be made to consolidate the laws and regulations related to international crimes, which are currently scattered in various legislations, in order to achieve a more efficient and rational legislation."
    }
  ]
}