{
  "meta": {
    "doc_no": "paper100007",
    "domain": "금융",
    "category": "학술논문",
    "license": "open",
    "source_language": "ko",
    "target_language": "en"
  },
  "doc_info": {
    "source": "한국공인회계사회",
    "journal_name": "회계ㆍ세무와 감사 연구",
    "vol_info": "2007, vol.,no.45, pp. 237-276 (40 pages)",
    "doi": "10.22781/kicpa.2007..45.237",
    "title": "내부감사부서의 특성과 외부감사노력과의 관련성에 대한 연구",
    "date": 202206
  },
  "sents": [
    {
      "page": 15,
      "sn": "paper100007sent986780",
      "source_original": "따라서 감사품질을 제고하기 위해서는 감사투입량이 커져야 하므로 감사보수, 시간이 증가하 는 결과가 나타났다.",
      "source_cleaned": "감사품질을 제고하기 위해서는 감사투입량이 커져야 하므로 감사보수, 시간이 증가하는 결과가 나타났다.",
      "mt": "In order to improve audit quality, the amount of audit input must be increased, resulting in an increase in audit fees and time.",
      "mtpe": "To enhance audit quality, it was found that the increase in audit input leads to an increase in audit fees and time."
    },
    {
      "page": 15,
      "sn": "paper100007sent986784",
      "source_original": "반면에 외부감사인의 내부감사의존도는 내부감사부서 존재여부만으로는 큰 변화가 나타나지는 않는다는 것을 알 수 있다.",
      "source_cleaned": "반면에 외부감사인의 내부감사의존도는 내부감사부서 존재여부만으로는 큰 변화가 나타나지는 않는다는 것을 알 수 있다.",
      "mt": "On the other hand, it can be seen that the dependence of external auditors on internal audits does not change significantly only by the existence of an internal audit department.",
      "mtpe": "On the other hand, it is evident that the level of reliance of external auditors on internal audits does not undergo significant changes solely based on the presence of an internal audit department."
    },
    {
      "page": 15,
      "sn": "paper100007sent986781",
      "source_original": "분석결과, 가설에 대한 관심변수인 내부감사부서(IAD_PRE)를 보유하고 있는 기업은 그렇지 않은 기업에 비해 감사보수 및 감사시간 모두 유의한 양(+)의 상관관계를 지니고 있는 것으로 나타났다.",
      "source_cleaned": "분석결과, 가설에 대한 관심변수인 내부감사부서를 보유하고 있는 기업은 그렇지 않은 기업에 비해 감사보수 및 감사시간 모두 유의한 양의 상관관계를 지니고 있는 것으로 나타났다.",
      "mt": "As a result of the analysis, it was found that companies with internal audit departments, which are variables of interest in the hypothesis, have a significant positive correlation in both audit fees and audit hours compared to those that do not.",
      "mtpe": "The analysis revealed that companies with internal audit departments, which are variables of interest in the hypothesis, exhibit a significant positive correlation in both audit fees and audit hours compared to those without."
    },
    {
      "page": 15,
      "sn": "paper100007sent986782",
      "source_original": "2. 실증분석 결과 &lt;표 4&gt;는 가설 1을 검증하기 위해 외부감사인의 감사노력에 대한 종속변수로 감사보수, 시 간을 이용하여 내부감사부서 유무와의 상관관계를 분석한 연구결과이다.",
      "source_cleaned": "실증분석 결과 <표 4>는 가설 1을 검증하기 위해 외부감사인의 감사노력에 대한 종속변수로 감사보수, 시간을 이용하여 내부감사부서 유무와의 상관관계를 분석한 연구결과이다.",
      "mt": "&lt;Table 4&gt; is the result of a study that analyzed the correlation between the existence of an internal audit department using audit fees and time as dependent variables for the audit efforts of external auditors to verify hypothesis 1.",
      "mtpe": "<Table 4> presents the findings of an empirical analysis that examined the relationship between audit fees and time as dependent variables for the audit efforts of external auditors in order to verify hypothesis 1, while also analyzing their correlation with the presence of an internal audit department."
    }
  ]
}