{
  "meta": {
    "doc_no": "paper100002",
    "domain": "금융",
    "category": "학술논문",
    "license": "open",
    "source_language": "ko",
    "target_language": "en"
  },
  "doc_info": {
    "source": "한국공인회계사회",
    "journal_name": "회계ㆍ세무와 감사 연구",
    "vol_info": "2007, vol.,no.45, pp. 237-276 (40 pages)",
    "doi": "10.22781/kicpa.2007..45.237",
    "title": "내부감사부서의 특성과 외부감사노력과의 관련성에 대한 연구",
    "date": 202206
  },
  "sents": [
    {
      "page": 10,
      "sn": "paper100002sent986761",
      "source_original": "내부 감사부서의 특성변수(IAF)는 국내 기업지배구조원 감사위원회 모 범규준(2018)을 참고했다.",
      "source_cleaned": "내부 감사부서의 특성변수는 국내 기업지배구조 원 감사위원회 모범규준을 참고했다.",
      "mt": "As for the characteristic variable of the internal audit department, the best standards of the audit committee of the Korea Corporate Governance Service were referenced.",
      "mtpe": "The characteristic variable of the internal audit department was based on the best standards of the audit committee of the Korea Corporate Governance Service."
    },
    {
      "page": 10,
      "sn": "paper100002sent986759",
      "source_original": "다음으로 가설 2를 분석하기 위한 연구모형으로는 연구모형(2)에서 관심변수를 내부감사부 서의 특성(IAF)으로 설정하여 내부감사부서의 특성에 따라 외부감사인의 감사노력에 어떠한 영향을 미치는지 확인할 예정이다.",
      "source_cleaned": "다음으로 가설 2를 분석하기 위한 연구모형으로는 연구모형에서 관심변수를 내부감사부서의 특성으로 설정하여 내부감사부서의 특성에 따라 외부감사인의 감사노력에 어떠한 영향을 미치는지 확인할 예정이다.",
      "mt": "Next, as a research model for analyzing hypothesis 2, the variable of interest in the research model will be set as the characteristic of the internal audit department to determine how it affects the audit efforts of external auditors according to the characteristics of the internal audit department.",
      "mtpe": "For the analysis of hypothesis 2, the research model will set the variable of interest as the characteristic of the internal audit department to examine the impact of the internal audit department's characteristics on the audit efforts of external auditors."
    },
    {
      "page": 10,
      "sn": "paper100002sent986762",
      "source_original": "부서의 규모(IAD_SIZE)는 전체 직원 수 대비 내부감사부서의 인원 이 얼만큼인지로 측정되는데 이는 내부감사부서의 규모가 클수록 내부감사담당인력이 충분하 다는 것으로 보아, 내부감사부서가 효과적으로 운영될 수 있다(IV.5.4).",
      "source_cleaned": "부서의 규모는 전체 직원 수 대비 내부감사부서의 인원이 얼마큼 인지로 측정되는데 이는 내부감사부서의 규모가 클수록 내부감사담당인력이 충분하 다는 것으로 보아, 내부감사부서가 효과적으로 운영될 수 있다.",
      "mt": "The size of the department is measured by the number of internal audit departments compared to the total number of employees. This means that the larger the internal audit department is, the more sufficient the internal audit staff is, so the internal audit department can operate effectively.",
      "mtpe": "The department's scale is determined by the proportion of internal audit personnel to the total number of employees; this suggests that a larger internal audit department indicates a sufficient number of internal audit staff, enabling effective operation of the internal audit department."
    },
    {
      "page": 10,
      "sn": "paper100002sent986760",
      "source_original": "또한, 세부적으로 부서의 개별특성이 미치는 효과를 보다 구체적으로 파악하기 위해 부서의 특성을 부서의 규모(IAD_SIZE), 부서인원의 전문성 (IAD_EXP), 부서의 독립성(IAD_IND)로 구분하여 외부감사 시간, 보수에 각각 어떠한 영향을 미치는지 보고자 한다.",
      "source_cleaned": "세부적으로 부서의 개별특성이 미치는 효과를 보다 구체적으로 파악하기 위해 부서의 특성을 부서의 규모, 부서인원의 전문성, 부서의 독립성로 구분하여 외부감사 시간, 보수에 각각 어떠한 영향을 미치는지 보고자 한다.",
      "mt": "In order to understand the effects of individual characteristics of the department in detail, the characteristics of the department are divided into the size of the department, the expertise of the number of departments, and the independence of the department to see how they affect the external audit time and remuneration, respectively.",
      "mtpe": "To gain a more specific understanding of the effects of the department's individual characteristics, we aim to examine how the department's characteristics, such as department size, expertise of department personnel, and department independence, influence external audit time and remuneration."
    }
  ]
}