{
  "meta": {
    "doc_no": "paper100004",
    "domain": "금융",
    "category": "학술논문",
    "license": "open",
    "source_language": "ko",
    "target_language": "en"
  },
  "doc_info": {
    "source": "한국공인회계사회",
    "journal_name": "회계ㆍ세무와 감사 연구",
    "vol_info": "2007, vol.,no.45, pp. 237-276 (40 pages)",
    "doi": "10.22781/kicpa.2007..45.237",
    "title": "내부감사부서의 특성과 외부감사노력과의 관련성에 대한 연구",
    "date": 202206
  },
  "sents": [
    {
      "page": 12,
      "sn": "paper100004sent986775",
      "source_original": "패널 A에서는 가설 1(내부감사부서 보 유유무)에 대한 변수들의 관계를 살펴본 결과로 종속변수인 감사보수 및 시간 간에는 높은 양 의 상관관계(0.9507)을 보이고 있으며, 종속변수와 관심변수(내부감사부서 보유유무)간 역시 통계적으로 유의한 양의 상관관계(0.5150)가 나타났다.",
      "source_cleaned": "패널 A에서는 가설 1에 대한 변수들의 관계를 살펴본 결과로 종속변수인 감사보수 및 시간 간에는 높은 양의 상관관계을 보이고 있으며, 종속변수와 관심변수간 역시 통계적으로 유의한 양의 상관관계가 나타났다.",
      "mt": "In panel A, as a result of examining the relationship between the variables for Hypothesis 1, there was a high positive correlation between the dependent variable, audit fee, and time, and there was also a statistically significant positive correlation between the dependent variable and the variable of interest.",
      "mtpe": "In panel A, the examination of the variables for Hypothesis 1 revealed a strong positive correlation between the dependent variables, audit compensation and time, as well as a statistically significant positive correlation between the dependent variable and the variable of interest."
    },
    {
      "page": 12,
      "sn": "paper100004sent986777",
      "source_original": "패널 B에서는 가설 2(내부감사부서의 특성)에 대한 변수들 간의 상관관계 결과를 제시하였 다.",
      "source_cleaned": "패널 B에서는 가설 2에 대한 변수들 간의 상관관계 결과를 제시하였다.",
      "mt": "Panel B presented the results of the correlation between the variables for Hypothesis 2.",
      "mtpe": "In Panel B, the correlation results between the variables for Hypothesis 2 were presented."
    }
  ]
}