{
  "meta": {
    "doc_no": "paper100001",
    "domain": "금융",
    "category": "학술논문",
    "license": "open",
    "source_language": "ko",
    "target_language": "en"
  },
  "doc_info": {
    "source": "한국공인회계사회",
    "journal_name": "회계ㆍ세무와 감사 연구",
    "vol_info": "2007, vol.,no.45, pp. 237-276 (40 pages)",
    "doi": "10.22781/kicpa.2007..45.237",
    "title": "내부감사부서의 특성과 외부감사노력과의 관련성에 대한 연구",
    "date": 202206
  },
  "sents": [
    {
      "page": 9,
      "sn": "paper100001sent986750",
      "source_original": "15) 2019년부터 전년말 기준 자산총액 2조원 이상인 기업에 대해 의무화하였으며, 2020년부터는 전년말 기준 자산총액 5천 억원 이상 기업까지 의무대상을 확대했다.",
      "source_cleaned": "2019년부터 전년말 기준 자산총액 2조 원 이상인 기업에 대해 의무화하였으며, 2020년부터는 전년말 기준 자산총액 5천 억 원 이상 기업까지 의무대상을 확대했다.",
      "mt": "From 2019, it was mandatory for companies with total assets of 2 trillion won or more as of the end of the previous year, and from 2020, the mandatory target was expanded to companies with total assets of 500 billion won or more as of the end of the previous year.",
      "mtpe": "From 2019, it was mandatory for companies with total assets of KRW 2 trillion or more as of the end of the previous year, and from 2020, the mandatory target was expanded to companies with total assets of KRW 500 billion or more as of the end of the previous year."
    },
    {
      "page": 9,
      "sn": "paper100001sent986756",
      "source_original": "2. 연구모형 가설 1에 대한 연구모형으로는 내부감사부서의 보유 유무를 나타내는 변수(IAD_PRE)와 종 속변수(AUDIT_TIME, AUDIT_FEE)와의 상관관계를 살펴보고자 아래와 같이 설정하였다.",
      "source_cleaned": "연구모형 가설 1에 대한 연구모형으로는 내부감사부서의 보유 유무를 나타내는 변수와 종 속변수와의 상관관계를 살펴보고자 아래와 같이 설정하였다.",
      "mt": "As a research model for Research Model Hypothesis 1, it was set as follows to examine the correlation between the variable indicating whether the internal audit department is held or not and the longitudinal variable.",
      "mtpe": "Research Model: The research model for Hypothesis 1 was set up as follows to examine the correlation between the variable indicating the presence or absence of an internal audit department and the dependent variable."
    },
    {
      "page": 9,
      "sn": "paper100001sent986752",
      "source_original": "14) 외국에서는 감사시간에 대한 자료가 공시되고 있지 않아 관련 연구가 거의 없으나 Caramanis and Lennox(2008)는 감사시간을 감사인이 문제를 적발할 수 있는 확률에 영향을 미치는 요소로 보고 이를 감사노력(Audit Effort)으로 가정 하였다.",
      "source_cleaned": "외국에서는 감사시간에 대한 자료가 공시되고 있지 않아 관련 연구가 거의 없으나 Caramanis and Lennox는 감사시간을 감사인이 문제를 적발할 수 있는 확률에 영향을 미치는 요소로 보고 이를 감사노력으로 가정 하였다.",
      "mt": "In foreign countries, there are few related studies as data on audit time are not disclosed, but Caramanis and Lennox viewed audit time as a factor affecting the probability that the auditor can detect the problem and assumed this as an audit effort.",
      "mtpe": "In foreign countries, there is little related research because data on audit time is not disclosed, but Caramanis and Lennox viewed audit time as a factor that affects the probability that auditors can detect problems and assumed it to be audit effort."
    },
    {
      "page": 9,
      "sn": "paper100001sent986749",
      "source_original": "이에 반해 국내에서는 이동헌 외(2011) 등에서 감사노력의 대용치로 감사시간을 다수 사용하고 있다.",
      "source_cleaned": "이에 반해 국내에서는 이동헌 외 등에서 감사노력의 대용치로 감사시간을 다수 사용하고 있다.",
      "mt": "On the other hand, in Korea, Lee Dong-heon and others are using a large number of audit hours as a substitute for audit efforts.",
      "mtpe": "In contrast, in Korea, Lee Dong-heon and others often use audit time as a proxy for audit effort."
    },
    {
      "page": 9,
      "sn": "paper100001sent986754",
      "source_original": "주요 관심변수인 내부감사부서 보유유무(IAD_PRE)는 더미변수로 기업 기업규모(SIZE), 부채비율(LEV), 총자산수익률(ROA), 매출액증가율(GROWTH), 시장가 대비 (KOSPI), 내부회계관리제도 감사대상기업(IAC_AUDIT)를 설정하고 추가로 산업 및 연도더미 를 고려하였다15).",
      "source_cleaned": "주요 관심변수인 내부감사부서 보유유무는 더미변수로 기업 기업규모, 부채비율, 총자산수익률, 매출액증가율, 시장가 대비, 내부회계관리제도 감사대상기업를 설정하고 추가로 산업 및 연도더미 를 고려하였다.",
      "mt": "The presence or absence of the internal audit department, which is a major variable of interest, is a dummy variable, and the size of the company, the debt ratio, the total asset return, the sales growth rate, the market price comparison, the internal accounting management system audit target companies were set, and industry and year piles were additionally considered.",
      "mtpe": "The main variable of interest, the presence or absence of an internal audit department, was set as a dummy variable for company size, debt ratio, return on total assets, sales growth rate, market price comparison, and internal accounting management system audit target company, and additional industry and year dummies were considered."
    },
    {
      "page": 9,
      "sn": "paper100001sent986751",
      "source_original": "한편, 내부회계관리제도 인증수준 강화 외에 표준감사시간제도(2019년부터 모 든 상장사 도입) 역시 감사시간, 보수에 영향을 미칠것으로 예상되나 연도더미변수와 통계적으로 유사한 효과를 보였으 므로 연구모형에는 반영하지 않았다.",
      "source_cleaned": "한편, 내부회계관리제도 인증수준 강화 외에 표준감사시간제도 역시 감사시간, 보수에 영향을 미칠것으로 예상되나 연도더미변수와 통계적으로 유사한 효과를 보였으 므로 연구모형에는 반영하지 않았다.",
      "mt": "On the other hand, in addition to strengthening the certification level of the internal accounting management system, the standard audit time system is also expected to affect audit time and remuneration, but it was not reflected in the research model because it showed statistically similar effects to the year pile variable.",
      "mtpe": "Meanwhile, in addition to strengthening the certification level of the internal accounting management system, the standard audit time system is also expected to affect audit time and remuneration, but it was not reflected in the research model because it showed a statistically similar effect to the year dummy variable."
    },
    {
      "page": 9,
      "sn": "paper100001sent986757",
      "source_original": "회귀모형에 사용된 모든 변수들은 Appendix에서 자세히 설명하고 있다.",
      "source_cleaned": "회귀모형에 사용된 모든 변수들은 Appendix에서 자세히 설명하고 있다.",
      "mt": "All variables used in the regression model are described in detail in Appendix.",
      "mtpe": "All variables used in the regression model are described in detail in the Appendix."
    }
  ]
}