{
  "meta": {
    "doc_no": "news14272",
    "domain": "금융",
    "category": "뉴스기사",
    "license": "open",
    "source_language": "ko",
    "target_language": "vi"
  },
  "sents": [
    {
      "sn": "news14272sent176625",
      "source_original": "'야영장 야영 시설의 주재료를 천막으로 한정한 규정 삭제' 건은 기업·소상공인 영업애로 분야 중 수용된 사례다.",
      "source_cleaned": "'야영장 야영 시설의 주재료를 천막으로 한정한 규정 삭제' 건은 기업·소상공인 영업애로 분야 중 수용된 사례다.",
      "mt": "Trường hợp 'Xóa quy định giới hạn phí chính trong các cơ sở cắm trại trong lều' là một trường hợp được chấp nhận trong lĩnh vực khó khăn kinh doanh của các doanh nghiệp nhỏ và doanh nghiệp.",
      "mtpe": "Trường hợp 'Xóa quy định giới hạn vật liệu chính trong các cơ sở cắm trại trong lều' là một trường hợp được chấp nhận trong những khó khăn kinh doanh của các công ty và chủ doanh nghiệp nhỏ."
    },
    {
      "sn": "news14272sent176623",
      "source_original": "화재 위험 등을 이유로 금지됐던 합성수지 재질 돔 텐트가 앞으로 야영장에 설치될 수 있을 것으로 보인다.",
      "source_cleaned": "화재 위험 등을 이유로 금지됐던 합성수지 재질 돔 텐트가 앞으로 야영장에 설치될 수 있을 것으로 보인다.",
      "mt": "Vì nguy cơ hỏa hoạn, v.v., lều mái vòm nhựa tổng hợp, vốn đã bị cấm có thể được lắp đặt trong khu cắm trại trong tương lai.",
      "mtpe": "Lều mái vòm làm bằng nhựa tổng hợp, đã bị cấm vì những lý do như nguy cơ hỏa hoạn, dự kiến ​​sẽ được lắp đặt tại các khu cắm trại trong tương lai."
    }
  ]
}