{
  "meta": {
    "doc_no": "news14275",
    "domain": "금융",
    "category": "뉴스기사",
    "license": "open",
    "source_language": "ko",
    "target_language": "vi"
  },
  "sents": [
    {
      "sn": "news14275sent176639",
      "source_original": "서 회장은 셀트리온과 셀트리온헬스케어 사이 거래로 발생한 이익에 대해 2012년 귀속 증여세 116억7천여만원, 2013년 귀속 증여세 15억4천여만원을 납부했다.",
      "source_cleaned": "서 회장은 셀트리온과 셀트리온헬스케어 사이 거래로 발생한 이익에 대해 2012년 귀속 증여세 116억7천여만원, 2013년 귀속 증여세 15억4천여만원을 납부했다.",
      "mt": "Chủ tịch Seo đã trả 11,67 tỷ won tiền thuế quà tặng cho trẻ trong năm 2012 và 1,54 tỷ won tiền thuế quà tặng cho trẻ vào năm 2013 về lợi nhuận phát sinh từ giao dịch giữa Celltrion và Celltrion Healthcare.",
      "mtpe": "Chủ tịch Seo đã nộp 11,67 tỷ won thuế quà tặng vào năm 2012 và 1,54 tỷ won thuế quà tặng vào năm 2013 cho lợi nhuận thu được từ các giao dịch giữa Celltrion và Celltrion Healthcare."
    },
    {
      "sn": "news14275sent176638",
      "source_original": "서울고법 행정11부(조한창 박해빈 신종오 부장판사)는 23일 서 회장이 \"증여세 경정을 거부한 처분을 취소하라\"며 남인천세무서장을 상대로 낸 소송 항소심에서 원고 패소로 판결했다.",
      "source_cleaned": "서울고법 행정11부(조한창 박해빈 신종오 부장판사)는 23일 서 회장이 \"증여세 경정을 거부한 처분을 취소하라\"며 남인천세무서장을 상대로 낸 소송 항소심에서 원고 패소로 판결했다.",
      "mt": "Vào ngày 23, Phòng Hành chính của Tòa án Cấp cao Seoul 11 (Phó thẩm phán Cho Han-chang, Park Hae-bin, Phó thẩm phán trưởng Shin Jong-oh) đã ra phán quyết thua kiện nguyên đơn trong một phiên tòa phúc thẩm vụ kiện chống lại Cục trưởng Cục Thuế Nam In-cheon, nói rằng, \"Hãy hủy bỏ việc từ chối quy định thuế quà tặng.\"",
      "mtpe": "Vào ngày 23, Phòng Hành chính của Tòa án Cấp cao Seoul 11 (Phó thẩm phán Cho Han-chang, Park Hae-bin, Shin Jong-oh) đã ra phán quyết thua kiện nguyên đơn trong một phiên tòa phúc thẩm vụ kiện chống lại Cục trưởng Cục Thuế Nam In-cheon, và Chủ tịch Seo nói rằng, \"Hãy hủy bỏ việc từ chối quy định thuế quà tặng.\""
    },
    {
      "sn": "news14275sent176637",
      "source_original": "서정진(63) 셀트리온 회장이 이미 납부한 증여세 132억원을 돌려달라며 세무 당국을 상대로 행정소송을 냈으나 1심에 이어 항소심도 패소했다.",
      "source_cleaned": "서정진 셀트리온 회장이 이미 납부한 증여세 132억 원을 돌려달라며 세무 당국을 상대로 행정소송을 냈으나 1심에 이어 항소심도 패소했다.",
      "mt": "Chủ tịch Celltrion Seo Jeong-jin đã đệ đơn kiện hành chính chống lại cơ quan thuế để trả lại 13,2 tỷ won tiền thuế quà tặng đã nộp, nhưng sau phiên tòa đầu tiên, ông cũng đã thua kiện kháng cáo.",
      "mtpe": "Chủ tịch Celltrion Seo Jeong-jin đã đệ đơn kiện hành chính chống lại cơ quan thuế để trả lại 13,2 tỷ won tiền thuế quà tặng đã nộp, nhưng sau phiên tòa đầu tiên, ông cũng đã thua kiện trong đợt phiên tòa xét xử kháng cáo."
    }
  ]
}