{
  "meta": {
    "doc_no": "news100907",
    "domain": "금융",
    "category": "뉴스기사",
    "license": "open",
    "source_language": "ko",
    "target_language": "id"
  },
  "sents": [
    {
      "sn": "news100907sent1224344",
      "source_original": "무보는 이번 협약이 세계 10대 자원 부국이자 역내포괄적동반자협정(RCEP) 공동 참가국인 호주에 대한 우리 기업의 수출 확대에 촉매제 역할을 할 것으로 기대했다.",
      "source_cleaned": "무보는 이번 협약이 세계 10대 자원 부국이자 역내포괄적동반자협정(RCEP) 공동 참가국인 호주에 대한 우리 기업의 수출 확대에 촉매제 역할을 할 것으로 기대했다.",
      "mt": "Mubo berharap perjanjian ini akan menjadi katalis dalam perluasan ekspor perusahaan Korea ke Australia, 10 negara kaya sumber daya teratas dunia dan salah satu peserta Perjanjian Kemitraan Komprehensif Regional (RCEP).",
      "mtpe": "K-SURE berharap bahwa perjanjian ini akan menjadi katalis bagi perluasan ekspor perusahaan Korea Selatan ke Australia, salah satu dari 10 negara kaya sumber daya terbesar di dunia dan peserta bersama dalam Perjanjian Kemitraan Komprehensif Regional (RCEP)."
    },
    {
      "sn": "news100907sent1224346",
      "source_original": "이인호 한국무역보험공사 사장은 협약식에서 \"이번 협약을 계기로 우리 기업에 더 많은 수출과 수주 기회가 생겨나도록 최적의 정책 지원을 계속하겠다\"고 말했다.",
      "source_cleaned": "이인호 한국무역보험공사 사장은 협약식에서 \"이번 협약을 계기로 우리 기업에 더 많은 수출과 수주 기회가 생겨나도록 최적의 정책 지원을 계속하겠다\"고 말했다.",
      "mt": "Lee In-ho, presiden Perusahaan Asuransi Perdagangan Korea, mengatakan pada upacara perjanjian, \"Dengan perjanjian ini, kami akan terus mendukung kebijakan yang optimal sehingga perusahaan Korea dapat memiliki lebih banyak peluang ekspor dan pesanan.\"",
      "mtpe": "Lee In-ho, CEO K-SURE, mengatakan pada upacara perjanjian, \"Dengan perjanjian ini, kami akan terus mendukung kebijakan yang optimal sehingga perusahaan Korea Selatan dapat memiliki lebih banyak peluang ekspor dan pesanan.\""
    },
    {
      "sn": "news100907sent1224345",
      "source_original": "특히 핵심 광물 개발·친환경 프로젝트에 대한 경쟁력 있는 금융 지원이 확대돼 우리 기업의 수주·투자 기회가 늘어나고 이를 통한 주요 전략자원의 원활한 확보에도 도움이 될 것으로 내다봤다.",
      "source_cleaned": "특히 핵심 광물 개발·친환경 프로젝트에 대한 경쟁력 있는 금융 지원이 확대돼 우리 기업의 수주·투자 기회가 늘어나고 이를 통한 주요 전략자원의 원활한 확보에도 도움이 될 것으로 내다봤다.",
      "mt": "Secara khusus, diharapkan bahwa dukungan keuangan yang kompetitif untuk pengembangan mineral inti dan proyek ramah lingkungan akan diperluas, meningkatkan peluang untuk pesanan dan investasi perusahaan Korea, dan membantu mengamankan sumber daya strategis utama dengan lancar.",
      "mtpe": "Khususnya, perluasan dukungan finansial yang kompetitif untuk pengembangan mineral inti dan proyek-proyek ramah lingkungan diharapkan akan meningkatkan jumlah pesanan dan peluang investasi bagi perusahaan-perusahaan Korea Selatan, dan hal ini akan membantu mengamankan sumber daya strategis utama."
    },
    {
      "sn": "news100907sent1224340",
      "source_original": "한국무역보험공사는 8일 호주 시드니에서 호주 수출신용기관 EFA(Export Finance Australia)과 양국 기업의 수출·투자 활성화 및 프로젝트 금융지원 협력을 위한 업무협약을 체결했다.",
      "source_cleaned": "한국무역보험공사는 8일 호주 시드니에서 호주 수출신용기관 EFA(Export Finance Australia)과 양국 기업의 수출·투자 활성화 및 프로젝트 금융지원 협력을 위한 업무협약을 체결했다.",
      "mt": "Pada tanggal 8, Korea International Trade Insurance Corporation menandatangani perjanjian bisnis dengan Eksports Finances Australasia (EFA), sebuah lembaga kredit ekspor Australia, di Sydney, Australia, untuk mempromosikan ekspor dan investasi serta bekerja sama dengan dukungan keuangan proyek antara kedua negara.",
      "mtpe": "Pada tanggal 8, Korea Trade Insurance Corporation menandatangani perjanjian bisnis dengan EFA (Export Finance Australia), lembaga kredit ekspor Australia, di Sydney, Australia untuk mempromosikan ekspor dan investasi dan bekerja sama dalam dukungan keuangan proyek untuk perusahaan dari kedua negara."
    }
  ]
}