{
  "meta": {
    "doc_no": "news101180",
    "domain": "금융",
    "category": "뉴스기사",
    "license": "open",
    "source_language": "ko",
    "target_language": "id"
  },
  "sents": [
    {
      "sn": "news101180sent1227588",
      "source_original": "대다수 일반인 피해자는 만기 전 환매가 불가능한 폐쇄형 펀드에 투자했다.",
      "source_cleaned": "대다수 일반인 피해자는 만기 전 환매가 불가능한 폐쇄형 펀드에 투자했다.",
      "mt": "Sebagian besar korban masyarakat umum berinvestasi dalam dana tertutup yang tidak dapat dibeli kembali sebelum jatuh tempo.",
      "mtpe": "Kebanyakan korban biasa berinvestasi pada dana tertutup yang tidak dapat ditebus sebelum jatuh tempo."
    },
    {
      "sn": "news101180sent1227581",
      "source_original": "'디스커버리 펀드 환매 중단' 사건을 수사 중인 경찰이 9일 장하원(63) 디스커버리자산운용(디스커버리) 대표를 소환해 조사했다.",
      "source_cleaned": "'디스커버리 펀드 환매 중단' 사건을 수사 중인 경찰이 9일 장하원(63) 디스커버리자산운용(디스커버리) 대표를 소환해 조사했다.",
      "mt": "Polisi yang menyelidiki kasus 'Hentikan Pembelian Kembali Dana Discovery' memanggil dan menyelidiki CEO Discovery Asset Management (Discovery) Jang Ha-won (63) pada tanggal 9.",
      "mtpe": "Pada tanggal 9, polisi yang menyelidiki kasus 'penangguhan penukaran Dana Discovery' memanggil Jang Ha-won (63), CEO Discovery Asset Management (Discovery), untuk diinterogasi."
    },
    {
      "sn": "news101180sent1227590",
      "source_original": "또 \"사모펀드 가입에 대한 제한이 없었고, 펀드는 업무와 관련성이 없었다\"며 \"정책실장 취임 후 주식 보유, 주식 매각, 펀드 보유 관련 사항을 모두 반영해 재산 신고를 적법하게 했다\"고 설명했다.",
      "source_cleaned": "또 \"사모펀드 가입에 대한 제한이 없었고, 펀드는 업무와 관련성이 없었다\"며 \"정책실장 취임 후 주식 보유, 주식 매각, 펀드 보유 관련 사항을 모두 반영해 재산 신고를 적법하게 했다\"고 설명했다.",
      "mt": "Selain itu, dia menjelaskan, \"Tidak ada batasan untuk bergabung dengan dana ekuitas swasta, dan dana tidak terkait dengan pekerjaan.\"",
      "mtpe": "Lalu, ia menjelaskan, \"Tidak ada batasan untuk bergabung dengan dana ekuitas swasta, dan dana tersebut tidak terkait dengan bisnis,\" dan menambahkan, \"Setelah menjabat sebagai kepala kantor kebijakan, kami melaporkan aset secara sah dengan mencerminkan semua hal yang berkaitan dengan kepemilikan saham, penjualan saham, dan kepemilikan dana.\""
    },
    {
      "sn": "news101180sent1227582",
      "source_original": "서울경찰청 금융범죄수사대는 이날 특정경제범죄가중처벌법상 사기와 자본시장법 위반 혐의를 받는 장 대표를 불러 조사했다.",
      "source_cleaned": "서울경찰청 금융범죄수사대는 이날 특정경제범죄가중처벌법상 사기와 자본시장법 위반 혐의를 받는 장 대표를 불러 조사했다.",
      "mt": "Unit Investigasi Kejahatan Keuangan Badan Kepolisian Seoul memanggil perwakilan Jang, yang dituduh melanggar Undang-Undang Pasar Modal dan penipuan berdasarkan Undang-Undang Hukuman Berat Kejahatan Ekonomi Khusus pada hari yang sama.",
      "mtpe": "Pada hari ini, Unit Investigasi Kejahatan Keuangan dari Badan Kepolisian Metropolitan Seoul memanggil dan menyelidiki CEO Jang, yang diduga melakukan penipuan berdasarkan Undang-Undang Hukuman Berat untuk Kejahatan Ekonomi Tertentu dan pelanggaran Undang-Undang Pasar Modal."
    },
    {
      "sn": "news101180sent1227587",
      "source_original": "이들이 투자한 상품은 만기 전에도 자유롭게 입출금을 할 수 있는 개방형 펀드인 것으로 경찰은 추정한 것으로 전해졌다.",
      "source_cleaned": "이들이 투자한 상품은 만기 전에도 자유롭게 입출금을 할 수 있는 개방형 펀드인 것으로 경찰은 추정한 것으로 전해졌다.",
      "mt": "Produk yang mereka investasi dilaporkan adalah dana terbuka yang memungkinkan mereka untuk dengan bebas melakukan deposit dan penarikan sebelum jatuh tempo.",
      "mtpe": "Polisi diduga memperkirakan produk yang mereka investasikan adalah dana terbuka yang memungkinkan penyetoran dan penarikan secara bebas bahkan sebelum jatuh tempo."
    }
  ]
}