{
  "meta": {
    "doc_no": "report1003",
    "domain": "금융",
    "category": "보고서",
    "license": "open",
    "source_language": "ko"
  },
  "doc_info": {
    "source": "금융위원회 공적자금관리위원회",
    "title": "2013 공적자금관리백서_449_212",
    "date": 20130831
  },
  "sents": [
    {
      "page": 59,
      "sn": "report1003sent11722",
      "source_original": "자산관리공사는 대우인터내셔널의 워크아웃 졸업(2003.12.30)과 동시에 타 채권 금융회사와 공동매각협의회를 구성하고 공동매각약정을 체결하여 매각과 관련한 전반적인 사항을 위임받아 매각주관기관으로서 보유주식 3,580만주(지분율 35.5%)를 포함한 채권금융회사 보유주식 6,870만주(지분율68.2%)를 대상으로 M&A 방식의 매각을 추진하였다."
    },
    {
      "page": 59,
      "sn": "report1003sent11723",
      "source_original": "그 결과 2010년 8월 30일 대우인터내셔널이 보유하고 있는 교보생명보험 주식"
    },
    {
      "page": 59,
      "sn": "report1003sent11724",
      "source_original": "(지분율 24%)을 포함하여 포스코와 주식매매계약을 체결하였다."
    },
    {
      "page": 59,
      "sn": "report1003sent11725",
      "source_original": "2010년 9월 20일 포스코로부터 매매대금을 수령함과 동시에 매각주식을 양도하는 절차가 완료됨으로써, 최종 매매대금 3조3,724억원에서 손해배상유보금(약 8%)을 제외한 기금 해당 몫 1조6,084억원을 회수하게 되었다."
    },
    {
      "page": 59,
      "sn": "report1003sent11726",
      "source_original": "㈜대우일렉트로닉스 주식 ․ 채권매각"
    },
    {
      "page": 59,
      "sn": "report1003sent11727",
      "source_original": "자산관리공사는 ㈜대우전자에 대한 기업개선작업 과정에서 대우전자의 TV, 세탁기, 냉장고 등 핵심 사업부문을 영업 양수하여 ㈜대우일렉트로닉스(이하 대우일렉)를 설립하는 과정에서 ㈜대우전자 채권 6,930억원(매입대금 1,898억원)을 대우일렉에 이전하였고, 채권 중 3,056억원을 출자전환하여 57.42%의 지분(1대주주)을 취득하였다."
    },
    {
      "page": 59,
      "sn": "report1003sent11728",
      "source_original": "대우일렉의 주채권 은행인 우리은행이 채권단 보유 채권 및 주식을 대상으로 하여 2005년부터 2011년까지 총 3차례의 M&A를 시도하였으나, 입찰자들의 무리한 요구, 자금조달 실패 등으로 매각이 결렬되었다."
    },
    {
      "page": 59,
      "sn": "report1003sent11729",
      "source_original": "3차 M&A의 경우, 입찰자인 이란계 가전업체 엔텍합이 인수자금을 마련하지 못하여"
    },
    {
      "page": 59,
      "sn": "report1003sent11730",
      "source_original": "2011년 5월 최종적으로 M&A가 무산되었다."
    },
    {
      "page": 59,
      "sn": "report1003sent11731",
      "source_original": "주채권은행은 2012년 4월 18일 채권금융회사협의회 앞으로 M&A 재추진 안건을 부의하였으며, 자산관리공사는 부실채권정리기금 운용시한(2012.11.22)내 신속한 M&A 추진이 필요하고, 엔텍합 측이 제기한 가처분 사건(매수자 지위 인정 등)이"
    },
    {
      "page": 59,
      "sn": "report1003sent11732",
      "source_original": "자산관리공사는 동 M&A 약정서상의 손해배상청구기간이 2012년 9월 20일로 도과 됨에 따라, 손해배상유보금 중 부실채권정리기금 해당분 1,516억원을 회수처리 하였다."
    }
  ]
}