{
  "meta": {
    "doc_no": "report1008",
    "domain": "금융",
    "category": "보고서",
    "license": "open",
    "source_language": "ko"
  },
  "doc_info": {
    "source": "금융위원회 공적자금관리위원회",
    "title": "2013 공적자금관리백서_449_212",
    "date": 20130831
  },
  "sents": [
    {
      "page": 64,
      "sn": "report1008sent11763",
      "source_original": "자산관리공사는 2000년 삼성투신 외 22개 금융회사로부터 (주)대우전자 채권 2조8,825억원을 인수하였고, 이듬해 2001년에는 인수채권액 중 3,056억원을 출자 전환하여 31만주를 취득하였으며, 지분율은 최대주주로서 57.4%였다."
    },
    {
      "page": 64,
      "sn": "report1008sent11764",
      "source_original": "2012년 4월 채권단은 채권단 보유주식 및 채권 전부를 대상으로 M&A를 재추진하여 2013년 1월 8일 실 매매대금 2,726억원에 동부컨소시엄과 본계약을 체결하였고, 2월 15일 본건 거래를 종결하여 약 549억원의 공적자금을 회수하였다."
    },
    {
      "page": 64,
      "sn": "report1008sent11765",
      "source_original": "대우일렉트로닉스는 영업상황 및 실적악화로 3차례에 걸쳐 구조조정이 있었으며, 비교적 수익성이 있는 가전업체로 재편되었으나, 근본적인 영업 환경이 개선되지 않아 순손실 및 자본잠식상태에 있었으며, 주채권은행은 과거 3차례에 걸쳐 M&A를 추진하였으나 모두 무산되었던 바 있다."
    },
    {
      "page": 64,
      "sn": "report1008sent11766",
      "source_original": "매각이 되는 경우 매각관련 제비용 공제 후 담보채권, 우선상환 확정채권(신규자금지원 채권), 주식 및 무담보채권 순으로 배분받게 되어 자산관리공사가 보유한 주식과 채권은 담보채권과 확정채권에 이어 후순위였다."
    },
    {
      "page": 64,
      "sn": "report1008sent11767",
      "source_original": "대우일렉트로닉스는 워크아웃 진행 중인 기업이었으며 주채권은행이 우리 은행이나, 자산관리공사는 공적자금 회수 제고를 위해 주채권은행과 긴밀히 협의하여 채권단 보유주식 및 채권을 대상으로 M&A를 추진하였다."
    },
    {
      "page": 64,
      "sn": "report1008sent11768",
      "source_original": "자산관리 공사를 비롯한 채권단은 (주)대우전자의 핵심사업 부분을 분리하기로 결정하였고, 2002년 10월 영업양수에 이어, 11월에는 상호 변경을 통하여 현재의 대우일렉 트로닉스로 출발하게 되었다."
    },
    {
      "page": 64,
      "sn": "report1008sent11769",
      "source_original": "(주)대우일렉트로닉스"
    }
  ]
}