{
  "meta": {
    "doc_no": "report1005",
    "domain": "금융",
    "category": "보고서",
    "license": "open",
    "source_language": "ko"
  },
  "doc_info": {
    "source": "금융위원회 공적자금관리위원회",
    "title": "2013 공적자금관리백서_449_212",
    "date": 20130831
  },
  "sents": [
    {
      "page": 61,
      "sn": "report1005sent11737",
      "source_original": "3. 주요 보유주식 매각추진 실적(2012.7월~2013.6월말)"
    },
    {
      "page": 61,
      "sn": "report1005sent11738",
      "source_original": "대우조선해양㈜"
    },
    {
      "page": 61,
      "sn": "report1005sent11739",
      "source_original": "1999년 7월 대우그룹 부도위기에 따라 채권금융회사들은 대우중공업(주)를 비롯한 12개 계열사에 대해 8월부터 기업개선작업을 시작하였다."
    },
    {
      "page": 61,
      "sn": "report1005sent11740",
      "source_original": "이후, 대우조선해양(주)에 대한 기업개선작업은 순조롭게 진행되어, 채권금융회사협의회는 2001년 8월 대우 조선해양(주)에 대한 기업개선작업을 조기졸업 시키기로 의결하였다."
    },
    {
      "page": 61,
      "sn": "report1005sent11741",
      "source_original": "주관은행인 산업은행은 대우중공업(주)에 대한 효율적인 구조조정을 위해 2000년 10월 대우 조선해양(주), 대우종합기계(주)로 기업분할 하였고, 두 신설회사에 대한 원활한 부채와 자본의 이전 및 부채구조조정을 위해 기존의 대우중공업(주)는 신설회사로 이전되지 않고 부실자산정리를 위한 존속회사가 되었다."
    },
    {
      "page": 61,
      "sn": "report1005sent11742",
      "source_original": "자산관리공사는 2003년부터 조선업의 호황에 따라 GDR(주식예탁증서)발행 등을 통하여 962만주를 해외에 매각하는 등 투자자 저변확대를 통하여 시장가치를 제고하는 등 향후 매각여건의 개선을 위한 노력을 지속하였다."
    },
    {
      "page": 61,
      "sn": "report1005sent11743",
      "source_original": "신설된 대우조선해양(주)에 대해 2000년 12월 자산관리공사와 산업은행은 약 1조1,714억원의 채권을 출자전환하였으며, 출자전환으로 자산관리공사는 대우조선해양(주) 주식 5,161만주를 보유하게 되었다."
    },
    {
      "page": 61,
      "sn": "report1005sent11744",
      "source_original": "한편 2007년부터 대우조선해양(주)의 영업 상황이 대폭 개선되고, 주가도 대폭 상승함에 따라 자산관리공사와 산업은행은 2008년을 매각의 적기로 판단 하여 각각의 보유지분에 대해 M&A방식의 공동매각을 추진하였다."
    },
    {
      "page": 61,
      "sn": "report1005sent11745",
      "source_original": "2008년 10월 최종입찰제안서를 접수하고, 한화컨소시엄을 우선협상대상자로 선정하였으나 글로벌 금융위기로 인한 금융시장의 악화로 한화컨소시엄은 본계약 체결 연기 및 분할 납부 등을 요구하기도 하였으나 결국 매각대금 미납으로 매각절차는 중단되었다."
    },
    {
      "page": 61,
      "sn": "report1005sent11746",
      "source_original": "2009년 12월 산업은행으로부터 매각재추진계획이 통보됨에 따라 자산관리 공사는 매각가치를 제고하고, 매각절차의 효율적 추진을 위하여 산업은행에 다시 매각을 위임하였다."
    }
  ]
}