{
  "meta": {
    "doc_no": "report1269",
    "domain": "금융",
    "category": "보고서",
    "license": "open",
    "source_language": "ko",
    "target_language": "id"
  },
  "doc_info": {
    "source": "금융위원회 공적자금관리위원회",
    "title": "2015 공적자금관리백서_440(1-200)_150",
    "date": 20150831
  },
  "sents": [
    {
      "page": 114,
      "sn": "report1269sent13955",
      "source_original": "우리투자증권 등 3개사 묶음(우리자산운용 제외)의 경우 농협금융지주를 우선협상대상자로 선정하였고, 우리파이낸셜은 KB금융지주를, 우리F&I는 대신증권을 우선협상 대상자로 선정하였다.",
      "source_cleaned": "우리투자증권 등 3개사 묶음(우리자산운용 제외)의 경우 농협금융지주를 우선협상대상자로 선정하였고, 우리파이낸셜은 KB금융지주를, 우리F&I는 대신증권을 우선협상 대상자로 선정하였다.",
      "mt": "Dalam kasus bundel tiga perusahaan, termasuk Investasi &amp; Sekuritas Korea (tidak termasuk Manajemen Aset Korea), Grup Keuangan Koperasi Keuangan dipilih sebagai penawar pilihan, sementara Woori Financial memilih KB Financial Group dan F&amp;I Woori sebagai target negosiasi prioritas.",
      "mtpe": "Dalam kasus bundel tiga perusahaan, termasuk Woori Investment Securities (kecuali Woori Asset Management), Nonghyup Financial Holdings telah dipilih sebagai pihak yang didahulukan untuk negosiasi. Woori Financial telah memilih KB Financial Group sebagai pihak yang didahulukan untuk negosiasi, sedangkan Woori F&I telah memilih Daesin Securities sebagai pihak yang didahulukan untuk negosiasi."
    },
    {
      "page": 114,
      "sn": "report1269sent13947",
      "source_original": "우리자산운용의 경우 키움증권이 묶음매각 입찰자들보다 높은 가격을 제시함에 따라 키움증권을 우선협상대상자로 선정하고 우리자산운용을 묶음에서 제외하였다.",
      "source_cleaned": "우리자산운용의 경우 키움증권이 묶음매각 입찰자들보다 높은 가격을 제시함에 따라 키움증권을 우선협상대상자로 선정하고 우리자산운용을 묶음에서 제외하였다.",
      "mt": "Dalam kasus Manajemen Aset Kami, karena Volume Sekuritas menawarkan harga yang lebih tinggi daripada penawar untuk penjualan bundel, Sekuritas Kium dipilih sebagai penawar yang disukai dan Manajemen Aset Kami dikecualikan dari mengikatnya.",
      "mtpe": "Dalam kasus Manajemen Aset Woori, karena Sekuritas Kiwoom menawarkan harga yang lebih tinggi daripada penawar untuk penjualan bundel, Sekuritas Kiwoom dipilih sebagai penawar yang disukai dan Manajemen Aset Woori dikecualikan dari mengikatnya."
    },
    {
      "page": 114,
      "sn": "report1269sent13953",
      "source_original": "개별 입찰자의 인수희망가격이 묶음 자회사 인수 희망자의 제시가격보다 높을 경우, 개별 입찰자에게 매각함으로써 공적자금의 회수를 극대화하기 위한 고려였다.",
      "source_cleaned": "개별 입찰자의 인수희망가격이 묶음 자회사 인수 희망자의 제시가격보다 높을 경우, 개별 입찰자에게 매각함으로써 공적자금의 회수를 극대화하기 위한 고려였다.",
      "mt": "Hal tersebut merupakan pertimbangan untuk memaksimalkan pemulihan dana publik dengan menjual kepada setiap penawar jika harga yang diinginkan dari setiap penawar lebih tinggi dari harga yang disarankan dari seseorang yang ingin mengambil alih anak perusahaan yang dibundel.",
      "mtpe": "Hal tersebut adalah pertimbangan untuk memaksimalkan pemulihan dana publik dengan menjual kepada setiap penawar jika harga yang diinginkan oleh setiap penawar lebih tinggi daripada harga yang diajukan oleh calon pembeli yang ingin mengambil alih anak perusahaan yang dibundel."
    },
    {
      "page": 114,
      "sn": "report1269sent13954",
      "source_original": "다만, 우리투자증권이 아닌 3개사 중 일부를 인수하려는 투자자는 해당 회사에 대하여 개별적으로 입찰할 수 있도록 하였다.",
      "source_cleaned": "우리투자증권이 아닌 3개사 중 일부를 인수하려는 투자자는 해당 회사에 대하여 개별적으로 입찰할 수 있도록 하였다.",
      "mt": "Investor yang ingin mengambil alih beberapa dari tiga perusahaan, bukan Sekuritas Investasi Korea, dapat mengajukan penawaran individu untuk perusahaan tersebut.",
      "mtpe": "Investor yang ingin mengambil alih beberapa dari tiga perusahaan, bukan Woori Sekuritas Investasi, dapat mengajukan penawaran individu untuk perusahaan tersebut."
    },
    {
      "page": 114,
      "sn": "report1269sent13952",
      "source_original": "우리F&I 및 우리파이낸셜은 독자적인 시장수요가 충분하다고 예상되어 각각 개별적으로 매각을 추진하였다.",
      "source_cleaned": "우리F&I 및 우리파이낸셜은 독자적인 시장수요가 충분하다고 예상되어 각각 개별적으로 매각을 추진하였다.",
      "mt": "Kami F&amp;I dan Kami Financial diharapkan memiliki permintaan pasar yang cukup independen, sehingga mereka mendorong penjualan secara individual.",
      "mtpe": "Woori F&I dan Woori Financial diharapkan memiliki permintaan pasar yang cukup independen, sehingga mereka mendorong penjualan secara individual."
    },
    {
      "page": 114,
      "sn": "report1269sent13946",
      "source_original": "우리금융지주는 증권업과의 관련성 및 시장의 수요 등을 감안하여 우리투자증권․우리자산운용․우리아비바생명․우리 금융저축은행은 묶음매각 방식을 취함으로써 우리투자증권을 인수하려는 투자자는 우리자산운용 등 3개사를 함께 인수하도록 하였다.",
      "source_cleaned": "우리금융지주는 증권업과의 관련성 및 시장의 수요 등을 감안하여 우리투자증권․우리자산운용․우리아비바생명․우리 금융저축은행은 묶음매각 방식을 취함으로써 우리투자증권을 인수하려는 투자자는 우리자산운용 등 3개사를 함께 인수하도록 하였다.",
      "mt": "Mempertimbangkan relevansi bisnis sekuritas dan permintaan pasar, Kami Investment Securities, Woori Asset Management, Woori Aviva Life, dan Woori Financial Reserve Bank mengambil alih dari penjualan gabungan sehingga investor yang ingin mengambil alih Woori Investment Securities termasuk Korea Asset Management. Akuisisi mereka dilakukan bersama-sama.",
      "mtpe": "\"Dengan mempertimbangkan keterkaitan dengan industri sekuritas dan permintaan pasar, Woori Financial Holdings memutuskan untuk mengakuisisi Woori Investment & Securities, Woori Asset Management, Woori Aviva Life, dan Woori Financial Savings Bank secara bersama-sama melalui penjualan bundel, sehingga investor yang ingin mengakuisisi Woori Investment & Securities diwajibkan untuk mengakuisisi ketiga perusahaan lainnya, yaitu Woori Asset Management, Woori Aviva Life, dan Woori Financial Savings Bank."
    },
    {
      "page": 114,
      "sn": "report1269sent13950",
      "source_original": "최종입찰제안서 접수 결과, 우리투자증권 등 4개사 묶음에 농협금융지주 등 3개사가, 우리자산운용에는 키움증권 등 2개사가, 우리F&I에 대신증권 등 5개사가, 우리파이낸셜에 KB금융지주 등 2개사가 제안서를 제출하였다.",
      "source_cleaned": "최종입찰제안서 접수 결과, 우리투자증권 등 4개사 묶음에 농협금융지주 등 3개사가, 우리자산운용에는 키움증권 등 2개사가, 우리F&I에 대신증권 등 5개사가, 우리파이낸셜에 KB금융지주 등 2개사가 제안서를 제출하였다.",
      "mt": "Sebagai hasil dari penerimaan proposal penawaran akhir, tiga perusahaan termasuk Korea Investment &amp; Securities, tiga perusahaan, termasuk Grup Keuangan Koperasi Pertanian, dua perusahaan termasuk Sekuritas Kium, di Manajemen Aset Kami, lima perusahaan termasuk Daeshin Securities di F&amp;I Korea, dan dua perusahaan termasuk KB Financial Group di Woori Financial. Proposal telah diajukan.",
      "mtpe": "Sebagai hasil dari penerimaan proposal penawaran akhir, 4 perusahaan termasuk Woori Investment & Securities, tiga perusahaan, termasuk Nonghyup Keuangan Koperasi Pertanian, dua perusahaan termasuk Sekuritas Kiwoom, di Manajemen Aset Woori, lima perusahaan termasuk Daeshin Securities di F&I Korea, dan dua perusahaan termasuk KB Financial Group di Woori Financial. Proposal telah diajukan."
    },
    {
      "page": 114,
      "sn": "report1269sent13949",
      "source_original": "예금보험공사가 지방은행계열 매각을 진행하는 동안 우리금융지주도 증권 계열 6개 자회사의 매각을 진행하였다.",
      "source_cleaned": "예금보험공사가 지방은행계열 매각을 진행하는 동안 우리금융지주도 증권 계열 6개 자회사의 매각을 진행하였다.",
      "mt": "Sementara Korea Deposit Insurance Corporation melakukan penjualan seri bank lokal, Grup Keuangan Korea juga menjual enam anak perusahaan sekuritas.",
      "mtpe": "Sementara Korea Deposit Insurance Corporation melakukan penjualan seri bank lokal, Woori Financial Holdings juga menjalankan penjualan enam anak perusahaan di sektor sekuritas."
    }
  ]
}