{
  "meta": {
    "doc_no": "report1277",
    "domain": "금융",
    "category": "보고서",
    "license": "open",
    "source_language": "ko",
    "target_language": "id"
  },
  "doc_info": {
    "source": "금융위원회 공적자금관리위원회",
    "title": "2015 공적자금관리백서_440(1-200)_150",
    "date": 20150831
  },
  "sents": [
    {
      "page": 122,
      "sn": "report1277sent14038",
      "source_original": "부실채권정리기금은 법인세법 상 과세법인으로 분류되어 있어 자산관리 공사는 잔여재산 반환 완료 이후인 2013년 10월말 청산소득을 확정신고하고, 국세청 유권해석에 따른 청산소득세(지방소득세 포함) 415억원을 납부함으로써 기금 청산을 완료하였다.",
      "source_cleaned": "부실채권정리기금은 법인세법 상 과세법인으로 분류되어 있어 자산관리 공사는 잔여재산 반환 완료 이후인 2013년 10월말 청산소득을 확정신고하고, 국세청 유권해석에 따른 청산소득세(지방소득세 포함) 415억 원을 납부함으로써 기금 청산을 완료하였다.",
      "mt": "Karena Dana Penyelesaian Kredit Macet diklasifikasikan sebagai perusahaan pajak berdasarkan Undang-Undang Pajak Perusahaan, Perusahaan Manajemen Aset menyelesaikan penyelesaian dana dengan melaporkan pendapatan pelunasan pada akhir Oktober 2013 setelah penyelesaian pengembalian sisa properti, dan membayar 41,5 miliar won dalam pajak penghasilan bersih (termasuk pajak penghasilan daerah) sesuai dengan interpretasi suara dari Layanan Pajak Nasional. Selesai.",
      "mtpe": "Karena Dana Penyelesaian Kredit Macet diklasifikasikan sebagai perusahaan pajak berdasarkan Undang-Undang Pajak Perusahaan, Perusahaan Manajemen Aset menyelesaikan penyelesaian dana dengan melaporkan pendapatan pelunasan pada akhir Oktober 2013 setelah menyelesaikan pengembalian sisa properti, dan membayar 41,5 miliar won dalam pajak penghasilan bersih (termasuk pajak penghasilan daerah) sesuai dengan interpretasi suara dari Layanan Pajak Nasional."
    },
    {
      "page": 122,
      "sn": "report1277sent14037",
      "source_original": "자산관리공사는 2013년 2월 22일 부실채권정리기금의 잔여재산을 대부분의 출연기관에 반환하였으나, 일부 출연기관의 경우에는 2013년 7월 반환이 완료 되었다.",
      "source_cleaned": "자산관리공사는 2013년 2월 22일 부실채권정리기금의 잔여재산을 대부분의 출연기관에 반환하였으나, 일부 출연기관의 경우에는 2013년 7월 반환이 완료 되었다.",
      "mt": "Pada tanggal 22 Februari 2013, Korporasi Manajemen Aset mengembalikan sebagian besar sisa aset dari dana penyelesaian hutang yang buruk ke organisasi pemberi pinjaman, namun pengembalian selesai pada bulan Juli 2013.",
      "mtpe": "Pada tanggal 22 Februari 2013, Korporasi Manajemen Aset mengembalikan sebagian besar aset sisa dari dana penyelesaian utang macet ke pemberi pinjaman, namun pengembalian selesai pada bulan Juli 2013."
    },
    {
      "page": 122,
      "sn": "report1277sent14039",
      "source_original": "한편, 자산관리공사는 청산소득세 산출에 관한 국세청 유권해석에 의문을 제기 하며 기재부 유권해석을 추진한 바, 기재부 유권해석 결과 자산관리공사의 의견이 받아들여져, 국세청으로부터 기 납부 청산소득세 전액을 환급받았다.",
      "source_cleaned": "한편, 자산관리공사는 청산소득세 산출에 관한 국세청 유권해석에 의문을 제기하며 기재부 유권해석을 추진한 바, 기재부 유권해석 결과 자산관리공사의 의견이 받아들여져, 국세청으로부터 기 납부 청산소득세 전액을 환급받았다.",
      "mt": "Sementara itu, Wealth Management Corporation mengajukan pertanyaan tentang interpretasi suara Layanan Pajak Nasional tentang penghitungan pajak penghasilan kliring, dan mendorong interpretasi pemilih dari Kementerian Peralatan, dan sebagai hasil dari interpretasi suara Kementerian Manajemen Aset, pendapat Korporasi Manajemen Aset diterima, dan menerima pengembalian dana penuh dari Layanan Pajak Nasional atas pembayaran pajak penghasilan.",
      "mtpe": "Sementara itu, Wealth Management Corporation mengajukan pertanyaan tentang interpretasi suara Layanan Pajak Nasional mengenai penghitungan pajak penghasilan kliring, dan mendorong interpretasi pemilih dari Kementerian Peralatan. Sebagai hasil dari interpretasi suara Kementerian Manajemen Aset, pendapat Korporasi Manajemen Aset diterima, dan mereka menerima pengembalian dana penuh dari Layanan Pajak Nasional atas pembayaran pajak penghasilan."
    }
  ]
}