{
  "meta": {
    "doc_no": "report12",
    "domain": "금융",
    "category": "보고서",
    "license": "open",
    "source_language": "ko",
    "target_language": "id"
  },
  "doc_info": {
    "source": "개인납세국",
    "title": "2014년-귀속-금융소득종합과세-해설_184_155",
    "date": 201505
  },
  "sents": [
    {
      "page": 11,
      "sn": "report12sent150",
      "source_original": "∙ 보험계약에 따라 만기에 받는 보험금·공제금 또는 계약기간 중도에 해당 보험계약이 해지됨에 따라 받는 환급금이 납입보험료 또는 납입공제료를 초과하는 보험",
      "source_cleaned": "∙ 보험계약에 따라 만기에 받는 보험금·공제금 또는 계약기간 중도에 해당 보험계약이 해지됨에 따라 받는 환급금이 납입보험료 또는 납입공제료를 초과하는 보험",
      "mt": "· Asuransi yang menerima pengembalian dana yang melebihi biaya pembayaran atau potongan pembayaran karena pembayaran asuransi yang diterima untuk jatuh tempo berdasarkan perjanjian asuransi, potongan, atau kontrak asuransi diakhiri dengan periode jatuh tempo",
      "mtpe": "· Asuransi yang menerima pengembalian dana yang melebihi biaya pembayaran atau potongan pembayaran karena pembayaran asuransi yang diterima untuk jatuh tempo berdasarkan perjanjian asuransi, potongan, atau kontrak asuransi diakhiri dengan periode jatuh tempo"
    },
    {
      "page": 11,
      "sn": "report12sent153",
      "source_original": "∙ 피보험자의 사망․질병․부상․기타 신체상의 상해로 인하여 지급받거나, 자산의 멸실 또는 손괴로 인하여 지급받는 보험금이 아닐 것",
      "source_cleaned": "∙ 피보험자의 사망․질병․부상․기타 신체상의 상해로 인하여 지급받거나, 자산의 멸실 또는 손괴로 인하여 지급받는 보험금이 아니어야 한다.",
      "mt": "· Pembayaran karena kematian, penyakit, cedera, atau cedera fisik lainnya oleh tertanggung, atau bukan pembayaran asuransi yang diterima karena kehilangan atau kerusakan aset.",
      "mtpe": "· Manfaat tidak dapat dibayarkan kematian, penyakit, cedera, atau cedera fisik lainnya oleh tertanggung, atau bukan pembayaran asuransi yang diterima karena kehilangan atau kerusakan aset."
    },
    {
      "page": 11,
      "sn": "report12sent148",
      "source_original": "① 최초납입일부터 만기일 또는 중도해지일까지의 기간이 10년 이상일 것",
      "source_cleaned": "최초납입일부터 만기일 또는 중도해지일까지의 기간이 10년 이상일 것",
      "mt": "Jangka waktu dari tanggal pembayaran pertama hingga tanggal jatuh tempo atau tanggal penghentian mungkin lebih dari 10 tahun",
      "mtpe": "Jangka waktu dari tanggal pembayaran pertama hingga tanggal jatuh tempo atau tanggal pembatalan dini harus minimal 10 tahun"
    },
    {
      "page": 11,
      "sn": "report12sent157",
      "source_original": "(1) 계약자 1명당 납입할 보험료 합계액[계약자가 가입한 모든 저축성보험 ((2) 및 (3)에 따른 저축성보험은 제외)의 보험료 합계액]이 2억원 이하인 저축성보험계약으로서 최초납입일부터 만기일 또는 중도해지일까지의 기간이 10년 이상인 것",
      "source_cleaned": "계약자 1명당 납입할 보험료 합계액[계약자가 가입한 모든 저축성보험 ((2) 및 (3)에 따른 저축성보험은 제외)의 보험료 합계액]이 2억 원 이하인 저축성보험계약으로서 최초납입일부터 만기일 또는 중도해지일까지의 기간이 10년 이상인 것",
      "mt": "Jumlah total premi asuransi yang akan dibayarkan per kontraktor [tidak termasuk semua asuransi jenis tabungan ((2) dan (3) yang menjadi langganan kontraktor] Jumlah total premi asuransi di bawah 200 juta won atau kurang. Jangka waktu dari tanggal pembayaran awal hingga tanggal jatuh tempo atau tanggal pembatalan tengah adalah 10 tahun atau lebih",
      "mtpe": "Jumlah total premi asuransi yang akan dibayarkan per kontraktor [jumlah total semua asuransi jenis tabungan (selain polis asuransi tabungan di bawah(2) dan (3)) yang menjadi langganan kontraktor] Jumlah total premi asuransi di bawah 200 juta won atau kurang dan jangka waktu dari tanggal pembayaran awal hingga tanggal jatuh tempo atau tanggal pembatalan tengah adalah 10 tahun atau lebih"
    },
    {
      "page": 11,
      "sn": "report12sent146",
      "source_original": "② 최초납입일로부터 납입기간이 5년 이상인 월적립식 계약일 것",
      "source_cleaned": "최초납입일로부터 납입기간이 5년 이상인 월적립식 계약일 것",
      "mt": "Tanggal pembayaran pertama akan menjadi kontrak bulanan dengan jangka waktu 5 tahun atau lebih",
      "mtpe": "Kontrak tabungan bulanan harus berlangsung setidaknya selama 5 tahun sejak tanggal pembayaran pertama"
    }
  ]
}