{
  "meta": {
    "doc_no": "report1275",
    "domain": "금융",
    "category": "보고서",
    "license": "open",
    "source_language": "ko",
    "target_language": "id"
  },
  "doc_info": {
    "source": "금융위원회 공적자금관리위원회",
    "title": "2015 공적자금관리백서_440(1-200)_150",
    "date": 20150831
  },
  "sents": [
    {
      "page": 120,
      "sn": "report1275sent14016",
      "source_original": "소수지분 입찰 예정가격은 주식 예정가격과 콜옵션 예정가격을 각각 산정한 후 두 가격을 합산한 가격으로 최종 산출하였다.",
      "source_cleaned": "소수지분 입찰 예정가격은 주식 예정가격과 콜옵션 예정가격을 각각 산정한 후 두 가격을 합산한 가격으로 최종 산출하였다.",
      "mt": "Harga penawaran saham minoritas yang direncanakan dihitung dengan menghitung harga saham yang direncanakan dan harga opsi panggilan yang diharapkan, dan kemudian diselesaikan dengan harga yang menjumlahkan kedua harga tersebut.",
      "mtpe": "Harga penawaran saham minoritas yang direncanakan dihitung dengan menghitung harga saham yang direncanakan dan harga opsi panggilan yang diharapkan, lalu hasil penjumlahan kedua harga tersebut."
    },
    {
      "page": 120,
      "sn": "report1275sent14023",
      "source_original": "예금보험공사는 경영권지분 매각 공고문은 2014년 9월 30일에, 소수지분 매각 공고문은 2014년 10월 27일에 예금보험공사 홈페이지 및 매일경제, 서울신문에 각각 게재하였다.",
      "source_cleaned": "예금보험공사는 경영권지분 매각 공고문은 2014년 9월 30일에, 소수지분 매각 공고문은 2014년 10월 27일에 예금보험공사 홈페이지 및 매일경제, 서울신문에 각각 게재하였다.",
      "mt": "Korporasi Asuransi Deposit Korea menerbitkan pengumuman tentang penjualan saham manajemen pada 30 September 2014, dan pengumuman penjualan saham minoritas di situs web Korporasi Asuransi Deposit Korea, Ekonomi Day, dan Seoul News pada 27 Oktober 2014.",
      "mtpe": "Korporasi Asuransi Deposit Korea menerbitkan pengumuman tentang penjualan saham manajemen pada 30 September 2014, dan pengumuman penjualan saham minoritas di situs web Korporasi Asuransi Deposit Korea, Maeil Business Newspaper, dan Seoul News pada 27 Oktober 2014."
    },
    {
      "page": 120,
      "sn": "report1275sent14017",
      "source_original": "예비입찰제안서 평가기준은 금융지주회사법 상 우리금융지주 민영화 3대 원칙에 따라 3개 평가항목을 선정하고, 이를 다시 입찰가격, 자금조달계획, 사업계획 등 8개 세부 평가항목으로 세분화 하여 평가하기로 정하였다.",
      "source_cleaned": "예비입찰제안서 평가기준은 금융지주회사법 상 우리금융지주 민영화 3대 원칙에 따라 3개 평가항목을 선정하고, 이를 다시 입찰가격, 자금조달계획, 사업계획 등 8개 세부 평가항목으로 세분화 하여 평가하기로 정하였다.",
      "mt": "Kriteria evaluasi proposal penawaran awal ditentukan untuk memilih tiga item evaluasi sesuai dengan tiga prinsip privatisasi Grup Keuangan Hyundai di bawah Undang-Undang Perusahaan Induk Keuangan, dan dibagi lagi menjadi delapan item evaluasi terperinci termasuk harga penawaran, rencana pembiayaan, dan rencana bisnis.",
      "mtpe": "Kriteria evaluasi proposal penawaran awal ditentukan untuk memilih tiga item evaluasi sesuai dengan tiga prinsip privatisasi Grup Keuangan Woori di bawah Undang-Undang Perusahaan Induk Keuangan, dan dibagi lagi menjadi delapan item evaluasi terperinci termasuk harga penawaran, rencana pembiayaan, dan rencana bisnis."
    },
    {
      "page": 120,
      "sn": "report1275sent14021",
      "source_original": "매도자 실사 단계에서는 우리은행의 재무 현황 등을 사전에 파악하여 투자설명서(IM, Information Memorandum) 작성을 위한 기초자료, 경영권지분 및 소수지분 매각 예정가격83) 산정을 위한 가치평가 자료 등을 수집하였다.",
      "source_cleaned": "매도자 실사 단계에서는 우리은행의 재무 현황 등을 사전에 파악하여 투자설명서(IM, Information Memorandum) 작성을 위한 기초자료, 경영권지분 및 소수지분 매각 예정가격 산정을 위한 가치평가 자료 등을 수집하였다.",
      "mt": "Pada tahap uji coba penjual, kami mengidentifikasi status keuangan Bank Kami sebelumnya dan mengumpulkan data dasar untuk menyiapkan manual investasi (IM, Information Memorandum), dan data penilaian untuk menghitung harga yang diharapkan dari penjualan saham manajemen dan saham minoritas.",
      "mtpe": "Pada tahap uji coba penjual, kami mengidentifikasi status keuangan Bank Woori sebelumnya dan mengumpulkan data dasar untuk menyiapkan manual investasi (IM, Information Memorandum), dan data penilaian untuk menghitung harga yang diharapkan dari penjualan saham manajemen dan saham minoritas."
    },
    {
      "page": 120,
      "sn": "report1275sent14015",
      "source_original": "2014년 11월 28일 경영권지분 예비입찰 및 소수지분 본입찰 마감일날에 공적자금관리위원회는 경영권지분 예비입찰제안서 평가기준(안) 및 소수지분 입찰 예정가격 결정(안) 을 각각 의결하였다.",
      "source_cleaned": "2014년 11월 28일 경영권지분 예비입찰 및 소수지분 본입찰 마감일날에 공적자금관리위원회는 경영권지분 예비입찰제안서 평가기준(안) 및 소수지분 입찰 예정가격 결정(안) 을 각각 의결하였다.",
      "mt": "Pada tanggal 28 November 2014, pada hari penutupan penawaran awal untuk hak pengelolaan dan penawaran utama untuk hak minoritas, Komite Manajemen Dana Publik memutuskan kriteria evaluasi (draf) dari proposal penawaran awal untuk hak pengelolaan dan penetapan harga yang diharapkan dari penawaran saham minoritas (draf).",
      "mtpe": "Pada tanggal 28 November 2014, pada hari penutupan penawaran awal untuk hak pengelolaan dan penawaran utama untuk hak minoritas, Komite Manajemen Dana Publik memutuskan kriteria evaluasi (draf) dari proposal penawaran awal untuk hak pengelolaan dan penetapan harga yang diharapkan dari penawaran saham minoritas (draf)."
    }
  ]
}