{
  "meta": {
    "doc_no": "report1274",
    "domain": "금융",
    "category": "보고서",
    "license": "open",
    "source_language": "ko",
    "target_language": "id"
  },
  "doc_info": {
    "source": "금융위원회 공적자금관리위원회",
    "title": "2015 공적자금관리백서_440(1-200)_150",
    "date": 20150831
  },
  "sents": [
    {
      "page": 119,
      "sn": "report1274sent14009",
      "source_original": "2014년 9월 매각공고를 시작으로, 11월말 입찰을 마감하여 연내에 경영권지분 입찰의 최종입찰대상자(Short-List) 및 소수지분 입찰의 낙찰자 선정을 완료하는 것을 목표로 추진하기로 하였다.",
      "source_cleaned": "2014년 9월 매각공고를 시작으로, 11월말 입찰을 마감하여 연내에 경영권지분 입찰의 최종입찰대상자(Short-List) 및 소수지분 입찰의 낙찰자 선정을 완료하는 것을 목표로 추진하기로 하였다.",
      "mt": "Dimulai dengan pengumuman penjualan pada bulan September 2014, perusahaan memutuskan untuk menutup penawaran pada akhir November dan menyelesaikan pemilihan penawar akhir untuk tawaran hak manajemen (Short-List) dan tawaran minoritas dalam tahun ini.",
      "mtpe": "Dengan dimulainya pengumuman penjualan pada bulan September 2014, perusahaan memutuskan untuk menutup penawaran pada akhir November dan menyelesaikan pemilihan penawar akhir untuk tawaran hak manajemen (Short-List) ddan tawaran minoritas dalam tahun yang sama."
    },
    {
      "page": 119,
      "sn": "report1274sent14007",
      "source_original": "예비입찰, 실사․가격조정 등의 절차를 생략하고, 매각공고 → 입찰 → 낙찰 및 종결 순서로 신속하게 진행하기로 하였다.",
      "source_cleaned": "예비입찰, 실사․가격조정 등의 절차를 생략하고, 매각공고 → 입찰 → 낙찰 및 종결 순서로 신속하게 진행하기로 하였다.",
      "mt": "Diputuskan untuk melewatkan prosedur seperti penawaran awal, uji tuntas, dan penyesuaian harga, dan segera melanjutkan dalam urutan → penawaran → dan penutupan.",
      "mtpe": "Diputuskan untuk menjalankan proses dengan cara yang lebih cepat, yakni dengan melewatkan prosedur seperti penawaran awal, uji tuntas, dan penyesuaian harga, dan segera melanjutkan dalam urutan → penawaran → penawaran terpilih dan penutupan."
    },
    {
      "page": 119,
      "sn": "report1274sent14004",
      "source_original": "낙찰받는 주식 1주당 일정 수준의 콜옵션을 부여하기로 하였다.",
      "source_cleaned": "낙찰받는 주식 1주당 일정 수준의 콜옵션을 부여하기로 하였다.",
      "mt": "Diputuskan untuk memberikan tingkat opsi panggilan tertentu per saham yang dimenangkan.",
      "mtpe": "Diputuskan untuk memberikan tingkat Call option tertentu per saham yang dimenangkan."
    },
    {
      "page": 119,
      "sn": "report1274sent14005",
      "source_original": "콜옵션은 행사기간 (예: 3년) 내 언제든지 행사가 가능하며, 최소행사물량(0.1%) 이상일 경우, 여러번에 나누어서 행사할 수 있도록 하였다.",
      "source_cleaned": "콜옵션은 행사기간 3년 내 언제든지 행사가 가능하며, 최소행사물량(0.1%) 이상일 경우, 여러 번에 나누어서 행사할 수 있도록 하였다.",
      "mt": "Opsi panggilan memungkinkan acara kapan saja dalam waktu 3 tahun periode acara, dan jika jumlah minimum acara (0,1%) atau lebih, dapat dibagi dan dilaksanakan beberapa kali.",
      "mtpe": "Call option memungkinkan acara kapan saja dalam waktu 3 tahun periode acara, dan jika jumlah minimum acara (0,1%) atau lebih, dapat dibagi dan dilaksanakan beberapa kali."
    },
    {
      "page": 119,
      "sn": "report1274sent14006",
      "source_original": "다만, 콜옵션에 대한 세부사항은 시장상황을 확인한 후 매각공고시 최종 확정하기로 하였다.",
      "source_cleaned": "콜옵션에 대한 세부사항은 시장상황을 확인한 후 매각공고시 최종 확정하기로 하였다.",
      "mt": "Rincian opsi panggilan diputuskan pada saat pengumuman penjualan setelah memeriksa situasi pasar.",
      "mtpe": "Rincian Call option diputuskan pada saat pengumuman penjualan setelah memeriksa situasi pasar."
    },
    {
      "page": 119,
      "sn": "report1274sent14008",
      "source_original": "한편, 경영권지분 및 소수지분 매각절차는 동시에 진행하기로 하였고, 매각방안 발표 후부터 매각공고 전까지 시장수요 조사활동을 실시하기로 하였다.",
      "source_cleaned": "한편, 경영권지분 및 소수지분 매각절차는 동시에 진행하기로 하였고, 매각방안 발표 후부터 매각공고 전까지 시장수요 조사활동을 실시하기로 하였다.",
      "mt": "Sementara itu, prosedur penjualan saham manajemen dan saham minoritas diputuskan untuk dilakukan pada waktu yang sama, dan kegiatan survei permintaan pasar dilakukan mulai dari pengumuman rencana penjualan hingga pengumuman penjualan.",
      "mtpe": "Sementara itu, prosedur penjualan saham manajemen dan saham minoritas diputuskan untuk dilakukan pada waktu yang sama, dan kegiatan survei permintaan pasar dilakukan mulai dari pengumuman rencana penjualan hingga pengumuman penjualan."
    }
  ]
}