{
  "meta": {
    "doc_no": "report127",
    "domain": "금융",
    "category": "보고서",
    "license": "open",
    "source_language": "ko",
    "target_language": "id"
  },
  "doc_info": {
    "source": "개인납세국",
    "title": "2014년-귀속-금융소득종합과세-해설_184_155",
    "date": 201505
  },
  "sents": [
    {
      "page": 129,
      "sn": "report127sent1697",
      "source_original": "① 통장 및 금융거래명세서에 그 지급내용(이자소득 및 배당소득에 대한 연간 합계액과 세목, 세목별 원천징수명세) 및 원천징수의무자의 사업자 등록번호와 그 상호(또는 법인명)를 기재",
      "source_cleaned": "통장 및 금융거래명세서에 그 지급내용(이자소득 및 배당소득에 대한 연간 합계액과 세목, 세목별 원천징수명세) 및 원천징수의무자의 사업자 등록번호와 그 상호(또는 법인명)를 기재",
      "mt": "Buku bank dan pernyataan transaksi keuangan mencantumkan jumlah pembayaran (jumlah tahun untuk pendapatan bunga dan pendapatan dividen, pajak, dan pernyataan pemotongan pajak berdasarkan kategori pajak) dan nomor PPN dan nama perusahaan (atau nama badan hukum) dari orang yang wajib memotong pajak",
      "mtpe": "Buku bank dan pernyataan transaksi keuangan mencantumkan jumlah pembayaran (jumlah tahun untuk pendapatan bunga dan pendapatan dividen, pajak, dan pernyataan pemotongan pajak berdasarkan kategori pajak) dan nomor PPN dan nama perusahaan (atau nama badan hukum) dari orang yang wajib memotong pajak"
    },
    {
      "page": 129,
      "sn": "report127sent1700",
      "source_original": "○ 통보 주기 : 종합소득세 확정신고에 대비하여 소득발생연도의 다음 해 3월 말까지 연 1회 일괄통보 하도록 하고 있으며 금융회사 등 자율에 의한 추가 적인 수시통보도 가능하다.",
      "source_cleaned": "종합소득세 확정신고에 대비하여 소득발생연도의 다음 해 3월 말까지 연 1회 일괄통보 하도록 하고 있으며 금융회사 등 자율에 의한 추가 적인 수시통보도 가능하다.",
      "mt": "Dalam persiapan untuk laporan akhir tentang pajak penghasilan komprehensif, pemberitahuan sekaligus satu kali setahun hingga akhir Maret tahun berikutnya pada tahun berikutnya, dan pemberitahuan tambahan oleh perusahaan keuangan dan lainnya dimungkinkan.",
      "mtpe": "Dalam persiapan untuk laporan akhir tentang pajak penghasilan komprehensif, pemberitahuan sekaligus satu kali setahun hingga akhir Maret tahun berikutnya pada tahun berikutnya, dan pemberitahuan tambahan oleh perusahaan keuangan dan lainnya dimungkinkan."
    },
    {
      "page": 129,
      "sn": "report127sent1702",
      "source_original": "따라서 연간 이자소득․배당소득금액 뿐만 아니라 세목별 원천징수명세(소득세, 지방소득세, 농어촌특별세 등) 등이 포함된다.",
      "source_cleaned": "연간 이자소득․배당소득금액 뿐만 아니라 세목별 원천징수명세(소득세, 지방소득세, 농어촌특별세 등) 등이 포함된다.",
      "mt": "Ini termasuk tidak hanya pendapatan bunga tahunan dan pendapatan dividen, tetapi juga pernyataan pemotongan pajak berdasarkan kategori pajak (pajak penghasilan, pajak pendapatan daerah, pajak khusus untuk daerah pedesaan, dll.).",
      "mtpe": "Ini termasuk tidak hanya pendapatan bunga tahunan dan pendapatan dividen, tetapi juga pernyataan pemotongan pajak berdasarkan kategori pajak (pajak penghasilan, pajak pendapatan daerah, pajak khusus untuk daerah pedesaan, dll.)."
    },
    {
      "page": 129,
      "sn": "report127sent1696",
      "source_original": "② 예금주의 신청을 받아 우편, 전자계산조직을 이용한 정보통신 또는 모사 전송(FAX)으로 통보",
      "source_cleaned": "예금주의 신청을 받아 우편, 전자계산조직을 이용한 정보통신 또는 모사 전송(FAX)으로 통보",
      "mt": "Menerima permintaan dari pemegang rekening dan memberi tahu informasi dan komunikasi atau transmisi FAX menggunakan surat atau kalkulator elektronik",
      "mtpe": "Menerima permintaan dari pemegang rekening , memberikan informasi, berkomunikasi, atau transmisi FAX menggunakan surat atau kalkulator elektronik"
    },
    {
      "page": 129,
      "sn": "report127sent1698",
      "source_original": "○ 원칙적으로 이자 등을 지급하는 때에 소득내역과 세목별 원천징수명세를 통보해야 하지만 다음의 방법에 의한 경우 원천징수영수증을 발급한 것으로 본다.",
      "source_cleaned": "원칙적으로 이자 등을 지급하는 때에 소득내역과 세목별 원천징수명세를 통보해야 하지만 다음의 방법에 의한 경우 원천징수영수증을 발급한 것으로 본다.",
      "mt": "Pada prinsipnya, pada saat pembayaran bunga, dll., Detail pendapatan dan pernyataan pemotongan pajak untuk setiap kategori pajak harus diberitahukan, tetapi menurut metode berikut, sertifikat pemotongan pajak diharapkan dapat dikeluarkan.",
      "mtpe": "Pada prinsipnya, saat pembayaran bunga dan lain sebagainya, detail pendapatan dan pernyataan pemotongan pajak untuk setiap kategori pajak harus diumumkan, tetapi dengan metode berikut, sertifikat pemotongan pajak diharapkan dapat diterbitkan."
    },
    {
      "page": 129,
      "sn": "report127sent1701",
      "source_original": "○ 통보 내용 : 세금을 징수하는 과세당국이나 세금을 부담해야 하는 소득자 모두가 세액계산 및 결정에 필요한 모든 내용이 통보되어야 한다.",
      "source_cleaned": "세금을 징수하는 과세당국이나 세금을 부담해야 하는 소득자 모두가 세액계산 및 결정에 필요한 모든 내용이 통보되어야 한다.",
      "mt": "Setiap otoritas pajak yang memungut pajak atau setiap penerima penghasilan yang membayar pajak harus memberi tahu mereka tentang semua yang diperlukan untuk menghitung dan menetapkan pajak.",
      "mtpe": "Setiap otoritas pajak yang mengumpulkan pajak atau setiap penerima penghasilan yang membayar pajak harus memberikan informasi yang diperlukan untuk menghitung dan menentukan pajak."
    }
  ]
}