{
  "meta": {
    "doc_no": "paper199735",
    "domain": "금융",
    "category": "학술논문",
    "license": "open",
    "source_language": "ko"
  },
  "doc_info": {
    "source": "한국재무관리학회",
    "journal_name": "재무관리연구",
    "vol_info": "2021, vol.38,no.1, pp. 79-102 (24 pages)",
    "doi": "10.22510/kjofm.2021.38.1.004",
    "title": "주채무계열 제도가 기업가치에 미치는 영향",
    "date": 202103
  },
  "sents": [
    {
      "page": 14,
      "sn": "paper199735sent2115168",
      "source_original": "는 주채무계열 소속 여부가 해당 변수에 유의미하게 영향을 미치는 통제변수로 연도 에 기업 의 로그변환 총자산, 부채비율, 총자산회전율차 등을, 는 그러한 통제변수의 기업별 평균을 의미한다."
    },
    {
      "page": 14,
      "sn": "paper199735sent2115169",
      "source_original": "아울러 , , 는 시간(연도) 고정효과, 연도와 무관한 기업 고정효과, 그리고 오차항을 각각 의미한다."
    },
    {
      "page": 14,
      "sn": "paper199735sent2115170",
      "source_original": "고정효과 모형을 사용하였다."
    },
    {
      "page": 14,
      "sn": "paper199735sent2115171",
      "source_original": "Petersen(2009)과 Balli and Sørensen(2013)을 반영하여 식 (1)과 같이 모형을 설정하였다.5)  (1) 식 (1)에서 는 연도 에 기업 의 Tobin’s Q를 의미하고, 는 연도 에 기업 가 주채무계열 소속이면 1, 그렇지 않으면 0의 값을 갖는 더미변수(Dummy Variable)를 의미한다."
    },
    {
      "page": 14,
      "sn": "paper199735sent2115172",
      "source_original": "는 연도 에 기업 의 총자산순이익률(ROA), 자기자본비율, 유형고정자산비율, 연구개발비 비중, 이자보상배율 더미변수(연도 t에 기업 가 이자보상배율이 1배 미만이면 1, 그렇지 않으면 0) 등 기업가치에 영향을 미치는 주요 통제변수를 의미한다."
    },
    {
      "page": 14,
      "sn": "paper199735sent2115173",
      "source_original": "본 논문에서는 주채무계열 제도가 기업가치에 미치는 영향을 엄밀하게 추정하기 위해 이중차분법도 활용하였다."
    },
    {
      "page": 14,
      "sn": "paper199735sent2115174",
      "source_original": "이를 반영하기 위하여 주채무계열 더미변수와 해당 통제변수에서 기업별 해당 변수의 평균값을 차감한 값과의 상호작용(interaction) 변수를 추가하여 분석하였다(Balli and Sørensen, 2013)."
    },
    {
      "page": 14,
      "sn": "paper199735sent2115175",
      "source_original": "샘플기간내에 주채무계열 여부에 변동이 있었던 그룹은 주채무 계열 제도의 효과를 검증하기 좋은 대상이다."
    },
    {
      "page": 14,
      "sn": "paper199735sent2115176",
      "source_original": "이는 주채무계열 선정이 기업의 의사와 상관없이 외형적 요건만을 충족하면 되는 외생적 충격이기 때문이다."
    },
    {
      "page": 14,
      "sn": "paper199735sent2115177",
      "source_original": "본 논문에서는 주채무계열로 새로이 지정된 기업들(실험군)의 계열 지정 전․후 변화를 유사한 조건을 가진 기업들 5) 주채무계열 소속 여부는 여타 통제변수에 유의미한 영향을 줄 수 있으며 이를 통해 주채무계열 소속 여부가 통제변수가 기업가치에 미치는 영향을 변화시킬 수 있다."
    },
    {
      "page": 14,
      "sn": "paper199735sent2115178",
      "source_original": "이를 확인하기 위해 주채무계열 더미변수와 개별 통제변수 간 회귀분석(고정효과 포함)을 실시한 결과 주채무계열 소속 여부가 로그변환 총자산, 부채비율, 총자산회전율차에 대해서 유의미한 영향을 주는 것으로 나타났다."
    },
    {
      "page": 14,
      "sn": "paper199735sent2115179",
      "source_original": "아울러 Petersen(2009)에서 언급한 군집 표준오차 추정치(clustered standard error estimates)를 바탕으로 t-statistics를 추정하여 통계적 유의성을 살펴보았다."
    },
    {
      "page": 14,
      "sn": "paper199735sent2115180",
      "source_original": "이 추정방식을 통해서 주채무계열 소속 여부를 나타내는 더미변수 의 계수, 를 추정함으로써 주채무계열 제도가 기업가치에 미치는 영향을 추정할 수 있다."
    }
  ]
}