{
  "meta": {
    "doc_no": "paper199731",
    "domain": "금융",
    "category": "학술논문",
    "license": "open",
    "source_language": "ko"
  },
  "doc_info": {
    "source": "한국재무관리학회",
    "journal_name": "재무관리연구",
    "vol_info": "2021, vol.38,no.1, pp. 79-102 (24 pages)",
    "doi": "10.22510/kjofm.2021.38.1.004",
    "title": "주채무계열 제도가 기업가치에 미치는 영향",
    "date": 202103
  },
  "sents": [
    {
      "page": 10,
      "sn": "paper199731sent2115138",
      "source_original": "실험군으로는 표본 기간 중 주채무계열에 신규 편입된 기업 중 주채무계열 편입 전 3년, 그리고 편입 후 4년간 자료가 존재하는 기업을 선정하였다."
    },
    {
      "page": 10,
      "sn": "paper199731sent2115139",
      "source_original": "다음으로 이중차분법을 사용하기 위해 실험군(treatment group)과 대조군(control group)을 별도로 구성하였다."
    },
    {
      "page": 10,
      "sn": "paper199731sent2115140",
      "source_original": "평균차검정 수치는 非 주채무계열 소속 기업과 주채무계열 소속 기업의 평균차에 대한 t-value이며, *, **, ***은 각각 유의수준 10%, 5%, 1%에서 평균에 차이가 없음을 기각하는 것을 의미한다."
    },
    {
      "page": 10,
      "sn": "paper199731sent2115141",
      "source_original": "두 그룹간 기초통계량에 차이가 있는지 확인하기 위해 실시한 T-test 결과가 마지막 열(평균차검정)에 나타나 있다."
    },
    {
      "page": 10,
      "sn": "paper199731sent2115142",
      "source_original": "&lt;표 2&gt; 주채무계열 여부에 따른 통계량 및 평균차이 검정 결과 이 표는 주채무계열 소속 여부를 기준으로 표본을 두 그룹으로 구분하여 주요 변수들의 기초통계량을 산출한 것이다."
    },
    {
      "page": 10,
      "sn": "paper199731sent2115143",
      "source_original": "주채무계열 소속 기업들은 다른 기업들에 비해 Tobin&#x27;s Q로 측정한 기업가치가 평균 0.04 정도 높았고 총자산순이익률, 로그변환 총자산, 부채비율, 매출액 영업이익률차, 그리고 총자산회전율차 역시 다른 기업들에 비해 통계적으로 유의하게 높았다."
    },
    {
      "page": 10,
      "sn": "paper199731sent2115144",
      "source_original": "그 결과 &lt;표 2&gt;의 마지막 열에서 보여주는 바와 같이 유형고정자산 비율을 제외한 변수들에서 통계적으로 유의미한 차이가 있는 것으로 나타났다."
    },
    {
      "page": 10,
      "sn": "paper199731sent2115145",
      "source_original": "차이가 있는지를 확인하기 위해 T-test를 실시해 보았다."
    },
    {
      "page": 10,
      "sn": "paper199731sent2115146",
      "source_original": "대조군으로는"
    },
    {
      "page": 10,
      "sn": "paper199731sent2115147",
      "source_original": "반면, 자기자본비율, 연구개발비 비중은 非 주채무계열 기업들에 비해 유의하게 낮은 것으로 나타났다."
    }
  ]
}