{
  "meta": {
    "doc_no": "paper199729",
    "domain": "금융",
    "category": "학술논문",
    "license": "open",
    "source_language": "ko"
  },
  "doc_info": {
    "source": "한국재무관리학회",
    "journal_name": "재무관리연구",
    "vol_info": "2021, vol.38,no.1, pp. 79-102 (24 pages)",
    "doi": "10.22510/kjofm.2021.38.1.004",
    "title": "주채무계열 제도가 기업가치에 미치는 영향",
    "date": 202103
  },
  "sents": [
    {
      "page": 8,
      "sn": "paper199729sent2115109",
      "source_original": "산업별 평균 자료는 별도의 설명이 없는 경우 한국표준산업분류 소분류 기준을 적용하였다."
    },
    {
      "page": 8,
      "sn": "paper199729sent2115110",
      "source_original": "결과적으로 은행의 모니터링이 기업 지배구조를 개선함으로써 기업가치를 높인다고 곧바로 결론짓기 어려우며 은행과 기업이 처한 여건도 중요함을 알 수 있다."
    },
    {
      "page": 8,
      "sn": "paper199729sent2115111",
      "source_original": "첫 번째 기간(2003∼2009년)은 1997년 외환위기 이후 시작된 기업구조조정의 여파가 진정되고 주채무계열 제도의 운영방식에 큰 변화가 발생하지 않았던 시기이다."
    },
    {
      "page": 8,
      "sn": "paper199729sent2115112",
      "source_original": "본 연구의 표본 기간은 2003년부터 2019년으로 설정하되 2003∼2009년, 2010∼2013년, 2014∼2019년의 세 기간으로 나누어 분석하였다."
    },
    {
      "page": 8,
      "sn": "paper199729sent2115113",
      "source_original": "실증분석에 사용하기 위해 일차적으로 선정한 관측치는 총 9,888개로 불균형 패널 자료이다."
    },
    {
      "page": 8,
      "sn": "paper199729sent2115114",
      "source_original": "보여주었다."
    },
    {
      "page": 8,
      "sn": "paper199729sent2115115",
      "source_original": "마지막 기간(2014∼2019년)은 2014년 2월 신용공여액 기준이 변경된 이후부터 최근 시점까지를 포괄한다."
    },
    {
      "page": 8,
      "sn": "paper199729sent2115116",
      "source_original": "표본기업의 재무․회계 및 주가 자료는 ㈜NICE평가정보의 󰡔KIS Value󰡕에서 추출하였으며, 주채무계열 소속 기업 자료는 금융감독원 홈페이지 공시자료(dart.fss.or.kr)를 이용하였다."
    },
    {
      "page": 8,
      "sn": "paper199729sent2115117",
      "source_original": "마지막으로 지분율과 관련해서는 한국상장사협회에 제출된 사업보고서와 분기보고서를 토대로 최대주주 및 특수관계인 보유 보통주 지분율을 ㈜에프앤가이드(FnGuide)을 통해 추출하였다."
    },
    {
      "page": 8,
      "sn": "paper199729sent2115118",
      "source_original": "이러한 기간 구분은 [그림 1]에서 보듯이 주채무계열 선정 기업 수가 2009년까지 증가세를 보이다가 2010년부터 감소세로 전환한 후 2014년 제도변경과 함께 재차 증가한 다음 다시 감소세로 돌아서는 추세에서도 확인할 수 있다."
    },
    {
      "page": 8,
      "sn": "paper199729sent2115119",
      "source_original": "분석대상 기업으로는 12월 결산 유가증권시장 비금융 상장기업을 선별하였다."
    },
    {
      "page": 8,
      "sn": "paper199729sent2115120",
      "source_original": "비금융 상장기업 중 산업내 표본 수가 부족한 7개 산업군에 속한 기업과 12월 결산이 아닌 기업은 분석대상에서 제외되었다.3) 또한, 극단치 영향을 배제하기 위하여 표본기업의 상․하위 1%를 직전 값으로 대체하는 윈저라이즈(winsorize)를 실시하였다."
    },
    {
      "page": 8,
      "sn": "paper199729sent2115121",
      "source_original": "2) 금융감독원의 “글로벌 금융위기 이후 기업구조조정”(2010)에 따르면 글로벌 금융위기 이후 경기침체 심화로 일부 대기업 그룹의 유동성 위기설이 대두된 후 금융당국 및 은행권은 2009년부터 주채무계열에 대한 모니터링을 강화하였다."
    },
    {
      "page": 8,
      "sn": "paper199729sent2115122",
      "source_original": "특히 대기업 그룹의 자체적인 구조조정 노력 성과가 미흡함에 따라 금호그룹, 현대그룹 등 재무구조가 취약한 주채무계열들에 대한 채권단 주도의 구조조정이 2010년부터 본격적으로 시작된 바 있다."
    },
    {
      "page": 8,
      "sn": "paper199729sent2115123",
      "source_original": "3) 산업내 표본 수가 부족하여 제외된 기업의 수는 다음과 같다: 농업/임업/수산업 5개사, 광업 1개사, 숙박/음식점업 1개사, 부동산/임대업 6개사, 사업지원서비스업 5개사, 교육 서비스업 1개사, 예술/스포츠/여가관련 서비스업 4개사."
    },
    {
      "page": 8,
      "sn": "paper199729sent2115124",
      "source_original": "두 번째 기간(2010∼2013년)은 글로벌 금융위기 이후 채권단 주도의 기업 구조조정이 본격화된 시점2)부터 주채무계열 제도가 변경되기 이전까지를 선정하였다."
    }
  ]
}