{
  "meta": {
    "doc_no": "paper199725",
    "domain": "금융",
    "category": "학술논문",
    "license": "open",
    "source_language": "ko"
  },
  "doc_info": {
    "source": "한국재무관리학회",
    "journal_name": "재무관리연구",
    "vol_info": "2021, vol.38,no.1, pp. 79-102 (24 pages)",
    "doi": "10.22510/kjofm.2021.38.1.004",
    "title": "주채무계열 제도가 기업가치에 미치는 영향",
    "date": 202103
  },
  "sents": [
    {
      "page": 4,
      "sn": "paper199725sent2115061",
      "source_original": "제Ⅱ장에서는 주채무계열 제도에 대해 설명하고 제Ⅲ장에서 주채무계열 제도와 함께 은행 모니터링이 기업가치에 미치는 영향을 분석한 기존문헌을 검토한다."
    },
    {
      "page": 4,
      "sn": "paper199725sent2115062",
      "source_original": "사례에서 볼 수 있듯이 채권은행의 기업에 대한 과도한 영향력 행사, 이로 인한 지대 추출(rent Wu and Yao, 2012)."
    },
    {
      "page": 4,
      "sn": "paper199725sent2115063",
      "source_original": "오히려 대출 비중이 큰 기업집단의 대출 부실화를 방지함으로써 은행의 건전성을 유지하는 것에 초점을 맞추고 있다."
    },
    {
      "page": 4,
      "sn": "paper199725sent2115064",
      "source_original": "따라서 주채무계열 편입 자체가 채권은행의 과도한 영향력 행사 또는 이로 인한 지대 추출 등으로 인한 부정적 영향으로 이어질 가능성이 크지 않다."
    },
    {
      "page": 4,
      "sn": "paper199725sent2115065",
      "source_original": "본 연구가 기여한 가장 중요한 부분이 바로 이러한 추론을 뒷받침할 수 있는 분석결과를 제시했다는 점이다."
    },
    {
      "page": 4,
      "sn": "paper199725sent2115066",
      "source_original": "그 외에 기존연구에서 다루지 않았던 주채무계열 제도의 주요 평가요소가 기업가치에 미치는 영향을 분석한 부분도 중요한 의미가 있다."
    },
    {
      "page": 4,
      "sn": "paper199725sent2115067",
      "source_original": "본 논문의 이어질 내용은 다음과 같이 구성된다."
    },
    {
      "page": 4,
      "sn": "paper199725sent2115068",
      "source_original": "반면 주채무계열 제도는 채권은행이 주요 주주의 지위를 이용하여 은행 자신의 이익을 극대화하고자 경영에 개입하는 것이 아니다."
    },
    {
      "page": 4,
      "sn": "paper199725sent2115069",
      "source_original": "이어서 제Ⅳ장에서는 분석에 사용된 표본과 그 특징을 자세히 살펴본 후 제Ⅴ장에서는 실증분석 방법과 분석결과를 설명하고 마지막으로 제Ⅵ장에서 결론을 제시한다."
    },
    {
      "page": 4,
      "sn": "paper199725sent2115070",
      "source_original": "1997년 외환위기 직후에는 주채무계열 제도가 적극적인 기업 구조조정 수단으로 활용되었다."
    },
    {
      "page": 4,
      "sn": "paper199725sent2115071",
      "source_original": "주채무계열 제도는 신용공여액이 일정 기준 이상인 기업집단을 주채무계열로 선정하여 주채권은행이 채권은행간 공조를 통하여 이들 계열의 신용위험을 면밀하게 관리하고자 마련된 제도이다."
    },
    {
      "page": 4,
      "sn": "paper199725sent2115072",
      "source_original": "이후 2002년을 기점으로"
    },
    {
      "page": 4,
      "sn": "paper199725sent2115073",
      "source_original": "재무구조가 취약한 대규모 기업집단, 구체적으로 부채비율 200%를 초과하는 계열기업에 대해 재무구조개선 약정을 체결하고 자산매각 및 자본확충 등의 선제적 구조조정을 유도하였다."
    },
    {
      "page": 4,
      "sn": "paper199725sent2115074",
      "source_original": "주채무계열 제도는 1974년 제정된 금융단 협정이 그 효시라고 할 수 있다."
    },
    {
      "page": 4,
      "sn": "paper199725sent2115075",
      "source_original": "1973년 오일쇼크 등에 따른 기업 부실화가 급속히 진행되자 계열기업군에 대해서도 종합적인 여신관리를 통해 재무구조를 개선할 필요성이 제기된 데 따른 것이었다."
    },
    {
      "page": 4,
      "sn": "paper199725sent2115076",
      "source_original": "이는 규제 대상이 기업집단이라는 점에서 공정거래위원회의 상호출자제한 기업집단 및 채무보증제한기업집단 제도와 유사하다."
    },
    {
      "page": 4,
      "sn": "paper199725sent2115077",
      "source_original": "하지만 주채무계열 제도가 기업집단의 재무구조 관리를 통해 기업의 부실이 채권은행의 자산건전성 문제로 전이되지 않도록 하기 위한 목적에서 도입되었다면, 공정거래위원회의 기업집단 규제는 과도한 경제력 집중을 방지하고 공정경쟁을 촉진하기 위해 도입되었다는 점에서 차이가 있다."
    }
  ]
}