{
  "meta": {
    "doc_no": "paper199727",
    "domain": "금융",
    "category": "학술논문",
    "license": "open",
    "source_language": "ko"
  },
  "doc_info": {
    "source": "한국재무관리학회",
    "journal_name": "재무관리연구",
    "vol_info": "2021, vol.38,no.1, pp. 79-102 (24 pages)",
    "doi": "10.22510/kjofm.2021.38.1.004",
    "title": "주채무계열 제도가 기업가치에 미치는 영향",
    "date": 202103
  },
  "sents": [
    {
      "page": 6,
      "sn": "paper199727sent2115093",
      "source_original": "주채권은행이"
    },
    {
      "page": 6,
      "sn": "paper199727sent2115094",
      "source_original": "관계형 금융 측면에서 주채권은행이 기업에 미치는 영향을 연구한 사례가 대부분인데 일관된 결과를 보여주지는 않는다."
    },
    {
      "page": 6,
      "sn": "paper199727sent2115095",
      "source_original": "앞서 기술한 바와 같이 한국경제에서 주채무계열 제도가 가지는 중요도에 비해 이를 대상으로 한 기존 연구 사례는 많지 않다."
    },
    {
      "page": 6,
      "sn": "paper199727sent2115096",
      "source_original": "주) 금융감독원 보도자료(2014. 4. 7., 2020. 5. 26.)."
    },
    {
      "page": 6,
      "sn": "paper199727sent2115097",
      "source_original": "[그림 1] 연도별 주채무계열 선정현황 이 그림은 연도별 주채무계열에 선정된 계열기업 수와 채무계열 선정 기준금액을 함께 보여준다."
    },
    {
      "page": 6,
      "sn": "paper199727sent2115098",
      "source_original": "[그림 2] 주채무계열 신용공여 추이 이 그림은 금융기관 전체 신용공여액 중 주채무계열에 대한 신용공여액이 차지하는 비중을 연도별로 정리한 것이다."
    }
  ]
}