{
  "meta": {
    "doc_no": "dis109177",
    "domain": "금융",
    "category": "공시정보",
    "license": "open",
    "source_language": "ko"
  },
  "doc_info": {
    "source": "금융감독원",
    "dis_no": 2022040600250200760,
    "doc_name": "감사보고서",
    "com_name": "주식회사 콧데",
    "date": 20220406
  },
  "sents": [
    {
      "sn": "dis109177sent67945132",
      "source_original": "감사보고서"
    },
    {
      "sn": "dis109177sent67945133",
      "source_original": "주식회사 콧데"
    },
    {
      "sn": "dis109177sent67945134",
      "source_original": "주식회사 콧데"
    },
    {
      "sn": "dis109177sent67945135",
      "source_original": "재 무 제 표 에 대 한"
    },
    {
      "sn": "dis109177sent67945136",
      "source_original": "감 사 보 고 서"
    },
    {
      "sn": "dis109177sent67945137",
      "source_original": "제 22 기"
    },
    {
      "sn": "dis109177sent67945138",
      "source_original": "2021년 01월 01일"
    },
    {
      "sn": "dis109177sent67945139",
      "source_original": "부터"
    },
    {
      "sn": "dis109177sent67945140",
      "source_original": "2021년 12월 31일"
    },
    {
      "sn": "dis109177sent67945141",
      "source_original": "까지"
    },
    {
      "sn": "dis109177sent67945142",
      "source_original": "삼 덕 회 계 법 인"
    },
    {
      "sn": "dis109177sent67945143",
      "source_original": "목 차"
    },
    {
      "sn": "dis109177sent67945144",
      "source_original": "I. 독립된 감사인의 감사보고서 ················"
    },
    {
      "sn": "dis109177sent67945145",
      "source_original": "II. 재무제표···························"
    },
    {
      "sn": "dis109177sent67945146",
      "source_original": "재무상태표·"
    },
    {
      "sn": "dis109177sent67945147",
      "source_original": "2. 손익계산서························"
    },
    {
      "sn": "dis109177sent67945148",
      "source_original": "3. 자본변동표························"
    },
    {
      "sn": "dis109177sent67945149",
      "source_original": "4. 현금흐름표························"
    },
    {
      "sn": "dis109177sent67945150",
      "source_original": "5. 주석····················"
    },
    {
      "sn": "dis109177sent67945151",
      "source_original": "III. 외부감사 실시내용················"
    },
    {
      "sn": "dis109177sent67945152",
      "source_original": "독립된 감사인의 감사보고서"
    },
    {
      "sn": "dis109177sent67945153",
      "source_original": "주주 및 이사회 귀중"
    },
    {
      "sn": "dis109177sent67945154",
      "source_original": "감사의견"
    },
    {
      "sn": "dis109177sent67945155",
      "source_original": "우리는 주식회사 콧데(이하 \"회사\")의 재무제표를 감사하였습니다."
    },
    {
      "sn": "dis109177sent67945156",
      "source_original": "해당 재무제표는 2021년 12월 31일 현재의 재무상태표, 동일로 종료되는 보고기간의 손익계산서, 자본변동표 및 현금흐름표 그리고 유의적 회계정책에 대한 요약과 기타의 설명정보로 구성되어 있습니다."
    },
    {
      "sn": "dis109177sent67945157",
      "source_original": "우리의 의견으로는 별첨된 회사의 재무제표는 회사의 2021년 12월 31일 현재의 재무상태와 동일로 종료되는 보고기간의 재무성과 및 현금흐름을 일반기업회계기준에 따라 중요성의 관점에서 공정하게 표시하고 있습니다."
    },
    {
      "sn": "dis109177sent67945158",
      "source_original": "감사의견근거"
    },
    {
      "sn": "dis109177sent67945159",
      "source_original": "우리는 대한민국의 회계감사기준에 따라 감사를 수행하였습니다."
    },
    {
      "sn": "dis109177sent67945160",
      "source_original": "이 기준에 따른 우리의 책임은 이 감사보고서의 재무제표감사에 대한 감사인의 책임 단락에 기술되어 있습니다."
    },
    {
      "sn": "dis109177sent67945161",
      "source_original": "우리는 재무제표감사와 관련된 대한민국의 윤리적 요구사항에 따라 회사로부터 독립적이며, 그러한 요구사항에 따른 기타의 윤리적 책임들을 이행하였습니다."
    },
    {
      "sn": "dis109177sent67945162",
      "source_original": "우리가 입수한 감사증거가 감사의견을 위한 근거로서 충분하고 적합하다고 우리는 믿습니다."
    },
    {
      "sn": "dis109177sent67945163",
      "source_original": "기타사항"
    },
    {
      "sn": "dis109177sent67945164",
      "source_original": "회"
    },
    {
      "sn": "dis109177sent67945165",
      "source_original": "사"
    },
    {
      "sn": "dis109177sent67945166",
      "source_original": "의"
    },
    {
      "sn": "dis109177sent67945167",
      "source_original": "2020년"
    },
    {
      "sn": "dis109177sent67945168",
      "source_original": "12월 31일로 종료되는 재무제표는 성현회계법인이 감사하였으며, 이감사인의"
    },
    {
      "sn": "dis109177sent67945169",
      "source_original": "2021년"
    },
    {
      "sn": "dis109177sent67945170",
      "source_original": "3월 24일자 감사보고서에는 적정의견이 표명되었습니다."
    },
    {
      "sn": "dis109177sent67945171",
      "source_original": "재무제표에 대한 경영진과 지배기구의 책임"
    },
    {
      "sn": "dis109177sent67945172",
      "source_original": "경영진은 일반기업회계기준에 따라 이 재무제표를 작성하고 공정하게 표시할 책임이있으며, 부정이나 오류로 인한 중요한 왜곡표시가 없는 재무제표를 작성하는데 필요하다고 결정한 내부통제에 대해서도 책임이 있습니다."
    },
    {
      "sn": "dis109177sent67945173",
      "source_original": "경영진은 재무제표를 작성할 때, 회사의 계속기업으로서의 존속능력을 평가하고 해당되는 경우, 계속기업 관련 사항을 공시할 책임이 있습니다."
    },
    {
      "sn": "dis109177sent67945174",
      "source_original": "그리고 경영진이 기업을 청산하거나 영업을 중단할 의도가 없는 한, 회계의 계속기업전제의 사용에 대해서도 책임이 있습니다."
    },
    {
      "sn": "dis109177sent67945175",
      "source_original": "지배기구는 회사의 재무보고절차의 감시에 대한 책임이 있습니다."
    },
    {
      "sn": "dis109177sent67945176",
      "source_original": "재무제표감사에 대한 감사인의 책임"
    },
    {
      "sn": "dis109177sent67945177",
      "source_original": "우리의 목적은 회사의 재무제표에 전체적으로 부정이나 오류로 인한 중요한 왜곡표시가 없는지에 대하여 합리적인 확신을 얻어 우리의 의견이 포함된 감사보고서를 발행하는데 있습니다."
    },
    {
      "sn": "dis109177sent67945178",
      "source_original": "합리적인 확신은 높은 수준의 확신을 의미하나, 감사기준에 따라수행된 감사가 항상 중요한 왜곡표시를 발견한다는 것을 보장하지는 않습니다."
    },
    {
      "sn": "dis109177sent67945179",
      "source_original": "왜곡표시는 부정이나 오류로부터 발생할 수 있으며, 왜곡표시가 재무제표를 근거로 하는 이용자의 경제적 의사결정에 개별적으로 또는 집합적으로 영향을 미칠 것이 합리적으로 예상되면, 그 왜곡표시는 중요하다고 간주됩니다."
    },
    {
      "sn": "dis109177sent67945180",
      "source_original": "감사기준에 따른 감사의 일부로서 우리는 감사의 전 과정에 걸쳐 전문가적 판단을 수행하고 전문가적 의구심을 유지하고 있습니다."
    },
    {
      "sn": "dis109177sent67945181",
      "source_original": "또한, 우리는"
    },
    {
      "sn": "dis109177sent67945182",
      "source_original": "부정이나 오류로 인한 재무제표의 중요왜곡표시위험을 식별하고 평가하며 그러한위험에 대응하는 감사절차를 설계하고 수행합니다."
    },
    {
      "sn": "dis109177sent67945183",
      "source_original": "그리고 감사의견의 근거로서 충분하고 적합한 감사증거를 입수합니다."
    },
    {
      "sn": "dis109177sent67945184",
      "source_original": "부정은 공모, 위조, 의도적인 누락, 허위진술 또는 내부통제 무력화가 개입될 수 있기 때문에 부정으로 인한 중요한 왜곡표시를 발견하지 못할 위험은 오류로 인한 위험보다 큽니다."
    },
    {
      "sn": "dis109177sent67945185",
      "source_original": "ㆍ상황에 적합한 감사절차를 설계하기 위하여 감사와 관련된 내부통제를 이해합니다."
    },
    {
      "sn": "dis109177sent67945186",
      "source_original": "그러나 이는 내부통제의 효과성에 대한 의견을 표명하기 위한 것이 아닙니다."
    },
    {
      "sn": "dis109177sent67945187",
      "source_original": "ㆍ재무제표를 작성하기 위하여 경영진이 적용한 회계정책의 적합성과 경영진이 도출한 회계추정치와 관련 공시의 합리성에 대하여 평가합니다."
    },
    {
      "sn": "dis109177sent67945188",
      "source_original": "ㆍ경영진이 사용한 회계의 계속기업전제의 적절성과, 입수한 감사증거를 근거로 계속기업으로서의 존속능력에 대하여 유의적 의문을 초래할 수 있는 사건이나, 상황과 관련된 중요한 불확실성이 존재하는지 여부에 대하여 결론을 내립니다."
    },
    {
      "sn": "dis109177sent67945189",
      "source_original": "중요한 불확실성이 존재한다고 결론을 내리는 경우, 우리는 재무제표의 관련 공시에 대하여 감사보고서에 주의를 환기시키고, 이들 공시가 부적절한 경우 의견을 변형시킬 것을 요구받고 있습니다."
    },
    {
      "sn": "dis109177sent67945190",
      "source_original": "우리의 결론은 감사보고서일까지 입수된 감사증거에 기초하나, 미래의 사건이나 상황이 회사의 계속기업으로서 존속을 중단시킬 수 있습니다."
    },
    {
      "sn": "dis109177sent67945191",
      "source_original": "ㆍ공시를 포함한 재무제표의 전반적인 표시와 구조 및 내용을 평가하고, 재무제표의기초가 되는 거래와 사건을 재무제표가 공정한 방식으로 표시하고 있는지 여부를 평가합니다."
    },
    {
      "sn": "dis109177sent67945192",
      "source_original": "우리는 여러 가지 사항들 중에서 계획된 감사범위와 시기 그리고 감사 중 식별된 유의적 내부통제 미비점 등 유의적인 감사의 발견사항에 대하여 지배기구와 커뮤니케이션합니다."
    },
    {
      "sn": "dis109177sent67945193",
      "source_original": "서울특별시 종로구 우정국로 48"
    },
    {
      "sn": "dis109177sent67945194",
      "source_original": "삼 덕 회 계 법 인"
    },
    {
      "sn": "dis109177sent67945195",
      "source_original": "대표이사 공인회계사 김 명 철"
    },
    {
      "sn": "dis109177sent67945196",
      "source_original": "2022년 3월 29"
    },
    {
      "sn": "dis109177sent67945197",
      "source_original": "일"
    },
    {
      "sn": "dis109177sent67945198",
      "source_original": "이 감사보고서는 감사보고"
    },
    {
      "sn": "dis109177sent67945199",
      "source_original": "서"
    },
    {
      "sn": "dis109177sent67945200",
      "source_original": "현재로 유효한 것입니다."
    },
    {
      "sn": "dis109177sent67945201",
      "source_original": "따라서 감사보고서일 이후 이 보고서를 열람하는 시점 사이에 첨부된 회사의 재무제표에 중요한 영향을 미칠 수 있는 사건이나 상황이 발생할 수도 있으며 이로 인하여 이 감사보고서가 수정될 수도 있습니다."
    },
    {
      "sn": "dis109177sent67945202",
      "source_original": "(첨부)재 무 제 표"
    },
    {
      "sn": "dis109177sent67945203",
      "source_original": "제 21 기"
    },
    {
      "sn": "dis109177sent67945204",
      "source_original": "2020년 01월 01일"
    },
    {
      "sn": "dis109177sent67945205",
      "source_original": "2020년 12월 31일"
    },
    {
      "sn": "dis109177sent67945206",
      "source_original": "\"본 재무제표는 당사가 작성한 것입니다.\""
    },
    {
      "sn": "dis109177sent67945207",
      "source_original": "주식회사 콧데 대표이사 장동일, 이현숙"
    },
    {
      "sn": "dis109177sent67945208",
      "source_original": "본점 소재지 :"
    },
    {
      "sn": "dis109177sent67945209",
      "source_original": "(도로명주소)"
    },
    {
      "sn": "dis109177sent67945210",
      "source_original": "충남 천안시 동남구 수신면 우각골길 19-3"
    },
    {
      "sn": "dis109177sent67945211",
      "source_original": "(전 화)"
    },
    {
      "sn": "dis109177sent67945212",
      "source_original": "재 무 상 태 표"
    },
    {
      "sn": "dis109177sent67945213",
      "source_original": "제 22(당)기 2021년 12월 31일 현재"
    },
    {
      "sn": "dis109177sent67945214",
      "source_original": "제 21(전)기 2020년 12월 31일 현재"
    },
    {
      "sn": "dis109177sent67945215",
      "source_original": "(단위 : 원)"
    },
    {
      "sn": "dis109177sent67945216",
      "source_original": "과 목"
    },
    {
      "sn": "dis109177sent67945217",
      "source_original": "제 22(당)기"
    },
    {
      "sn": "dis109177sent67945218",
      "source_original": "제 21(전)기"
    },
    {
      "sn": "dis109177sent67945219",
      "source_original": "자 산"
    },
    {
      "sn": "dis109177sent67945220",
      "source_original": "I. 유동자산"
    },
    {
      "sn": "dis109177sent67945221",
      "source_original": "(1) 당좌자산"
    },
    {
      "sn": "dis109177sent67945222",
      "source_original": "1. 현금및현금성자산"
    },
    {
      "sn": "dis109177sent67945223",
      "source_original": "2. 단기금융상품"
    },
    {
      "sn": "dis109177sent67945224",
      "source_original": "3. 매출채권"
    },
    {
      "sn": "dis109177sent67945225",
      "source_original": "대손충당금"
    },
    {
      "sn": "dis109177sent67945226",
      "source_original": "4. 미수금"
    },
    {
      "sn": "dis109177sent67945227",
      "source_original": "5. 미수수익"
    },
    {
      "sn": "dis109177sent67945228",
      "source_original": "6. 선급금"
    },
    {
      "sn": "dis109177sent67945229",
      "source_original": "7. 선급비용"
    },
    {
      "sn": "dis109177sent67945230",
      "source_original": "8. 부가세대급금"
    },
    {
      "sn": "dis109177sent67945231",
      "source_original": "(2) 재고자산"
    },
    {
      "sn": "dis109177sent67945232",
      "source_original": "1. 제품"
    },
    {
      "sn": "dis109177sent67945233",
      "source_original": "평가충당금"
    },
    {
      "sn": "dis109177sent67945234",
      "source_original": "2. 재공품"
    },
    {
      "sn": "dis109177sent67945235",
      "source_original": "3. 원재료"
    },
    {
      "sn": "dis109177sent67945236",
      "source_original": "4. 부재료"
    },
    {
      "sn": "dis109177sent67945237",
      "source_original": "II. 비유동자산"
    },
    {
      "sn": "dis109177sent67945238",
      "source_original": "(1) 투자자산"
    },
    {
      "sn": "dis109177sent67945239",
      "source_original": "1. 장기금융상품"
    },
    {
      "sn": "dis109177sent67945240",
      "source_original": "2. 매도가능증권"
    },
    {
      "sn": "dis109177sent67945241",
      "source_original": "3. 장기대여금"
    },
    {
      "sn": "dis109177sent67945242",
      "source_original": "(2) 유형자산"
    },
    {
      "sn": "dis109177sent67945243",
      "source_original": "1. 토지"
    },
    {
      "sn": "dis109177sent67945244",
      "source_original": "2. 건물"
    },
    {
      "sn": "dis109177sent67945245",
      "source_original": "감가상각누계액"
    },
    {
      "sn": "dis109177sent67945246",
      "source_original": "정부보조금"
    },
    {
      "sn": "dis109177sent67945247",
      "source_original": "3. 기계장치"
    },
    {
      "sn": "dis109177sent67945248",
      "source_original": "4. 차량운반구"
    },
    {
      "sn": "dis109177sent67945249",
      "source_original": "5. 금형"
    },
    {
      "sn": "dis109177sent67945250",
      "source_original": "6. 비품"
    },
    {
      "sn": "dis109177sent67945251",
      "source_original": "7. 시설장치"
    },
    {
      "sn": "dis109177sent67945252",
      "source_original": "8. 건설중인자산"
    },
    {
      "sn": "dis109177sent67945253",
      "source_original": "(3) 무형자산"
    },
    {
      "sn": "dis109177sent67945254",
      "source_original": "1. 산업재산권"
    },
    {
      "sn": "dis109177sent67945255",
      "source_original": "2. 소프트웨어"
    },
    {
      "sn": "dis109177sent67945256",
      "source_original": "(4) 기타비유동자산"
    },
    {
      "sn": "dis109177sent67945257",
      "source_original": "1. 보증금"
    },
    {
      "sn": "dis109177sent67945258",
      "source_original": "자 산 총 계"
    },
    {
      "sn": "dis109177sent67945259",
      "source_original": "부 채"
    },
    {
      "sn": "dis109177sent67945260",
      "source_original": "I. 유동부채"
    },
    {
      "sn": "dis109177sent67945261",
      "source_original": "1. 매입채무"
    },
    {
      "sn": "dis109177sent67945262",
      "source_original": "2. 미지급금"
    },
    {
      "sn": "dis109177sent67945263",
      "source_original": "3. 단기차입금"
    },
    {
      "sn": "dis109177sent67945264",
      "source_original": "4. 선수금"
    },
    {
      "sn": "dis109177sent67945265",
      "source_original": "5. 예수금"
    },
    {
      "sn": "dis109177sent67945266",
      "source_original": "6. 미지급비용"
    },
    {
      "sn": "dis109177sent67945267",
      "source_original": "7. 미지급법인세"
    },
    {
      "sn": "dis109177sent67945268",
      "source_original": "8. 연차충당부채"
    },
    {
      "sn": "dis109177sent67945269",
      "source_original": "9. 유동성장기차입금"
    },
    {
      "sn": "dis109177sent67945270",
      "source_original": "II. 비유동부채"
    },
    {
      "sn": "dis109177sent67945271",
      "source_original": "1. 장기차입금"
    },
    {
      "sn": "dis109177sent67945272",
      "source_original": "2. 퇴직급여충당부채"
    },
    {
      "sn": "dis109177sent67945273",
      "source_original": "퇴직연금운용자산"
    },
    {
      "sn": "dis109177sent67945274",
      "source_original": "3. 장기미지급금"
    },
    {
      "sn": "dis109177sent67945275",
      "source_original": "부 채 총 계"
    },
    {
      "sn": "dis109177sent67945276",
      "source_original": "자 본"
    },
    {
      "sn": "dis109177sent67945277",
      "source_original": "I. 자본금"
    },
    {
      "sn": "dis109177sent67945278",
      "source_original": "1. 보통주자본금"
    },
    {
      "sn": "dis109177sent67945279",
      "source_original": "II. 자본잉여금"
    },
    {
      "sn": "dis109177sent67945280",
      "source_original": "1. 주식발행초과금"
    },
    {
      "sn": "dis109177sent67945281",
      "source_original": "2. 기타자본잉여금"
    },
    {
      "sn": "dis109177sent67945282",
      "source_original": "III. 자본조정"
    },
    {
      "sn": "dis109177sent67945283",
      "source_original": "1. 자기주식"
    },
    {
      "sn": "dis109177sent67945284",
      "source_original": "IV. 이익잉여금"
    },
    {
      "sn": "dis109177sent67945285",
      "source_original": "1. 이익준비금"
    },
    {
      "sn": "dis109177sent67945286",
      "source_original": "2. 미처분이익잉여금"
    },
    {
      "sn": "dis109177sent67945287",
      "source_original": "자 본 총 계"
    },
    {
      "sn": "dis109177sent67945288",
      "source_original": "부 채 와 자 본 총 계"
    },
    {
      "sn": "dis109177sent67945289",
      "source_original": "\"별첨 주석 참조\""
    },
    {
      "sn": "dis109177sent67945290",
      "source_original": "손 익 계 산 서"
    },
    {
      "sn": "dis109177sent67945291",
      "source_original": "제 22(당)기 2021년 1월 1일부터 2021년 12월 31일까지"
    },
    {
      "sn": "dis109177sent67945292",
      "source_original": "제 21(전)기 2020년 1월 1일부터 2020년 12월 31일까지"
    },
    {
      "sn": "dis109177sent67945293",
      "source_original": "I. 매출액"
    },
    {
      "sn": "dis109177sent67945294",
      "source_original": "(1) 제품매출액"
    },
    {
      "sn": "dis109177sent67945295",
      "source_original": "(2) 기타매출액"
    },
    {
      "sn": "dis109177sent67945296",
      "source_original": "II. 매출원가"
    },
    {
      "sn": "dis109177sent67945297",
      "source_original": "(1) 제품매출원가"
    },
    {
      "sn": "dis109177sent67945298",
      "source_original": "1.기초제품재고액"
    },
    {
      "sn": "dis109177sent67945299",
      "source_original": "2.당기제품제조원가"
    },
    {
      "sn": "dis109177sent67945300",
      "source_original": "3.타계정대체액"
    },
    {
      "sn": "dis109177sent67945301",
      "source_original": "4.기말제품재고액"
    },
    {
      "sn": "dis109177sent67945302",
      "source_original": "III. 매출총이익"
    },
    {
      "sn": "dis109177sent67945303",
      "source_original": "IV. 판매비와관리비"
    },
    {
      "sn": "dis109177sent67945304",
      "source_original": "1. 급여"
    },
    {
      "sn": "dis109177sent67945305",
      "source_original": "2. 퇴직급여"
    },
    {
      "sn": "dis109177sent67945306",
      "source_original": "3. 복리후생비"
    },
    {
      "sn": "dis109177sent67945307",
      "source_original": "4. 여비교통비"
    },
    {
      "sn": "dis109177sent67945308",
      "source_original": "5. 접대비"
    },
    {
      "sn": "dis109177sent67945309",
      "source_original": "6. 통신비"
    },
    {
      "sn": "dis109177sent67945310",
      "source_original": "7. 전력비"
    },
    {
      "sn": "dis109177sent67945311",
      "source_original": "8. 세금과공과"
    },
    {
      "sn": "dis109177sent67945312",
      "source_original": "9. 감가상각비"
    },
    {
      "sn": "dis109177sent67945313",
      "source_original": "10. 임차료"
    },
    {
      "sn": "dis109177sent67945314",
      "source_original": "11. 수선비"
    },
    {
      "sn": "dis109177sent67945315",
      "source_original": "12. 보험료"
    },
    {
      "sn": "dis109177sent67945316",
      "source_original": "13. 차량유지비"
    },
    {
      "sn": "dis109177sent67945317",
      "source_original": "14. 경상연구개발비"
    },
    {
      "sn": "dis109177sent67945318",
      "source_original": "15. 운반비"
    },
    {
      "sn": "dis109177sent67945319",
      "source_original": "16. 교육훈련비"
    },
    {
      "sn": "dis109177sent67945320",
      "source_original": "17. 도서인쇄비"
    },
    {
      "sn": "dis109177sent67945321",
      "source_original": "18. 포장비"
    },
    {
      "sn": "dis109177sent67945322",
      "source_original": "19. 사무용품비"
    },
    {
      "sn": "dis109177sent67945323",
      "source_original": "20. 대손상각비"
    },
    {
      "sn": "dis109177sent67945324",
      "source_original": "21. 지급수수료"
    },
    {
      "sn": "dis109177sent67945325",
      "source_original": "22. 광고선전비"
    },
    {
      "sn": "dis109177sent67945326",
      "source_original": "23. 협회비"
    },
    {
      "sn": "dis109177sent67945327",
      "source_original": "24. 무형자산상각비"
    },
    {
      "sn": "dis109177sent67945328",
      "source_original": "25. 수도광열비"
    },
    {
      "sn": "dis109177sent67945329",
      "source_original": "V. 영업이익"
    },
    {
      "sn": "dis109177sent67945330",
      "source_original": "VI. 영업외수익"
    },
    {
      "sn": "dis109177sent67945331",
      "source_original": "1. 이자수익"
    },
    {
      "sn": "dis109177sent67945332",
      "source_original": "2. 외화환산이익"
    },
    {
      "sn": "dis109177sent67945333",
      "source_original": "3. 외환차익"
    },
    {
      "sn": "dis109177sent67945334",
      "source_original": "4. 채무면제이익"
    },
    {
      "sn": "dis109177sent67945335",
      "source_original": "5. 투자자산평가이익"
    },
    {
      "sn": "dis109177sent67945336",
      "source_original": "6. 투자자산처분이익"
    },
    {
      "sn": "dis109177sent67945337",
      "source_original": "7. 잡이익"
    },
    {
      "sn": "dis109177sent67945338",
      "source_original": "VII. 영업외비용"
    },
    {
      "sn": "dis109177sent67945339",
      "source_original": "1. 이자비용"
    },
    {
      "sn": "dis109177sent67945340",
      "source_original": "2. 외화환산손실"
    },
    {
      "sn": "dis109177sent67945341",
      "source_original": "3. 외환차손"
    },
    {
      "sn": "dis109177sent67945342",
      "source_original": "4. 기부금"
    },
    {
      "sn": "dis109177sent67945343",
      "source_original": "5. 매도가능증권손상차손"
    },
    {
      "sn": "dis109177sent67945344",
      "source_original": "6. 투자자산평가손실"
    },
    {
      "sn": "dis109177sent67945345",
      "source_original": "7. 잡손실"
    },
    {
      "sn": "dis109177sent67945346",
      "source_original": "법인세비용차감전순이익"
    },
    {
      "sn": "dis109177sent67945347",
      "source_original": "IX. 법인세비용"
    },
    {
      "sn": "dis109177sent67945348",
      "source_original": "X. 당기순이익"
    },
    {
      "sn": "dis109177sent67945349",
      "source_original": "XI. 주당손익"
    },
    {
      "sn": "dis109177sent67945350",
      "source_original": "1. 기본주당순이익"
    },
    {
      "sn": "dis109177sent67945351",
      "source_original": "3,107원"
    },
    {
      "sn": "dis109177sent67945352",
      "source_original": "3,692원"
    },
    {
      "sn": "dis109177sent67945353",
      "source_original": "자 본 변 동 표"
    },
    {
      "sn": "dis109177sent67945354",
      "source_original": "자 본 금"
    },
    {
      "sn": "dis109177sent67945355",
      "source_original": "잉여금"
    },
    {
      "sn": "dis109177sent67945356",
      "source_original": "조 정"
    },
    {
      "sn": "dis109177sent67945357",
      "source_original": "이 익"
    },
    {
      "sn": "dis109177sent67945358",
      "source_original": "총 계"
    },
    {
      "sn": "dis109177sent67945359",
      "source_original": "1. 1(전기초)"
    },
    {
      "sn": "dis109177sent67945360",
      "source_original": "당기순이익"
    },
    {
      "sn": "dis109177sent67945361",
      "source_original": "중간배당"
    },
    {
      "sn": "dis109177sent67945362",
      "source_original": "자기주식 취득"
    },
    {
      "sn": "dis109177sent67945363",
      "source_original": "2020.12.31(전기말)"
    },
    {
      "sn": "dis109177sent67945364",
      "source_original": "1. 1(당기초)"
    },
    {
      "sn": "dis109177sent67945365",
      "source_original": "2021.12.31(당기말)"
    },
    {
      "sn": "dis109177sent67945366",
      "source_original": "현 금 흐 름 표"
    },
    {
      "sn": "dis109177sent67945367",
      "source_original": "I. 영업활동으로 인한 현금흐름"
    },
    {
      "sn": "dis109177sent67945368",
      "source_original": "1.당기순이익"
    },
    {
      "sn": "dis109177sent67945369",
      "source_original": "2.현금의 유출이 없는 비용등의 가산"
    },
    {
      "sn": "dis109177sent67945370",
      "source_original": "재고자산평가손실"
    },
    {
      "sn": "dis109177sent67945371",
      "source_original": "퇴직급여"
    },
    {
      "sn": "dis109177sent67945372",
      "source_original": "감가상각비"
    },
    {
      "sn": "dis109177sent67945373",
      "source_original": "무형자산상각비"
    },
    {
      "sn": "dis109177sent67945374",
      "source_original": "대손상각비"
    },
    {
      "sn": "dis109177sent67945375",
      "source_original": "외화환산손실"
    },
    {
      "sn": "dis109177sent67945376",
      "source_original": "투자자산평가손실"
    },
    {
      "sn": "dis109177sent67945377",
      "source_original": "매도가능증권손상차손"
    },
    {
      "sn": "dis109177sent67945378",
      "source_original": "3.현금의 유입이 없는 수익등의 차감"
    },
    {
      "sn": "dis109177sent67945379",
      "source_original": "재고자산평가손실환입"
    },
    {
      "sn": "dis109177sent67945380",
      "source_original": "외화환산이익"
    },
    {
      "sn": "dis109177sent67945381",
      "source_original": "채무면제이익"
    },
    {
      "sn": "dis109177sent67945382",
      "source_original": "투자자산평가이익"
    },
    {
      "sn": "dis109177sent67945383",
      "source_original": "투자자산처분이익"
    },
    {
      "sn": "dis109177sent67945384",
      "source_original": "4.영업활동으로 인한 자산부채의 변동"
    },
    {
      "sn": "dis109177sent67945385",
      "source_original": "매출채권의 감소(증가)"
    },
    {
      "sn": "dis109177sent67945386",
      "source_original": "미수금의 감소(증가)"
    },
    {
      "sn": "dis109177sent67945387",
      "source_original": "미수수익의 감소(증가)"
    },
    {
      "sn": "dis109177sent67945388",
      "source_original": "선급금의 감소(증가)"
    },
    {
      "sn": "dis109177sent67945389",
      "source_original": "선급비용의 감소(증가)"
    },
    {
      "sn": "dis109177sent67945390",
      "source_original": "부가세대급금의 감소(증가)"
    },
    {
      "sn": "dis109177sent67945391",
      "source_original": "재고자산의 감소(증가)"
    },
    {
      "sn": "dis109177sent67945392",
      "source_original": "매입채무의 증가(감소)"
    },
    {
      "sn": "dis109177sent67945393",
      "source_original": "미지급금의 증가(감소)"
    },
    {
      "sn": "dis109177sent67945394",
      "source_original": "선수금의 증가(감소)"
    },
    {
      "sn": "dis109177sent67945395",
      "source_original": "예수금의 증가(감소)"
    },
    {
      "sn": "dis109177sent67945396",
      "source_original": "미지급비용의 증가(감소)"
    },
    {
      "sn": "dis109177sent67945397",
      "source_original": "미지급법인세의 증가(감소)"
    },
    {
      "sn": "dis109177sent67945398",
      "source_original": "연차충당부채의 증가(감소)"
    },
    {
      "sn": "dis109177sent67945399",
      "source_original": "퇴직금의 지급"
    },
    {
      "sn": "dis109177sent67945400",
      "source_original": "퇴직연금운용자산의 불입"
    },
    {
      "sn": "dis109177sent67945401",
      "source_original": "II. 투자활동으로 인한 현금흐름"
    },
    {
      "sn": "dis109177sent67945402",
      "source_original": "1.투자활동으로 인한 현금유입액"
    },
    {
      "sn": "dis109177sent67945403",
      "source_original": "단기금융상품의 감소"
    },
    {
      "sn": "dis109177sent67945404",
      "source_original": "장기금융상품의 감소"
    },
    {
      "sn": "dis109177sent67945405",
      "source_original": "매도가능증권의 감소"
    },
    {
      "sn": "dis109177sent67945406",
      "source_original": "보증금의 감소"
    },
    {
      "sn": "dis109177sent67945407",
      "source_original": "2.투자활동으로 인한 현금유출액"
    },
    {
      "sn": "dis109177sent67945408",
      "source_original": "단기금융상품의 증가"
    },
    {
      "sn": "dis109177sent67945409",
      "source_original": "장기금융상품의 증가"
    },
    {
      "sn": "dis109177sent67945410",
      "source_original": "매도가능증권의 취득"
    },
    {
      "sn": "dis109177sent67945411",
      "source_original": "유형자산의 취득"
    },
    {
      "sn": "dis109177sent67945412",
      "source_original": "III. 재무활동으로 인한 현금흐름"
    },
    {
      "sn": "dis109177sent67945413",
      "source_original": "1.재무활동으로 인한 현금유입액"
    },
    {
      "sn": "dis109177sent67945414",
      "source_original": "단기차입금의 차입"
    },
    {
      "sn": "dis109177sent67945415",
      "source_original": "장기차입금의 차입"
    },
    {
      "sn": "dis109177sent67945416",
      "source_original": "2.재무활동으로 인한 현금유출액"
    },
    {
      "sn": "dis109177sent67945417",
      "source_original": "단기차입금의 상환"
    },
    {
      "sn": "dis109177sent67945418",
      "source_original": "장기차입금의 상환"
    },
    {
      "sn": "dis109177sent67945419",
      "source_original": "배당금의 지급"
    },
    {
      "sn": "dis109177sent67945420",
      "source_original": "자기주식의 취득"
    },
    {
      "sn": "dis109177sent67945421",
      "source_original": "IV. 현금의 증가(감소) (Ⅰ+Ⅱ+Ⅲ)"
    },
    {
      "sn": "dis109177sent67945422",
      "source_original": "V. 기초의 현금"
    },
    {
      "sn": "dis109177sent67945423",
      "source_original": "VI. 기말의 현금"
    },
    {
      "sn": "dis109177sent67945424",
      "source_original": "주석"
    },
    {
      "sn": "dis109177sent67945425",
      "source_original": "제 22(당)기 : 2021년 12월 31일 종료 회계연도"
    },
    {
      "sn": "dis109177sent67945426",
      "source_original": "제 21(전)기 : 2020년 12월 31일 종료 회계연도"
    },
    {
      "sn": "dis109177sent67945427",
      "source_original": "1. 회사의 개요"
    },
    {
      "sn": "dis109177sent67945428",
      "source_original": "주식회사 콧데(이하 \"당사\")는 2000년 5월 3일에 설립되어 기능성화장품 및 생리활성물질 등의 제조 및 판매를 주요 사업으로 하고 있으며, 충청남도 천안시 동남구 수신면에 소재하고 있습니다."
    },
    {
      "sn": "dis109177sent67945429",
      "source_original": "당사는 설립 이후 수차례의 유상증자 등을 거쳐 보고기간 종료일 현재의 자본금은 730,376천원이며, 주요 주주구성은 다음과 같습니다."
    },
    {
      "sn": "dis109177sent67945430",
      "source_original": "주주명"
    },
    {
      "sn": "dis109177sent67945431",
      "source_original": "주식수(주)"
    },
    {
      "sn": "dis109177sent67945432",
      "source_original": "지분율"
    },
    {
      "sn": "dis109177sent67945433",
      "source_original": "장동일"
    },
    {
      "sn": "dis109177sent67945434",
      "source_original": "이현숙"
    },
    {
      "sn": "dis109177sent67945435",
      "source_original": "자기주식"
    },
    {
      "sn": "dis109177sent67945436",
      "source_original": "기타"
    },
    {
      "sn": "dis109177sent67945437",
      "source_original": "합 계"
    },
    {
      "sn": "dis109177sent67945438",
      "source_original": "2. 중요한 회계처리방침의 요약"
    },
    {
      "sn": "dis109177sent67945439",
      "source_original": "회사의 재무제표는 일반기업회계기준에 따라 작성되었으며,"
    },
    {
      "sn": "dis109177sent67945440",
      "source_original": "1월 1일 이후 최초로 시작하는 회계연도부터 적용되는 다음의 개정 기준서를 신규로 적용한 것을 제외하고는 전기재무제표 작성시 채택한 회계정책과 동일하게 적용되었습니다."
    },
    {
      "sn": "dis109177sent67945441",
      "source_original": "일반기업회계기준 제25장 '특수관계자 공시' (개정"
    },
    {
      "sn": "dis109177sent67945442",
      "source_original": "개"
    },
    {
      "sn": "dis109177sent67945443",
      "source_original": "정된 기준은 주요 경영진 보상에 관한 공시 규정을 수정하여 주요 경영진 보상 총액과 분류별 금액에 관한 공시 모두가 생략 범위에 포함됨을 명확히 하"
    },
    {
      "sn": "dis109177sent67945444",
      "source_original": "였습니다."
    },
    {
      "sn": "dis109177sent67945445",
      "source_original": "동 개정이 재"
    },
    {
      "sn": "dis109177sent67945446",
      "source_original": "무제표에 미치는 중요한 영향은 없습니다."
    },
    {
      "sn": "dis109177sent67945447",
      "source_original": "- 일반기업회계기준 제29장 '중간재무제표' (개정)"
    },
    {
      "sn": "dis109177sent67945448",
      "source_original": "개정된 기준은 직전 연도의 동일 중간기간에 대한 현금흐름표나 자본변동표가 작성되지 않은 경우에도 손익계산서와 마찬가지로 비교 표시 면제 규정을 적용할 수 있음을 명확히 하"
    },
    {
      "sn": "dis109177sent67945449",
      "source_original": "일반기업회계기준 제31장 '중소기업 회계처리 특례' (개정)"
    },
    {
      "sn": "dis109177sent67945450",
      "source_original": "개정된 기준은 시장성이 없는 지분증권은 취득원가에서 손상차손누계액을 차감한 금액으로 측정할 수 있으며, 관계기업이나 공동지배기업에 지분법을 적용하지 않을 경우 취득원가에서 손상차손누계액을 차감한 금액과 공정가치 중 하"
    },
    {
      "sn": "dis109177sent67945451",
      "source_original": "나로 측정함을 명확히 하였습니다."
    },
    {
      "sn": "dis109177sent67945452",
      "source_original": "동 개정이 재무제표에 미치는 중요한 영향은 없습니다."
    },
    {
      "sn": "dis109177sent67945453",
      "source_original": "2-1 수익인식"
    },
    {
      "sn": "dis109177sent67945454",
      "source_original": "당사는 제품 및 상품 매출에 대하여 재화의 소유에 따른 위험과 효익이 이전된 시점에 수익으로 인식하고 있습니다."
    },
    {
      "sn": "dis109177sent67945455",
      "source_original": "기타의 수익에 대해서는 수익가득과정이 완료되고 수익금액을 신뢰성 있게 측정할 수 있으며 경제적 효익의 유입가능성이 매우 높을 경우에 인식하고 있습니다"
    },
    {
      "sn": "dis109177sent67945456",
      "source_original": "2-2 현금및현금성자산"
    },
    {
      "sn": "dis109177sent67945457",
      "source_original": "당사는 통화 및 타인발행수표 등 통화대용증권과 당좌예금, 보통예금 및 현금성자산을 재무상태표상 현금및현금성자산으로 계상하고 있습니다."
    },
    {
      "sn": "dis109177sent67945458",
      "source_original": "이 경우 현금성자산이라함은 큰 거래비용 없이 현금으로의 전환이 용이하고 이자율변동에 따른 가치변동의 위험이 중요하지 않은 유가증권 및 단기금융상품으로서 취득 당시 만기일(또는 상환일)이 3개월 이내에 도래하는 것을 말합니다."
    },
    {
      "sn": "dis109177sent67945459",
      "source_original": "2-3 장ㆍ단기금융상품"
    },
    {
      "sn": "dis109177sent67945460",
      "source_original": "당사는 금융기관이 취급하는 정기예금, 정기적금, 사용이 제한되어 있는 예금 및 기타 정형화된 상품 등으로 단기적 자금운용 목적으로 소유하거나 기한이 1년 이내에 도래하는 것은 단기금융상품으로 계상하고 있으며, 현금및현금성자산 또는 단기금융상품에 속하지 아니하는 것을 장기금융상품으로 계상하고 있습니다."
    },
    {
      "sn": "dis109177sent67945461",
      "source_original": "2-4 대손충당금의 설정"
    },
    {
      "sn": "dis109177sent67945462",
      "source_original": "당사는 보고기간종료일 현재의 채권 잔액에 대하여 개별분석 및 대손경험률에 의한 대손예상액을 대손충당금으로 설정하고 있습니다."
    },
    {
      "sn": "dis109177sent67945463",
      "source_original": "2-5 재고자산"
    },
    {
      "sn": "dis109177sent67945464",
      "source_original": "당사는 원.부재료는 선입선출법, 제품과 재공품에 대해서는 총평균법(미착품은 개별법)에 의해 산정된 취득원가로 평가하고 있으며, 재고자산의 시가가 취득원가 보다 하락한 경우에는 시가(제품 및 재공품의 시가는 순실현가능가액, 원재료의 시가는 현행대체원가)를 장부금액으로 하고 있습니다."
    },
    {
      "sn": "dis109177sent67945465",
      "source_original": "또한, 재고자산은 계속기록법에 의하여 재고자산의 수량을 파악하고, 매 회계연도의 결산기에 실지재고조사를 통하여 그 기록을 조정하고 있습니다."
    },
    {
      "sn": "dis109177sent67945466",
      "source_original": "2-6 유가증권의 분류 및 평가"
    },
    {
      "sn": "dis109177sent67945467",
      "source_original": "당사는 단기간 내의 매매차익을 목적으로 취득한 유가증권으로서 매수와 매도가 적극적이고 빈번하게 이루어지는 경우에는 단기매매증권으로, 만기가 확정된 채무증권으로서 상환금액이 확정되거나 확정이 가능한 채무증권을 만기까지 보유할 적극적인의도와 능력이 있는 경우에는 만기보유증권으로, 단기매매증권이나 만기보유증권으로 분류되지 아니하는 유가증권은 매도가능증권으로 분류하고 있습니다."
    },
    {
      "sn": "dis109177sent67945468",
      "source_original": "단기매매증권은 유동자산으로 분류하고, 매도가능증권 및 만기보유증권은 투자자산으로 분류하고 있으며 보고기간종료일로부터 1년 내에 만기가 도래하거나 또는 매도 등에 의하여 처분할 것이 거의 확실한 경우 유동자산으로 분류하고 있습니다."
    },
    {
      "sn": "dis109177sent67945469",
      "source_original": "유가증권의 취득원가는 유가증권 취득을 위하여 제공한 대가의 시장가격에 취득부대비용을 포함한 가액으로 하고 있으며, 제공한 대가의 시장가격이 없는 경우에는 취득한 유가증권의 시장가격을 취득원가로 하고 있습니다."
    },
    {
      "sn": "dis109177sent67945470",
      "source_original": "만기보유증권은 취득원가와 만기액면가액의 차이를 상환기간에 걸쳐 유효이자율법으로 상각하여 취득원가와 이자수익에 가감하고 있으며, 이러한 상각 후 원가를 재무상태표 가액으로 계상하고 있습니다."
    },
    {
      "sn": "dis109177sent67945471",
      "source_original": "단기매매증권과 매도가능증권은 공정가치로 평가하고 있습니다."
    },
    {
      "sn": "dis109177sent67945472",
      "source_original": "시장성있는 유가증권은 시장가격을 공정가치로 보며 시장가격은 보고기간종료일 현재의 종가로 하고 있습니다."
    },
    {
      "sn": "dis109177sent67945473",
      "source_original": "다만, 매도가능증권 중 시장성이 없는 지분증권의 공정가치를 신뢰성있게 측정할 수 없는 경우에는 취득원가로 평가하고 있습니다."
    },
    {
      "sn": "dis109177sent67945474",
      "source_original": "공정가치 평가에 따라 발생하는 단기매매증권에 대한 미실현보유손익은 당기손익으로 반영하고 있으며, 매도가능증권에 대한 미실현보유 손익은 매도가능증권평가손익(기타포괄손익누계액)으로 처리하고 매도가능증권평가손익의 누적금액은 매도가능증권을 처분하거나 손상차손을 인식하는 시점에 일괄하여 당기손익에 반영하고 있습니다."
    },
    {
      "sn": "dis109177sent67945475",
      "source_original": "유가증권으로부터 회수할 수 있을 것으로 추정되는 금액(회수가능가액)이 채무증권의 상각후 취득원가 또는 지분증권의 취득원가보다 작고 손상차손이 발생하였다는 객관적인 증거가 있는 경우에는 손상차손이 불필요하다는 명백한 반증이 없는 한, 감액손실을 인식하여 당기손익으로 처리하고 있습니다."
    },
    {
      "sn": "dis109177sent67945476",
      "source_original": "2-7 유형자산의 평가 및 감가상각방법"
    },
    {
      "sn": "dis109177sent67945477",
      "source_original": "당사는 유형자산에 대해 당해 자산의 구입원가 또는 제작원가 및 경영진이 의도하는 방식으로 자산을 가동하는 데 필요한 장소와 상태에 이르게 하는 데 직접 관련되는 지출을 취득원가(현물출자, 증여, 기타 무상으로 취득한 자산은 공정가치)로 산정하고 있으며, 자산재평가법에 의하여 재평가된 자산은 재평가액으로 평가하고 있습니다."
    },
    {
      "sn": "dis109177sent67945478",
      "source_original": "또한, 유형자산의 취득 또는 완성후의 지출이 유형자산으로 인식되기 위한 조건을 충족하는 경우에는 자본적 지출로, 그렇지 않은 경우에는 발생한 기간의 비용으로 인식하고 있습니다."
    },
    {
      "sn": "dis109177sent67945479",
      "source_original": "한편, 유형자산에 대한 감가상각비는 아래의 내용연수에 따라 정액법에 의하여 계상하고 있습니다."
    },
    {
      "sn": "dis109177sent67945480",
      "source_original": "구 분"
    },
    {
      "sn": "dis109177sent67945481",
      "source_original": "추정내용연수"
    },
    {
      "sn": "dis109177sent67945482",
      "source_original": "건물"
    },
    {
      "sn": "dis109177sent67945483",
      "source_original": "20~30년"
    },
    {
      "sn": "dis109177sent67945484",
      "source_original": "기계장치"
    },
    {
      "sn": "dis109177sent67945485",
      "source_original": "5~10년"
    },
    {
      "sn": "dis109177sent67945486",
      "source_original": "차량운반구, 시설장치, 비품"
    },
    {
      "sn": "dis109177sent67945487",
      "source_original": "4년"
    },
    {
      "sn": "dis109177sent67945488",
      "source_original": "금형"
    },
    {
      "sn": "dis109177sent67945489",
      "source_original": "10년"
    },
    {
      "sn": "dis109177sent67945490",
      "source_original": "2-8 무형자산의 평가"
    },
    {
      "sn": "dis109177sent67945491",
      "source_original": "개별적으로 취득한 무형자산은 취득원가로 계상하고 사업결합으로 취득하는 무형자산은 취득일의 공정가치로 계상하며 최초취득 이후 상각누계액과 손상차손누계액을 직접 차감하여 표시하고 있습니다."
    },
    {
      "sn": "dis109177sent67945492",
      "source_original": "한편, 개발비를 제외한 내부적으로 창출된 무형자산은 발생시점에 비용항목으로 하여 당기손익에 반영하고 있습니다."
    },
    {
      "sn": "dis109177sent67945493",
      "source_original": "무형자산 중 개발비는 관련제품의 판매 또는 사용이 가능한 시점부터 5년의 내용연수를, 기타무형자산에 대하여는 5~10년의 내용연수를 적용하여 정액법에 의하여 상각하고 손상징후가 파악되는 경우 손상여부를 검토하고 있습니다."
    },
    {
      "sn": "dis109177sent67945494",
      "source_original": "2-9 자산손상차손"
    },
    {
      "sn": "dis109177sent67945495",
      "source_original": "당사는 공정가치로 평가되는 자산이외에 투자, 유형 및 무형자산 등이 진부화, 물리적인 손상 및 시장가치의 급격한 하락 등의 원인으로 인하여 당해 자산의 회수가능가액이 장부금액에 중요하게 미달하는 경우 그 미달액을 자산손상차손의 과목으로 기간손익에 반영하고 있습니다."
    },
    {
      "sn": "dis109177sent67945496",
      "source_original": "차기 이후에 손상차손을 인식하였던 자산의 회수가능가액이 장부금액을 초과하는 경우에는 그 자산의 손상차손을 인식하기 전 장부금액의 (감가)상각 후 잔액을 한도로 하여 손상차손환입을 인식하고 있습니다."
    },
    {
      "sn": "dis109177sent67945497",
      "source_original": "2-10 정부보조금"
    },
    {
      "sn": "dis109177sent67945498",
      "source_original": "기술개발 등을 위하여 국가로부터 자산취득에 사용될 상환의무가 없는 정부보조금을받는 경우에는 관련자산을 취득하기 전까지 받은 자산 또는 받은 자산을 일시적으로운용하기 위하여 취득하는 다른 자산의 차감계정으로 회계처리하고, 관련 자산을 취득하는 시점에서 관련 자산의 차감계정으로 회계처리하고 있으며, 그 이외의 기타의 정부보조금은 관련 비용에서 차감하고 있습니다."
    },
    {
      "sn": "dis109177sent67945499",
      "source_original": "자산취득에 사용된 정부보조금은 당해 자산이 비용화되는 시점에 동 비용에서 차감하고 있습니다."
    },
    {
      "sn": "dis109177sent67945500",
      "source_original": "또한, 상환의무가 있는 정부보조금은 (장기)미지급금으로 계상하고 있습니다."
    },
    {
      "sn": "dis109177sent67945501",
      "source_original": "2-11 외화자산 및 외화부채의 환산"
    },
    {
      "sn": "dis109177sent67945502",
      "source_original": "당사는 화폐성외화자산 및 부채는 다음의 보고기간말 현재의 마감환율로 환산하고, 이에 따라 발생하는 환산차이는 당기손익에 반영하고 있습니다."
    },
    {
      "sn": "dis109177sent67945503",
      "source_original": "한편, 역사적원가로 측정하는 비화폐성외화항목은 거래일의 환율을, 공정가치로 측정하는 비화폐성외화항목은 공정가치가 결정된 날의 환율을 적용하여 인식하고 있습니다"
    },
    {
      "sn": "dis109177sent67945504",
      "source_original": "외 화 단 위"
    },
    {
      "sn": "dis109177sent67945505",
      "source_original": "2-12 퇴직급여충당부채"
    },
    {
      "sn": "dis109177sent67945506",
      "source_original": "당사는 확정급여제도를 운영하고 있으며 임직원 퇴직금지급규정에 따라 보고기간말 현재 1년이상 근속한 전임직원이 일시에 퇴직할 경우에 지급하여야 할 퇴직금 총 추계액을 퇴직급여충당부채로 설정하고 있습니다."
    },
    {
      "sn": "dis109177sent67945507",
      "source_original": "2-13 리스거래"
    },
    {
      "sn": "dis109177sent67945508",
      "source_original": "당사는 운용리스의 경우 보증잔존가치를 제외한 최소리스료는 리스기간에 걸쳐 균등하게 배분된 금액을 운용리스료 비용으로 인식하고 있습니다."
    },
    {
      "sn": "dis109177sent67945509",
      "source_original": "2-14 주당손익"
    },
    {
      "sn": "dis109177sent67945510",
      "source_original": "당사의 기본주당순이익은 보통주 1주에 대한 당기순이익을 계산한 것으로서 보통주당기순이익을 가중평균유통보통주식수로 나누어 산정하고 있습니다."
    },
    {
      "sn": "dis109177sent67945511",
      "source_original": "전기"
    },
    {
      "sn": "dis109177sent67945512",
      "source_original": "재무제표의 계정과목 재분류"
    },
    {
      "sn": "dis109177sent67945513",
      "source_original": "전기"
    },
    {
      "sn": "dis109177sent67945514",
      "source_original": "재무제표는"
    },
    {
      "sn": "dis109177sent67945515",
      "source_original": "당기"
    },
    {
      "sn": "dis109177sent67945516",
      "source_original": "와의 비교를 용이하게 하기 위하여 일부 계정과목을"
    },
    {
      "sn": "dis109177sent67945517",
      "source_original": "재무제표의 계정과목에 따라 재분류하고 있습니다."
    },
    {
      "sn": "dis109177sent67945518",
      "source_original": "이러한 재분류는"
    },
    {
      "sn": "dis109177sent67945519",
      "source_original": "에 보고된 순손익이나 순자산가치에 영향을 미치지 아니합니다."
    },
    {
      "sn": "dis109177sent67945520",
      "source_original": "2-16 중소기업의 회계처리특례"
    },
    {
      "sn": "dis109177sent67945521",
      "source_original": "당사는 중소기업기본법에 의한 중소기업으로서 일반기업회계기준 제 31장에 따라 중소기업의 회계처리특례를 적용하고 있으며 그 내용은 다음과 같습니다."
    },
    {
      "sn": "dis109177sent67945522",
      "source_original": "1) 법인세 등"
    },
    {
      "sn": "dis109177sent67945523",
      "source_original": "법인세비용은 법인세법등의 법령에 의하여 납부할 금액을 법인세비용으로 계상하고 법인세비용의 과목으로 표시하고 있습니다."
    },
    {
      "sn": "dis109177sent67945524",
      "source_original": "2) 지분법적용투자주식"
    },
    {
      "sn": "dis109177sent67945525",
      "source_original": "유의적인 영향력을 행사할 수 있는 지분증권에 대하여"
    },
    {
      "sn": "dis109177sent67945526",
      "source_original": "지분법을 적용하지"
    },
    {
      "sn": "dis109177sent67945527",
      "source_original": "아니하고 취득원가에서 손상차손누계액을 차감한 금액으로 인식하고 있습니다."
    },
    {
      "sn": "dis109177sent67945528",
      "source_original": "연결재무제표 작성대상의 범위에 해당하는"
    },
    {
      "sn": "dis109177sent67945529",
      "source_original": "종속기업"
    },
    {
      "sn": "dis109177sent67945530",
      "source_original": "에 대하여는 지분법을 적용하고 있습니다."
    },
    {
      "sn": "dis109177sent67945531",
      "source_original": "3) 유형자산과 무형자산의 내용연수 및 잔존가액의 결정"
    },
    {
      "sn": "dis109177sent67945532",
      "source_original": "유형자산과 무형자산의 감가상각비는 법인세법 규정의 내용연수 및 잔존가액에 따라계상되고 있습니다."
    },
    {
      "sn": "dis109177sent67945533",
      "source_original": "3. 사용이 제한된 금융상품"
    },
    {
      "sn": "dis109177sent67945534",
      "source_original": "보고기간종료일 현재 당사의 사용제한 금융상품의 세부내역은 다음과 같습니다."
    },
    {
      "sn": "dis109177sent67945535",
      "source_original": "계정과목"
    },
    {
      "sn": "dis109177sent67945536",
      "source_original": "금융기관명"
    },
    {
      "sn": "dis109177sent67945537",
      "source_original": "비고"
    },
    {
      "sn": "dis109177sent67945538",
      "source_original": "단기금융상품"
    },
    {
      "sn": "dis109177sent67945539",
      "source_original": "기업은행"
    },
    {
      "sn": "dis109177sent67945540",
      "source_original": "대출금에 대한 담보제공"
    },
    {
      "sn": "dis109177sent67945541",
      "source_original": "4. 유가증권"
    },
    {
      "sn": "dis109177sent67945542",
      "source_original": "보고기간종료일 현재 매도가능증권의 평가 내역은 다음과 같습니다."
    },
    {
      "sn": "dis109177sent67945543",
      "source_original": "(단위 : 천원)"
    },
    {
      "sn": "dis109177sent67945544",
      "source_original": "구분"
    },
    {
      "sn": "dis109177sent67945545",
      "source_original": "종목"
    },
    {
      "sn": "dis109177sent67945546",
      "source_original": "취득가액"
    },
    {
      "sn": "dis109177sent67945547",
      "source_original": "장부금액"
    },
    {
      "sn": "dis109177sent67945548",
      "source_original": "시장성없는"
    },
    {
      "sn": "dis109177sent67945549",
      "source_original": "주식"
    },
    {
      "sn": "dis109177sent67945550",
      "source_original": "(주)이디코리아"
    },
    {
      "sn": "dis109177sent67945551",
      "source_original": "(주)제주올가"
    },
    {
      "sn": "dis109177sent67945552",
      "source_original": "(주)메디코스"
    },
    {
      "sn": "dis109177sent67945553",
      "source_original": "소 계"
    },
    {
      "sn": "dis109177sent67945554",
      "source_original": "비상장지분증권 중 (주)이디코리아, (주)제주올가 및 (주)메디코스는 가치가 크게 변동될 사건이 발생하지 않았으며, 신뢰성 있는 측정모델에 의한 공정가액을 평가할 수없어 취득원가로 평가하고 있습니다."
    },
    {
      "sn": "dis109177sent67945555",
      "source_original": "또한, (주)제주올가와 (주)메디코스에 대해서는투자지분의 회수가능액이 장부금액에 중요하게 미달하는 것으로 판단되어 당기 손상차손을 인식하였습니다."
    },
    {
      "sn": "dis109177sent67945556",
      "source_original": "5. 유형자산"
    },
    {
      "sn": "dis109177sent67945557",
      "source_original": "5-1 당사의 보고기간 중 유형자산의 장부금액 변동내용은 다음과 같습니다."
    },
    {
      "sn": "dis109177sent67945558",
      "source_original": "(단위 : 천원)"
    },
    {
      "sn": "dis109177sent67945559",
      "source_original": "기 초"
    },
    {
      "sn": "dis109177sent67945560",
      "source_original": "증 가"
    },
    {
      "sn": "dis109177sent67945561",
      "source_original": "감 소"
    },
    {
      "sn": "dis109177sent67945562",
      "source_original": "대 체"
    },
    {
      "sn": "dis109177sent67945563",
      "source_original": "상 각"
    },
    {
      "sn": "dis109177sent67945564",
      "source_original": "기 말"
    },
    {
      "sn": "dis109177sent67945565",
      "source_original": "토 지"
    },
    {
      "sn": "dis109177sent67945566",
      "source_original": "건 물"
    },
    {
      "sn": "dis109177sent67945567",
      "source_original": "(정부보조금)"
    },
    {
      "sn": "dis109177sent67945568",
      "source_original": "차량운반구"
    },
    {
      "sn": "dis109177sent67945569",
      "source_original": "비 품"
    },
    {
      "sn": "dis109177sent67945570",
      "source_original": "금 형"
    },
    {
      "sn": "dis109177sent67945571",
      "source_original": "시설장치"
    },
    {
      "sn": "dis109177sent67945572",
      "source_original": "건설중인자산"
    },
    {
      "sn": "dis109177sent67945573",
      "source_original": "보고기간종료일 현재 토지에 대한 공시지가는 4,675,385천원(전기 : 4,138,589천원)입니다."
    },
    {
      "sn": "dis109177sent67945574",
      "source_original": "5-2 보험가입내역"
    },
    {
      "sn": "dis109177sent67945575",
      "source_original": "종류"
    },
    {
      "sn": "dis109177sent67945576",
      "source_original": "부보자산"
    },
    {
      "sn": "dis109177sent67945577",
      "source_original": "회사"
    },
    {
      "sn": "dis109177sent67945578",
      "source_original": "보험가입금액"
    },
    {
      "sn": "dis109177sent67945579",
      "source_original": "화재보험"
    },
    {
      "sn": "dis109177sent67945580",
      "source_original": "건물 및 기계장치"
    },
    {
      "sn": "dis109177sent67945581",
      "source_original": "MG손해보험(주)"
    },
    {
      "sn": "dis109177sent67945582",
      "source_original": "한화손해보험(주)"
    },
    {
      "sn": "dis109177sent67945583",
      "source_original": "배상책임보험"
    },
    {
      "sn": "dis109177sent67945584",
      "source_original": "생산물"
    },
    {
      "sn": "dis109177sent67945585",
      "source_original": "중소기업중앙회"
    },
    {
      "sn": "dis109177sent67945586",
      "source_original": "청구당 10,000천원"
    },
    {
      "sn": "dis109177sent67945587",
      "source_original": "(연간한도 20,000천원)"
    },
    {
      "sn": "dis109177sent67945588",
      "source_original": "또한, 차량운반구는 현대해상화재보험(주)의 자동차손해배상보험 및 종합보험에 가입되어 있습니다."
    },
    {
      "sn": "dis109177sent67945589",
      "source_original": "6. 무형자산"
    },
    {
      "sn": "dis109177sent67945590",
      "source_original": "당사의 보고기간 중 무형자산 장부금액 변동내용은 다음과 같습니다."
    },
    {
      "sn": "dis109177sent67945591",
      "source_original": "계정과목"
    },
    {
      "sn": "dis109177sent67945592",
      "source_original": "산업재산권"
    },
    {
      "sn": "dis109177sent67945593",
      "source_original": "기타의무형자산"
    },
    {
      "sn": "dis109177sent67945594",
      "source_original": "보고기간 중 당사의 연구개발활동과 관련하여 발생한 비용은 390,178천원 (전기 : 522,992천원)이며, 경상연구개발비의 항목으로 하여 판관비로 처리하고 있습니다."
    },
    {
      "sn": "dis109177sent67945595",
      "source_original": "7. 정부보조금"
    },
    {
      "sn": "dis109177sent67945596",
      "source_original": "7-1 재무제표에 인식된 정부보조금의 내역"
    },
    {
      "sn": "dis109177sent67945597",
      "source_original": "보고기간종료일 현재 재무상태표에 인식된 정부보조금의 내역은 다음과 같습니다."
    },
    {
      "sn": "dis109177sent67945598",
      "source_original": "계 정 과 목"
    },
    {
      "sn": "dis109177sent67945599",
      "source_original": "내 역"
    },
    {
      "sn": "dis109177sent67945600",
      "source_original": "건물 구입액"
    },
    {
      "sn": "dis109177sent67945601",
      "source_original": "기계장치 구입액"
    },
    {
      "sn": "dis109177sent67945602",
      "source_original": "비품"
    },
    {
      "sn": "dis109177sent67945603",
      "source_original": "비품 구입액"
    },
    {
      "sn": "dis109177sent67945604",
      "source_original": "미지급금"
    },
    {
      "sn": "dis109177sent67945605",
      "source_original": "상환의무 해당분"
    },
    {
      "sn": "dis109177sent67945606",
      "source_original": "장기미지급금"
    },
    {
      "sn": "dis109177sent67945607",
      "source_original": "7-2 자산취득에 사용된 정부보조금과 그 상각액의 변동내역"
    },
    {
      "sn": "dis109177sent67945608",
      "source_original": "당사가 지원받아 자산취득에 사용한 정부보조금의 내역과 그 상각액의 변동내역은 다음과 같습니다."
    },
    {
      "sn": "dis109177sent67945609",
      "source_original": "기초잔액"
    },
    {
      "sn": "dis109177sent67945610",
      "source_original": "당기수령액"
    },
    {
      "sn": "dis109177sent67945611",
      "source_original": "당기상각액"
    },
    {
      "sn": "dis109177sent67945612",
      "source_original": "기말잔액"
    },
    {
      "sn": "dis109177sent67945613",
      "source_original": "잔액"
    },
    {
      "sn": "dis109177sent67945614",
      "source_original": "당기상각액"
    },
    {
      "sn": "dis109177sent67945615",
      "source_original": "8. 약정사항"
    },
    {
      "sn": "dis109177sent67945616",
      "source_original": "당사는 보고기간종료일 현재 기업은행 및 하나은행과 일반자금대출 1,600,000천원의 약정을 체결하고 있으나, 대출잔액은 없습니다."
    },
    {
      "sn": "dis109177sent67945617",
      "source_original": "또한, 발주받은 계약에 대하여 해당 계약의 이행책임 및 일정기간 동안의 하자보증책임을 지고 있습니다."
    },
    {
      "sn": "dis109177sent67945618",
      "source_original": "이와 관련하여 당기말 현재 서울보증보험으로부터 110,101천원의 지급보증을 제공받고 있습니다."
    },
    {
      "sn": "dis109177sent67945619",
      "source_original": "9. 장ㆍ단기차입금"
    },
    {
      "sn": "dis109177sent67945620",
      "source_original": "9-1 보고기간종료일 현재 단기차입금의 내역은 다음과 같습니다."
    },
    {
      "sn": "dis109177sent67945621",
      "source_original": "차입종류"
    },
    {
      "sn": "dis109177sent67945622",
      "source_original": "차입처"
    },
    {
      "sn": "dis109177sent67945623",
      "source_original": "이자율(년)"
    },
    {
      "sn": "dis109177sent67945624",
      "source_original": "운영자금"
    },
    {
      "sn": "dis109177sent67945625",
      "source_original": "하나은행"
    },
    {
      "sn": "dis109177sent67945626",
      "source_original": "소계"
    },
    {
      "sn": "dis109177sent67945627",
      "source_original": "9-2 보고기간종료일 현재 장기차입금의 내역은 다음과 같습니다."
    },
    {
      "sn": "dis109177sent67945628",
      "source_original": "신한은행"
    },
    {
      "sn": "dis109177sent67945629",
      "source_original": "시설자금"
    },
    {
      "sn": "dis109177sent67945630",
      "source_original": "한국산업은행"
    },
    {
      "sn": "dis109177sent67945631",
      "source_original": "(유동성대체액)"
    },
    {
      "sn": "dis109177sent67945632",
      "source_original": "차감후 잔액"
    },
    {
      "sn": "dis109177sent67945633",
      "source_original": "9-3 당기말 현재 장기차입금의 연도별 상환계획은 다음과 같습니다."
    },
    {
      "sn": "dis109177sent67945634",
      "source_original": "연 도"
    },
    {
      "sn": "dis109177sent67945635",
      "source_original": "금 액"
    },
    {
      "sn": "dis109177sent67945636",
      "source_original": "2022년"
    },
    {
      "sn": "dis109177sent67945637",
      "source_original": "2023년"
    },
    {
      "sn": "dis109177sent67945638",
      "source_original": "2024년"
    },
    {
      "sn": "dis109177sent67945639",
      "source_original": "합계"
    },
    {
      "sn": "dis109177sent67945640",
      "source_original": "9-4 상기 기업은행 및 한국산업은행 차입금과 관련하여 당사의 토지, 건물 및 기계장치에 대하여 채권최고액 8,380,000천원의 근저당권이 설정되어 있습니다."
    },
    {
      "sn": "dis109177sent67945641",
      "source_original": "동 차입금과 관련하여 당사 공장 등에 대한 화재보험 부보금액 8,957,032천원에 대해서도 기업은행에 우선수익권(설정금액 3,125,195천원)이 설정되어 있습니다(주석 5 참조)."
    },
    {
      "sn": "dis109177sent67945642",
      "source_original": "또한, 화재보험 가입금액 1,899,000천원에 대해 한국산업은행을 피보험자로 보험계약을 체결하고 있습니다."
    },
    {
      "sn": "dis109177sent67945643",
      "source_original": "한편, 상기 차입금과 관련하여 대표이사로부터 지급보증을 제공받고 있습니다."
    },
    {
      "sn": "dis109177sent67945644",
      "source_original": "10. 퇴직급여충당부채"
    },
    {
      "sn": "dis109177sent67945645",
      "source_original": "보고기간 중 퇴직급여충당부채의 변동내용은 다음과 같습니다."
    },
    {
      "sn": "dis109177sent67945646",
      "source_original": "기초 잔액"
    },
    {
      "sn": "dis109177sent67945647",
      "source_original": "당기 설정액"
    },
    {
      "sn": "dis109177sent67945648",
      "source_original": "당기지급액"
    },
    {
      "sn": "dis109177sent67945649",
      "source_original": "제도의 전환"
    },
    {
      "sn": "dis109177sent67945650",
      "source_original": "기말 잔액"
    },
    {
      "sn": "dis109177sent67945651",
      "source_original": "보고기간 중 퇴직연금운용자산의 변동내용은 다음과 같습니다."
    },
    {
      "sn": "dis109177sent67945652",
      "source_original": "당기 불입액"
    },
    {
      "sn": "dis109177sent67945653",
      "source_original": "당기 지급액"
    },
    {
      "sn": "dis109177sent67945654",
      "source_original": "당기 평가"
    },
    {
      "sn": "dis109177sent67945655",
      "source_original": "11. 화폐성 외화자산"
    },
    {
      "sn": "dis109177sent67945656",
      "source_original": "보고기간종료일 현재 화폐성 외화자산의 내용은 다음과 같습니다."
    },
    {
      "sn": "dis109177sent67945657",
      "source_original": "(원화단위 : 천원)"
    },
    {
      "sn": "dis109177sent67945658",
      "source_original": "외화금액"
    },
    {
      "sn": "dis109177sent67945659",
      "source_original": "원화환산액"
    },
    {
      "sn": "dis109177sent67945660",
      "source_original": "현금및현금성자산"
    },
    {
      "sn": "dis109177sent67945661",
      "source_original": "매출채권"
    },
    {
      "sn": "dis109177sent67945662",
      "source_original": "12. 자본금"
    },
    {
      "sn": "dis109177sent67945663",
      "source_original": "12-1 보고기간종료일 현재 당사가 발행할 주식의 총수는 보통주 8,000,000주이며, 발행한 주식의 수 및 1주당 금액은 각각 1,460,752주 및 500원으로 보고기간 종료일현재 보통주자본금은 730,376천원입니다."
    },
    {
      "sn": "dis109177sent67945664",
      "source_original": "12-2 자기주식"
    },
    {
      "sn": "dis109177sent67945665",
      "source_original": "2007년 (주)바이오엠엔디를 합병하면서 자기주식 11,590주를 취득하였으며, 주주의 요청 등에 따라 506,942주를 추가로 취득한 바, 취득가액을 장부가액으로 표시하고 있습니다."
    },
    {
      "sn": "dis109177sent67945666",
      "source_original": "12-3 주식발행초과금 및 기타자본잉여금"
    },
    {
      "sn": "dis109177sent67945667",
      "source_original": "주식발행초과금은 유상증자시 액면금액을 초과하여 주식을 발행함으로써 발생한 초과불입액에서 주식발행비를 차감한 금액이며, 기타자본잉여금은 자기주식처분이익등으로서 상법 규정에 의하여 결손보전 및 자본전입 이외에는 그 사용이 제한되어 있습니다."
    },
    {
      "sn": "dis109177sent67945668",
      "source_original": "12-4 이익잉여금처분계산서"
    },
    {
      "sn": "dis109177sent67945669",
      "source_original": "당기 및 전기의 이익잉여금처분계산서는 다음과 같습니다."
    },
    {
      "sn": "dis109177sent67945670",
      "source_original": "이 익 잉 여 금 처 분 계 산 서"
    },
    {
      "sn": "dis109177sent67945671",
      "source_original": "2021년 1월 1일"
    },
    {
      "sn": "dis109177sent67945672",
      "source_original": "2020년 1월 1일"
    },
    {
      "sn": "dis109177sent67945673",
      "source_original": "처분예정일"
    },
    {
      "sn": "dis109177sent67945674",
      "source_original": "2022년 3월 31일"
    },
    {
      "sn": "dis109177sent67945675",
      "source_original": "처분확정일"
    },
    {
      "sn": "dis109177sent67945676",
      "source_original": "2021년 3월 31일"
    },
    {
      "sn": "dis109177sent67945677",
      "source_original": "I. 미처분이익잉여금"
    },
    {
      "sn": "dis109177sent67945678",
      "source_original": "1. 전기이월미처분이익잉여금"
    },
    {
      "sn": "dis109177sent67945679",
      "source_original": "2. 중간배당"
    },
    {
      "sn": "dis109177sent67945680",
      "source_original": "3. 당기순이익"
    },
    {
      "sn": "dis109177sent67945681",
      "source_original": "II. 이익잉여금처분액"
    },
    {
      "sn": "dis109177sent67945682",
      "source_original": "1. 이익준비금"
    },
    {
      "sn": "dis109177sent67945683",
      "source_original": "III. 차기이월미처분이익잉여금"
    },
    {
      "sn": "dis109177sent67945684",
      "source_original": "13. 법인세비용"
    },
    {
      "sn": "dis109177sent67945685",
      "source_original": "당사는 일반세율 10%~20%에 의한 법인세와 관련 법인세분 지방소득세의 납부의무가 있습니다."
    },
    {
      "sn": "dis109177sent67945686",
      "source_original": "당사의 보고기간중 법인세차감전순이익과 법인세비용 간의 관계는 다음과 같습니다."
    },
    {
      "sn": "dis109177sent67945687",
      "source_original": "법인세차감전순이익"
    },
    {
      "sn": "dis109177sent67945688",
      "source_original": "적용세율 (당기 및 전기 : 22%)에 따른 법인세"
    },
    {
      "sn": "dis109177sent67945689",
      "source_original": "조정사항 :"
    },
    {
      "sn": "dis109177sent67945690",
      "source_original": "- 비공제비용"
    },
    {
      "sn": "dis109177sent67945691",
      "source_original": "- 비과세수익"
    },
    {
      "sn": "dis109177sent67945692",
      "source_original": "- 기타(세율차이와 세액감면 및 세액공제)"
    },
    {
      "sn": "dis109177sent67945693",
      "source_original": "법인세비용"
    },
    {
      "sn": "dis109177sent67945694",
      "source_original": "유효세율 (법인세비용 / 법인세차감전순이익)"
    },
    {
      "sn": "dis109177sent67945695",
      "source_original": "14. 주당손익"
    },
    {
      "sn": "dis109177sent67945696",
      "source_original": "14-1 당기와 전기의 주당순이익의 산출내용은 다음과 같습니다."
    },
    {
      "sn": "dis109177sent67945697",
      "source_original": "2,927,148,916원"
    },
    {
      "sn": "dis109177sent67945698",
      "source_original": "3,560,772,283원"
    },
    {
      "sn": "dis109177sent67945699",
      "source_original": "가중평균유통보통주식수(주)"
    },
    {
      "sn": "dis109177sent67945700",
      "source_original": "942,220주"
    },
    {
      "sn": "dis109177sent67945701",
      "source_original": "964,412주"
    },
    {
      "sn": "dis109177sent67945702",
      "source_original": "기본주당순이익"
    },
    {
      "sn": "dis109177sent67945703",
      "source_original": "14-2 가중평균유통보통주식수의 산출내역은 다음과 같습니다."
    },
    {
      "sn": "dis109177sent67945704",
      "source_original": "(단위 : 원, 주)"
    },
    {
      "sn": "dis109177sent67945705",
      "source_original": "주 식 수"
    },
    {
      "sn": "dis109177sent67945706",
      "source_original": "일 수"
    },
    {
      "sn": "dis109177sent67945707",
      "source_original": "가중평균주식수"
    },
    {
      "sn": "dis109177sent67945708",
      "source_original": "기초"
    },
    {
      "sn": "dis109177sent67945709",
      "source_original": "일수"
    },
    {
      "sn": "dis109177sent67945710",
      "source_original": "가중평균유통보통주식수"
    },
    {
      "sn": "dis109177sent67945711",
      "source_original": "자기주식(기초)"
    },
    {
      "sn": "dis109177sent67945712",
      "source_original": "자기주식 취득(2월 28일)"
    },
    {
      "sn": "dis109177sent67945713",
      "source_original": "자기주식 취득(3월 20일)"
    },
    {
      "sn": "dis109177sent67945714",
      "source_original": "자기주식 취득(3월 23일)"
    },
    {
      "sn": "dis109177sent67945715",
      "source_original": "15. 특수관계자와의 거래"
    },
    {
      "sn": "dis109177sent67945716",
      "source_original": "15-1 당기말 현재 특수관계에 있는 회사는 다음과 같습니다."
    },
    {
      "sn": "dis109177sent67945717",
      "source_original": "회 사 명"
    },
    {
      "sn": "dis109177sent67945718",
      "source_original": "당사와의 관계"
    },
    {
      "sn": "dis109177sent67945719",
      "source_original": "(주)제주올가"
    },
    {
      "sn": "dis109177sent67945720",
      "source_original": "피투자회사"
    },
    {
      "sn": "dis109177sent67945721",
      "source_original": "(주)메디코스"
    },
    {
      "sn": "dis109177sent67945722",
      "source_original": "당사의 특수관계자와 매출등의 거래는 독립된 당사자간의 거래조건에 따라 이루어졌습니다."
    },
    {
      "sn": "dis109177sent67945723",
      "source_original": "보고기간말 현재 채권잔액은 무담보 채권이고 특별히 언급된 경우 이외에는 무이자로서 현금으로 결제될 것입니다."
    },
    {
      "sn": "dis109177sent67945724",
      "source_original": "또한, 상기 특수관계자와의 채권ㆍ채무에 대하여 당사가 보증하거나 보증받은 것은 없습니다."
    },
    {
      "sn": "dis109177sent67945725",
      "source_original": "15-2 당사와 특수관계자와의 주요 거래내용은 다음과 같습니다."
    },
    {
      "sn": "dis109177sent67945726",
      "source_original": "제품매출"
    },
    {
      "sn": "dis109177sent67945727",
      "source_original": "15-3 당사의 특수관계자에 대한 주요 채권내용은 다음과 같습니다."
    },
    {
      "sn": "dis109177sent67945728",
      "source_original": "장기대여금"
    },
    {
      "sn": "dis109177sent67945729",
      "source_original": "16. 부가가치"
    },
    {
      "sn": "dis109177sent67945730",
      "source_original": "당사의 판매비와관리비 및 제조원가에 포함된 부가가치의 계산에 필요한 사항은 다음과 같습니다."
    },
    {
      "sn": "dis109177sent67945731",
      "source_original": "급 여"
    },
    {
      "sn": "dis109177sent67945732",
      "source_original": "퇴 직 급 여"
    },
    {
      "sn": "dis109177sent67945733",
      "source_original": "복리후생비"
    },
    {
      "sn": "dis109177sent67945734",
      "source_original": "임 차 료"
    },
    {
      "sn": "dis109177sent67945735",
      "source_original": "세금과공과"
    },
    {
      "sn": "dis109177sent67945736",
      "source_original": "17. 현금흐름에 관한 사항"
    },
    {
      "sn": "dis109177sent67945737",
      "source_original": "당사는 현금흐름표상의 영업활동으로 인한 현금흐름을 간접법으로 작성하였으며, 현금의 유입과 유출이 없는 중요한 거래내역은 다음과 같습니다."
    },
    {
      "sn": "dis109177sent67945738",
      "source_original": "거 래 내 용"
    },
    {
      "sn": "dis109177sent67945739",
      "source_original": "장기미지급금의 유동성 대체"
    },
    {
      "sn": "dis109177sent67945740",
      "source_original": "장기차입금의 유동성 대체"
    },
    {
      "sn": "dis109177sent67945741",
      "source_original": "건설중인자산의 기계장치 대체"
    },
    {
      "sn": "dis109177sent67945742",
      "source_original": "건설중인자산의 차량운반구 대체"
    },
    {
      "sn": "dis109177sent67945743",
      "source_original": "건설중인자산의 무형자산 대체"
    },
    {
      "sn": "dis109177sent67945744",
      "source_original": "현금흐름표상의 현금은 재무상태표상의 현금및현금성자산을 말합니다."
    },
    {
      "sn": "dis109177sent67945745",
      "source_original": "18. 재무제표의 사실상 확정일과 승인기관"
    },
    {
      "sn": "dis109177sent67945746",
      "source_original": "당사의 재무제표는 2022년 3월 31일 정기주주총회에서 최종승인될 예정입니다."
    },
    {
      "sn": "dis109177sent67945747",
      "source_original": "외부감사 실시내용"
    },
    {
      "sn": "dis109177sent67945748",
      "source_original": "「주식회사 등의 외부감사에 관한 법률」제18조제3항의 규정에 의하여 외부감사 실시내용을 첨부합니다."
    },
    {
      "sn": "dis109177sent67945749",
      "source_original": "1. 감사대상업무"
    },
    {
      "sn": "dis109177sent67945750",
      "source_original": "감사대상 사업연도"
    },
    {
      "sn": "dis109177sent67945751",
      "source_original": "2. 감사참여자 구분별 인원수 및 감사시간"
    },
    {
      "sn": "dis109177sent67945752",
      "source_original": "(단위 : 명, 시간)"
    },
    {
      "sn": "dis109177sent67945753",
      "source_original": "감사참여자"
    },
    {
      "sn": "dis109177sent67945754",
      "source_original": "인원수 및 시간"
    },
    {
      "sn": "dis109177sent67945755",
      "source_original": "품질관리"
    },
    {
      "sn": "dis109177sent67945756",
      "source_original": "검토자"
    },
    {
      "sn": "dis109177sent67945757",
      "source_original": "(심리실 등)"
    },
    {
      "sn": "dis109177sent67945758",
      "source_original": "감사업무 담당 회계사"
    },
    {
      "sn": "dis109177sent67945759",
      "source_original": "전산감사ㆍ"
    },
    {
      "sn": "dis109177sent67945760",
      "source_original": "세무ㆍ가치평가"
    },
    {
      "sn": "dis109177sent67945761",
      "source_original": "등 전문가"
    },
    {
      "sn": "dis109177sent67945762",
      "source_original": "건설계약 등"
    },
    {
      "sn": "dis109177sent67945763",
      "source_original": "수주산업"
    },
    {
      "sn": "dis109177sent67945764",
      "source_original": "전문가"
    },
    {
      "sn": "dis109177sent67945765",
      "source_original": "담당이사"
    },
    {
      "sn": "dis109177sent67945766",
      "source_original": "(업무수행이사)"
    },
    {
      "sn": "dis109177sent67945767",
      "source_original": "등록"
    },
    {
      "sn": "dis109177sent67945768",
      "source_original": "공인회계사"
    },
    {
      "sn": "dis109177sent67945769",
      "source_original": "수습"
    },
    {
      "sn": "dis109177sent67945770",
      "source_original": "투입 인원수"
    },
    {
      "sn": "dis109177sent67945771",
      "source_original": "투입시간"
    },
    {
      "sn": "dis109177sent67945772",
      "source_original": "분ㆍ반기검토"
    },
    {
      "sn": "dis109177sent67945773",
      "source_original": "감사"
    },
    {
      "sn": "dis109177sent67945774",
      "source_original": "3. 주요 감사실시내용"
    },
    {
      "sn": "dis109177sent67945775",
      "source_original": "전반감사계획"
    },
    {
      "sn": "dis109177sent67945776",
      "source_original": "(감사착수단계)"
    },
    {
      "sn": "dis109177sent67945777",
      "source_original": "수행시기"
    },
    {
      "sn": "dis109177sent67945778",
      "source_original": "2021년 11월 5일"
    },
    {
      "sn": "dis109177sent67945779",
      "source_original": "주요내용"
    },
    {
      "sn": "dis109177sent67945780",
      "source_original": "현장감사"
    },
    {
      "sn": "dis109177sent67945781",
      "source_original": "투입인원"
    },
    {
      "sn": "dis109177sent67945782",
      "source_original": "주요 감사업무 수행내용"
    },
    {
      "sn": "dis109177sent67945783",
      "source_original": "상주"
    },
    {
      "sn": "dis109177sent67945784",
      "source_original": "비상주"
    },
    {
      "sn": "dis109177sent67945785",
      "source_original": "2021년 12월 8일 ~ 9일"
    },
    {
      "sn": "dis109177sent67945786",
      "source_original": "명"
    },
    {
      "sn": "dis109177sent67945787",
      "source_original": "감사위험의 평가 및 위험에 대한 대응계획"
    },
    {
      "sn": "dis109177sent67945788",
      "source_original": "2022년 1월 3일"
    },
    {
      "sn": "dis109177sent67945789",
      "source_original": "재고자산 및 금융자산 실사입회"
    },
    {
      "sn": "dis109177sent67945790",
      "source_original": "2022년 3월 16일 ~ 17일"
    },
    {
      "sn": "dis109177sent67945791",
      "source_original": "감사입증절차 및 왜곡표시의 평가"
    },
    {
      "sn": "dis109177sent67945792",
      "source_original": "재고자산실사(입회)"
    },
    {
      "sn": "dis109177sent67945793",
      "source_original": "실사(입회)시기"
    },
    {
      "sn": "dis109177sent67945794",
      "source_original": "실사(입회)장소"
    },
    {
      "sn": "dis109177sent67945795",
      "source_original": "본사"
    },
    {
      "sn": "dis109177sent67945796",
      "source_original": "실사(입회)대상"
    },
    {
      "sn": "dis109177sent67945797",
      "source_original": "재고자산"
    },
    {
      "sn": "dis109177sent67945798",
      "source_original": "금융자산실사(입회)"
    },
    {
      "sn": "dis109177sent67945799",
      "source_original": "금융자산"
    },
    {
      "sn": "dis109177sent67945800",
      "source_original": "외부조회"
    },
    {
      "sn": "dis109177sent67945801",
      "source_original": "금융거래조회"
    },
    {
      "sn": "dis109177sent67945802",
      "source_original": "채권채무조회"
    },
    {
      "sn": "dis109177sent67945803",
      "source_original": "변호사조회"
    },
    {
      "sn": "dis109177sent67945804",
      "source_original": "기타조회"
    },
    {
      "sn": "dis109177sent67945805",
      "source_original": "지배기구와의"
    },
    {
      "sn": "dis109177sent67945806",
      "source_original": "커뮤니케이션"
    },
    {
      "sn": "dis109177sent67945807",
      "source_original": "커뮤니케이션 횟수"
    },
    {
      "sn": "dis109177sent67945808",
      "source_original": "2021년 12월 9일, 2022년 3월 17일"
    },
    {
      "sn": "dis109177sent67945809",
      "source_original": "외부전문가 활용"
    },
    {
      "sn": "dis109177sent67945810",
      "source_original": "감사 활용 내용"
    },
    {
      "sn": "dis109177sent67945811",
      "source_original": "4. 감사(감사위원회)와의 커뮤니케이션"
    },
    {
      "sn": "dis109177sent67945812",
      "source_original": "일자"
    },
    {
      "sn": "dis109177sent67945813",
      "source_original": "참석자"
    },
    {
      "sn": "dis109177sent67945814",
      "source_original": "방식"
    },
    {
      "sn": "dis109177sent67945815",
      "source_original": "주요 논의 내용"
    },
    {
      "sn": "dis109177sent67945816",
      "source_original": "2021년 12월 09일"
    },
    {
      "sn": "dis109177sent67945817",
      "source_original": "감사, 담당이사, 담당회계사"
    },
    {
      "sn": "dis109177sent67945818",
      "source_original": "서면"
    },
    {
      "sn": "dis109177sent67945819",
      "source_original": "내부통제절차의 이해, 재무제표의 중요한 왜곡표시위험에 대한 평가 등"
    },
    {
      "sn": "dis109177sent67945820",
      "source_original": "2022년 03월 17일"
    },
    {
      "sn": "dis109177sent67945821",
      "source_original": "독립성 요구사항, 감사보수,후속사건, 재무제표 왜곡표시 등"
    }
  ]
}