{
  "meta": {
    "doc_no": "dis109181",
    "domain": "금융",
    "category": "공시정보",
    "license": "open",
    "source_language": "ko"
  },
  "doc_info": {
    "source": "금융감독원",
    "dis_no": 2022040600249800760,
    "doc_name": "감사보고서",
    "com_name": "주식회사 가원디앤씨",
    "date": 20220406
  },
  "sents": [
    {
      "sn": "dis109181sent67948682",
      "source_original": "감사보고서"
    },
    {
      "sn": "dis109181sent67948683",
      "source_original": "주식회사 가원디앤씨"
    },
    {
      "sn": "dis109181sent67948684",
      "source_original": "주식회사 가원디앤씨"
    },
    {
      "sn": "dis109181sent67948685",
      "source_original": "재 무 제 표 에 대 한"
    },
    {
      "sn": "dis109181sent67948686",
      "source_original": "감 사 보 고 서"
    },
    {
      "sn": "dis109181sent67948687",
      "source_original": "제 12 기"
    },
    {
      "sn": "dis109181sent67948688",
      "source_original": "2021년 01월 01일"
    },
    {
      "sn": "dis109181sent67948689",
      "source_original": "부터"
    },
    {
      "sn": "dis109181sent67948690",
      "source_original": "2021년 12월 31일"
    },
    {
      "sn": "dis109181sent67948691",
      "source_original": "까지"
    },
    {
      "sn": "dis109181sent67948692",
      "source_original": "제 11 기"
    },
    {
      "sn": "dis109181sent67948693",
      "source_original": "2020년 01월 01일"
    },
    {
      "sn": "dis109181sent67948694",
      "source_original": "2020년 12월 31일"
    },
    {
      "sn": "dis109181sent67948695",
      "source_original": "우덕회계법인"
    },
    {
      "sn": "dis109181sent67948696",
      "source_original": "목 차"
    },
    {
      "sn": "dis109181sent67948697",
      "source_original": "독립된 감사인의 감사보고서"
    },
    {
      "sn": "dis109181sent67948698",
      "source_original": "재무제표"
    },
    {
      "sn": "dis109181sent67948699",
      "source_original": "재무상태표 --------------------------------------------------------"
    },
    {
      "sn": "dis109181sent67948700",
      "source_original": "손익계산서 ---------------------------------------------------------"
    },
    {
      "sn": "dis109181sent67948701",
      "source_original": "자본변동표 --------------------------------------------------------"
    },
    {
      "sn": "dis109181sent67948702",
      "source_original": "현금흐름표 --------------------------------------------------------"
    },
    {
      "sn": "dis109181sent67948703",
      "source_original": "주석 --------------------------------------------------------------"
    },
    {
      "sn": "dis109181sent67948704",
      "source_original": "외부감사실시내역"
    },
    {
      "sn": "dis109181sent67948705",
      "source_original": "주주 및 이사회 귀중"
    },
    {
      "sn": "dis109181sent67948706",
      "source_original": "2022년 3월 28일"
    },
    {
      "sn": "dis109181sent67948707",
      "source_original": "감사의견"
    },
    {
      "sn": "dis109181sent67948708",
      "source_original": "우리는 별첨된 주식회사 가원디앤씨(이하 \"회사\")의 재무제표를 감사하였습니다."
    },
    {
      "sn": "dis109181sent67948709",
      "source_original": "해당 재무제표는 2021년 12월 31일과 2020년 12월 31일 현재의 재무상태표와 동일로 종료되는 양 보고기간의 손익계산서, 자본변동표, 현금흐름표 그리고 유의적인 회계정책의 요약을 포함한 재무제표의 주석으로 구성되어 있습니다."
    },
    {
      "sn": "dis109181sent67948710",
      "source_original": "우리의 의견으로는 별첨된 회사의 재무제표는 회사의 2021년 12월 31일과 2020년 12월 31일 현재의 재무상태와 동일로 종료되는 양 보고기간의 재무성과 및 현금흐름을 일반기업회계기준에 따라, 중요성의 관점에서 공정하게 표시하고 있습니다."
    },
    {
      "sn": "dis109181sent67948711",
      "source_original": "감사의견근거"
    },
    {
      "sn": "dis109181sent67948712",
      "source_original": "우리는 대한민국의 회계감사기준에 따라 감사를 수행하였습니다."
    },
    {
      "sn": "dis109181sent67948713",
      "source_original": "이 기준에 따른 우리의 책임은 이 감사보고서의 재무제표감사에 대한 감사인의 책임 단락에 기술되어 있습니다."
    },
    {
      "sn": "dis109181sent67948714",
      "source_original": "우리는 재무제표감사와 관련된 대한민국의 윤리적 요구사항에 따라 회사로부터 독립적이며, 그러한 요구사항에 따른 기타의 윤리적 책임들을 이행하였습니다."
    },
    {
      "sn": "dis109181sent67948715",
      "source_original": "우리가 입수한 감사증거가 감사의견을 위한 근거로서 충분하고 적합하다고 우리는 믿습니다."
    },
    {
      "sn": "dis109181sent67948716",
      "source_original": "재무제표에 대한 경영진과 지배기구의 책임"
    },
    {
      "sn": "dis109181sent67948717",
      "source_original": "경영진은 일반기업회계기준에 따라 이 재무제표를 작성하고 공정하게 표시할 책임이있으며, 부정이나 오류로 인한 중요한 왜곡표시가 없는 재무제표를 작성하는데 필요하다고 결정한 내부통제에 대해서도 책임이 있습니다."
    },
    {
      "sn": "dis109181sent67948718",
      "source_original": "경영진은 재무제표를 작성할 때, 회사의 계속기업으로서의 존속능력을 평가하고 해당되는 경우, 계속기업 관련 사항을 공시할 책임이 있습니다."
    },
    {
      "sn": "dis109181sent67948719",
      "source_original": "그리고 경영진이 기업을 청산하거나 영업을 중단할 의도가 없는 한, 회계의 계속기업전제의 사용에 대해서도 책임이 있습니다."
    },
    {
      "sn": "dis109181sent67948720",
      "source_original": "지배기구는 회사의 재무보고절차의 감시에 대한 책임이 있습니다."
    },
    {
      "sn": "dis109181sent67948721",
      "source_original": "재무제표감사에 대한 감사인의 책임"
    },
    {
      "sn": "dis109181sent67948722",
      "source_original": "우리의 목적은 회사의 재무제표에 전체적으로 부정이나 오류로 인한 중요한 왜곡표시가 없는지에 대하여 합리적인 확신을 얻어 우리의 의견이 포함된 감사보고서를 발행하는데 있습니다."
    },
    {
      "sn": "dis109181sent67948723",
      "source_original": "합리적인 확신은 높은 수준의 확신을 의미하나, 감사기준에 따라수행된 감사가 항상 중요한 왜곡표시를 발견한다는 것을 보장하지는 않습니다."
    },
    {
      "sn": "dis109181sent67948724",
      "source_original": "왜곡표시는 부정이나 오류로부터 발생할 수 있으며, 왜곡표시가 재무제표를 근거로 하는 이용자의 경제적 의사결정에 개별적으로 또는 집합적으로 영향을 미칠 것이 합리적으로 예상되면, 그 왜곡표시는 중요하다고 간주됩니다."
    },
    {
      "sn": "dis109181sent67948725",
      "source_original": "감사기준에 따른 감사의 일부로서 우리는 감사의 전 과정에 걸쳐 전문가적 판단을 수행하고 전문가적 의구심을 유지하고 있습니다."
    },
    {
      "sn": "dis109181sent67948726",
      "source_original": "또한, 우리는:"
    },
    {
      "sn": "dis109181sent67948727",
      "source_original": "- 부정이나 오류로 인한 재무제표의 중요왜곡표시위험을 식별하고 평가하며 그러한 위험에 대응하는 감사절차를 설계하고 수행합니다."
    },
    {
      "sn": "dis109181sent67948728",
      "source_original": "그리고 감사의견의 근거로서 충분하고 적합한 감사증거를 입수합니다."
    },
    {
      "sn": "dis109181sent67948729",
      "source_original": "부정은 공모, 위조, 의도적인 누락, 허위진술 또는 내부통제 무력화가 개입될 수 있기 때문에 부정으로 인한 중요한 왜곡표시를 발견하지 못할 위험은 오류로 인한 위험보다 큽니다."
    },
    {
      "sn": "dis109181sent67948730",
      "source_original": "-상황에 적합한 감사절차를 설계하기 위하여 감사와 관련된 내부통제를 이해합니다."
    },
    {
      "sn": "dis109181sent67948731",
      "source_original": "그러나 이는 내부통제의 효과성에 대한 의견을 표명하기 위한 것이 아닙니다."
    },
    {
      "sn": "dis109181sent67948732",
      "source_original": "- 재무제표를 작성하기 위하여 경영진이 적용한 회계정책의 적합성과 경영진이 도출한 회계추정치와 관련 공시의 합리성에 대하여 평가합니다."
    },
    {
      "sn": "dis109181sent67948733",
      "source_original": "- 경영진이 사용한 회계의 계속기업전제의 적절성과, 입수한 감사증거를 근거로 계속기업으로서의 존속능력에 대하여 유의적 의문을 초래할 수 있는 사건이나, 상황과 관련된 중요한 불확실성이 존재하는지 여부에 대하여 결론을 내립니다."
    },
    {
      "sn": "dis109181sent67948734",
      "source_original": "중요한 불확실성이 존재한다고 결론을 내리는 경우, 우리는 재무제표의 관련 공시에 대하여 감사보고서에 주의를 환기시키고, 이들 공시가 부적절한 경우 의견을 변형시킬 것을 요구받고 있습니다."
    },
    {
      "sn": "dis109181sent67948735",
      "source_original": "우리의 결론은 감사보고서일까지 입수된 감사증거에 기초하나, 미래의 사건이나 상황이 회사의 계속기업으로서 존속을 중단시킬 수 있습니다."
    },
    {
      "sn": "dis109181sent67948736",
      "source_original": "- 공시를 포함한 재무제표의 전반적인 표시와 구조 및 내용을 평가하고, 재무제표의 기초가 되는 거래와 사건을 재무제표가 공정한 방식으로 표시하고 있는지 여부를 평가합니다."
    },
    {
      "sn": "dis109181sent67948737",
      "source_original": "우리는 여러 가지 사항들 중에서 계획된 감사범위와 시기 그리고 감사 중 식별된 유의적 내부통제 미비점 등 유의적인 감사의 발견사항에 대하여 지배기구와 커뮤니케이션합니다."
    },
    {
      "sn": "dis109181sent67948738",
      "source_original": "서울시 송파구 법원로 11길 11, B동-304호"
    },
    {
      "sn": "dis109181sent67948739",
      "source_original": "(문정동, 문정현대지식산업센터 1-1)"
    },
    {
      "sn": "dis109181sent67948740",
      "source_original": "우 덕 회 계 법 인"
    },
    {
      "sn": "dis109181sent67948741",
      "source_original": "대 표 이 사 김 기 범"
    },
    {
      "sn": "dis109181sent67948742",
      "source_original": "이 감사보고서는 감사보고서일(2022년 3월 28일) 현재로 유효한 것입니다."
    },
    {
      "sn": "dis109181sent67948743",
      "source_original": "따라서 감사보고서일 후 이 보고서를 열람하는 시점 사이에 첨부된 회사의 재무제표에 중요한 영향을 미칠 수 있는 사건이나 상황이 발생할 수도 있으며, 이로 인하여 감사보고서가 수정될수도 있습니다."
    },
    {
      "sn": "dis109181sent67948744",
      "source_original": "(첨부)재 무 제 표"
    },
    {
      "sn": "dis109181sent67948745",
      "source_original": "제12 기"
    },
    {
      "sn": "dis109181sent67948746",
      "source_original": "\"첨부된 재무제표는 당사가 작성한 것입니다.\""
    },
    {
      "sn": "dis109181sent67948747",
      "source_original": "주식회사 가원디앤씨 대표이사 임 혁"
    },
    {
      "sn": "dis109181sent67948748",
      "source_original": "본점 소재지 :"
    },
    {
      "sn": "dis109181sent67948749",
      "source_original": "(도로명주소)"
    },
    {
      "sn": "dis109181sent67948750",
      "source_original": "서울특별시 강서구 공항대로 168, 1308호(마곡동)"
    },
    {
      "sn": "dis109181sent67948751",
      "source_original": "(우편번호 07807)"
    },
    {
      "sn": "dis109181sent67948752",
      "source_original": "(전 화)"
    },
    {
      "sn": "dis109181sent67948753",
      "source_original": "재 무 상 태 표"
    },
    {
      "sn": "dis109181sent67948754",
      "source_original": "제12(당)기 2021년 12월 31일 현재"
    },
    {
      "sn": "dis109181sent67948755",
      "source_original": "제11(전)기 2020년 12월 31일 현재"
    },
    {
      "sn": "dis109181sent67948756",
      "source_original": "회사명 : 주식회사 가원디앤씨"
    },
    {
      "sn": "dis109181sent67948757",
      "source_original": "(단위 : 원)"
    },
    {
      "sn": "dis109181sent67948758",
      "source_original": "과 목"
    },
    {
      "sn": "dis109181sent67948759",
      "source_original": "제12(당)기"
    },
    {
      "sn": "dis109181sent67948760",
      "source_original": "제11(전)기"
    },
    {
      "sn": "dis109181sent67948761",
      "source_original": "자 산"
    },
    {
      "sn": "dis109181sent67948762",
      "source_original": "Ⅰ. 유 동 자 산"
    },
    {
      "sn": "dis109181sent67948763",
      "source_original": "(1) 당 좌 자 산"
    },
    {
      "sn": "dis109181sent67948764",
      "source_original": "현금 및 현금성자산(주3)"
    },
    {
      "sn": "dis109181sent67948765",
      "source_original": "단 기 금 융 상 품(주3)"
    },
    {
      "sn": "dis109181sent67948766",
      "source_original": "매 출 채 권"
    },
    {
      "sn": "dis109181sent67948767",
      "source_original": "미 수 수 익"
    },
    {
      "sn": "dis109181sent67948768",
      "source_original": "미 수 금"
    },
    {
      "sn": "dis109181sent67948769",
      "source_original": "선 급 비 용"
    },
    {
      "sn": "dis109181sent67948770",
      "source_original": "선 납 세 금"
    },
    {
      "sn": "dis109181sent67948771",
      "source_original": "Ⅱ. 비 유 동 자 산"
    },
    {
      "sn": "dis109181sent67948772",
      "source_original": "(1) 투 자 자 산"
    },
    {
      "sn": "dis109181sent67948773",
      "source_original": "장 기 금 융 상 품(주3)"
    },
    {
      "sn": "dis109181sent67948774",
      "source_original": "매 도 가 능 증 권(주4)"
    },
    {
      "sn": "dis109181sent67948775",
      "source_original": "(2) 유 형 자 산(주5)"
    },
    {
      "sn": "dis109181sent67948776",
      "source_original": "토 지"
    },
    {
      "sn": "dis109181sent67948777",
      "source_original": "건 물"
    },
    {
      "sn": "dis109181sent67948778",
      "source_original": "감 가 상 각 누 계 액"
    },
    {
      "sn": "dis109181sent67948779",
      "source_original": "차 량 운 반 구"
    },
    {
      "sn": "dis109181sent67948780",
      "source_original": "비 품"
    },
    {
      "sn": "dis109181sent67948781",
      "source_original": "시 설 장 치"
    },
    {
      "sn": "dis109181sent67948782",
      "source_original": "(3) 기 타 비 유 동 자 산"
    },
    {
      "sn": "dis109181sent67948783",
      "source_original": "기 타 보 증 금"
    },
    {
      "sn": "dis109181sent67948784",
      "source_original": "자 산 총 계"
    },
    {
      "sn": "dis109181sent67948785",
      "source_original": "부 채"
    },
    {
      "sn": "dis109181sent67948786",
      "source_original": "Ⅰ. 유 동 부 채"
    },
    {
      "sn": "dis109181sent67948787",
      "source_original": "미 지 급 금(주6)"
    },
    {
      "sn": "dis109181sent67948788",
      "source_original": "예 수 금"
    },
    {
      "sn": "dis109181sent67948789",
      "source_original": "부 가 세 예 수 금"
    },
    {
      "sn": "dis109181sent67948790",
      "source_original": "미 지 급 세 금"
    },
    {
      "sn": "dis109181sent67948791",
      "source_original": "단 기 차 입 금(주6)"
    },
    {
      "sn": "dis109181sent67948792",
      "source_original": "유 동 성 장 기 부 채"
    },
    {
      "sn": "dis109181sent67948793",
      "source_original": "Ⅱ. 비 유 동 부 채"
    },
    {
      "sn": "dis109181sent67948794",
      "source_original": "임 대 보 증 금(주6)"
    },
    {
      "sn": "dis109181sent67948795",
      "source_original": "퇴직급여충당부채(주7)"
    },
    {
      "sn": "dis109181sent67948796",
      "source_original": "부 채 총 계"
    },
    {
      "sn": "dis109181sent67948797",
      "source_original": "자 본"
    },
    {
      "sn": "dis109181sent67948798",
      "source_original": "Ⅰ. 자 본 금"
    },
    {
      "sn": "dis109181sent67948799",
      "source_original": "보 통 주 자 본 금(주1,9)"
    },
    {
      "sn": "dis109181sent67948800",
      "source_original": "Ⅱ. 이 익 잉 여 금"
    },
    {
      "sn": "dis109181sent67948801",
      "source_original": "미처분이익잉여금(주10)"
    },
    {
      "sn": "dis109181sent67948802",
      "source_original": "자 본 총 계"
    },
    {
      "sn": "dis109181sent67948803",
      "source_original": "부 채 및 자 본 총 계"
    },
    {
      "sn": "dis109181sent67948804",
      "source_original": "\"별첨 재무제표에 대한 주석 참조\""
    },
    {
      "sn": "dis109181sent67948805",
      "source_original": "손 익 계 산 서"
    },
    {
      "sn": "dis109181sent67948806",
      "source_original": "제12(당)기 2021년 01월 01일부터 2021년 12월 31일까지"
    },
    {
      "sn": "dis109181sent67948807",
      "source_original": "제11(전)기 2020년 01월 01일부터 2020년 12월 31일까지"
    },
    {
      "sn": "dis109181sent67948808",
      "source_original": "Ⅰ. 매 출 액"
    },
    {
      "sn": "dis109181sent67948809",
      "source_original": "임 대 료 수 입"
    },
    {
      "sn": "dis109181sent67948810",
      "source_original": "Ⅱ. 매 출 원 가"
    },
    {
      "sn": "dis109181sent67948811",
      "source_original": "Ⅲ. 매 출 총 이 익"
    },
    {
      "sn": "dis109181sent67948812",
      "source_original": "Ⅳ. 판 매 비 와 관 리 비"
    },
    {
      "sn": "dis109181sent67948813",
      "source_original": "직 원 급 여"
    },
    {
      "sn": "dis109181sent67948814",
      "source_original": "퇴 직 급 여"
    },
    {
      "sn": "dis109181sent67948815",
      "source_original": "복 리 후 생 비"
    },
    {
      "sn": "dis109181sent67948816",
      "source_original": "여 비 교 통 비"
    },
    {
      "sn": "dis109181sent67948817",
      "source_original": "접 대 비"
    },
    {
      "sn": "dis109181sent67948818",
      "source_original": "통 신 비"
    },
    {
      "sn": "dis109181sent67948819",
      "source_original": "세 금 과 공 과 금"
    },
    {
      "sn": "dis109181sent67948820",
      "source_original": "감 가 상 각 비"
    },
    {
      "sn": "dis109181sent67948821",
      "source_original": "수 선 비"
    },
    {
      "sn": "dis109181sent67948822",
      "source_original": "보 험 료"
    },
    {
      "sn": "dis109181sent67948823",
      "source_original": "차 량 유 지 비"
    },
    {
      "sn": "dis109181sent67948824",
      "source_original": "사 무 용 품 비"
    },
    {
      "sn": "dis109181sent67948825",
      "source_original": "소 모 품 비"
    },
    {
      "sn": "dis109181sent67948826",
      "source_original": "지 급 수 수 료"
    },
    {
      "sn": "dis109181sent67948827",
      "source_original": "광 고 선 전 비"
    },
    {
      "sn": "dis109181sent67948828",
      "source_original": "건 물 관 리 비"
    },
    {
      "sn": "dis109181sent67948829",
      "source_original": "외 주 비"
    },
    {
      "sn": "dis109181sent67948830",
      "source_original": "리 스 료"
    },
    {
      "sn": "dis109181sent67948831",
      "source_original": "Ⅴ. 영 업 손 실"
    },
    {
      "sn": "dis109181sent67948832",
      "source_original": "Ⅵ. 영 업 외 수 익"
    },
    {
      "sn": "dis109181sent67948833",
      "source_original": "이 자 수 익"
    },
    {
      "sn": "dis109181sent67948834",
      "source_original": "배 당 금 수 익"
    },
    {
      "sn": "dis109181sent67948835",
      "source_original": "잡 이 익"
    },
    {
      "sn": "dis109181sent67948836",
      "source_original": "Ⅶ. 영 업 외 비 용"
    },
    {
      "sn": "dis109181sent67948837",
      "source_original": "이 자 비 용"
    },
    {
      "sn": "dis109181sent67948838",
      "source_original": "잡 손 실"
    },
    {
      "sn": "dis109181sent67948839",
      "source_original": "Ⅷ. 법인세차감전순손실(이익)"
    },
    {
      "sn": "dis109181sent67948840",
      "source_original": "Ⅸ. 법 인 세 등"
    },
    {
      "sn": "dis109181sent67948841",
      "source_original": "법 인 세 등 (주8)"
    },
    {
      "sn": "dis109181sent67948842",
      "source_original": "Ⅹ. 당 기 순 손 실 (이익)"
    },
    {
      "sn": "dis109181sent67948843",
      "source_original": "자 본 변 동 표"
    },
    {
      "sn": "dis109181sent67948844",
      "source_original": "자 본 금"
    },
    {
      "sn": "dis109181sent67948845",
      "source_original": "이 익"
    },
    {
      "sn": "dis109181sent67948846",
      "source_original": "잉여금"
    },
    {
      "sn": "dis109181sent67948847",
      "source_original": "총 계"
    },
    {
      "sn": "dis109181sent67948848",
      "source_original": "2020.01.01 (전기초)"
    },
    {
      "sn": "dis109181sent67948849",
      "source_original": "당기순이익"
    },
    {
      "sn": "dis109181sent67948850",
      "source_original": "2020.12.31 (전기말)"
    },
    {
      "sn": "dis109181sent67948851",
      "source_original": "2021.01.01 (당기초)"
    },
    {
      "sn": "dis109181sent67948852",
      "source_original": "당기순손실"
    },
    {
      "sn": "dis109181sent67948853",
      "source_original": "2021.12.31 (당기말)"
    },
    {
      "sn": "dis109181sent67948854",
      "source_original": "현 금 흐 름 표"
    },
    {
      "sn": "dis109181sent67948855",
      "source_original": "제12(당)기 2021년 01월 01일부터 2021년 12월 31일까지"
    },
    {
      "sn": "dis109181sent67948856",
      "source_original": "제11(전)기 2020년 01월 01일부터 2020년 12월 31일까지"
    },
    {
      "sn": "dis109181sent67948857",
      "source_original": "Ⅰ. 영업활동으로인한현금흐름"
    },
    {
      "sn": "dis109181sent67948858",
      "source_original": "1. 당기순이익(손실)"
    },
    {
      "sn": "dis109181sent67948859",
      "source_original": "2. 현금의유출이없는비용등의가산"
    },
    {
      "sn": "dis109181sent67948860",
      "source_original": "감가상각비"
    },
    {
      "sn": "dis109181sent67948861",
      "source_original": "퇴직급여"
    },
    {
      "sn": "dis109181sent67948862",
      "source_original": "이자비용"
    },
    {
      "sn": "dis109181sent67948863",
      "source_original": "3. 현금의유입이없는수익등의차감"
    },
    {
      "sn": "dis109181sent67948864",
      "source_original": "이자수익"
    },
    {
      "sn": "dis109181sent67948865",
      "source_original": "4. 영업활동으로인한자산부채의변동"
    },
    {
      "sn": "dis109181sent67948866",
      "source_original": "매출채권의감소(증가)"
    },
    {
      "sn": "dis109181sent67948867",
      "source_original": "미수금의감소(증가)"
    },
    {
      "sn": "dis109181sent67948868",
      "source_original": "선급비용의감소(증가)"
    },
    {
      "sn": "dis109181sent67948869",
      "source_original": "선납세금의감소(증가)"
    },
    {
      "sn": "dis109181sent67948870",
      "source_original": "미수수익의감소(증가)"
    },
    {
      "sn": "dis109181sent67948871",
      "source_original": "미지급금의증가(감소)"
    },
    {
      "sn": "dis109181sent67948872",
      "source_original": "미지급세금의증가(감소)"
    },
    {
      "sn": "dis109181sent67948873",
      "source_original": "부가세예수금의증가(감소)"
    },
    {
      "sn": "dis109181sent67948874",
      "source_original": "예수금의증가(감소)"
    },
    {
      "sn": "dis109181sent67948875",
      "source_original": "퇴직금의지급"
    },
    {
      "sn": "dis109181sent67948876",
      "source_original": "Ⅱ. 투자활동으로인한현금흐름"
    },
    {
      "sn": "dis109181sent67948877",
      "source_original": "1. 투자활동으로인한현금유입액"
    },
    {
      "sn": "dis109181sent67948878",
      "source_original": "단기금융상품의감소"
    },
    {
      "sn": "dis109181sent67948879",
      "source_original": "기타보증금의감소"
    },
    {
      "sn": "dis109181sent67948880",
      "source_original": "2. 투자활동으로인한현금유출액"
    },
    {
      "sn": "dis109181sent67948881",
      "source_original": "단기금융상품의증가"
    },
    {
      "sn": "dis109181sent67948882",
      "source_original": "장기금융상품의증가"
    },
    {
      "sn": "dis109181sent67948883",
      "source_original": "토지의 취득"
    },
    {
      "sn": "dis109181sent67948884",
      "source_original": "차량운반구의 취득"
    },
    {
      "sn": "dis109181sent67948885",
      "source_original": "비품의 취득"
    },
    {
      "sn": "dis109181sent67948886",
      "source_original": "Ⅲ. 재무활동으로인한현금흐름"
    },
    {
      "sn": "dis109181sent67948887",
      "source_original": "1. 재무활동으로인한현금유입액"
    },
    {
      "sn": "dis109181sent67948888",
      "source_original": "임대보증금의증가"
    },
    {
      "sn": "dis109181sent67948889",
      "source_original": "2. 재무활동으로인한현금유출액"
    },
    {
      "sn": "dis109181sent67948890",
      "source_original": "임대보증금의 감소"
    },
    {
      "sn": "dis109181sent67948891",
      "source_original": "미지급금의 상환"
    },
    {
      "sn": "dis109181sent67948892",
      "source_original": "Ⅳ. 현금의증가(감소)(Ⅰ+Ⅱ+Ⅲ)"
    },
    {
      "sn": "dis109181sent67948893",
      "source_original": "Ⅴ. 기초의현금"
    },
    {
      "sn": "dis109181sent67948894",
      "source_original": "Ⅵ. 기말의현금(주11)"
    },
    {
      "sn": "dis109181sent67948895",
      "source_original": "주석"
    },
    {
      "sn": "dis109181sent67948896",
      "source_original": "제11(전)기 2020년 12월 31일 현재"
    },
    {
      "sn": "dis109181sent67948897",
      "source_original": "1. 일반사항"
    },
    {
      "sn": "dis109181sent67948898",
      "source_original": "주식회사 가원디앤씨(이하 \"회사\")는 2017년 3월 구 주식회사 크린메탈에서 상호변경하였으며, 사업목적 또한 추가 및 변경하여 현재는 건축 신축 및 판매업, 부동산 개발 및 분양업, 부동산 임대업 등을 주 사업목적으로하는 부동산업 회사이며, 서울특별시 강서구 마곡동에 본사를 두고 있습니다."
    },
    {
      "sn": "dis109181sent67948899",
      "source_original": "회사의 주당자본금은 5,000원이며, 보고기간종료일 현재 총 자본금은 5억원이며,주주현황은 다음과 같습니다."
    },
    {
      "sn": "dis109181sent67948900",
      "source_original": "주 주 명"
    },
    {
      "sn": "dis109181sent67948901",
      "source_original": "소유주식수(주)"
    },
    {
      "sn": "dis109181sent67948902",
      "source_original": "지분율(%)"
    },
    {
      "sn": "dis109181sent67948903",
      "source_original": "임혁"
    },
    {
      "sn": "dis109181sent67948904",
      "source_original": "김영심"
    },
    {
      "sn": "dis109181sent67948905",
      "source_original": "김순하"
    },
    {
      "sn": "dis109181sent67948906",
      "source_original": "정호성"
    },
    {
      "sn": "dis109181sent67948907",
      "source_original": "임학빈"
    },
    {
      "sn": "dis109181sent67948908",
      "source_original": "탁서영"
    },
    {
      "sn": "dis109181sent67948909",
      "source_original": "계"
    },
    {
      "sn": "dis109181sent67948910",
      "source_original": "2. 중요한 회계정책"
    },
    {
      "sn": "dis109181sent67948911",
      "source_original": "재무제표의 작성에 적용된 중요한 회계정책은 아래에 제시되어 있습니다."
    },
    {
      "sn": "dis109181sent67948912",
      "source_original": "이러한 정책은 별도의 언급이 없다면, 표시된 회계기간에 계속적으로 적용되었습니다."
    },
    {
      "sn": "dis109181sent67948913",
      "source_original": "2.1 재무제표 작성기준"
    },
    {
      "sn": "dis109181sent67948914",
      "source_original": "회사는 일반기업회계기준에 따라 재무제표를 작성하였으며 회사가 채택하고 있는 중요한 회계처리방침은 다음과 같습니다."
    },
    {
      "sn": "dis109181sent67948915",
      "source_original": "2.2 현금및현금성자산"
    },
    {
      "sn": "dis109181sent67948916",
      "source_original": "회사는 통화 및 타인발행수표 등 통화대용증권과 당좌예금, 보통예금 및 큰 거래비용없이 현금으로 전환이 용이하고 이자율 변동에 따른 가치변동의 위험이 경미한 금융상품으로서 취득 당시 만기일(또는 상환일)이 3개월 이내인 것을 현금및현금성자산으로 처리하고 있습니다."
    },
    {
      "sn": "dis109181sent67948917",
      "source_original": "2.3 외화환산"
    },
    {
      "sn": "dis109181sent67948918",
      "source_original": "(1) 기능통화와 표시통화"
    },
    {
      "sn": "dis109181sent67948919",
      "source_original": "회사는 재무제표에 포함되는 항목들을 영업활동이 이루어지는 주된 경제환경에서의 통화(\"기능통화\")를 적용하여 측정하고 있습니다."
    },
    {
      "sn": "dis109181sent67948920",
      "source_original": "회사의 기능통화는 대한민국 원화이며, 재무제표는 대한민국 원화로 표시하고 있습니다."
    },
    {
      "sn": "dis109181sent67948921",
      "source_original": "(2) 외화거래와 보고기간 말의 외화환산"
    },
    {
      "sn": "dis109181sent67948922",
      "source_original": "회사는 기능통화 이외의 다른 통화(\"외화\")로 이루어진 거래를 기능통화로 인식하는 경우에 거래일의 외화와 기능통화 사이의 현물환율을 외화금액에 적용하여 기록하고있으며, 화폐성 외화자산과 부채는 보고기간종료일 현재의 환율로 환산하여 이로 인한 외화환산손익을 당기손익으로 처리하고 있습니다."
    },
    {
      "sn": "dis109181sent67948923",
      "source_original": "다만, 요건을 충족하는 현금흐름위험회피에 대한 위험회피금액과 외화표시 매도가능채무증권의 경우 동 금액을 기타포괄손익으로 인식하고 있습니다."
    },
    {
      "sn": "dis109181sent67948924",
      "source_original": "외화로 대가를 선지급하거나 선수취하여 인식한 비화폐성자산이나 비화폐성부채를 제거하면서 관련 자산, 비용, 수익 또는 이들 항목의 일부를 인식할 때에는, 그 비화폐성자산이나 비화폐성부채를 인식한 날을 거래일로 보고 그 날의 환율을 적용합니다."
    },
    {
      "sn": "dis109181sent67948925",
      "source_original": "2.4 유가증권"
    },
    {
      "sn": "dis109181sent67948926",
      "source_original": "유가증권은 개별법을 적용하여 원가를 산정하고 있으며, 회사는 지분증권과 채무증권에 대한 투자에 대하여 취득목적과 보유의도에 따라 단기매매증권, 매도가능증권과 만기보유증권으로 분류하고 있습니다."
    },
    {
      "sn": "dis109181sent67948927",
      "source_original": "다만, 유가증권 중 유의적인 영향력을 행사할 수 있는 지분증권은 지분법적용투자주식으로 분류하고 있습니다."
    },
    {
      "sn": "dis109181sent67948928",
      "source_original": "만기보유증권은 상각후원가로 평가하며, 단기매매증권과 매도가능증권은 공정가치로 평가하고 있습니다, 다만, 매도가능증권 중 시장성이 없는 지분증권의 공정가치를신뢰성 있게 측정할 수 없는 경우에는 취득원가로 평가하고 있습니다."
    },
    {
      "sn": "dis109181sent67948929",
      "source_original": "단기매매증권평가손익은 당기손익으로 인식하고 있으며, 매도가능증권평가손익은 기타포괄손익누계액으로 인식하고 그 매도가능증권을 처분하거나 손상차손을 인식하는 시점에 일괄하여 당기손익에 반영하고 있습니다."
    },
    {
      "sn": "dis109181sent67948930",
      "source_original": "회사는 유가증권으로부터 회수할 수 있을 것으로 추정되는 금액(이하 \"회수가능액\")이 채무증권의 상각후원가 또는 지분증권의 취득원가보다 작은 경우에는, 손상차손을 인식할 것을 고려합니다."
    },
    {
      "sn": "dis109181sent67948931",
      "source_original": "손상차손의 발생에 대한 객관적인 증거가 있는지는 보고기간종료일마다 평가하고 그러한 증거가 있는 경우에는 손상차손이 불필요하다는 명백한 반증이 없는 한, 회수가능액을 추정하여 손상차손을 인식하고 있습니다."
    },
    {
      "sn": "dis109181sent67948932",
      "source_original": "손상차손금액은 당기손익에 반영됩니다."
    },
    {
      "sn": "dis109181sent67948933",
      "source_original": "손상차손의 회복이 손상차손 인식 후에 발생한 사건과 객관적으로 관련된 경우, 만기보유증권 또는 원가로 평가하는 매도가능증권의 경우에는 회복된 금액을 당기이익으로 인식하되, 회복 후 장부금액이 당초에 손상차손을 인식하지 않았다면 회복일 현재의 상각후원가(매도가능증권의 경우, 취득원가)가 되었을 금액을 초과하지 않도록 합니다."
    },
    {
      "sn": "dis109181sent67948934",
      "source_original": "공정가치로 평가하는 매도가능증권의 경우에는 이전에 인식하였던 손상차손 금액을 한도로 하여 회복된 금액을 당기이익으로 인식합니다."
    },
    {
      "sn": "dis109181sent67948935",
      "source_original": "2.5 대손충당금"
    },
    {
      "sn": "dis109181sent67948936",
      "source_original": "회사는 회수가 불확실한 매출채권 등은 합리적이고 객관적인 기준에 따라 산출한 대손추산액을 대손충당금으로 설정하고 있습니다."
    },
    {
      "sn": "dis109181sent67948937",
      "source_original": "대손추산액에서 대손충당금 잔액을 차감한 금액을 대손상각비로 인식하며, 상거래에서 발생한 매출채권에 대한 대손상각비는 판매비와 관리비로 계상하고, 기타 채권에 대한 대손상각비는 영업외비용으로 계상하고 있습니다."
    },
    {
      "sn": "dis109181sent67948938",
      "source_original": "회수가 불가능한 채권은 대손충당금과 상계하고, 대손충당금이 부족한 경우에는 그 부족액을 대손상각비로 인식하고 있습니다."
    },
    {
      "sn": "dis109181sent67948939",
      "source_original": "2.6 유형자산"
    },
    {
      "sn": "dis109181sent67948940",
      "source_original": "유형자산의 취득원가는 구입원가 또는 제작원가 및 경영진이 의도하는 방식으로 자산을 가동하는 데 필요한 장소와 상태에 이르게 하는 데 직접 관련되는 지출 등으로 구성되어 있습니다."
    },
    {
      "sn": "dis109181sent67948941",
      "source_original": "회사는 유형자산을 취득원가에서 아래의 추정내연수와 감가상각방법에 따라 산정된 감가상각누계액과 손상차손누계액을 차감한 금액으로 표시하고 있습니다."
    },
    {
      "sn": "dis109181sent67948942",
      "source_original": "구 분"
    },
    {
      "sn": "dis109181sent67948943",
      "source_original": "추정내용연수"
    },
    {
      "sn": "dis109181sent67948944",
      "source_original": "감가상각방법"
    },
    {
      "sn": "dis109181sent67948945",
      "source_original": "건물"
    },
    {
      "sn": "dis109181sent67948946",
      "source_original": "40년"
    },
    {
      "sn": "dis109181sent67948947",
      "source_original": "정액법"
    },
    {
      "sn": "dis109181sent67948948",
      "source_original": "차량운반구"
    },
    {
      "sn": "dis109181sent67948949",
      "source_original": "5년"
    },
    {
      "sn": "dis109181sent67948950",
      "source_original": "비품"
    },
    {
      "sn": "dis109181sent67948951",
      "source_original": "정률법"
    },
    {
      "sn": "dis109181sent67948952",
      "source_original": "시설장치"
    },
    {
      "sn": "dis109181sent67948953",
      "source_original": "유형자산의 취득 또는 완성 후의 지출이 생산능력 증대, 내용연수 연장, 상당한 원가절감 또는 품질향상을 가져오는 등 미래경제적효익의 유입 가능성이 매우 높고, 원가를 신뢰성 있게 측정할 수 있는 경우에는 자본적 지출로 인식하고, 그렇지 않은 경우에는 발생한 기간의 비용으로 인식하고 있습니다."
    },
    {
      "sn": "dis109181sent67948954",
      "source_original": "2.7 비금융자산의 손상"
    },
    {
      "sn": "dis109181sent67948955",
      "source_original": "아직 사용가능하지 않은 무형자산은 매 보고기간말 손상검사를 실시하고 있습니다."
    },
    {
      "sn": "dis109181sent67948956",
      "source_original": "사업결합으로 취득한 영업권 및 감가상각 또는 상각하는 자산의 경우는 장부금액이 회수가능하지 않을 수도 있음을 나타내는 환경의 변화나 사건과 같이 자산손상을 시사하는 징후가 있다면 손상검사를 수행하고 있습니다."
    },
    {
      "sn": "dis109181sent67948957",
      "source_original": "단, 유형자산의 경우에는 이러한 손상징후가 있다고 판단되고, 당해 유형자산(개별 자산 또는 유형자산만으로 구성된 현금창출단위 포함)의 사용 및 처분으로부터 기대되는 미래의 현금흐름총액의 추정액이 장부금액에 미달하는 경우에 손상검사를 수행하고 있습니다."
    },
    {
      "sn": "dis109181sent67948958",
      "source_original": "손상차손은 회수가능액을 초과하는 장부금액으로 인식하고 있습니다."
    },
    {
      "sn": "dis109181sent67948959",
      "source_original": "회수가능액은 순공정가치와 사용가치 중 큰 금액으로 결정하고 있습니다."
    },
    {
      "sn": "dis109181sent67948960",
      "source_original": "손상을 측정하기 위한 목적으로 자산을별도의 식별 가능한 현금흐름을 창출하는 가장 하위 수준의 집단(현금창출단위)으로 그룹화하고 있습니다."
    },
    {
      "sn": "dis109181sent67948961",
      "source_original": "손상차손이 인식된 영업권 이외의 비금융자산은 매 보고일에 손상차손의 환입가능성을 검토하고 있으며, 손상된 영업권은 추후 회복될 수 없습니다."
    },
    {
      "sn": "dis109181sent67948962",
      "source_original": "2.8 충당부채와 우발부채"
    },
    {
      "sn": "dis109181sent67948963",
      "source_original": "회사는 과거사건이나 거래의 결과로 존재하는 현재 의무의 이행을 위하여 자원이 유출될 가능성이 매우 높고 동 손실의 금액을 신뢰성 있게 추정할 수 있는 경우에 그 손실금액을 충당부채로 계상하고 있습니다."
    },
    {
      "sn": "dis109181sent67948964",
      "source_original": "또한, 회사는 과거사건은 발생하였으나 불확실한 미래사건의 발생여부에 의해서 존재여부가 확인되는 잠재적인 의무가 있는 경우 또는 과거사건이나 거래의 결과 현재의무가 존재하나 자원이 유출될 가능성이 매우 높지 않거나 당해 의무를 이행하여야 할 금액을 신뢰성 있게 추정할 수 없는 경우 우발부채로 주석기재하고 있습니다."
    },
    {
      "sn": "dis109181sent67948965",
      "source_original": "충당부채는 의무를 이행하기 위하여 예상되는 지출액의 현재가치로 측정하며, 현재가치 평가에 사용하는 할인율은 그 부채의 고유한 위험과 화폐의 시간가치에 대한 현행 시장의 평가를 반영한 세전 이자율입니다."
    },
    {
      "sn": "dis109181sent67948966",
      "source_original": "또한, 충당부채는 보고기간말마다 그 잔액을 검토하고, 보고기간말 현재 최선의 추정치를 반영하여 증감조정하며, 이때 현재가치 평가에 사용한 할인율은 변동되지 않는 것으로 보고 당초에 사용한 할인율로 평가하고 있습니다."
    },
    {
      "sn": "dis109181sent67948967",
      "source_original": "2.9 종업원급여"
    },
    {
      "sn": "dis109181sent67948968",
      "source_original": "(1) 퇴직급여"
    },
    {
      "sn": "dis109181sent67948969",
      "source_original": "회사는 임직원 퇴직금지급규정에 따라 보고기간말 현재 1년이상 근속한 전 임직 원에 대해 지급하여야 할 퇴직금추계액에 대하여 매년 퇴직급여충당부채를 인식하여 계상하고 있습니다."
    },
    {
      "sn": "dis109181sent67948970",
      "source_original": "2.10 수익인식"
    },
    {
      "sn": "dis109181sent67948971",
      "source_original": "(1) 재화의 판매"
    },
    {
      "sn": "dis109181sent67948972",
      "source_original": "재화의 판매에 따른 수익은 재화가 구매자에게 인도되는 시점에서 인식하고 있습니다."
    },
    {
      "sn": "dis109181sent67948973",
      "source_original": "재화의 인도는 재화가 특정 장소로 이전되고, 재화의 진부화와 손실에 대한 위험이 구매자에게 이전되며, 구매자가 판매 계약에 따라 재화의 수령을 승인하거나 그 승인기간이 만료되거나 또는 회사가 재화의 수령 승인요건이 충족되었다는 객관적인증거를 가지는 시점이 되어야 발생합니다."
    },
    {
      "sn": "dis109181sent67948974",
      "source_original": "(2) 임대용역의 제공"
    },
    {
      "sn": "dis109181sent67948975",
      "source_original": "임대용역의 제공에 따른 수익은 임대차계약사항에 근거해서 발생주의에 따른 기간귀속에 따라 수익을 인식하고 있습니다."
    },
    {
      "sn": "dis109181sent67948976",
      "source_original": "2.11 금융자산과 금융부채의 측정"
    },
    {
      "sn": "dis109181sent67948977",
      "source_original": "(1) 최초측정"
    },
    {
      "sn": "dis109181sent67948978",
      "source_original": "회사는 금융자산과 금융부채의 최초인식시 공정가치로 측정하고 있으며, 이 때의 공정가치는 일반적으로 거래가격(금융자산의 경우에는 제공한 대가의 공정가치, 금융부채의 경우에는 수취한 대가의 공정가치)입니다."
    },
    {
      "sn": "dis109181sent67948979",
      "source_original": "그러나 장기연불조건의 매매거래, 장기금전대차거래 또는 이와 유사한 거래에서 발생하는 채권ㆍ채무로서 명목금액과 공정가치의 차이가 유의적인 경우에는 공정가치로 평가합니다."
    },
    {
      "sn": "dis109181sent67948980",
      "source_original": "제공(수취)한 대가에 금융상품이 아닌 다른 것에 대한 대가가 포함되었다면 그 금융상품의 공정가치는 시장가격으로 평가하되, 시장가격이 없는 경우에는 평가기법(현재가치평가기법을 포함)을 사용하여 공정가치를 추정합니다."
    },
    {
      "sn": "dis109181sent67948981",
      "source_original": "다만, 제공하거나 수취한 대가에 금융상품이 아닌 다른 것에 대한 대가가 포함되었더라도, 자금의 사용에 따른 반대 급부(예를 들어 생산물 공급가액의 제약 등)를 부과하거나 제공하는 자금의 조달과 사용의 연계성이 확실한 경우 및 임대차보증금에 대하여는 거래가격 전체를 금융상품의 최초인식액으로 하고 있습니다."
    },
    {
      "sn": "dis109181sent67948982",
      "source_original": "회사는 단기매매증권, 파생상품(현금흐름위험회피회계에서 위험회피수단으로 지정되는 경우는 제외) 같이 최초 인식 이후 공정가치로 측정하고 공정가치의 변동을 당기손익으로 인식하는 금융자산이나 금융부채가 아닌 경우에는 당해 금융자산의 취득 또는 금융부채의 발행과 직접적으로 관련된 거래원가를 최초인식하는 공정가치에 가산 또는 차감하고 있습니다."
    },
    {
      "sn": "dis109181sent67948983",
      "source_original": "회사는 금융상품의 현재가치 측정시에 당해 거래의 내재이자율을 적용하고 있으나, 이러한 이자율을 구할 수 없거나 동종시장이자율과의 차이가 유의적인 경우에는 동종시장이자율을 적용하고, 동종시장이자율을 실무적으로 산정할 수 없는 경우에는 객관적이고 합리적인 기준에 의하여 산출한 가중평균이자율을 적용하고 있으며, 가중평균이자율을 산출하기 위한 객관적이고 합리적인 기준이 없는 경우에는 회사채 유통수익률을 기초로 회사의 신용도 등을 반영하여 회사에 적용될 자금조달비용을 합리적으로 추정하여 적용합니다."
    },
    {
      "sn": "dis109181sent67948984",
      "source_original": "(2) 후속측정"
    },
    {
      "sn": "dis109181sent67948985",
      "source_original": "회사는 금융자산 및 금융부채에 대하여 유가증권, 파생상품, 당기손익인식지정항목 및 금융보증계약을 제외하고는 유효이자율법을 적용하여 상각후원가로 측정하고 있습니다."
    },
    {
      "sn": "dis109181sent67948986",
      "source_original": "당기손익인식지정항목의 후속측정은 단기매매증권의 후속측정방법을 준용하고 있습니다."
    },
    {
      "sn": "dis109181sent67948987",
      "source_original": "2.12 리스"
    },
    {
      "sn": "dis109181sent67948988",
      "source_original": "(1) 금융리스"
    },
    {
      "sn": "dis109181sent67948989",
      "source_original": "회사는 리스자산의 소유에 따른 대부분의 위험과 효익을 이전받은 경우 금융리스로 분류하고 리스실행일에 최소리스료의 현재가치와 리스자산의 공정가치 중 작은 금액을 금융리스자산과 금융리스부채로 각각 인식하고 있습니다."
    },
    {
      "sn": "dis109181sent67948990",
      "source_original": "보증잔존가치를 제외한매기의 최소리스료는 이자비용과 리스부채의 상환액으로 배분하며 이자비용은 유효이자율법으로 계산합니다."
    },
    {
      "sn": "dis109181sent67948991",
      "source_original": "(2) 운용리스"
    },
    {
      "sn": "dis109181sent67948992",
      "source_original": "회사는 리스자산의 소유에 따른 대부분의 위험과 효익을 이전받지 않는 경우에 운용리스로 분류하고, 운용리스자산의 사용과 관련하여 보증잔존가치를 제외한 최소리스료에 대해서 리스기간에 걸쳐 균등하게 배분된 금액을 비용으로 인식하고 있습니다."
    },
    {
      "sn": "dis109181sent67948993",
      "source_original": "2.13 중소기업특례"
    },
    {
      "sn": "dis109181sent67948994",
      "source_original": "회사는 중소기업기본법상의 중소기업에 해당하며, 다음의 사항에 대하여는 일반기업회계기준 제31장 \"중소기업회계처리 특례\"에 따라 회계처리하고 있습니다."
    },
    {
      "sn": "dis109181sent67948995",
      "source_original": "항 목"
    },
    {
      "sn": "dis109181sent67948996",
      "source_original": "특 례 내 역"
    },
    {
      "sn": "dis109181sent67948997",
      "source_original": "유의적인 영향력 행사가능 지분증권"
    },
    {
      "sn": "dis109181sent67948998",
      "source_original": "지분법적용을 하지 않음"
    },
    {
      "sn": "dis109181sent67948999",
      "source_original": "시장성 없는 지분증권"
    },
    {
      "sn": "dis109181sent67949000",
      "source_original": "취득원가로 평가함"
    },
    {
      "sn": "dis109181sent67949001",
      "source_original": "유형자산 및 무형자산"
    },
    {
      "sn": "dis109181sent67949002",
      "source_original": "내용연수 및 잔존가치 결정시 법인세법 규정에 따름"
    },
    {
      "sn": "dis109181sent67949003",
      "source_original": "장기할부로 처분한 유형자산"
    },
    {
      "sn": "dis109181sent67949004",
      "source_original": "당해 자산의 처분이익을 할부금회수기일이 도래한 날에 실현되는 것으로 함"
    },
    {
      "sn": "dis109181sent67949005",
      "source_original": "현재가치평가"
    },
    {
      "sn": "dis109181sent67949006",
      "source_original": "장기연불조건의 매매거래 및 장기금전대차거래 등에서 발생하는 채권ㆍ채무는 현재가치가 아닌 명목가치로 평가"
    },
    {
      "sn": "dis109181sent67949007",
      "source_original": "수익의 인식"
    },
    {
      "sn": "dis109181sent67949008",
      "source_original": "1년 내의 기간에 완료되는 용역매출 및 건설형 공사계약에 대하여는 용역제공을 완료하였거나 공사 등을 완성한 날에 수익으로 인식하며, 1년 이상의 기간에 걸쳐 이루어지는 할부매출은 할부금회수기일이 도래한 날에 실현되는 것으로 회계처리"
    },
    {
      "sn": "dis109181sent67949009",
      "source_original": "법인세비용"
    },
    {
      "sn": "dis109181sent67949010",
      "source_original": "법인세비용은 법인세법 등의 법령에 의하여 납부하여야 할 금액으로 계상"
    },
    {
      "sn": "dis109181sent67949011",
      "source_original": "3. 현금성자산 및 장단기 금융상품"
    },
    {
      "sn": "dis109181sent67949012",
      "source_original": "(1)보고기간말 현재 현금성자산 및 장단기 금융상품의 내용은 다음과 같습니다."
    },
    {
      "sn": "dis109181sent67949013",
      "source_original": "(단위:천원)"
    },
    {
      "sn": "dis109181sent67949014",
      "source_original": "당기"
    },
    {
      "sn": "dis109181sent67949015",
      "source_original": "전기"
    },
    {
      "sn": "dis109181sent67949016",
      "source_original": "보통예금"
    },
    {
      "sn": "dis109181sent67949017",
      "source_original": "단기금융상품"
    },
    {
      "sn": "dis109181sent67949018",
      "source_original": "장기금융상품"
    },
    {
      "sn": "dis109181sent67949019",
      "source_original": "합 계"
    },
    {
      "sn": "dis109181sent67949020",
      "source_original": "(2)보고기간말 현재 장단기 금융상품에 대한 사용제한내역은 다음과 같습니다."
    },
    {
      "sn": "dis109181sent67949021",
      "source_original": "사용제한 내용"
    },
    {
      "sn": "dis109181sent67949022",
      "source_original": "차입금에 대한 질권설정"
    },
    {
      "sn": "dis109181sent67949023",
      "source_original": "4. 매도가능증권"
    },
    {
      "sn": "dis109181sent67949024",
      "source_original": "보고기간말 현재 매도가능증권의 내역은 다음과 같습니다."
    },
    {
      "sn": "dis109181sent67949025",
      "source_original": "회사명"
    },
    {
      "sn": "dis109181sent67949026",
      "source_original": "취득가액"
    },
    {
      "sn": "dis109181sent67949027",
      "source_original": "장부가액"
    },
    {
      "sn": "dis109181sent67949028",
      "source_original": "주식회사 지앤미"
    },
    {
      "sn": "dis109181sent67949029",
      "source_original": "상기 매도가능증권은 시장성 없는 지분증권으로 주식회사 지앤미는 2022년 1월 청산후 매도가능증권금액 전액 회수하였습니다."
    },
    {
      "sn": "dis109181sent67949030",
      "source_original": "5. 유형자산"
    },
    {
      "sn": "dis109181sent67949031",
      "source_original": "(1) 당기 중 유형자산의 변동내역은 다음과 같습니다."
    },
    {
      "sn": "dis109181sent67949032",
      "source_original": "(당기) (단위: 천원)"
    },
    {
      "sn": "dis109181sent67949033",
      "source_original": "기초"
    },
    {
      "sn": "dis109181sent67949034",
      "source_original": "취득"
    },
    {
      "sn": "dis109181sent67949035",
      "source_original": "처분"
    },
    {
      "sn": "dis109181sent67949036",
      "source_original": "상각"
    },
    {
      "sn": "dis109181sent67949037",
      "source_original": "기말"
    },
    {
      "sn": "dis109181sent67949038",
      "source_original": "토지"
    },
    {
      "sn": "dis109181sent67949039",
      "source_original": "시설장치(인테리어)"
    },
    {
      "sn": "dis109181sent67949040",
      "source_original": "(전기) (단위: 천원)"
    },
    {
      "sn": "dis109181sent67949041",
      "source_original": "(2) 당기말 현재 회사가 보유하고 있는 토지는 SH공사로부터 2021년 하반기 중에 마곡지구단위에 대해 등기이전이 이루어졌습니다."
    },
    {
      "sn": "dis109181sent67949042",
      "source_original": "토지 및 건물의 면적과 기준시가는 다음과 같고 토지에 대한 공시지가는 공시되어 있지 않습니다."
    },
    {
      "sn": "dis109181sent67949043",
      "source_original": "소 재 지"
    },
    {
      "sn": "dis109181sent67949044",
      "source_original": "면적(㎡)"
    },
    {
      "sn": "dis109181sent67949045",
      "source_original": "기준시가"
    },
    {
      "sn": "dis109181sent67949046",
      "source_original": "서울시 강서구 공항대로 167"
    },
    {
      "sn": "dis109181sent67949047",
      "source_original": "(마곡동)"
    },
    {
      "sn": "dis109181sent67949048",
      "source_original": "(3) 상기 토지와 건물은 차입금과 관련하여 우리은행에 담보로 제공되어 있습니다(주석6참조)."
    },
    {
      "sn": "dis109181sent67949049",
      "source_original": "6. 차입금 등"
    },
    {
      "sn": "dis109181sent67949050",
      "source_original": "(1) 보고기간말 현재 장단기차입금의 내역은 다음과 같습니다."
    },
    {
      "sn": "dis109181sent67949051",
      "source_original": "차입처"
    },
    {
      "sn": "dis109181sent67949052",
      "source_original": "종류"
    },
    {
      "sn": "dis109181sent67949053",
      "source_original": "이자율(%)"
    },
    {
      "sn": "dis109181sent67949054",
      "source_original": "당기말"
    },
    {
      "sn": "dis109181sent67949055",
      "source_original": "전기말"
    },
    {
      "sn": "dis109181sent67949056",
      "source_original": "상환방법"
    },
    {
      "sn": "dis109181sent67949057",
      "source_original": "우리은행"
    },
    {
      "sn": "dis109181sent67949058",
      "source_original": "시설자금대출"
    },
    {
      "sn": "dis109181sent67949059",
      "source_original": "만기일시상환"
    },
    {
      "sn": "dis109181sent67949060",
      "source_original": "차감: 유동성장기부채"
    },
    {
      "sn": "dis109181sent67949061",
      "source_original": "단기차입금 계"
    },
    {
      "sn": "dis109181sent67949062",
      "source_original": "유동성장기부채 계"
    },
    {
      "sn": "dis109181sent67949063",
      "source_original": "장기차입금 계"
    },
    {
      "sn": "dis109181sent67949064",
      "source_original": "상기 차입금과 관련하여 토지, 건물의 담보(주석13참조) 및 대표이사의 지급보증(주석12참조)이 제공되어 있습니다."
    },
    {
      "sn": "dis109181sent67949065",
      "source_original": "(2) 유동성 위험"
    },
    {
      "sn": "dis109181sent67949066",
      "source_original": "회사는 차입금한도를 적정수준으로 유지하고 영업 자금 수요를충족시킬 수 있도록 유동성에 대한 예측을 항시 모니터링하여 차입금 한도나 약정을 위반하는 일이 없도록 하고 있습니다."
    },
    {
      "sn": "dis109181sent67949067",
      "source_original": "유동성에 대한 예측 시에는 회사의 자금조달 계획, 약정 준수, 회사 내부의 목표재무비율 및 통화에 대한 제한과 같은 외부 법규나 법률 요구사항이 있는 경우 그러한 요구사항을 고려하고 있습니다."
    },
    {
      "sn": "dis109181sent67949068",
      "source_original": "회사는 상기에서 언급한 예측을 통해 결정된 대로 여유있는 유동성이 확보될 수 있도록 적절한 만기나 충분한 유동성을 제공해주는 이자부 당좌예금, 정기예금, 수시입출금식 예금 등의 금융상품을 선택하여 잉여자금을 투자하고 있습니다."
    },
    {
      "sn": "dis109181sent67949069",
      "source_original": "당기말 현재 회사는 유동성위험을 관리할 수 있도록 즉시 출금이 가능한 단기 예치금에 2,000백만원을 투자하고 있습니다."
    },
    {
      "sn": "dis109181sent67949070",
      "source_original": "보고기간말 현재 회사의 만기 분석내역은 다음과 같습니다."
    },
    {
      "sn": "dis109181sent67949071",
      "source_original": "(단위: 천원)"
    },
    {
      "sn": "dis109181sent67949072",
      "source_original": "3개월 이내"
    },
    {
      "sn": "dis109181sent67949073",
      "source_original": "3개월에서"
    },
    {
      "sn": "dis109181sent67949074",
      "source_original": "6개월 이하"
    },
    {
      "sn": "dis109181sent67949075",
      "source_original": "6개월에서"
    },
    {
      "sn": "dis109181sent67949076",
      "source_original": "1년 이하"
    },
    {
      "sn": "dis109181sent67949077",
      "source_original": "1년 초과"
    },
    {
      "sn": "dis109181sent67949078",
      "source_original": "단기차입금"
    },
    {
      "sn": "dis109181sent67949079",
      "source_original": "미지급금"
    },
    {
      "sn": "dis109181sent67949080",
      "source_original": "임대보증금"
    },
    {
      "sn": "dis109181sent67949081",
      "source_original": "합계"
    },
    {
      "sn": "dis109181sent67949082",
      "source_original": "7. 퇴직급여충당부채"
    },
    {
      "sn": "dis109181sent67949083",
      "source_original": "기중 회사의 퇴직급여충당부채의 변동내용은 다음과 같습니다."
    },
    {
      "sn": "dis109181sent67949084",
      "source_original": "구분"
    },
    {
      "sn": "dis109181sent67949085",
      "source_original": "기초"
    },
    {
      "sn": "dis109181sent67949086",
      "source_original": "당기 설정액"
    },
    {
      "sn": "dis109181sent67949087",
      "source_original": "당기 지급액"
    },
    {
      "sn": "dis109181sent67949088",
      "source_original": "기말"
    },
    {
      "sn": "dis109181sent67949089",
      "source_original": "8. 법인세 등"
    },
    {
      "sn": "dis109181sent67949090",
      "source_original": "회사는 일반기업회계기준 제31장(중소기업 회계처리 특례)의 규정에 의거 이연법인세를 계상하지 않고 법인세법 등의 법령에 의하여 납부하여야 할 금액을 법인세등의과목으로 처리하고 있습니다."
    },
    {
      "sn": "dis109181sent67949091",
      "source_original": "9. 자본금"
    },
    {
      "sn": "dis109181sent67949092",
      "source_original": "보고기간말 현재 회사가 발행할 주식의 총수, 1주의 금액 및 발행한 주식의 수는 다음과 같습니다."
    },
    {
      "sn": "dis109181sent67949093",
      "source_original": "당기"
    },
    {
      "sn": "dis109181sent67949094",
      "source_original": "발행할 주식 총수"
    },
    {
      "sn": "dis109181sent67949095",
      "source_original": "400,000주"
    },
    {
      "sn": "dis109181sent67949096",
      "source_original": "발행한 주식 총수"
    },
    {
      "sn": "dis109181sent67949097",
      "source_original": "100,000주"
    },
    {
      "sn": "dis109181sent67949098",
      "source_original": "1주의 금액"
    },
    {
      "sn": "dis109181sent67949099",
      "source_original": "5,000원"
    },
    {
      "sn": "dis109181sent67949100",
      "source_original": "자본금"
    },
    {
      "sn": "dis109181sent67949101",
      "source_original": "500,000천원"
    },
    {
      "sn": "dis109181sent67949102",
      "source_original": "10. 이익잉여금처분계산서"
    },
    {
      "sn": "dis109181sent67949103",
      "source_original": "당기와 전기의 이익잉여금처분계산서의 내역은 다음과 같습니다."
    },
    {
      "sn": "dis109181sent67949104",
      "source_original": "제12기"
    },
    {
      "sn": "dis109181sent67949105",
      "source_original": "2021년 01월 01일부터"
    },
    {
      "sn": "dis109181sent67949106",
      "source_original": "2021년 12월 31일까지"
    },
    {
      "sn": "dis109181sent67949107",
      "source_original": "제11기"
    },
    {
      "sn": "dis109181sent67949108",
      "source_original": "2020년 01월 01일부터"
    },
    {
      "sn": "dis109181sent67949109",
      "source_original": "2020년 12월 31일까지"
    },
    {
      "sn": "dis109181sent67949110",
      "source_original": "처분예정일"
    },
    {
      "sn": "dis109181sent67949111",
      "source_original": "2022년 3월 31일"
    },
    {
      "sn": "dis109181sent67949112",
      "source_original": "처분확정일"
    },
    {
      "sn": "dis109181sent67949113",
      "source_original": "2021년 3월 31일"
    },
    {
      "sn": "dis109181sent67949114",
      "source_original": "제 12 (당) 기"
    },
    {
      "sn": "dis109181sent67949115",
      "source_original": "제 11 (전) 기"
    },
    {
      "sn": "dis109181sent67949116",
      "source_original": "Ⅰ. 미처분이익잉여금"
    },
    {
      "sn": "dis109181sent67949117",
      "source_original": "1. 전기이월이익잉여금"
    },
    {
      "sn": "dis109181sent67949118",
      "source_original": "2. 당기순이익(손실)"
    },
    {
      "sn": "dis109181sent67949119",
      "source_original": "Ⅱ. 이익잉여금처분액"
    },
    {
      "sn": "dis109181sent67949120",
      "source_original": "Ⅲ. 차기이월미처분이익잉여금"
    },
    {
      "sn": "dis109181sent67949121",
      "source_original": "11. 현금흐름표"
    },
    {
      "sn": "dis109181sent67949122",
      "source_original": "(1) 현금흐름표상의 현금은 재무상태표상의 현금및현금성자산과 동일합니다."
    },
    {
      "sn": "dis109181sent67949123",
      "source_original": "(2) 당기와 전기 중 현금의 유입과 유출이 없는 중요한 거래의 내역은 다음과 같습니다."
    },
    {
      "sn": "dis109181sent67949124",
      "source_original": "금 액"
    },
    {
      "sn": "dis109181sent67949125",
      "source_original": "유동성장기부채의 단기차입금 대체"
    },
    {
      "sn": "dis109181sent67949126",
      "source_original": "장기금융상품의 단기금융상품 대체"
    },
    {
      "sn": "dis109181sent67949127",
      "source_original": "12. 특수관계자 등 거래"
    },
    {
      "sn": "dis109181sent67949128",
      "source_original": "(1) 보고기간말 현재 특수관계자는 주요 경영진입니다."
    },
    {
      "sn": "dis109181sent67949129",
      "source_original": "(2) 당기 및 전기 중 특수관계자와의 중요한 매출 및 매입 등의 거래내역은 없습니다."
    },
    {
      "sn": "dis109181sent67949130",
      "source_original": "(3) 보고기간말 현재 특수관계자와의 거래에서 발생한 채권ㆍ채무는 없습니다."
    },
    {
      "sn": "dis109181sent67949131",
      "source_original": "(4) 보고기간말 현재 특수관계자와의 자금 차입 및 대여 거래에서 발생한 채권ㆍ채무 없습니다."
    },
    {
      "sn": "dis109181sent67949132",
      "source_original": "(5) 보고기간말 현재 특수관계자로부터 제공받은 지급보증 및 담보내역은 다음과 같습니다."
    },
    {
      "sn": "dis109181sent67949133",
      "source_original": "특수관계자의 명칭"
    },
    {
      "sn": "dis109181sent67949134",
      "source_original": "보증 등의 내용"
    },
    {
      "sn": "dis109181sent67949135",
      "source_original": "금융기관"
    },
    {
      "sn": "dis109181sent67949136",
      "source_original": "보증 또는 담보 금액"
    },
    {
      "sn": "dis109181sent67949137",
      "source_original": "대표이사"
    },
    {
      "sn": "dis109181sent67949138",
      "source_original": "시설자금대출"
    },
    {
      "sn": "dis109181sent67949139",
      "source_original": "우리은행"
    },
    {
      "sn": "dis109181sent67949140",
      "source_original": "13. 우발부채와 약정사항"
    },
    {
      "sn": "dis109181sent67949141",
      "source_original": "(1) 보고기간말 현재 금융기관과의 주요 약정사항은 없습니다."
    },
    {
      "sn": "dis109181sent67949142",
      "source_original": "(2)보고기간말 현재 회사가 타인으로부터 제공받은 보증내역은 다음과 같습니다."
    },
    {
      "sn": "dis109181sent67949143",
      "source_original": "보증제공자"
    },
    {
      "sn": "dis109181sent67949144",
      "source_original": "지급보증액"
    },
    {
      "sn": "dis109181sent67949145",
      "source_original": "사내이사"
    },
    {
      "sn": "dis109181sent67949146",
      "source_original": "부동산담보제공"
    },
    {
      "sn": "dis109181sent67949147",
      "source_original": "(3) 보고기간말 현재 회사의 차입금 등과 관련하여 담보로 제공된 회사 소유자산의 내용은 다음과 같습니다."
    },
    {
      "sn": "dis109181sent67949148",
      "source_original": "담보권자"
    },
    {
      "sn": "dis109181sent67949149",
      "source_original": "담보제공자산"
    },
    {
      "sn": "dis109181sent67949150",
      "source_original": "장부금액"
    },
    {
      "sn": "dis109181sent67949151",
      "source_original": "채권최고액"
    },
    {
      "sn": "dis109181sent67949152",
      "source_original": "계정과목"
    },
    {
      "sn": "dis109181sent67949153",
      "source_original": "토지/건물"
    },
    {
      "sn": "dis109181sent67949154",
      "source_original": "정기예금"
    },
    {
      "sn": "dis109181sent67949155",
      "source_original": "장단기금융상품"
    },
    {
      "sn": "dis109181sent67949156",
      "source_original": "신한은행"
    },
    {
      "sn": "dis109181sent67949157",
      "source_original": "14. 보험가입내역"
    },
    {
      "sn": "dis109181sent67949158",
      "source_original": "회사는 건물 및 부속설비에 대한 종합화재보험 및 법인차량에 대한 업무용차량 보험에 가입되어 있습니다."
    },
    {
      "sn": "dis109181sent67949159",
      "source_original": "15. 부가가치 계산에 필요한 항목"
    },
    {
      "sn": "dis109181sent67949160",
      "source_original": "회사의 용역원가 및 판매비와관리비에 포함된 부가가치의 계산에 필요한 사항은 다음과 같습니다(단위: 천원)."
    },
    {
      "sn": "dis109181sent67949161",
      "source_original": "급여"
    },
    {
      "sn": "dis109181sent67949162",
      "source_original": "복리후생비"
    },
    {
      "sn": "dis109181sent67949163",
      "source_original": "세금과공과"
    },
    {
      "sn": "dis109181sent67949164",
      "source_original": "16. 재무제표의 확정일과 승인기관"
    },
    {
      "sn": "dis109181sent67949165",
      "source_original": "회사의 재무제표는 2022년 3월 31일자 주주총회에서 최종 승인될 예정입니다."
    },
    {
      "sn": "dis109181sent67949166",
      "source_original": "외부감사 실시내용"
    },
    {
      "sn": "dis109181sent67949167",
      "source_original": "「주식회사 등의 외부감사에 관한 법률」제18조제3항의 규정에 의하여 외부감사 실시내용을 첨부합니다."
    },
    {
      "sn": "dis109181sent67949168",
      "source_original": "1. 감사대상업무"
    },
    {
      "sn": "dis109181sent67949169",
      "source_original": "회 사 명"
    },
    {
      "sn": "dis109181sent67949170",
      "source_original": "감사대상 사업연도"
    },
    {
      "sn": "dis109181sent67949171",
      "source_original": "2. 감사참여자 구분별 인원수 및 감사시간"
    },
    {
      "sn": "dis109181sent67949172",
      "source_original": "(단위 : 명, 시간)"
    },
    {
      "sn": "dis109181sent67949173",
      "source_original": "감사참여자"
    },
    {
      "sn": "dis109181sent67949174",
      "source_original": "인원수 및 시간"
    },
    {
      "sn": "dis109181sent67949175",
      "source_original": "품질관리"
    },
    {
      "sn": "dis109181sent67949176",
      "source_original": "검토자"
    },
    {
      "sn": "dis109181sent67949177",
      "source_original": "(심리실 등)"
    },
    {
      "sn": "dis109181sent67949178",
      "source_original": "감사업무 담당 회계사"
    },
    {
      "sn": "dis109181sent67949179",
      "source_original": "전산감사ㆍ"
    },
    {
      "sn": "dis109181sent67949180",
      "source_original": "세무ㆍ가치평가"
    },
    {
      "sn": "dis109181sent67949181",
      "source_original": "등 전문가"
    },
    {
      "sn": "dis109181sent67949182",
      "source_original": "건설계약 등"
    },
    {
      "sn": "dis109181sent67949183",
      "source_original": "수주산업"
    },
    {
      "sn": "dis109181sent67949184",
      "source_original": "전문가"
    },
    {
      "sn": "dis109181sent67949185",
      "source_original": "담당이사"
    },
    {
      "sn": "dis109181sent67949186",
      "source_original": "(업무수행이사)"
    },
    {
      "sn": "dis109181sent67949187",
      "source_original": "등록"
    },
    {
      "sn": "dis109181sent67949188",
      "source_original": "공인회계사"
    },
    {
      "sn": "dis109181sent67949189",
      "source_original": "수습"
    },
    {
      "sn": "dis109181sent67949190",
      "source_original": "투입 인원수"
    },
    {
      "sn": "dis109181sent67949191",
      "source_original": "투입시간"
    },
    {
      "sn": "dis109181sent67949192",
      "source_original": "분ㆍ반기검토"
    },
    {
      "sn": "dis109181sent67949193",
      "source_original": "감사"
    },
    {
      "sn": "dis109181sent67949194",
      "source_original": "3. 주요 감사실시내용"
    },
    {
      "sn": "dis109181sent67949195",
      "source_original": "내 역"
    },
    {
      "sn": "dis109181sent67949196",
      "source_original": "전반감사계획"
    },
    {
      "sn": "dis109181sent67949197",
      "source_original": "(감사착수단계)"
    },
    {
      "sn": "dis109181sent67949198",
      "source_original": "수행시기"
    },
    {
      "sn": "dis109181sent67949199",
      "source_original": "일"
    },
    {
      "sn": "dis109181sent67949200",
      "source_original": "주요내용"
    },
    {
      "sn": "dis109181sent67949201",
      "source_original": "회사 및 사업에 대한 전반적인 이해"
    },
    {
      "sn": "dis109181sent67949202",
      "source_original": "현장감사"
    },
    {
      "sn": "dis109181sent67949203",
      "source_original": "투입인원"
    },
    {
      "sn": "dis109181sent67949204",
      "source_original": "주요 감사업무 수행내용"
    },
    {
      "sn": "dis109181sent67949205",
      "source_original": "상주"
    },
    {
      "sn": "dis109181sent67949206",
      "source_original": "비상주"
    },
    {
      "sn": "dis109181sent67949207",
      "source_original": "명"
    },
    {
      "sn": "dis109181sent67949208",
      "source_original": "내부통제 이해 및 평가,"
    },
    {
      "sn": "dis109181sent67949209",
      "source_original": "중요 계정잔액 및 공시내용에 대해 질문, 분석적절차, 표본점검(문서검증, 재계산 등)"
    },
    {
      "sn": "dis109181sent67949210",
      "source_original": "재고자산실사(입회)"
    },
    {
      "sn": "dis109181sent67949211",
      "source_original": "실사(입회)시기"
    },
    {
      "sn": "dis109181sent67949212",
      "source_original": "실사(입회)장소"
    },
    {
      "sn": "dis109181sent67949213",
      "source_original": "실사(입회)대상"
    },
    {
      "sn": "dis109181sent67949214",
      "source_original": "금융자산실사(입회)"
    },
    {
      "sn": "dis109181sent67949215",
      "source_original": "본사"
    },
    {
      "sn": "dis109181sent67949216",
      "source_original": "현금 등"
    },
    {
      "sn": "dis109181sent67949217",
      "source_original": "외부조회"
    },
    {
      "sn": "dis109181sent67949218",
      "source_original": "금융거래조회"
    },
    {
      "sn": "dis109181sent67949219",
      "source_original": "채권채무조회"
    },
    {
      "sn": "dis109181sent67949220",
      "source_original": "변호사조회"
    },
    {
      "sn": "dis109181sent67949221",
      "source_original": "기타조회"
    },
    {
      "sn": "dis109181sent67949222",
      "source_original": "지배기구와의"
    },
    {
      "sn": "dis109181sent67949223",
      "source_original": "커뮤니케이션"
    },
    {
      "sn": "dis109181sent67949224",
      "source_original": "커뮤니케이션 횟수"
    },
    {
      "sn": "dis109181sent67949225",
      "source_original": "회"
    },
    {
      "sn": "dis109181sent67949226",
      "source_original": "외부전문가 활용"
    },
    {
      "sn": "dis109181sent67949227",
      "source_original": "감사 활용 내용"
    },
    {
      "sn": "dis109181sent67949228",
      "source_original": "4. 감사(감사위원회)와의 커뮤니케이션"
    },
    {
      "sn": "dis109181sent67949229",
      "source_original": "일자"
    },
    {
      "sn": "dis109181sent67949230",
      "source_original": "참석자"
    },
    {
      "sn": "dis109181sent67949231",
      "source_original": "방식"
    },
    {
      "sn": "dis109181sent67949232",
      "source_original": "주요 논의 내용"
    },
    {
      "sn": "dis109181sent67949233",
      "source_original": "2021년 04월 10일"
    },
    {
      "sn": "dis109181sent67949234",
      "source_original": "회사측:대표이사"
    },
    {
      "sn": "dis109181sent67949235",
      "source_original": "경리실장"
    },
    {
      "sn": "dis109181sent67949236",
      "source_original": "감사인:업무수행회계사"
    },
    {
      "sn": "dis109181sent67949237",
      "source_original": "대면"
    },
    {
      "sn": "dis109181sent67949238",
      "source_original": "독립성, 감사전략, 감사실시계획"
    },
    {
      "sn": "dis109181sent67949239",
      "source_original": "2022년 02월 21일"
    },
    {
      "sn": "dis109181sent67949240",
      "source_original": "독립성, 부정 및 부정위험, 서면진술, 기말감사 수행결과 등"
    }
  ]
}