{
  "meta": {
    "doc_no": "dis109173",
    "domain": "금융",
    "category": "공시정보",
    "license": "open",
    "source_language": "ko"
  },
  "doc_info": {
    "source": "금융감독원",
    "dis_no": 2022040600250600760,
    "doc_name": "감사보고서",
    "com_name": "주식회사 백산이엔씨",
    "date": 20220406
  },
  "sents": [
    {
      "sn": "dis109173sent67941963",
      "source_original": "감사보고서"
    },
    {
      "sn": "dis109173sent67941964",
      "source_original": "주식회사 백산이엔씨"
    },
    {
      "sn": "dis109173sent67941965",
      "source_original": "주식회사 백산이엔씨"
    },
    {
      "sn": "dis109173sent67941966",
      "source_original": "재 무 제 표 에 대 한"
    },
    {
      "sn": "dis109173sent67941967",
      "source_original": "감 사 보 고 서"
    },
    {
      "sn": "dis109173sent67941968",
      "source_original": "제 28 기"
    },
    {
      "sn": "dis109173sent67941969",
      "source_original": "2021년 01월 01일"
    },
    {
      "sn": "dis109173sent67941970",
      "source_original": "부터"
    },
    {
      "sn": "dis109173sent67941971",
      "source_original": "2021년 12월 31일"
    },
    {
      "sn": "dis109173sent67941972",
      "source_original": "까지"
    },
    {
      "sn": "dis109173sent67941973",
      "source_original": "제 27 기"
    },
    {
      "sn": "dis109173sent67941974",
      "source_original": "2020년 01월 01일"
    },
    {
      "sn": "dis109173sent67941975",
      "source_original": "2020년 12월 31일"
    },
    {
      "sn": "dis109173sent67941976",
      "source_original": "호산 공인회계사 감사반"
    },
    {
      "sn": "dis109173sent67941977",
      "source_original": "목 차"
    },
    {
      "sn": "dis109173sent67941978",
      "source_original": "Ⅰ.독립된 감사인의 감사보고서 ‥‥‥‥‥‥‥‥‥‥‥‥‥‥‥‥‥‥‥‥‥‥ 1"
    },
    {
      "sn": "dis109173sent67941979",
      "source_original": "Ⅱ. 재무제표"
    },
    {
      "sn": "dis109173sent67941980",
      "source_original": "재무상태표‥‥‥‥‥‥‥‥‥‥‥‥‥‥‥‥‥‥‥‥‥‥‥‥‥‥‥‥‥‥‥5"
    },
    {
      "sn": "dis109173sent67941981",
      "source_original": "손익계산서‥‥‥‥‥‥‥‥‥‥‥‥‥‥‥‥‥‥‥‥‥‥‥‥‥‥‥‥‥‥‥7"
    },
    {
      "sn": "dis109173sent67941982",
      "source_original": "자본변동표‥‥‥‥‥‥‥‥‥‥‥‥‥‥‥‥‥‥‥‥‥‥‥‥‥‥‥‥‥‥‥9"
    },
    {
      "sn": "dis109173sent67941983",
      "source_original": "현금흐름표‥‥‥‥‥‥‥‥‥‥‥‥‥‥‥‥‥‥‥‥‥‥‥‥‥‥‥‥‥‥ 10"
    },
    {
      "sn": "dis109173sent67941984",
      "source_original": "재무제표에 대한 주석 ‥‥‥‥‥‥‥‥‥‥‥‥‥‥‥‥‥‥‥‥‥‥‥‥‥ 12"
    },
    {
      "sn": "dis109173sent67941985",
      "source_original": "Ⅲ.외부감사 실시내용‥‥‥‥‥‥‥‥‥‥‥‥‥‥‥‥‥‥‥‥‥‥‥‥‥‥ 24"
    },
    {
      "sn": "dis109173sent67941986",
      "source_original": "독립된 감사인의 감사보고서"
    },
    {
      "sn": "dis109173sent67941987",
      "source_original": "주주 및 이사회 귀중"
    },
    {
      "sn": "dis109173sent67941988",
      "source_original": "감사의견"
    },
    {
      "sn": "dis109173sent67941989",
      "source_original": "우리는 주식회사 백산이엔씨(이하 \"회사\")의 재무제표를 감사하였습니다."
    },
    {
      "sn": "dis109173sent67941990",
      "source_original": "해당 재무제표는 2021년 12월 31일과 2020년 12월 31일 현재의 재무상태표, 동일로 종료되는 양 보고기간의 손익계산서, 자본변동표 및 현금흐름표 그리고 유의적인 회계정책의 요약을 포함한 재무제표의 주석으로 구성되어 있습니다."
    },
    {
      "sn": "dis109173sent67941991",
      "source_original": "우리의 의견으로는 회사의 재무제표는 회사의 2021년 12월 31일과 2020년 12월 31일 현재의 재무상태와 동일로 종료되는 양 보고기간의 재무성과 및 현금흐름을 일반기업회계기준에 따라, 중요성의 관점에서 공정하게 표시하고 있습니다."
    },
    {
      "sn": "dis109173sent67941992",
      "source_original": "감사의견근거"
    },
    {
      "sn": "dis109173sent67941993",
      "source_original": "우리는 대한민국의 회계감사기준에 따라 감사를 수행하였습니다."
    },
    {
      "sn": "dis109173sent67941994",
      "source_original": "이 기준에 따른 우리의 책임은 이 감사보고서의 재무제표감사에 대한 감사인의 책임 단락에 기술되어 있습니다."
    },
    {
      "sn": "dis109173sent67941995",
      "source_original": "우리는 재무제표감사와 관련된 대한민국의 윤리적 요구사항에 따라 회사로부터 독립적이며, 그러한 요구사항에 따른 기타의 윤리적 책임들을 이행하였습니다."
    },
    {
      "sn": "dis109173sent67941996",
      "source_original": "우리가 입수한 감사증거가 감사의견을 위한 근거로서 충분하고 적합하다고 우리는 믿습니다."
    },
    {
      "sn": "dis109173sent67941997",
      "source_original": "재무제표에 대한 경영진과 지배기구의 책임"
    },
    {
      "sn": "dis109173sent67941998",
      "source_original": "경영진은 일반기업회계기준에 따라 이 재무제표를 작성하고 공정하게 표시할 책임이 있으며, 부정이나 오류로 인한 중요한 왜곡표시가 없는 재무제표를 작성하는데 필요하다고 결정한 내부통제에 대해서도 책임이 있습니다."
    },
    {
      "sn": "dis109173sent67941999",
      "source_original": "경영진은 재무제표를 작성할 때, 회사의 계속기업으로서의 존속능력을 평가하고 해당되는 경우, 계속기업 관련 사항을 공시할 책임이 있습니다."
    },
    {
      "sn": "dis109173sent67942000",
      "source_original": "그리고 경영진이 기업을 청산하거나 영업을 중단할 의도가 없는 한, 회계의 계속기업전제의 사용에 대해서도 책임이 있습니다."
    },
    {
      "sn": "dis109173sent67942001",
      "source_original": "지배기구는 회사의 재무보고절차의 감시에 대한 책임이 있습니다."
    },
    {
      "sn": "dis109173sent67942002",
      "source_original": "재무제표감사에 대한 감사인의 책임"
    },
    {
      "sn": "dis109173sent67942003",
      "source_original": "우리의 목적은 회사의 재무제표에 전체적으로 부정이나 오류로 인한 중요한 왜곡 표시가 없는지에 대하여 합리적인 확신을 얻어 우리의 의견이 포함된 감사보고서를 발행하는데 있습니다."
    },
    {
      "sn": "dis109173sent67942004",
      "source_original": "합리적인 확신은 높은 수준의 확신을 의미하나, 감사 기준에 따라 수행된 감사가 항상 중요한 왜곡표시를 발견한다는 것을 보장하지는 않습니다."
    },
    {
      "sn": "dis109173sent67942005",
      "source_original": "왜곡표시는 부정이나 오류로부터 발생할 수 있으며, 왜곡표시가 재무제표를 근거로 하는 이용자의 경제적 의사결정에 개별적으로 또는 집합적으로 영향을 미칠 것이 합리적으로 예상되면, 그 왜곡표시는 중요하다고 간주됩니다."
    },
    {
      "sn": "dis109173sent67942006",
      "source_original": "감사기준에 따른 감사의 일부로서 우리는 감사의 전 과정에 걸쳐 전문가적 판단을 수행하고 전문가적 의구심을 유지하고 있습니다."
    },
    {
      "sn": "dis109173sent67942007",
      "source_original": "또한, 우리는:"
    },
    {
      "sn": "dis109173sent67942008",
      "source_original": "ㆍ부정이나 오류로 인한 재무제표의 중요왜곡표시위험을 식별하고 평가하며 그러한 위험에 대응하는 감사절차를 설계하고 수행합니다."
    },
    {
      "sn": "dis109173sent67942009",
      "source_original": "그리고 감사의견의 근거로서 충분하고 적합한 감사증거를 입수합니다."
    },
    {
      "sn": "dis109173sent67942010",
      "source_original": "부정은 공모, 위조, 의도적인 누락, 허위진술 또는 내부통제 무력화가 개입될 수 있기 때문에 부정으로 인한 중요한 왜곡표시를 발견하지 못할 위험은 오류로 인한 위험보다 큽니다."
    },
    {
      "sn": "dis109173sent67942011",
      "source_original": "ㆍ상황에 적합한 감사절차를 설계하기 위하여 감사와 관련된 내부통제를 이해합니다."
    },
    {
      "sn": "dis109173sent67942012",
      "source_original": "그러나 이는 내부통제의 효과성에 대한 의견을 표명하기 위한 것이 아닙니다."
    },
    {
      "sn": "dis109173sent67942013",
      "source_original": "ㆍ재무제표를 작성하기 위하여 경영진이 적용한 회계정책의 적합성과 경영진이 도출한 회계추정치와 관련 공시의 합리성에 대하여 평가합니다."
    },
    {
      "sn": "dis109173sent67942014",
      "source_original": "ㆍ경영진이 사용한 회계의 계속기업전제의 적절성과, 입수한 감사증거를 근거로 계속기업으로서의 존속능력에 대하여 유의적 의문을 초래할 수 있는 사건이나, 상황과 관련된 중요한 불확실성이 존재하는지 여부에 대하여 결론을 내립니다."
    },
    {
      "sn": "dis109173sent67942015",
      "source_original": "중요한 불확실성이 존재한다고 결론을 내리는 경우, 우리는 재무제표의 관련 공시에 대하여 감사보고서에 주의를 환기시키고, 이들 공시가 부적절한 경우 의견을 변형시킬 것을 요구받고 있습니다."
    },
    {
      "sn": "dis109173sent67942016",
      "source_original": "우리의 결론은 감사보고서일까지 입수된 감사증거에 기초하나, 미래의 사건이나 상황이 회사의 계속기업으로서 존속을 중단시킬 수 있습니다."
    },
    {
      "sn": "dis109173sent67942017",
      "source_original": "ㆍ공시를 포함한 재무제표의 전반적인 표시와 구조 및 내용을 평가하고, 재무제표의 기초가 되는 거래와 사건을 재무제표가 공정한 방식으로 표시하고 있는지 여부를 평가합니다."
    },
    {
      "sn": "dis109173sent67942018",
      "source_original": "우리는 여러 가지 사항들 중에서 계획된 감사범위와 시기 그리고 감사 중 식별된 유의적 내부통제 미비점 등 유의적인 감사의 발견사항에 대하여 지배기구와 커뮤니케이션합니다."
    },
    {
      "sn": "dis109173sent67942019",
      "source_original": "경상북도 구미시 송원서로 2길 23"
    },
    {
      "sn": "dis109173sent67942020",
      "source_original": "호산 공인회계사 감사반"
    },
    {
      "sn": "dis109173sent67942021",
      "source_original": "공인회계사 문 권 식"
    },
    {
      "sn": "dis109173sent67942022",
      "source_original": "공인회계사 추 종 엽"
    },
    {
      "sn": "dis109173sent67942023",
      "source_original": "공인회계사 배 일"
    },
    {
      "sn": "dis109173sent67942024",
      "source_original": "2022년 03월 19일"
    },
    {
      "sn": "dis109173sent67942025",
      "source_original": "이 감사보고서는 감사보고서일 현재로 유효한 것입니다."
    },
    {
      "sn": "dis109173sent67942026",
      "source_original": "따라서 감사보고서일 이후 이 보고서를 열람하는 시점 사이에 첨부된 회사의 재무제표에 중요한 영향을 미칠 수 있는 사건이나 상황이 발생할 수도 있으며 이로 인하여 이 감사보고서가 수정될 수도 있습니다."
    },
    {
      "sn": "dis109173sent67942027",
      "source_original": "(첨부)재 무 제 표"
    },
    {
      "sn": "dis109173sent67942028",
      "source_original": "\"첨부된 재무제표는 당사가 작성한 것입니다.\""
    },
    {
      "sn": "dis109173sent67942029",
      "source_original": "주식회사 백산이엔씨 대표이사 김주환"
    },
    {
      "sn": "dis109173sent67942030",
      "source_original": "본점 소재지 :"
    },
    {
      "sn": "dis109173sent67942031",
      "source_original": "(도로명주소)"
    },
    {
      "sn": "dis109173sent67942032",
      "source_original": "대구광역시 수성구 무학로11길 36"
    },
    {
      "sn": "dis109173sent67942033",
      "source_original": "(전 화)"
    },
    {
      "sn": "dis109173sent67942034",
      "source_original": "재 무 상 태 표"
    },
    {
      "sn": "dis109173sent67942035",
      "source_original": "제 28 기 2021년 12월 31일 현재"
    },
    {
      "sn": "dis109173sent67942036",
      "source_original": "제 27 기 2020년 12월 31일 현재"
    },
    {
      "sn": "dis109173sent67942037",
      "source_original": "주식회사 백산이앤씨"
    },
    {
      "sn": "dis109173sent67942038",
      "source_original": "(단위 : 원)"
    },
    {
      "sn": "dis109173sent67942039",
      "source_original": "과 목"
    },
    {
      "sn": "dis109173sent67942040",
      "source_original": "제 28(당) 기"
    },
    {
      "sn": "dis109173sent67942041",
      "source_original": "제 27(전) 기"
    },
    {
      "sn": "dis109173sent67942042",
      "source_original": "자 산"
    },
    {
      "sn": "dis109173sent67942043",
      "source_original": "Ⅰ. 유동자산"
    },
    {
      "sn": "dis109173sent67942044",
      "source_original": "(1) 당좌자산"
    },
    {
      "sn": "dis109173sent67942045",
      "source_original": "1. 현금 및 현금성자산"
    },
    {
      "sn": "dis109173sent67942046",
      "source_original": "주석2)"
    },
    {
      "sn": "dis109173sent67942047",
      "source_original": "2. 단기금융상품"
    },
    {
      "sn": "dis109173sent67942048",
      "source_original": "주석2,3)"
    },
    {
      "sn": "dis109173sent67942049",
      "source_original": "3. 공사미수금(주석2,9,14)"
    },
    {
      "sn": "dis109173sent67942050",
      "source_original": "대손충당금"
    },
    {
      "sn": "dis109173sent67942051",
      "source_original": "4. 단기대여금"
    },
    {
      "sn": "dis109173sent67942052",
      "source_original": "5. 미수수익"
    },
    {
      "sn": "dis109173sent67942053",
      "source_original": "6. 미수금"
    },
    {
      "sn": "dis109173sent67942054",
      "source_original": "7. 매도가능증권(주석2,4)"
    },
    {
      "sn": "dis109173sent67942055",
      "source_original": "8. 선급금"
    },
    {
      "sn": "dis109173sent67942056",
      "source_original": "9. 선급비용"
    },
    {
      "sn": "dis109173sent67942057",
      "source_original": "10. 주주임원단기채권"
    },
    {
      "sn": "dis109173sent67942058",
      "source_original": "(2) 재고자산 (주석2)"
    },
    {
      "sn": "dis109173sent67942059",
      "source_original": "1. 원재료"
    },
    {
      "sn": "dis109173sent67942060",
      "source_original": "Ⅱ. 비유동자산"
    },
    {
      "sn": "dis109173sent67942061",
      "source_original": "(1) 투자자산"
    },
    {
      "sn": "dis109173sent67942062",
      "source_original": "1. 장기금융상품"
    },
    {
      "sn": "dis109173sent67942063",
      "source_original": "2. 투자부동산"
    },
    {
      "sn": "dis109173sent67942064",
      "source_original": "3. 매도가능증권(주석2,4)"
    },
    {
      "sn": "dis109173sent67942065",
      "source_original": "(2) 유형자산(주석2,5)"
    },
    {
      "sn": "dis109173sent67942066",
      "source_original": "1. 토지"
    },
    {
      "sn": "dis109173sent67942067",
      "source_original": "2. 건물"
    },
    {
      "sn": "dis109173sent67942068",
      "source_original": "감가상각누계액"
    },
    {
      "sn": "dis109173sent67942069",
      "source_original": "3. 구축물"
    },
    {
      "sn": "dis109173sent67942070",
      "source_original": "4. 차량운반구"
    },
    {
      "sn": "dis109173sent67942071",
      "source_original": "5. 공구와기구"
    },
    {
      "sn": "dis109173sent67942072",
      "source_original": "6. 비품"
    },
    {
      "sn": "dis109173sent67942073",
      "source_original": "7. 시설장치"
    },
    {
      "sn": "dis109173sent67942074",
      "source_original": "8. 조경"
    },
    {
      "sn": "dis109173sent67942075",
      "source_original": "(3) 기타비유동자산"
    },
    {
      "sn": "dis109173sent67942076",
      "source_original": "1. 임차보증금"
    },
    {
      "sn": "dis109173sent67942077",
      "source_original": "2. 회원권"
    },
    {
      "sn": "dis109173sent67942078",
      "source_original": "3. 기타보증금"
    },
    {
      "sn": "dis109173sent67942079",
      "source_original": "자 산 총 계"
    },
    {
      "sn": "dis109173sent67942080",
      "source_original": "부 채"
    },
    {
      "sn": "dis109173sent67942081",
      "source_original": "Ⅰ. 유동부채"
    },
    {
      "sn": "dis109173sent67942082",
      "source_original": "1. 매입채무(주석14)"
    },
    {
      "sn": "dis109173sent67942083",
      "source_original": "2. 미지급금"
    },
    {
      "sn": "dis109173sent67942084",
      "source_original": "3. 미지급비용"
    },
    {
      "sn": "dis109173sent67942085",
      "source_original": "4. 예수금"
    },
    {
      "sn": "dis109173sent67942086",
      "source_original": "5. 부가세예수금"
    },
    {
      "sn": "dis109173sent67942087",
      "source_original": "6. 미지급법인세"
    },
    {
      "sn": "dis109173sent67942088",
      "source_original": "7. 하자보수충당부채(주석2)"
    },
    {
      "sn": "dis109173sent67942089",
      "source_original": "Ⅱ. 비유동부채"
    },
    {
      "sn": "dis109173sent67942090",
      "source_original": "1. 임대보증금"
    },
    {
      "sn": "dis109173sent67942091",
      "source_original": "2. 퇴직급여충당부채(주석2,6)"
    },
    {
      "sn": "dis109173sent67942092",
      "source_original": "퇴직연금운용자산"
    },
    {
      "sn": "dis109173sent67942093",
      "source_original": "부 채 총 계"
    },
    {
      "sn": "dis109173sent67942094",
      "source_original": "자 본"
    },
    {
      "sn": "dis109173sent67942095",
      "source_original": "Ⅰ. 자본금"
    },
    {
      "sn": "dis109173sent67942096",
      "source_original": "1. 보통주자본금 (주석1,7)"
    },
    {
      "sn": "dis109173sent67942097",
      "source_original": "Ⅱ. 기타포괄손익누계액"
    },
    {
      "sn": "dis109173sent67942098",
      "source_original": "1. 매도가능증권평가손익(주석4)"
    },
    {
      "sn": "dis109173sent67942099",
      "source_original": "Ⅲ. 이익잉여금(주석9)"
    },
    {
      "sn": "dis109173sent67942100",
      "source_original": "1.이익준비금"
    },
    {
      "sn": "dis109173sent67942101",
      "source_original": "2. 미처분이익잉여금"
    },
    {
      "sn": "dis109173sent67942102",
      "source_original": "자 본 총 계"
    },
    {
      "sn": "dis109173sent67942103",
      "source_original": "부 채 및 자 본 총 계"
    },
    {
      "sn": "dis109173sent67942104",
      "source_original": "\"첨부된 재무제표에 대한 주석은 본 재무제표의 일부입니다.\""
    },
    {
      "sn": "dis109173sent67942105",
      "source_original": "손 익 계 산 서"
    },
    {
      "sn": "dis109173sent67942106",
      "source_original": "제 28 기 2021년 01월 01일부터 2021년 12월 31일까지"
    },
    {
      "sn": "dis109173sent67942107",
      "source_original": "제 27 기 2020년 01월 01일부터 2020년 12월 31일까지"
    },
    {
      "sn": "dis109173sent67942108",
      "source_original": "Ⅰ. 매출액(주석2,9)"
    },
    {
      "sn": "dis109173sent67942109",
      "source_original": "Ⅱ. 매출원가"
    },
    {
      "sn": "dis109173sent67942110",
      "source_original": "Ⅲ. 매출총이익"
    },
    {
      "sn": "dis109173sent67942111",
      "source_original": "Ⅳ. 판매비와관리비"
    },
    {
      "sn": "dis109173sent67942112",
      "source_original": "1. 급여(주석13)"
    },
    {
      "sn": "dis109173sent67942113",
      "source_original": "2. 퇴직급여(주석13)"
    },
    {
      "sn": "dis109173sent67942114",
      "source_original": "3. 복리후생비(주석13)"
    },
    {
      "sn": "dis109173sent67942115",
      "source_original": "4. 여비교통비"
    },
    {
      "sn": "dis109173sent67942116",
      "source_original": "5. 접대비"
    },
    {
      "sn": "dis109173sent67942117",
      "source_original": "6. 통신비"
    },
    {
      "sn": "dis109173sent67942118",
      "source_original": "7. 수도광열비"
    },
    {
      "sn": "dis109173sent67942119",
      "source_original": "8. 세금과공과(주석13)"
    },
    {
      "sn": "dis109173sent67942120",
      "source_original": "9. 감가상각비(주석13)"
    },
    {
      "sn": "dis109173sent67942121",
      "source_original": "10. 지급임차료(주석13)"
    },
    {
      "sn": "dis109173sent67942122",
      "source_original": "11. 수선비"
    },
    {
      "sn": "dis109173sent67942123",
      "source_original": "12. 보험료"
    },
    {
      "sn": "dis109173sent67942124",
      "source_original": "13. 차량유지비"
    },
    {
      "sn": "dis109173sent67942125",
      "source_original": "14. 건강보험료"
    },
    {
      "sn": "dis109173sent67942126",
      "source_original": "15. 운반비"
    },
    {
      "sn": "dis109173sent67942127",
      "source_original": "16. 교육훈련비"
    },
    {
      "sn": "dis109173sent67942128",
      "source_original": "17. 도서인쇄비"
    },
    {
      "sn": "dis109173sent67942129",
      "source_original": "18. 사무용품비"
    },
    {
      "sn": "dis109173sent67942130",
      "source_original": "19. 소모품비"
    },
    {
      "sn": "dis109173sent67942131",
      "source_original": "20. 지급수수료"
    },
    {
      "sn": "dis109173sent67942132",
      "source_original": "21. 광고선전비"
    },
    {
      "sn": "dis109173sent67942133",
      "source_original": "22. 대손상각비"
    },
    {
      "sn": "dis109173sent67942134",
      "source_original": "23. 건물관리비"
    },
    {
      "sn": "dis109173sent67942135",
      "source_original": "24. 잡비"
    },
    {
      "sn": "dis109173sent67942136",
      "source_original": "Ⅴ. 영업이익"
    },
    {
      "sn": "dis109173sent67942137",
      "source_original": "Ⅵ. 영업외수익"
    },
    {
      "sn": "dis109173sent67942138",
      "source_original": "1. 이자수익"
    },
    {
      "sn": "dis109173sent67942139",
      "source_original": "2. 수입임대료"
    },
    {
      "sn": "dis109173sent67942140",
      "source_original": "3. 잡이익"
    },
    {
      "sn": "dis109173sent67942141",
      "source_original": "Ⅶ. 영업외비용"
    },
    {
      "sn": "dis109173sent67942142",
      "source_original": "1. 이자비용"
    },
    {
      "sn": "dis109173sent67942143",
      "source_original": "2. 기부금"
    },
    {
      "sn": "dis109173sent67942144",
      "source_original": "3. 유가증권처분손실"
    },
    {
      "sn": "dis109173sent67942145",
      "source_original": "4. 유형자산처분손실"
    },
    {
      "sn": "dis109173sent67942146",
      "source_original": "5. 잡손실"
    },
    {
      "sn": "dis109173sent67942147",
      "source_original": "Ⅷ. 법인세차감전순이익"
    },
    {
      "sn": "dis109173sent67942148",
      "source_original": "Ⅸ. 법인세비용(주석2,10)"
    },
    {
      "sn": "dis109173sent67942149",
      "source_original": "Ⅹ. 당기순이익"
    },
    {
      "sn": "dis109173sent67942150",
      "source_original": "자 본 변 동 표"
    },
    {
      "sn": "dis109173sent67942151",
      "source_original": "자 본 금"
    },
    {
      "sn": "dis109173sent67942152",
      "source_original": "잉여금"
    },
    {
      "sn": "dis109173sent67942153",
      "source_original": "조 정"
    },
    {
      "sn": "dis109173sent67942154",
      "source_original": "기타포괄"
    },
    {
      "sn": "dis109173sent67942155",
      "source_original": "손익누계액"
    },
    {
      "sn": "dis109173sent67942156",
      "source_original": "이 익"
    },
    {
      "sn": "dis109173sent67942157",
      "source_original": "총 계"
    },
    {
      "sn": "dis109173sent67942158",
      "source_original": "2020.1.1(전기초)"
    },
    {
      "sn": "dis109173sent67942159",
      "source_original": "중간배당"
    },
    {
      "sn": "dis109173sent67942160",
      "source_original": "매도가능증권평가손익"
    },
    {
      "sn": "dis109173sent67942161",
      "source_original": "당기순이익"
    },
    {
      "sn": "dis109173sent67942162",
      "source_original": "2020.12.31(전기말)"
    },
    {
      "sn": "dis109173sent67942163",
      "source_original": "2021.1.1(당기초)"
    },
    {
      "sn": "dis109173sent67942164",
      "source_original": "연차배당"
    },
    {
      "sn": "dis109173sent67942165",
      "source_original": "2021.12.31(당기말)"
    },
    {
      "sn": "dis109173sent67942166",
      "source_original": "현 금 흐 름 표"
    },
    {
      "sn": "dis109173sent67942167",
      "source_original": "Ⅰ. 영업활동으로인한현금흐름"
    },
    {
      "sn": "dis109173sent67942168",
      "source_original": "1.당기순이익"
    },
    {
      "sn": "dis109173sent67942169",
      "source_original": "2.현금의유출이없는비용등의가산"
    },
    {
      "sn": "dis109173sent67942170",
      "source_original": "가.대손상각비"
    },
    {
      "sn": "dis109173sent67942171",
      "source_original": "나.감가상각비"
    },
    {
      "sn": "dis109173sent67942172",
      "source_original": "다.유형자산처분손실"
    },
    {
      "sn": "dis109173sent67942173",
      "source_original": "라.하자보수충당금전입"
    },
    {
      "sn": "dis109173sent67942174",
      "source_original": "마.퇴직급여"
    },
    {
      "sn": "dis109173sent67942175",
      "source_original": "3.현금의유입이없는수익등의차감"
    },
    {
      "sn": "dis109173sent67942176",
      "source_original": "4.영업활동으로인한자산부채의변동"
    },
    {
      "sn": "dis109173sent67942177",
      "source_original": "가.공사미수금의감소(증가)"
    },
    {
      "sn": "dis109173sent67942178",
      "source_original": "나.미수수익의감소(증가)"
    },
    {
      "sn": "dis109173sent67942179",
      "source_original": "다.미수금의감소(증가)"
    },
    {
      "sn": "dis109173sent67942180",
      "source_original": "라.선급금의감소(증가)"
    },
    {
      "sn": "dis109173sent67942181",
      "source_original": "마.선급비용의감소(증가)"
    },
    {
      "sn": "dis109173sent67942182",
      "source_original": "바.재고자산의감소(증가)"
    },
    {
      "sn": "dis109173sent67942183",
      "source_original": "사.매입채무의증가(감소)"
    },
    {
      "sn": "dis109173sent67942184",
      "source_original": "아.미지급금의증가(감소)"
    },
    {
      "sn": "dis109173sent67942185",
      "source_original": "자.미지급비용의증가(감소)"
    },
    {
      "sn": "dis109173sent67942186",
      "source_original": "차.예수금의증가(감소)"
    },
    {
      "sn": "dis109173sent67942187",
      "source_original": "카.부가세예수금의증가(감소)"
    },
    {
      "sn": "dis109173sent67942188",
      "source_original": "타.미지급법인세의증가(감소)"
    },
    {
      "sn": "dis109173sent67942189",
      "source_original": "파.하자보수충부채의감소"
    },
    {
      "sn": "dis109173sent67942190",
      "source_original": "하.퇴직금의지급"
    },
    {
      "sn": "dis109173sent67942191",
      "source_original": "거.퇴직연금운용자산의 증가"
    },
    {
      "sn": "dis109173sent67942192",
      "source_original": "Ⅱ.투자활동으로인한현금흐름"
    },
    {
      "sn": "dis109173sent67942193",
      "source_original": "1.투자활동으로인한현금유입액"
    },
    {
      "sn": "dis109173sent67942194",
      "source_original": "가.단기금융상품의감소"
    },
    {
      "sn": "dis109173sent67942195",
      "source_original": "나.단기대여금의감소"
    },
    {
      "sn": "dis109173sent67942196",
      "source_original": "다.구축물의처분"
    },
    {
      "sn": "dis109173sent67942197",
      "source_original": "라.임차보증금의감소"
    },
    {
      "sn": "dis109173sent67942198",
      "source_original": "마.기타보증금의감소"
    },
    {
      "sn": "dis109173sent67942199",
      "source_original": "2.투자활동으로인한현금유출액"
    },
    {
      "sn": "dis109173sent67942200",
      "source_original": "가.단기금융상품의증가"
    },
    {
      "sn": "dis109173sent67942201",
      "source_original": "나.단기대여금의증가"
    },
    {
      "sn": "dis109173sent67942202",
      "source_original": "다.장기금융상품의증가"
    },
    {
      "sn": "dis109173sent67942203",
      "source_original": "라.건물의취득"
    },
    {
      "sn": "dis109173sent67942204",
      "source_original": "마.구축물의취득"
    },
    {
      "sn": "dis109173sent67942205",
      "source_original": "바.차량운반구의취득"
    },
    {
      "sn": "dis109173sent67942206",
      "source_original": "사.비품의취득"
    },
    {
      "sn": "dis109173sent67942207",
      "source_original": "아.시설장치의취득"
    },
    {
      "sn": "dis109173sent67942208",
      "source_original": "자.임차보증금의증가"
    },
    {
      "sn": "dis109173sent67942209",
      "source_original": "차.회원권의취득"
    },
    {
      "sn": "dis109173sent67942210",
      "source_original": "카.기타보증금의증가"
    },
    {
      "sn": "dis109173sent67942211",
      "source_original": "Ⅲ.재무활동으로인한현금흐름"
    },
    {
      "sn": "dis109173sent67942212",
      "source_original": "1.재무활동으로인한현금유입액"
    },
    {
      "sn": "dis109173sent67942213",
      "source_original": "가.임대보증금의증가"
    },
    {
      "sn": "dis109173sent67942214",
      "source_original": "2.재무활동으로인한현금유출액"
    },
    {
      "sn": "dis109173sent67942215",
      "source_original": "가.주주임원단기채권의증가"
    },
    {
      "sn": "dis109173sent67942216",
      "source_original": "나.임대보증금의감소"
    },
    {
      "sn": "dis109173sent67942217",
      "source_original": "다.배당금의 지급"
    },
    {
      "sn": "dis109173sent67942218",
      "source_original": "Ⅳ.현금의증가(감소)"
    },
    {
      "sn": "dis109173sent67942219",
      "source_original": "Ⅴ.기초의현금"
    },
    {
      "sn": "dis109173sent67942220",
      "source_original": "Ⅵ.기말의현금"
    },
    {
      "sn": "dis109173sent67942221",
      "source_original": "주석"
    },
    {
      "sn": "dis109173sent67942222",
      "source_original": "제 28기 2021년 12월 31일 종료회계연도"
    },
    {
      "sn": "dis109173sent67942223",
      "source_original": "제 27기 2020년 12월 31일 종료회계연도"
    },
    {
      "sn": "dis109173sent67942224",
      "source_original": "1. 회사의 개요"
    },
    {
      "sn": "dis109173sent67942225",
      "source_original": "주식회사 백산이엔씨(이하 '당사')는 1994년 9월 27일 설립되어, 기계설비공사업 및 전문소방시설공사업을 주요사업으로 하고 있습니다."
    },
    {
      "sn": "dis109173sent67942226",
      "source_original": "당기말 현재 당사는 대구광역시수성구 무학로11길 36에 본사를 두고 있습니다."
    },
    {
      "sn": "dis109173sent67942227",
      "source_original": "당기말 현재 납입자본금은 421,260천원이며, 당사의 지분은 대표이사 김주환외 특수관계자가 100%를 소유하고 있습니다."
    },
    {
      "sn": "dis109173sent67942228",
      "source_original": "2. 중요한 회계정책"
    },
    {
      "sn": "dis109173sent67942229",
      "source_original": "재무제표 작성에 적용된 중요한 회계정책은 아래에 제시되어 있습니다."
    },
    {
      "sn": "dis109173sent67942230",
      "source_original": "이러한 정책"
    },
    {
      "sn": "dis109173sent67942231",
      "source_original": "은 별도의 언급이 없다면, 표시된 회계기간에 계속적으로 적용되었습니다."
    },
    {
      "sn": "dis109173sent67942232",
      "source_original": "(1) 재무제표 작성기준"
    },
    {
      "sn": "dis109173sent67942233",
      "source_original": "당사는 일반기업회계기준을 적용하고 있습니다."
    },
    {
      "sn": "dis109173sent67942234",
      "source_original": "일반기업회계기준은 '주식회사의 외"
    },
    {
      "sn": "dis109173sent67942235",
      "source_original": "부감사에 관한 법률'의 적용대상기업 중 한국채택국제회계기준에 따라 회계처리하지"
    },
    {
      "sn": "dis109173sent67942236",
      "source_original": "아니하는 기업에 적용되는 기준입니다."
    },
    {
      "sn": "dis109173sent67942237",
      "source_original": "(2) 현금및현금성자산"
    },
    {
      "sn": "dis109173sent67942238",
      "source_original": "당사는 통화 및 타인발행수표 등 통화대용증권과 당좌예금, 보통예금 및 큰 거래비용없이 현금으로 전환이 용이하고 이자율 변동에 따른 가치변동이 중요하지 않은 금융상품으로서 취득당시 만기일(또는 상환일)이 3개월 이내인 것을 현금및현금성자산으로 분류하고 있습니다"
    },
    {
      "sn": "dis109173sent67942239",
      "source_original": "(3) 금융상품"
    },
    {
      "sn": "dis109173sent67942240",
      "source_original": "단기금융상품은 단기적 자금운용 목적으로 소유하거나 기한이 1년이내에 도래하는"
    },
    {
      "sn": "dis109173sent67942241",
      "source_original": "금융기관의 정기예금, 정기적금 등을 말하며, 장기금융상품은 유동자산에 속하지 않"
    },
    {
      "sn": "dis109173sent67942242",
      "source_original": "는 금융상품을 말합니다."
    },
    {
      "sn": "dis109173sent67942243",
      "source_original": "(4) 대손충당금"
    },
    {
      "sn": "dis109173sent67942244",
      "source_original": "당사는 회수가 불확실한 매출채권 등에 대하여 합리적이고 객관적인 기준에 따라 산"
    },
    {
      "sn": "dis109173sent67942245",
      "source_original": "출한 대손추산액을 대손충당금으로 설정하고 있습니다."
    },
    {
      "sn": "dis109173sent67942246",
      "source_original": "대손추산액에는 대손충당금"
    },
    {
      "sn": "dis109173sent67942247",
      "source_original": "잔액을 차감한 금액을 대손상각비로 인식하며, 상거래에서 발생한 매출채권에 대한"
    },
    {
      "sn": "dis109173sent67942248",
      "source_original": "대손상각비는 판매비와관리비로 계상하고, 기타채권에 대한 대손상각비는 영업외비"
    },
    {
      "sn": "dis109173sent67942249",
      "source_original": "용으로 계상하고 있습니다."
    },
    {
      "sn": "dis109173sent67942250",
      "source_original": "회수가 불가능한 채권은 대손충당금과 상계하고, 대손충"
    },
    {
      "sn": "dis109173sent67942251",
      "source_original": "당금이 부족한 경우에는 그 부족액을 대손상각비로 인식하고 있습니다."
    },
    {
      "sn": "dis109173sent67942252",
      "source_original": "(5) 유가증권"
    },
    {
      "sn": "dis109173sent67942253",
      "source_original": "유가증권은 개별법을 적용하여 원가를 산정하고 있으며, 당사는 지분증권과 채무증"
    },
    {
      "sn": "dis109173sent67942254",
      "source_original": "권에 대한 투자에 대하여 취득목적과 보유의도에 따라 단기매매증권, 매도가능증권"
    },
    {
      "sn": "dis109173sent67942255",
      "source_original": "과 만기보유증권으로 분류하고 있습니다."
    },
    {
      "sn": "dis109173sent67942256",
      "source_original": "단기매매증권은 단기투자자산으로 분류하"
    },
    {
      "sn": "dis109173sent67942257",
      "source_original": "고, 매도가능증권 및 만기보유증권은 장기투자자산으로 분류하고 있으나 보고기간종"
    },
    {
      "sn": "dis109173sent67942258",
      "source_original": "료일로부터 1년 이내에 만기가 도래하거나 또는 매도 등에 의하여 처분할 것이 거의"
    },
    {
      "sn": "dis109173sent67942259",
      "source_original": "확실한 경우에는 단기투자자산으로 분류하고 있습니다."
    },
    {
      "sn": "dis109173sent67942260",
      "source_original": "만기보유증권은 상각후 취득원가로 평가하며, 단기매매증권과 매도가능증권은 공정"
    },
    {
      "sn": "dis109173sent67942261",
      "source_original": "가치로 평가하고 있습니다."
    },
    {
      "sn": "dis109173sent67942262",
      "source_original": "다만, 매도가능증권 중 시장성이 없는 지분증권의 공정가치를 신뢰성 있게 측정할 수 없는 경우에는 취득원가로 평가하고 있습니다."
    },
    {
      "sn": "dis109173sent67942263",
      "source_original": "단기매매증권평가손익은 당기손익으로 인식하고 있으며, 매도가능증권평가손익은"
    },
    {
      "sn": "dis109173sent67942264",
      "source_original": "기타포괄손익누계액으로 인식하고 그 매도가능증권을 처분하거나 손상차손을 인식"
    },
    {
      "sn": "dis109173sent67942265",
      "source_original": "하는 시점에 일괄하여 당기손익에 반영하고 있습니다."
    },
    {
      "sn": "dis109173sent67942266",
      "source_original": "당사는 유가증권으로부터 회수할 수 있을 것으로 추정되는 금액(이하 \"회수가능액\")"
    },
    {
      "sn": "dis109173sent67942267",
      "source_original": "이 채무증권의 상각후원가 또는 지분증권의 취득원가보다 작은 경우에는, 손상차손"
    },
    {
      "sn": "dis109173sent67942268",
      "source_original": "을 인식할 것을 고려합니다."
    },
    {
      "sn": "dis109173sent67942269",
      "source_original": "손상차손의 발생에 대한 객관적인 증거가 있는지는 보고"
    },
    {
      "sn": "dis109173sent67942270",
      "source_original": "기간종료일마다 평가하고 그러한 증거가 있는 경우에는 손상차손이 불필요하다는 명"
    },
    {
      "sn": "dis109173sent67942271",
      "source_original": "백한 반증이 없는 한, 회수가능액을 추정하여 손상차손을 인식하고 있습니다."
    },
    {
      "sn": "dis109173sent67942272",
      "source_original": "손상차"
    },
    {
      "sn": "dis109173sent67942273",
      "source_original": "손 금액은 당기손익에 반영됩니다."
    },
    {
      "sn": "dis109173sent67942274",
      "source_original": "손상차손의 회복이 손상차손 인식 후에 발생한 사건과 객관적으로 관련된 경우, 만기"
    },
    {
      "sn": "dis109173sent67942275",
      "source_original": "보유증권 또는 원가로 평가하는 매도가능증권의 경우에는 회복된 금액을 당기이익으"
    },
    {
      "sn": "dis109173sent67942276",
      "source_original": "로 인식하되, 회복 후 장부금액이 당초에 손상차손을 인식하지 않았다면 회복일 현재"
    },
    {
      "sn": "dis109173sent67942277",
      "source_original": "의 상각후원가(매도가능증권의 경우, 취득원가)가 되었을 금액을 초과하지 않도록 합"
    },
    {
      "sn": "dis109173sent67942278",
      "source_original": "니다. 공정가치로 평가하는 매도가능증권의 경우에는 이전에 인식하였던 손상차손"
    },
    {
      "sn": "dis109173sent67942279",
      "source_original": "금액을 한도로 하여 회복된 금액을 당기이익으로 인식합니다."
    },
    {
      "sn": "dis109173sent67942280",
      "source_original": "(6) 재고자산"
    },
    {
      "sn": "dis109173sent67942281",
      "source_original": "당사의 재고자산은 선입선출법에 의해 산정된 취득원가로 평가하고 있으며, 연중 계속기록법에 의하여 수량 및 금액을 계산하고 매 기말 실지재고조사를 실시하여 그 기록을 조정하고 있습니다."
    },
    {
      "sn": "dis109173sent67942282",
      "source_original": "또한, 보고기간종료일 현재 재고자산의 시가(제품, 상품 및반제품은 순실현가능가액, 원재료 등은 현행대체원가)가 취득원가보다 하락한 경우에는 시가를 재무상태표가액으로 하고 있습니다."
    },
    {
      "sn": "dis109173sent67942283",
      "source_original": "재고자산의 저가법 적용으로 발생하는 평가손실은 당해 재고자산에서 차감하는 형식으로 표시하고 이를 매출원가에 가산하고 있습니다."
    },
    {
      "sn": "dis109173sent67942284",
      "source_original": "한편, 저가법의 적용에 따른 평가손실을 초래했던 상황이 해소되어 새로운 시가가 장부가액보다 상승한 경우에는 최초의 장부가액을 초과하지 않는 범위 내에서 평가손실을 환입하고 있습니다."
    },
    {
      "sn": "dis109173sent67942285",
      "source_original": "(7) 유형자산"
    },
    {
      "sn": "dis109173sent67942286",
      "source_original": "당사는 유형자산을 최초에는 취득원가(구입원가 또는 제작원가 및 경영진이 의도하는 방식으로 자산을 가동하는데 필요한 장소와 상태에 이르게 하는데 직접 관련되는 지출 등으로 구성되며 매입할인 등이 있는 경우에는 이를 차감)로 측정하며, 현물출자, 증여, 기타무상으로 취득한 유형자산은 공정가치를 취득원가로 하고 있습니다."
    },
    {
      "sn": "dis109173sent67942287",
      "source_original": "한편, 동종자산과의 교환으로 받은 유형자산의 취득원가는 교환으로 제공한 자산의 장부금액으로, 다른 종류의 자산과의 교환으로 취득한 자산의 취득원가는 교환을 위하여 제공한 자산의 공정가치로 측정하고, 제공한 자산의 공정가치가 불확실한 경우에는 교환으로 취득한 자산의 공정가치로 측정하고 있습니다."
    },
    {
      "sn": "dis109173sent67942288",
      "source_original": "당사는 유형자산의 취득 또는 완성 후의 지출이 자산으로부터 발생하는 미래경제적효익이 유입될 가능성이 높으며, 그 원가를 신뢰성 있게 측정할 수 있는 경우에 한하여 자본적 지출로 처리하고 적절한 경우 별도의 자산으로 인식하고 교체된 자산은 재무상태표에서 제거하고 있습니다."
    },
    {
      "sn": "dis109173sent67942289",
      "source_original": "한편, 수선유지를 위한 지출에는 발생한 기간의 비용으로 인식하고 있습니다."
    },
    {
      "sn": "dis109173sent67942290",
      "source_original": "유형자산에 대한 감가상각은 자산이 사용가능한 때(경영진이 의도하는 방식으로 자산을 가동하는데 필요한 장소와 상태에 이른때)부터 아래의 자산별 내용연수 및 상각방법에 의하여 계상하고 있습니다."
    },
    {
      "sn": "dis109173sent67942291",
      "source_original": "각 기간의 감가상각비는 다른 자산의 제조와 관련된 경우에는 관련 자산의 공사원가로, 그 밖의 경우에는 판매비와관리비로 계상하고 있습니다."
    },
    {
      "sn": "dis109173sent67942292",
      "source_original": "계 정 과 목"
    },
    {
      "sn": "dis109173sent67942293",
      "source_original": "내 용 연 수"
    },
    {
      "sn": "dis109173sent67942294",
      "source_original": "상 각 방 법"
    },
    {
      "sn": "dis109173sent67942295",
      "source_original": "건 물"
    },
    {
      "sn": "dis109173sent67942296",
      "source_original": "40년"
    },
    {
      "sn": "dis109173sent67942297",
      "source_original": "정액법"
    },
    {
      "sn": "dis109173sent67942298",
      "source_original": "구 축 물"
    },
    {
      "sn": "dis109173sent67942299",
      "source_original": "20년"
    },
    {
      "sn": "dis109173sent67942300",
      "source_original": "차 량 운 반 구"
    },
    {
      "sn": "dis109173sent67942301",
      "source_original": "5년"
    },
    {
      "sn": "dis109173sent67942302",
      "source_original": "정률법/ 정액법"
    },
    {
      "sn": "dis109173sent67942303",
      "source_original": "공구와기구/비품"
    },
    {
      "sn": "dis109173sent67942304",
      "source_original": "정률법"
    },
    {
      "sn": "dis109173sent67942305",
      "source_original": "시 설 장 치"
    },
    {
      "sn": "dis109173sent67942306",
      "source_original": "10년"
    },
    {
      "sn": "dis109173sent67942307",
      "source_original": "당사는 내용연수 도중 사용을 중단하고, 처분 또는 폐기할 예정인 유형자산은 감가상각을 하지 않는 대신 사용을 중단한 시점의 장부금액을 투자자산으로 재분류하고, 손상차손 발생 여부를 매 회계연도 말에 검토하고 있습니다."
    },
    {
      "sn": "dis109173sent67942308",
      "source_original": "다만, 내용연수 도중 사용을 중단하였으나, 장래 사용을 재개할 예정인 유형자산에 대해서는 감가상각을 하되,그 감가상각비는 운휴자산감가상각비의 과목으로 하여 영업외비용으로 처리하고 있습니다."
    },
    {
      "sn": "dis109173sent67942309",
      "source_original": "(8) 퇴직급여충당부채"
    },
    {
      "sn": "dis109173sent67942310",
      "source_original": "당사는 보고기간말 현재 1년 이상 근속한 전종업원이 일시에 퇴직할 경우 지급하여야 할 퇴직금(근로기준법과 당사의 퇴직금지급 규정 중 큰 금액)에 상당하는 금액을퇴직급여충당부채로 계상하고 있습니다."
    },
    {
      "sn": "dis109173sent67942311",
      "source_original": "당사의 퇴직연금제도는 확정급여형 퇴직연금제도로서 수급요건을 갖춘 종업원은 퇴직시에 확정된 연금을 수령하게 됩니다."
    },
    {
      "sn": "dis109173sent67942312",
      "source_original": "종업원이 퇴직하기 전에는 보고기간말 현재 종업원이 퇴직할 경우 지급하여야 할 퇴직일시금에 상당하는 금액을 퇴직급여충당부채로 계상하고 있습니다."
    },
    {
      "sn": "dis109173sent67942313",
      "source_original": "퇴직연금제도에서 운용되는 자산은 퇴직연금운용자산의 과목으로 하여 퇴직급여 관련 부채, 즉 퇴직급여충당부채에서 차감하는 형식으로 표시하고 있습니다."
    },
    {
      "sn": "dis109173sent67942314",
      "source_original": "(9) 충당부채"
    },
    {
      "sn": "dis109173sent67942315",
      "source_original": "당사는 과거사건이나 거래의 결과로 존재하는 현재 의무의 이행을 위하여 자원이 유출될 가능성이 매우 높고 동 손실의 금액을 신뢰성 있게 추정할 수 있는 경우에 그 손실금액을 충당부채로 계상하고 있습니다."
    },
    {
      "sn": "dis109173sent67942316",
      "source_original": "또한, 당사는 과거사건은 발생하였으나 불확실한 미래사건의 발생여부에 의해서 존재여부가 확인되는 잠재적인 의무가 있는 경우 또는 과거사건이나 거래의 결과 현재의무가 존재하나 자원이 유출될 가능성이 매우 높지 않거나 당해 의무를 이행하여야 할 금액을 신뢰성 있게 추정할 수 없는 경우 우발부채로 주석 기재하고 있습니다."
    },
    {
      "sn": "dis109173sent67942317",
      "source_original": "(10) 수익의 인식"
    },
    {
      "sn": "dis109173sent67942318",
      "source_original": "공사수익은 공사결과를 신뢰성 있게 추정할 수 있을 때 재무제표일 현재의 공사진행률에 따라 인식하며, 공사진행률은 총공사예정원가에 대한 실제공사비 발생액의 비율로 산정하고 있습니다."
    },
    {
      "sn": "dis109173sent67942319",
      "source_original": "공사결과를 신뢰성 있게 추정할 수 없기 때문에 진행기준을적용할 수 없는 경우, 공사수익은 회수가능성이 매우 높은 발생원가의 범위 내에서만인식하고, 공사원가는 발생된 회계기간의 비용으로 인식하고 있습니다."
    },
    {
      "sn": "dis109173sent67942320",
      "source_original": "계약과 직접 관련되며 계약을 획득하기 위해 공사계약 체결전에 부담한 지출은 개별적으로 식별이 가능하며 신뢰성 있게 측정할 수 있고 계약의 체결가능성이 매우 높은경우 경과적으로 선급공사원가로 계상하며 당해 공사를 착수한 후 공사원가로 대체하고 있습니다."
    },
    {
      "sn": "dis109173sent67942321",
      "source_original": "(11) 법인세회계"
    },
    {
      "sn": "dis109173sent67942322",
      "source_original": "당기법인세부담액(환급액)은 손익계산서상 법인세비용의 계산에 반영하고 있으며, 이 경우 전기 이전의 기간과 관련된 법인세부담액(환급액)을 당기에 인식한 금액(법인세 추납액 또는 환급액)은 당기법인세부담액(환급액)으로 하여 법인세비용에 포함하고 있습니다."
    },
    {
      "sn": "dis109173sent67942323",
      "source_original": "(12) 중소기업 회계처리 특례"
    },
    {
      "sn": "dis109173sent67942324",
      "source_original": "당사는 중소기업기본법 상의 중소기업에 해당하며, 다음의 사항에 대하여는 일반기업회계기준 제31장 \"중소기업 회계처리 특례\"에 따라 회계처리하고 있습니다."
    },
    {
      "sn": "dis109173sent67942325",
      "source_original": "항 목"
    },
    {
      "sn": "dis109173sent67942326",
      "source_original": "특 례 내 역"
    },
    {
      "sn": "dis109173sent67942327",
      "source_original": "유형자산"
    },
    {
      "sn": "dis109173sent67942328",
      "source_original": "내용연수 및 잔존가치 결정시 법인세법 규정에 따름"
    },
    {
      "sn": "dis109173sent67942329",
      "source_original": "현재가치평가"
    },
    {
      "sn": "dis109173sent67942330",
      "source_original": "장기연불조건의 매매거래 및 장기금전대차거래 등에서 발생하는 채권ㆍ채무는 현재가치가 아닌 명목가치로 평가"
    },
    {
      "sn": "dis109173sent67942331",
      "source_original": "법인세비용"
    },
    {
      "sn": "dis109173sent67942332",
      "source_original": "법인세비용은 법인세법 등의 법령에 의하여 납부하여야 할 금액으로 계상"
    },
    {
      "sn": "dis109173sent67942333",
      "source_original": "(13) 추정의 사용"
    },
    {
      "sn": "dis109173sent67942334",
      "source_original": "한국의 일반기업회계기준에 따라 재무제표를 작성하기 위해서 당사는 자산 및 부채의 금액, 충당부채 등에 대한 공시, 수익 및 비용의 측정과 관련하여 많은 합리적인 추정과 가정을 사용합니다."
    },
    {
      "sn": "dis109173sent67942335",
      "source_original": "여기에는 유형자산의 장부금액, 매출채권, 재고자산 등에 대한 평가 등이 포함됩니다."
    },
    {
      "sn": "dis109173sent67942336",
      "source_original": "이러한 평가금액은 실제와 다를 수 있으며 차기에 유의적으로 조정될 가능성이 있습니다."
    },
    {
      "sn": "dis109173sent67942337",
      "source_original": "금융상품"
    },
    {
      "sn": "dis109173sent67942338",
      "source_original": "당기말 및 전기말 현재 금융상품의 내역은 다음과 같습니다."
    },
    {
      "sn": "dis109173sent67942339",
      "source_original": "(단위 : 원)"
    },
    {
      "sn": "dis109173sent67942340",
      "source_original": "계 정"
    },
    {
      "sn": "dis109173sent67942341",
      "source_original": "구 분"
    },
    {
      "sn": "dis109173sent67942342",
      "source_original": "거 래 처"
    },
    {
      "sn": "dis109173sent67942343",
      "source_original": "당 기"
    },
    {
      "sn": "dis109173sent67942344",
      "source_original": "전 기"
    },
    {
      "sn": "dis109173sent67942345",
      "source_original": "단기금융상품"
    },
    {
      "sn": "dis109173sent67942346",
      "source_original": "적 금"
    },
    {
      "sn": "dis109173sent67942347",
      "source_original": "국민은행"
    },
    {
      "sn": "dis109173sent67942348",
      "source_original": "대구은행"
    },
    {
      "sn": "dis109173sent67942349",
      "source_original": "저축성예금"
    },
    {
      "sn": "dis109173sent67942350",
      "source_original": "삼성생명보험"
    },
    {
      "sn": "dis109173sent67942351",
      "source_original": "한화생명보험"
    },
    {
      "sn": "dis109173sent67942352",
      "source_original": "소 계"
    },
    {
      "sn": "dis109173sent67942353",
      "source_original": "장기금융상품"
    },
    {
      "sn": "dis109173sent67942354",
      "source_original": "KB손해보험"
    },
    {
      "sn": "dis109173sent67942355",
      "source_original": "퇴직신탁주식형"
    },
    {
      "sn": "dis109173sent67942356",
      "source_original": "특정현금과예금"
    },
    {
      "sn": "dis109173sent67942357",
      "source_original": "내일채움공제"
    },
    {
      "sn": "dis109173sent67942358",
      "source_original": "합 계"
    },
    {
      "sn": "dis109173sent67942359",
      "source_original": "4. 유가증권"
    },
    {
      "sn": "dis109173sent67942360",
      "source_original": "당기말 및 전기말 현재 유가증권의 내역은 다음과 같습니다."
    },
    {
      "sn": "dis109173sent67942361",
      "source_original": "내 역"
    },
    {
      "sn": "dis109173sent67942362",
      "source_original": "취 득 가 액"
    },
    {
      "sn": "dis109173sent67942363",
      "source_original": "공 정 가 치"
    },
    {
      "sn": "dis109173sent67942364",
      "source_original": "장 부 가 액"
    },
    {
      "sn": "dis109173sent67942365",
      "source_original": "미실현보유손익누계"
    },
    {
      "sn": "dis109173sent67942366",
      "source_original": "매도가능증권(유동)"
    },
    {
      "sn": "dis109173sent67942367",
      "source_original": "국민주택채권"
    },
    {
      "sn": "dis109173sent67942368",
      "source_original": "매도가능증권(비유동)"
    },
    {
      "sn": "dis109173sent67942369",
      "source_original": "대한설비공제조합 출자금"
    },
    {
      "sn": "dis109173sent67942370",
      "source_original": "5. 유형자산"
    },
    {
      "sn": "dis109173sent67942371",
      "source_original": "(1) 당기 및 전기의 유형자산 변동내역은 다음과 같습니다."
    },
    {
      "sn": "dis109173sent67942372",
      "source_original": "기 초 잔 액"
    },
    {
      "sn": "dis109173sent67942373",
      "source_original": "취 득"
    },
    {
      "sn": "dis109173sent67942374",
      "source_original": "처 분"
    },
    {
      "sn": "dis109173sent67942375",
      "source_original": "대체"
    },
    {
      "sn": "dis109173sent67942376",
      "source_original": "감가상각비"
    },
    {
      "sn": "dis109173sent67942377",
      "source_original": "기 말 금 액"
    },
    {
      "sn": "dis109173sent67942378",
      "source_original": "토 지"
    },
    {
      "sn": "dis109173sent67942379",
      "source_original": "차량운반구"
    },
    {
      "sn": "dis109173sent67942380",
      "source_original": "공구와기구"
    },
    {
      "sn": "dis109173sent67942381",
      "source_original": "비 품"
    },
    {
      "sn": "dis109173sent67942382",
      "source_original": "시설장치"
    },
    {
      "sn": "dis109173sent67942383",
      "source_original": "조 경"
    },
    {
      "sn": "dis109173sent67942384",
      "source_original": "건설중인자산"
    },
    {
      "sn": "dis109173sent67942385",
      "source_original": "(2) 보험가입내역"
    },
    {
      "sn": "dis109173sent67942386",
      "source_original": "당기말 현재 당사 소유차량에 대하여 종합보험에 가입하고 있으며, 전 임직원에 대하여 산재보험에 가입하고 있습니다."
    },
    {
      "sn": "dis109173sent67942387",
      "source_original": "6. 퇴직급여충당부채"
    },
    {
      "sn": "dis109173sent67942388",
      "source_original": "(1) 당기와 전기 중 퇴직급여충당부채의 변동내역은 다음과 같습니다."
    },
    {
      "sn": "dis109173sent67942389",
      "source_original": "( 단위 : 원)"
    },
    {
      "sn": "dis109173sent67942390",
      "source_original": "기중 퇴직금지급액"
    },
    {
      "sn": "dis109173sent67942391",
      "source_original": "당 기 말 설 정 액"
    },
    {
      "sn": "dis109173sent67942392",
      "source_original": "당 기 말 잔 액"
    },
    {
      "sn": "dis109173sent67942393",
      "source_original": "(2) 당기말과 전기말 퇴직연금 운용자산의 내역은 다음과 같습니다."
    },
    {
      "sn": "dis109173sent67942394",
      "source_original": "( 단위 : 원)"
    },
    {
      "sn": "dis109173sent67942395",
      "source_original": "금 융 기 관"
    },
    {
      "sn": "dis109173sent67942396",
      "source_original": "당 기 말"
    },
    {
      "sn": "dis109173sent67942397",
      "source_original": "전 기 말"
    },
    {
      "sn": "dis109173sent67942398",
      "source_original": "7. 자본금"
    },
    {
      "sn": "dis109173sent67942399",
      "source_original": "당기말 현재 당사의 자본금은 변동이 없으며 관련한 내역은 다음과 같습니다."
    },
    {
      "sn": "dis109173sent67942400",
      "source_original": "( 단위 : 주, 원)"
    },
    {
      "sn": "dis109173sent67942401",
      "source_original": "발행할 주식의 총수"
    },
    {
      "sn": "dis109173sent67942402",
      "source_original": "1주당 금액"
    },
    {
      "sn": "dis109173sent67942403",
      "source_original": "발행한 주식수"
    },
    {
      "sn": "dis109173sent67942404",
      "source_original": "자본금"
    },
    {
      "sn": "dis109173sent67942405",
      "source_original": "* 당사는 전전기중 1,200주의 자기주식을 취득하여 이익처분에 의한 감자를 수행하였으며, 따라서 주식수 및 액면가액의 합계액과 자본금의 가액이 일치하지 않습니다."
    },
    {
      "sn": "dis109173sent67942406",
      "source_original": "8. 이익잉여금"
    },
    {
      "sn": "dis109173sent67942407",
      "source_original": "당기와 전기의 이익잉여금처분계산서는 다음과 같습니다."
    },
    {
      "sn": "dis109173sent67942408",
      "source_original": "처분예정일: 2022년 3월 31일"
    },
    {
      "sn": "dis109173sent67942409",
      "source_original": "처분확정일: 2021년 4월 7일"
    },
    {
      "sn": "dis109173sent67942410",
      "source_original": "Ⅰ. 미처분이익잉여금"
    },
    {
      "sn": "dis109173sent67942411",
      "source_original": "1. 전기이월미처분이익잉여금"
    },
    {
      "sn": "dis109173sent67942412",
      "source_original": "2. 중간배당"
    },
    {
      "sn": "dis109173sent67942413",
      "source_original": "3. 당기순이익"
    },
    {
      "sn": "dis109173sent67942414",
      "source_original": "Ⅱ. 이익잉여금 처분액"
    },
    {
      "sn": "dis109173sent67942415",
      "source_original": "1. 이익준비금적립"
    },
    {
      "sn": "dis109173sent67942416",
      "source_original": "2. 연차배당"
    },
    {
      "sn": "dis109173sent67942417",
      "source_original": "Ⅲ. 차기이월미처분이익잉여금"
    },
    {
      "sn": "dis109173sent67942418",
      "source_original": "9.건설형 공사계약"
    },
    {
      "sn": "dis109173sent67942419",
      "source_original": "(1) 진행중인 주요 건설형 매출계약의 개요는 다음과 같습니다."
    },
    {
      "sn": "dis109173sent67942420",
      "source_original": "( 단위 : 천원)"
    },
    {
      "sn": "dis109173sent67942421",
      "source_original": "계 약 금 액"
    },
    {
      "sn": "dis109173sent67942422",
      "source_original": "총 예 정 원 가"
    },
    {
      "sn": "dis109173sent67942423",
      "source_original": "총손익예상액"
    },
    {
      "sn": "dis109173sent67942424",
      "source_original": "(2) 진행중인 주요 건설형 매출계약의 손익내용은 다음과 같습니다."
    },
    {
      "sn": "dis109173sent67942425",
      "source_original": "누 적 수 익"
    },
    {
      "sn": "dis109173sent67942426",
      "source_original": "누 적 원 가"
    },
    {
      "sn": "dis109173sent67942427",
      "source_original": "누 적 손 익"
    },
    {
      "sn": "dis109173sent67942428",
      "source_original": "(3) 기중 건설형 매출계약의 잔액 변동내용은 다음과 같습니다."
    },
    {
      "sn": "dis109173sent67942429",
      "source_original": "기 초 계 약 잔 액"
    },
    {
      "sn": "dis109173sent67942430",
      "source_original": "신 규 수 주 액"
    },
    {
      "sn": "dis109173sent67942431",
      "source_original": "수 익 인 식 액"
    },
    {
      "sn": "dis109173sent67942432",
      "source_original": "기 말 계 약 잔 액"
    },
    {
      "sn": "dis109173sent67942433",
      "source_original": "(4) 공사계약과 관련한 대금청구내역은 다음과 같습니다."
    },
    {
      "sn": "dis109173sent67942434",
      "source_original": "청구된 미수금"
    },
    {
      "sn": "dis109173sent67942435",
      "source_original": "미 청 구 금 액"
    },
    {
      "sn": "dis109173sent67942436",
      "source_original": "10. 법인세비용"
    },
    {
      "sn": "dis109173sent67942437",
      "source_original": "당사는 당기중 4,446,018천원(전기중 9,239,728천원)의 법인세차감전순이익이 발생하였으며, 1,037,252천원(전기중 1,984,050천원)의 법인세비용을 계상하여 23%(전기중 21%)의 실효세율을 계상하였습니다."
    },
    {
      "sn": "dis109173sent67942438",
      "source_original": "11. 기본주당이익"
    },
    {
      "sn": "dis109173sent67942439",
      "source_original": "기본주당이익은 보통주 1주에 대한 이익을 계산한 것으로 그 내역은 다음과 같습니다."
    },
    {
      "sn": "dis109173sent67942440",
      "source_original": "( 단위 : 주, 원)"
    },
    {
      "sn": "dis109173sent67942441",
      "source_original": "보통주순이익"
    },
    {
      "sn": "dis109173sent67942442",
      "source_original": "가중평균유통보통주식수"
    },
    {
      "sn": "dis109173sent67942443",
      "source_original": "기본주당이익"
    },
    {
      "sn": "dis109173sent67942444",
      "source_original": "12. 현금흐름표"
    },
    {
      "sn": "dis109173sent67942445",
      "source_original": "당사는 현금흐름표상의 영업활동으로 인한 현금흐름표를 간접법으로 작성하였으며, 현금의 유입과 유출이 없는 유의적인 거래는 다음과 같습니다."
    },
    {
      "sn": "dis109173sent67942446",
      "source_original": "매도가능증권(비유동)의평가의 기타포괄손익 계상"
    },
    {
      "sn": "dis109173sent67942447",
      "source_original": "건설중인자산의 건물 대체"
    },
    {
      "sn": "dis109173sent67942448",
      "source_original": "시설장치의 건물대체(순액)"
    },
    {
      "sn": "dis109173sent67942449",
      "source_original": "이익잉여금의 이익준비금 대체"
    },
    {
      "sn": "dis109173sent67942450",
      "source_original": "한편, 현금흐름표상의 현금은 재무상태표상의 현금및현금성자산입니다."
    },
    {
      "sn": "dis109173sent67942451",
      "source_original": "13. 부가가치계산에 필요한 사항"
    },
    {
      "sn": "dis109173sent67942452",
      "source_original": "당사의 판매비와관리비에 포함된 부가가치의 계산에 필요한 사항은 다음과 같습니다."
    },
    {
      "sn": "dis109173sent67942453",
      "source_original": "판 매 비 와 관 리 비"
    },
    {
      "sn": "dis109173sent67942454",
      "source_original": "공 사 원 가"
    },
    {
      "sn": "dis109173sent67942455",
      "source_original": "급 여"
    },
    {
      "sn": "dis109173sent67942456",
      "source_original": "퇴 직 급 여"
    },
    {
      "sn": "dis109173sent67942457",
      "source_original": "퇴직공제 부금"
    },
    {
      "sn": "dis109173sent67942458",
      "source_original": "복 리 후 생 비"
    },
    {
      "sn": "dis109173sent67942459",
      "source_original": "감 가 상 각 비"
    },
    {
      "sn": "dis109173sent67942460",
      "source_original": "임 차 료"
    },
    {
      "sn": "dis109173sent67942461",
      "source_original": "세 금 과 공 과"
    },
    {
      "sn": "dis109173sent67942462",
      "source_original": "14. 우발채무와 약정사항"
    },
    {
      "sn": "dis109173sent67942463",
      "source_original": "당기말 현재 당사는 국민은행과 매입거래처와 관련한 구매카드론에 관하여 500백만원 한도의 약정을 체결하고 있으며, 당기말 현재 당사의"
    },
    {
      "sn": "dis109173sent67942464",
      "source_original": "구매카드론은 124"
    },
    {
      "sn": "dis109173sent67942465",
      "source_original": "백만원(전기말 86백만"
    },
    {
      "sn": "dis109173sent67942466",
      "source_original": "원)이며, 매입채무에 계상되어 있습니다."
    },
    {
      "sn": "dis109173sent67942467",
      "source_original": "외부감사 실시내용"
    },
    {
      "sn": "dis109173sent67942468",
      "source_original": "「주식회사 등의 외부감사에 관한 법률」제18조제3항의 규정에 의하여 외부감사 실시내용을 첨부합니다."
    },
    {
      "sn": "dis109173sent67942469",
      "source_original": "1. 감사대상업무"
    },
    {
      "sn": "dis109173sent67942470",
      "source_original": "회 사 명"
    },
    {
      "sn": "dis109173sent67942471",
      "source_original": "감사대상 사업연도"
    },
    {
      "sn": "dis109173sent67942472",
      "source_original": "2. 감사참여자 구분별 인원수 및 감사시간"
    },
    {
      "sn": "dis109173sent67942473",
      "source_original": "(단위 : 명, 시간)"
    },
    {
      "sn": "dis109173sent67942474",
      "source_original": "감사참여자"
    },
    {
      "sn": "dis109173sent67942475",
      "source_original": "인원수 및 시간"
    },
    {
      "sn": "dis109173sent67942476",
      "source_original": "품질관리"
    },
    {
      "sn": "dis109173sent67942477",
      "source_original": "검토자"
    },
    {
      "sn": "dis109173sent67942478",
      "source_original": "(심리실 등)"
    },
    {
      "sn": "dis109173sent67942479",
      "source_original": "감사업무 담당 회계사"
    },
    {
      "sn": "dis109173sent67942480",
      "source_original": "전산감사ㆍ"
    },
    {
      "sn": "dis109173sent67942481",
      "source_original": "세무ㆍ가치평가"
    },
    {
      "sn": "dis109173sent67942482",
      "source_original": "등 전문가"
    },
    {
      "sn": "dis109173sent67942483",
      "source_original": "건설계약 등"
    },
    {
      "sn": "dis109173sent67942484",
      "source_original": "수주산업"
    },
    {
      "sn": "dis109173sent67942485",
      "source_original": "전문가"
    },
    {
      "sn": "dis109173sent67942486",
      "source_original": "합계"
    },
    {
      "sn": "dis109173sent67942487",
      "source_original": "담당이사"
    },
    {
      "sn": "dis109173sent67942488",
      "source_original": "(업무수행이사)"
    },
    {
      "sn": "dis109173sent67942489",
      "source_original": "등록"
    },
    {
      "sn": "dis109173sent67942490",
      "source_original": "공인회계사"
    },
    {
      "sn": "dis109173sent67942491",
      "source_original": "수습"
    },
    {
      "sn": "dis109173sent67942492",
      "source_original": "당기"
    },
    {
      "sn": "dis109173sent67942493",
      "source_original": "전기"
    },
    {
      "sn": "dis109173sent67942494",
      "source_original": "투입 인원수"
    },
    {
      "sn": "dis109173sent67942495",
      "source_original": "투입시간"
    },
    {
      "sn": "dis109173sent67942496",
      "source_original": "분ㆍ반기검토"
    },
    {
      "sn": "dis109173sent67942497",
      "source_original": "감사"
    },
    {
      "sn": "dis109173sent67942498",
      "source_original": "3. 주요 감사실시내용"
    },
    {
      "sn": "dis109173sent67942499",
      "source_original": "전반감사계획"
    },
    {
      "sn": "dis109173sent67942500",
      "source_original": "(감사착수단계)"
    },
    {
      "sn": "dis109173sent67942501",
      "source_original": "수행시기"
    },
    {
      "sn": "dis109173sent67942502",
      "source_original": "일"
    },
    {
      "sn": "dis109173sent67942503",
      "source_original": "주요내용"
    },
    {
      "sn": "dis109173sent67942504",
      "source_original": "회사와 회사환경에 대한 이해를 통한 중요한 왜곡표시위험의 식별과 평가, 업무팀 구성, 전문가활용 검토, 기업수준 통제 이해, 유의적 계정 및 공시 식별, 감사계획의 수립과 수행에 있어서의 중요한 결정"
    },
    {
      "sn": "dis109173sent67942505",
      "source_original": "현장감사"
    },
    {
      "sn": "dis109173sent67942506",
      "source_original": "투입인원"
    },
    {
      "sn": "dis109173sent67942507",
      "source_original": "주요 감사업무 수행내용"
    },
    {
      "sn": "dis109173sent67942508",
      "source_original": "상주"
    },
    {
      "sn": "dis109173sent67942509",
      "source_original": "비상주"
    },
    {
      "sn": "dis109173sent67942510",
      "source_original": "명"
    },
    {
      "sn": "dis109173sent67942511",
      "source_original": "중요 거래유형 및 중요 공시절차의 이해, 추적시사의 수행, 통제 테스트 수행, 통제 위험 평가, 입증절차의 설계, 일반감사절차(계속기업가정 검토, 특수관계자거래 검토 등) 계획"
    },
    {
      "sn": "dis109173sent67942512",
      "source_original": "중요 계정잔액 및 공시내용에 대한 분석적절차, 표본테스트, 일반감사절차 수행, 재무제표 수준의 분석적 검토, 감사결과 요약, 전산감사(분개장 완전성 검토 등)"
    },
    {
      "sn": "dis109173sent67942513",
      "source_original": "재고자산실사(입회)"
    },
    {
      "sn": "dis109173sent67942514",
      "source_original": "실사(입회)시기"
    },
    {
      "sn": "dis109173sent67942515",
      "source_original": "실사(입회)장소"
    },
    {
      "sn": "dis109173sent67942516",
      "source_original": "실사(입회)대상"
    },
    {
      "sn": "dis109173sent67942517",
      "source_original": "금융자산실사(입회)"
    },
    {
      "sn": "dis109173sent67942518",
      "source_original": "본사 회계팀 사무실"
    },
    {
      "sn": "dis109173sent67942519",
      "source_original": "현금"
    },
    {
      "sn": "dis109173sent67942520",
      "source_original": "외부조회"
    },
    {
      "sn": "dis109173sent67942521",
      "source_original": "금융거래조회"
    },
    {
      "sn": "dis109173sent67942522",
      "source_original": "채권채무조회"
    },
    {
      "sn": "dis109173sent67942523",
      "source_original": "변호사조회"
    },
    {
      "sn": "dis109173sent67942524",
      "source_original": "기타조회"
    },
    {
      "sn": "dis109173sent67942525",
      "source_original": "지배기구와의"
    },
    {
      "sn": "dis109173sent67942526",
      "source_original": "커뮤니케이션"
    },
    {
      "sn": "dis109173sent67942527",
      "source_original": "커뮤니케이션 횟수"
    },
    {
      "sn": "dis109173sent67942528",
      "source_original": "회"
    },
    {
      "sn": "dis109173sent67942529",
      "source_original": "외부전문가 활용"
    },
    {
      "sn": "dis109173sent67942530",
      "source_original": "감사 활용 내용"
    },
    {
      "sn": "dis109173sent67942531",
      "source_original": "4. 감사(감사위원회)와의 커뮤니케이션"
    },
    {
      "sn": "dis109173sent67942532",
      "source_original": "구분"
    },
    {
      "sn": "dis109173sent67942533",
      "source_original": "일자"
    },
    {
      "sn": "dis109173sent67942534",
      "source_original": "참석자"
    },
    {
      "sn": "dis109173sent67942535",
      "source_original": "방식"
    },
    {
      "sn": "dis109173sent67942536",
      "source_original": "주요 논의 내용"
    },
    {
      "sn": "dis109173sent67942537",
      "source_original": "2021년 12월 17일"
    },
    {
      "sn": "dis109173sent67942538",
      "source_original": "감사인측: 담당회계사외 1명, 회사측:감사 외 1명"
    },
    {
      "sn": "dis109173sent67942539",
      "source_original": "대면회의"
    },
    {
      "sn": "dis109173sent67942540",
      "source_original": "기말감사계획등"
    },
    {
      "sn": "dis109173sent67942541",
      "source_original": "2022년 03월 16일"
    },
    {
      "sn": "dis109173sent67942542",
      "source_original": "감사인측:담당회계사외 1명"
    },
    {
      "sn": "dis109173sent67942543",
      "source_original": "회사측: 감사 외 1명"
    },
    {
      "sn": "dis109173sent67942544",
      "source_original": "기말감사결과 및 향후 절차 논의"
    }
  ]
}