{
  "meta": {
    "doc_no": "dis109172",
    "domain": "금융",
    "category": "공시정보",
    "license": "open",
    "source_language": "ko"
  },
  "doc_info": {
    "source": "금융감독원",
    "dis_no": 2022040600250700760,
    "doc_name": "감사보고서",
    "com_name": "시민여객자동차(주)",
    "date": 20220406
  },
  "sents": [
    {
      "sn": "dis109172sent67941331",
      "source_original": "감사보고서"
    },
    {
      "sn": "dis109172sent67941332",
      "source_original": "시민여객자동차(주)"
    },
    {
      "sn": "dis109172sent67941333",
      "source_original": "시민여객자동차주식회사"
    },
    {
      "sn": "dis109172sent67941334",
      "source_original": "재 무 제 표 에 대 한"
    },
    {
      "sn": "dis109172sent67941335",
      "source_original": "감 사 보 고 서"
    },
    {
      "sn": "dis109172sent67941336",
      "source_original": "제 52 기"
    },
    {
      "sn": "dis109172sent67941337",
      "source_original": "2021년 01월 01일"
    },
    {
      "sn": "dis109172sent67941338",
      "source_original": "부터"
    },
    {
      "sn": "dis109172sent67941339",
      "source_original": "2021년 12월 31일"
    },
    {
      "sn": "dis109172sent67941340",
      "source_original": "까지"
    },
    {
      "sn": "dis109172sent67941341",
      "source_original": "제 51 기"
    },
    {
      "sn": "dis109172sent67941342",
      "source_original": "2020년 01월 01일"
    },
    {
      "sn": "dis109172sent67941343",
      "source_original": "2020년 12월 31일"
    },
    {
      "sn": "dis109172sent67941344",
      "source_original": "성 산 회 계 법 인"
    },
    {
      "sn": "dis109172sent67941345",
      "source_original": "목 차"
    },
    {
      "sn": "dis109172sent67941346",
      "source_original": "독립된 감사인의 감사보고서 ----------------------------------------"
    },
    {
      "sn": "dis109172sent67941347",
      "source_original": "(첨부)재무제표 ---------------------------------------------------"
    },
    {
      "sn": "dis109172sent67941348",
      "source_original": "재무상태표 ---------------------------------------------------"
    },
    {
      "sn": "dis109172sent67941349",
      "source_original": "손익계산서 ---------------------------------------------------"
    },
    {
      "sn": "dis109172sent67941350",
      "source_original": "자본변동표 ---------------------------------------------------"
    },
    {
      "sn": "dis109172sent67941351",
      "source_original": "현금흐름표 ---------------------------------------------------"
    },
    {
      "sn": "dis109172sent67941352",
      "source_original": "주석 ---------------------------------------------------------"
    },
    {
      "sn": "dis109172sent67941353",
      "source_original": "외부감사 실시내용-------------------------------------------------"
    },
    {
      "sn": "dis109172sent67941354",
      "source_original": "독립된 감사인의 감사보고서"
    },
    {
      "sn": "dis109172sent67941355",
      "source_original": "시민여객자동차주식회사"
    },
    {
      "sn": "dis109172sent67941356",
      "source_original": "주주 및 이사회 귀중"
    },
    {
      "sn": "dis109172sent67941357",
      "source_original": "감사의견"
    },
    {
      "sn": "dis109172sent67941358",
      "source_original": "우리는 별첨된 시민여객자동차주식회사의 재무제표를 감사하였습니다."
    },
    {
      "sn": "dis109172sent67941359",
      "source_original": "동 재무제표는 2021년 12월 31일과 2020년 12월 31일 현재의 재무상태표, 동일로 종료되는 양 보고기간의 손익계산서, 자본변동표 및 현금흐름표 그리고 유의적인 회계정책을 포함한 주석으로 구성되어 있습니다."
    },
    {
      "sn": "dis109172sent67941360",
      "source_original": "우리의 의견으로는 회사의 재무제표는 회사의 2021년 12월 31일과 2020년 12월 31일 현재의 재무상태와 동일로 종료되는 양 보고기간의 재무성과 및 현금흐름을 일반기업회계기준에 따라 중요성의 관점에서 공정하게 표시하고 있습니다."
    },
    {
      "sn": "dis109172sent67941361",
      "source_original": "감사의견근거"
    },
    {
      "sn": "dis109172sent67941362",
      "source_original": "우리는 대한민국의 회계감사기준에 따라 감사를 수행하였습니다."
    },
    {
      "sn": "dis109172sent67941363",
      "source_original": "이 기준에 따른 우리의 책임은 이 감사보고서의 재무제표감사에 대한 감사인의 책임 단락에 기술되어 있습니다."
    },
    {
      "sn": "dis109172sent67941364",
      "source_original": "우리는 재무제표감사와 관련된 대한민국의 윤리적 요구사항에 따라 회사로부터 독립적이며, 그러한 요구사항에 따른 기타의 윤리적 책임들을 이행하였습니다."
    },
    {
      "sn": "dis109172sent67941365",
      "source_original": "우리가 입수한 감사증거가 감사의견을 위한 근거로서 충분하고 적합하다고 우리는 믿습니다."
    },
    {
      "sn": "dis109172sent67941366",
      "source_original": "재무제표에 대한 경영진과 지배기구의 책임"
    },
    {
      "sn": "dis109172sent67941367",
      "source_original": "경영진은 일반기업회계기준에 따라 이 재무제표를 작성하고 공정하게 표시할 책임이있으며, 부정이나 오류로 인한 중요한 왜곡표시가 없는 재무제표를 작성하는데 필요하다고 결정한 내부통제에 대해서도 책임이 있습니다."
    },
    {
      "sn": "dis109172sent67941368",
      "source_original": "경영진은 재무제표를 작성할 때, 회사의 계속기업으로서의 존속능력을 평가하고 해당되는 경우, 계속기업 관련 사항을 공시할 책임이 있습니다."
    },
    {
      "sn": "dis109172sent67941369",
      "source_original": "그리고 경영진이 기업을 청산하거나 영업을 중단할 의도가 없는 한, 회계의 계속기업전제의 사용에 대해서도 책임이 있습니다."
    },
    {
      "sn": "dis109172sent67941370",
      "source_original": "재무제표에 대한 감사인의 책임"
    },
    {
      "sn": "dis109172sent67941371",
      "source_original": "우리의 목적은 회사의 재무제표에 전체적으로 부정이나 오류로 인한 중요한 왜곡표시가 없는지에 대하여 합리적인 확신을 얻어 우리의 의견이 포함된 감사보고서를 발행하는데 있습니다."
    },
    {
      "sn": "dis109172sent67941372",
      "source_original": "합리적인 확신은 높은 수준의 확신을 의미하나, 감사기준에 따라수행된 감사가 항상 중요한 왜곡표시를 발견한다는 것을 보장하지는 않습니다."
    },
    {
      "sn": "dis109172sent67941373",
      "source_original": "왜곡표시는 부정이나 오류로부터 발생할 수 있으며, 왜곡표시가 재무제표를 근거로 하는 이용자의 경제적 의사결정에 개별적으로 또는 집합적으로 영향을 미칠 것이 합리적으로 예상되면, 그 왜곡표시는 중요하다고 간주됩니다."
    },
    {
      "sn": "dis109172sent67941374",
      "source_original": "감사기준에 따른 감사의 일부로서 우리는 감사의 전 과정에 걸쳐 전문가적 판단을 수행하고 전문가적 의구심을 유지하고 있습니다."
    },
    {
      "sn": "dis109172sent67941375",
      "source_original": "또한, 우리는:"
    },
    {
      "sn": "dis109172sent67941376",
      "source_original": "- 부정이나 오류로 인한 재무제표의 중요왜곡표시위험을 식별하고 평가하며 그러한 위험에 대응하는 감사절차를 설계하고 수행합니다."
    },
    {
      "sn": "dis109172sent67941377",
      "source_original": "그리고 감사의견의 근거로서 충분하고 적합한 감사증거를 입수합니다."
    },
    {
      "sn": "dis109172sent67941378",
      "source_original": "부정은 공모, 위조, 의도적인 누락, 허위진술 또는 내부통제 무력화가 개입될 수 있기 때문에 부정으로 인한 중요한 왜곡표시를 발견하지 못할 위험은 오류로 인한 위험보다 큽니다."
    },
    {
      "sn": "dis109172sent67941379",
      "source_original": "- 상황에 적합한 감사절차를 설계하기 위하여 감사와 관련된 내부통제를 이해합니 다."
    },
    {
      "sn": "dis109172sent67941380",
      "source_original": "그러나 이는 내부통제의 효과성에 대한 의견을 표명하기 위한 것이 아닙니다."
    },
    {
      "sn": "dis109172sent67941381",
      "source_original": "- 재무제표를 작성하기 위하여 경영진이 적용한 회계정책의 적합성과 경영진이 도출한 회계추정치와 관련 공시의 합리성에 대하여 평가합니다."
    },
    {
      "sn": "dis109172sent67941382",
      "source_original": "- 경영진이 사용한 회계의 계속기업전제의 적절성과, 입수한 감사증거를 근거로 계속기업으로서의 존속능력에 대하여 유의적 의문을 초래할 수 있는 사건이나, 상황과 관련된 중요한 불확실성이 존재하는지 여부에 대하여 결론을 내립니다."
    },
    {
      "sn": "dis109172sent67941383",
      "source_original": "중요한 불확실성이 존재한다고 결론을 내리는 경우, 우리는 재무제표의 관련 공시에 대하여 감사보고서에 주의를 환기시키고, 이들 공시가 부적절한 경우 의견을 변형시킬 것을 요구받고 있습니다."
    },
    {
      "sn": "dis109172sent67941384",
      "source_original": "우리의 결론은 감사보고서일까지 입수된 감사증거에 기초하나, 미래의 사건이나 상황이 회사의 계속기업으로서 존속을 중단시킬 수 있습니다."
    },
    {
      "sn": "dis109172sent67941385",
      "source_original": "- 공시를 포함한 재무제표의 전반적인 표시와 구조 및 내용을 평가하고, 재무제표의 기초가 되는 거래와 사건을 재무제표가 공정한 방식으로 표시하고 있는지 여부를 평가합니다."
    },
    {
      "sn": "dis109172sent67941386",
      "source_original": "우리는 여러 가지 사항들 중에서 계획된 감사범위와 시기 그리고 감사 중 식별된 유의적 내부통제 미비점 등 유의적인 감사의 발견사항에 대하여 지배기구와 커뮤니케이션합니다."
    },
    {
      "sn": "dis109172sent67941387",
      "source_original": "경상남도 창원시 의창구 용지로 153번길 4-15"
    },
    {
      "sn": "dis109172sent67941388",
      "source_original": "대표이사 공인회계사 김 헌"
    },
    {
      "sn": "dis109172sent67941389",
      "source_original": "2022년 2월 18일"
    },
    {
      "sn": "dis109172sent67941390",
      "source_original": "이 감사보고서는 감사보고서일 현재로 유효한 것입니다."
    },
    {
      "sn": "dis109172sent67941391",
      "source_original": "따라서 감사보고서일 후 이 보고서를 열람하는 시점 사이에 첨부된 회사의 재무제표에 중요한 영향을 미칠 수 있는 사건이나 상황이 발생할 수도 있으며 이로 인하여 이 외부감사인의 감사보고서가 수정될 수도 있습니다."
    },
    {
      "sn": "dis109172sent67941392",
      "source_original": "(첨부)재 무 제 표"
    },
    {
      "sn": "dis109172sent67941393",
      "source_original": "\"첨부된 재무제표는 당사가 작성한 것입니다.\""
    },
    {
      "sn": "dis109172sent67941394",
      "source_original": "시민여객자동차주식회사 대표이사 이민재"
    },
    {
      "sn": "dis109172sent67941395",
      "source_original": "본점 소재지 :"
    },
    {
      "sn": "dis109172sent67941396",
      "source_original": "(도로명주소)"
    },
    {
      "sn": "dis109172sent67941397",
      "source_original": "부산시 남구 백운포로 40"
    },
    {
      "sn": "dis109172sent67941398",
      "source_original": "(전 화)"
    },
    {
      "sn": "dis109172sent67941399",
      "source_original": "재 무 상 태 표"
    },
    {
      "sn": "dis109172sent67941400",
      "source_original": "제 52 (당) 기 2021년 12월 31일 현재"
    },
    {
      "sn": "dis109172sent67941401",
      "source_original": "제 51 (전) 기 2020년 12월 31일 현재"
    },
    {
      "sn": "dis109172sent67941402",
      "source_original": "(단위 : 원)"
    },
    {
      "sn": "dis109172sent67941403",
      "source_original": "과 목"
    },
    {
      "sn": "dis109172sent67941404",
      "source_original": "제 52(당) 기"
    },
    {
      "sn": "dis109172sent67941405",
      "source_original": "제 51(전) 기"
    },
    {
      "sn": "dis109172sent67941406",
      "source_original": "자 산"
    },
    {
      "sn": "dis109172sent67941407",
      "source_original": "Ⅰ. 유동자산"
    },
    {
      "sn": "dis109172sent67941408",
      "source_original": "(1) 당좌자산"
    },
    {
      "sn": "dis109172sent67941409",
      "source_original": "현금및현금성자산"
    },
    {
      "sn": "dis109172sent67941410",
      "source_original": "단기금융상품"
    },
    {
      "sn": "dis109172sent67941411",
      "source_original": "운송수입미수금"
    },
    {
      "sn": "dis109172sent67941412",
      "source_original": "미수금"
    },
    {
      "sn": "dis109172sent67941413",
      "source_original": "단기매매증권(주5)"
    },
    {
      "sn": "dis109172sent67941414",
      "source_original": "단기대여금(주6)"
    },
    {
      "sn": "dis109172sent67941415",
      "source_original": "미수수익"
    },
    {
      "sn": "dis109172sent67941416",
      "source_original": "선급금"
    },
    {
      "sn": "dis109172sent67941417",
      "source_original": "선급비용"
    },
    {
      "sn": "dis109172sent67941418",
      "source_original": "당기법인세자산"
    },
    {
      "sn": "dis109172sent67941419",
      "source_original": "(2) 재고자산"
    },
    {
      "sn": "dis109172sent67941420",
      "source_original": "저장품"
    },
    {
      "sn": "dis109172sent67941421",
      "source_original": "Ⅱ. 비유동자산"
    },
    {
      "sn": "dis109172sent67941422",
      "source_original": "(1) 투자자산"
    },
    {
      "sn": "dis109172sent67941423",
      "source_original": "장기금융상품(주4)"
    },
    {
      "sn": "dis109172sent67941424",
      "source_original": "퇴직연금운용자산"
    },
    {
      "sn": "dis109172sent67941425",
      "source_original": "매도가능증권(주5)"
    },
    {
      "sn": "dis109172sent67941426",
      "source_original": "(2) 유형자산(주6,7,8,9,10)"
    },
    {
      "sn": "dis109172sent67941427",
      "source_original": "토지"
    },
    {
      "sn": "dis109172sent67941428",
      "source_original": "건물"
    },
    {
      "sn": "dis109172sent67941429",
      "source_original": "감가상각누계액"
    },
    {
      "sn": "dis109172sent67941430",
      "source_original": "구축물"
    },
    {
      "sn": "dis109172sent67941431",
      "source_original": "운송차량"
    },
    {
      "sn": "dis109172sent67941432",
      "source_original": "정부보조금"
    },
    {
      "sn": "dis109172sent67941433",
      "source_original": "기계장치"
    },
    {
      "sn": "dis109172sent67941434",
      "source_original": "차량운반구"
    },
    {
      "sn": "dis109172sent67941435",
      "source_original": "집기비품"
    },
    {
      "sn": "dis109172sent67941436",
      "source_original": "(3) 기타비유동자산"
    },
    {
      "sn": "dis109172sent67941437",
      "source_original": "보증금"
    },
    {
      "sn": "dis109172sent67941438",
      "source_original": "자 산 총 계"
    },
    {
      "sn": "dis109172sent67941439",
      "source_original": "부 채"
    },
    {
      "sn": "dis109172sent67941440",
      "source_original": "Ⅰ. 유동부채(주11)"
    },
    {
      "sn": "dis109172sent67941441",
      "source_original": "매입채무(주6)"
    },
    {
      "sn": "dis109172sent67941442",
      "source_original": "단기차입금(주12)"
    },
    {
      "sn": "dis109172sent67941443",
      "source_original": "미지급금"
    },
    {
      "sn": "dis109172sent67941444",
      "source_original": "예수금"
    },
    {
      "sn": "dis109172sent67941445",
      "source_original": "미지급비용"
    },
    {
      "sn": "dis109172sent67941446",
      "source_original": "부가세예수금"
    },
    {
      "sn": "dis109172sent67941447",
      "source_original": "유동성장기부채(주12)"
    },
    {
      "sn": "dis109172sent67941448",
      "source_original": "당기법인세부채"
    },
    {
      "sn": "dis109172sent67941449",
      "source_original": "Ⅱ. 비유동부채(주11)"
    },
    {
      "sn": "dis109172sent67941450",
      "source_original": "장기차입금(주12)"
    },
    {
      "sn": "dis109172sent67941451",
      "source_original": "퇴직급여충당부채(주13)"
    },
    {
      "sn": "dis109172sent67941452",
      "source_original": "퇴직연금운용자산(주13)"
    },
    {
      "sn": "dis109172sent67941453",
      "source_original": "국민연금전환금"
    },
    {
      "sn": "dis109172sent67941454",
      "source_original": "기타비유동부채"
    },
    {
      "sn": "dis109172sent67941455",
      "source_original": "부 채 총 계"
    },
    {
      "sn": "dis109172sent67941456",
      "source_original": "자 본"
    },
    {
      "sn": "dis109172sent67941457",
      "source_original": "Ⅰ. 자본금(주1,14)"
    },
    {
      "sn": "dis109172sent67941458",
      "source_original": "보통주자본금"
    },
    {
      "sn": "dis109172sent67941459",
      "source_original": "Ⅱ. 자본잉여금"
    },
    {
      "sn": "dis109172sent67941460",
      "source_original": "Ⅲ. 이익잉여금(주15)"
    },
    {
      "sn": "dis109172sent67941461",
      "source_original": "이익준비금"
    },
    {
      "sn": "dis109172sent67941462",
      "source_original": "재무구조개선적립금"
    },
    {
      "sn": "dis109172sent67941463",
      "source_original": "미처분이익잉여금"
    },
    {
      "sn": "dis109172sent67941464",
      "source_original": "자 본 총 계"
    },
    {
      "sn": "dis109172sent67941465",
      "source_original": "부 채 와 자 본 총 계"
    },
    {
      "sn": "dis109172sent67941466",
      "source_original": "\"첨부된 주석은 본 재무제표의 일부입니다.\""
    },
    {
      "sn": "dis109172sent67941467",
      "source_original": "손 익 계 산 서"
    },
    {
      "sn": "dis109172sent67941468",
      "source_original": "제 52(당) 기 2021년 1월 1일부터 2021년 12월 31일까지"
    },
    {
      "sn": "dis109172sent67941469",
      "source_original": "제 51(전) 기 2020년 1월 1일부터 2020년 12월 31일까지"
    },
    {
      "sn": "dis109172sent67941470",
      "source_original": "Ⅰ. 매출액"
    },
    {
      "sn": "dis109172sent67941471",
      "source_original": "운송수입(주9)"
    },
    {
      "sn": "dis109172sent67941472",
      "source_original": "광고수입"
    },
    {
      "sn": "dis109172sent67941473",
      "source_original": "기타사업수입"
    },
    {
      "sn": "dis109172sent67941474",
      "source_original": "Ⅱ. 매출원가(주6,9,16)"
    },
    {
      "sn": "dis109172sent67941475",
      "source_original": "Ⅲ. 매출총이익"
    },
    {
      "sn": "dis109172sent67941476",
      "source_original": "Ⅳ. 판매비와관리비(주16)"
    },
    {
      "sn": "dis109172sent67941477",
      "source_original": "급여"
    },
    {
      "sn": "dis109172sent67941478",
      "source_original": "퇴직급여"
    },
    {
      "sn": "dis109172sent67941479",
      "source_original": "복리후생비"
    },
    {
      "sn": "dis109172sent67941480",
      "source_original": "여비교통비"
    },
    {
      "sn": "dis109172sent67941481",
      "source_original": "통신비"
    },
    {
      "sn": "dis109172sent67941482",
      "source_original": "수도광열비"
    },
    {
      "sn": "dis109172sent67941483",
      "source_original": "세금과공과"
    },
    {
      "sn": "dis109172sent67941484",
      "source_original": "사고보상비"
    },
    {
      "sn": "dis109172sent67941485",
      "source_original": "감가상각비"
    },
    {
      "sn": "dis109172sent67941486",
      "source_original": "수선비"
    },
    {
      "sn": "dis109172sent67941487",
      "source_original": "지급수수료"
    },
    {
      "sn": "dis109172sent67941488",
      "source_original": "소모품비"
    },
    {
      "sn": "dis109172sent67941489",
      "source_original": "차량유지비"
    },
    {
      "sn": "dis109172sent67941490",
      "source_original": "보험료"
    },
    {
      "sn": "dis109172sent67941491",
      "source_original": "접대비"
    },
    {
      "sn": "dis109172sent67941492",
      "source_original": "교육훈련비"
    },
    {
      "sn": "dis109172sent67941493",
      "source_original": "도서인쇄비"
    },
    {
      "sn": "dis109172sent67941494",
      "source_original": "잡비"
    },
    {
      "sn": "dis109172sent67941495",
      "source_original": "Ⅴ. 영업이익(손실)"
    },
    {
      "sn": "dis109172sent67941496",
      "source_original": "Ⅵ. 영업외수익"
    },
    {
      "sn": "dis109172sent67941497",
      "source_original": "이자수익"
    },
    {
      "sn": "dis109172sent67941498",
      "source_original": "임대료(주6)"
    },
    {
      "sn": "dis109172sent67941499",
      "source_original": "유형자산처분이익"
    },
    {
      "sn": "dis109172sent67941500",
      "source_original": "퇴직연금자산운용수익"
    },
    {
      "sn": "dis109172sent67941501",
      "source_original": "단기매매증권평가이익(주5)"
    },
    {
      "sn": "dis109172sent67941502",
      "source_original": "기타의영업외수익"
    },
    {
      "sn": "dis109172sent67941503",
      "source_original": "Ⅶ. 영업외비용"
    },
    {
      "sn": "dis109172sent67941504",
      "source_original": "이자비용"
    },
    {
      "sn": "dis109172sent67941505",
      "source_original": "기부금"
    },
    {
      "sn": "dis109172sent67941506",
      "source_original": "단기매매증권평가손실(주5)"
    },
    {
      "sn": "dis109172sent67941507",
      "source_original": "전기오류수정손실"
    },
    {
      "sn": "dis109172sent67941508",
      "source_original": "기타의영업외비용"
    },
    {
      "sn": "dis109172sent67941509",
      "source_original": "Ⅷ. 법인세차감전순이익(손실)"
    },
    {
      "sn": "dis109172sent67941510",
      "source_original": "Ⅸ. 법인세등(주17)"
    },
    {
      "sn": "dis109172sent67941511",
      "source_original": "Ⅹ. 당기순이익(손실)"
    },
    {
      "sn": "dis109172sent67941512",
      "source_original": "ⅩI. 주당손익(주18)"
    },
    {
      "sn": "dis109172sent67941513",
      "source_original": "기본주당순이익"
    },
    {
      "sn": "dis109172sent67941514",
      "source_original": "자 본 변 동 표"
    },
    {
      "sn": "dis109172sent67941515",
      "source_original": "자 본 금"
    },
    {
      "sn": "dis109172sent67941516",
      "source_original": "자본잉여금"
    },
    {
      "sn": "dis109172sent67941517",
      "source_original": "이익잉여금"
    },
    {
      "sn": "dis109172sent67941518",
      "source_original": "총 계"
    },
    {
      "sn": "dis109172sent67941519",
      "source_original": "1. 1 (전기초)"
    },
    {
      "sn": "dis109172sent67941520",
      "source_original": "연차배당액(주19)"
    },
    {
      "sn": "dis109172sent67941521",
      "source_original": "당기순이익(손실)"
    },
    {
      "sn": "dis109172sent67941522",
      "source_original": "2020.12.31 (전기말)"
    },
    {
      "sn": "dis109172sent67941523",
      "source_original": "01 (당기초)"
    },
    {
      "sn": "dis109172sent67941524",
      "source_original": "2021.12.31 (당기말)"
    },
    {
      "sn": "dis109172sent67941525",
      "source_original": "현 금 흐 름 표"
    },
    {
      "sn": "dis109172sent67941526",
      "source_original": "Ⅰ. 영업활동으로 인한 현금흐름"
    },
    {
      "sn": "dis109172sent67941527",
      "source_original": "1. 당기순이익(손실)"
    },
    {
      "sn": "dis109172sent67941528",
      "source_original": "2. 현금의 유출이 없는 비용 등의 가산"
    },
    {
      "sn": "dis109172sent67941529",
      "source_original": "단기매매증권평가손실"
    },
    {
      "sn": "dis109172sent67941530",
      "source_original": "3. 현금의 유입이 없는 수익 등의 차감"
    },
    {
      "sn": "dis109172sent67941531",
      "source_original": "단기매매증권평가이익"
    },
    {
      "sn": "dis109172sent67941532",
      "source_original": "4. 영업활동으로 인한 자산부채의 변동"
    },
    {
      "sn": "dis109172sent67941533",
      "source_original": "운송수입미수금의 감소(증가)"
    },
    {
      "sn": "dis109172sent67941534",
      "source_original": "미수금의 감소(증가)"
    },
    {
      "sn": "dis109172sent67941535",
      "source_original": "미수수익의 감소(증가)"
    },
    {
      "sn": "dis109172sent67941536",
      "source_original": "선급금의 감소(증가)"
    },
    {
      "sn": "dis109172sent67941537",
      "source_original": "선급비용의 감소(증가)"
    },
    {
      "sn": "dis109172sent67941538",
      "source_original": "당기법인세자산의 감소(증가)"
    },
    {
      "sn": "dis109172sent67941539",
      "source_original": "재고자산의 감소(증가)"
    },
    {
      "sn": "dis109172sent67941540",
      "source_original": "매입채무의 증가(감소)"
    },
    {
      "sn": "dis109172sent67941541",
      "source_original": "미지급금의 증가(감소)"
    },
    {
      "sn": "dis109172sent67941542",
      "source_original": "미지급비용의 증가(감소)"
    },
    {
      "sn": "dis109172sent67941543",
      "source_original": "예수금의 증가(감소)"
    },
    {
      "sn": "dis109172sent67941544",
      "source_original": "당기법인세부채의 증가(감소)"
    },
    {
      "sn": "dis109172sent67941545",
      "source_original": "부가세예수금의 증가(감소)"
    },
    {
      "sn": "dis109172sent67941546",
      "source_original": "퇴직금의 지급"
    },
    {
      "sn": "dis109172sent67941547",
      "source_original": "국민연금전환금의 감소"
    },
    {
      "sn": "dis109172sent67941548",
      "source_original": "퇴직연금운용자산의 감소(증가)"
    },
    {
      "sn": "dis109172sent67941549",
      "source_original": "Ⅱ. 투자활동으로 인한 현금흐름(주20)"
    },
    {
      "sn": "dis109172sent67941550",
      "source_original": "1. 투자활동으로 인한 현금유입액"
    },
    {
      "sn": "dis109172sent67941551",
      "source_original": "단기금융상품의 감소"
    },
    {
      "sn": "dis109172sent67941552",
      "source_original": "단기대여금의 감소"
    },
    {
      "sn": "dis109172sent67941553",
      "source_original": "정부보조금의 수령"
    },
    {
      "sn": "dis109172sent67941554",
      "source_original": "건물의 처분"
    },
    {
      "sn": "dis109172sent67941555",
      "source_original": "운송차량의 처분"
    },
    {
      "sn": "dis109172sent67941556",
      "source_original": "보증금의 감소"
    },
    {
      "sn": "dis109172sent67941557",
      "source_original": "2. 투자활동으로 인한 현금유출액"
    },
    {
      "sn": "dis109172sent67941558",
      "source_original": "단기금융상품의 증가"
    },
    {
      "sn": "dis109172sent67941559",
      "source_original": "단기매매증권의 증가"
    },
    {
      "sn": "dis109172sent67941560",
      "source_original": "단기대여금의 증가"
    },
    {
      "sn": "dis109172sent67941561",
      "source_original": "운송차량의 취득"
    },
    {
      "sn": "dis109172sent67941562",
      "source_original": "집기비품의 취득"
    },
    {
      "sn": "dis109172sent67941563",
      "source_original": "기계장치의 취득"
    },
    {
      "sn": "dis109172sent67941564",
      "source_original": "보증금의 증가"
    },
    {
      "sn": "dis109172sent67941565",
      "source_original": "Ⅲ. 재무활동으로 인한 현금흐름(주20)"
    },
    {
      "sn": "dis109172sent67941566",
      "source_original": "1. 재무활동으로 인한 현금유입액"
    },
    {
      "sn": "dis109172sent67941567",
      "source_original": "단기차입금의 차입"
    },
    {
      "sn": "dis109172sent67941568",
      "source_original": "기타비유동부채의 증가"
    },
    {
      "sn": "dis109172sent67941569",
      "source_original": "장기차입금의 차입"
    },
    {
      "sn": "dis109172sent67941570",
      "source_original": "2. 재무활동으로 인한 현금유출액"
    },
    {
      "sn": "dis109172sent67941571",
      "source_original": "단기차입금의 상환"
    },
    {
      "sn": "dis109172sent67941572",
      "source_original": "장기차입금의 감소"
    },
    {
      "sn": "dis109172sent67941573",
      "source_original": "기타비유동부채의 감소"
    },
    {
      "sn": "dis109172sent67941574",
      "source_original": "배당금의 지급"
    },
    {
      "sn": "dis109172sent67941575",
      "source_original": "유동성장기부채의 상환"
    },
    {
      "sn": "dis109172sent67941576",
      "source_original": "Ⅳ. 현금의 증가(감소) (Ⅰ+Ⅱ+Ⅲ)"
    },
    {
      "sn": "dis109172sent67941577",
      "source_original": "Ⅴ. 기초의 현금"
    },
    {
      "sn": "dis109172sent67941578",
      "source_original": "Ⅵ. 기말의 현금"
    },
    {
      "sn": "dis109172sent67941579",
      "source_original": "주석"
    },
    {
      "sn": "dis109172sent67941580",
      "source_original": "제 52(당) 기 2021년 12월 31일로 종료되는 회계연도"
    },
    {
      "sn": "dis109172sent67941581",
      "source_original": "제 51(전) 기 2020년 12월 31일로 종료되는 회계연도"
    },
    {
      "sn": "dis109172sent67941582",
      "source_original": "1. 회사의 개요"
    },
    {
      "sn": "dis109172sent67941583",
      "source_original": "시민여객자동차주식회사(이하 \"당사\"라 함)는 1970년 7월 28일 설립되어, 시내버스 운송사업을 주요 사업으로 영위하고 있습니다."
    },
    {
      "sn": "dis109172sent67941584",
      "source_original": "당사는 20, 22, 24, 27번 4개 노선을 83대의 차량으로 운행 중이며 부산광역시 남구 백운포로에 차고지를 두고 있습니다.당기말 현재 당사의 주주는"
    },
    {
      "sn": "dis109172sent67941585",
      "source_original": "이민재(47.14%) 외 7인으"
    },
    {
      "sn": "dis109172sent67941586",
      "source_original": "로 구성되어 있습니다."
    },
    {
      "sn": "dis109172sent67941587",
      "source_original": "2. 재무제표 작성기준"
    },
    {
      "sn": "dis109172sent67941588",
      "source_original": "(1) 회계기준의 적용"
    },
    {
      "sn": "dis109172sent67941589",
      "source_original": "당사는 2011년 1월 1일 이후 최초로 개시하는 회계연도부터 시행되는 일반기업회계기준에 따라 당기의 재무제표를 작성하였습니다."
    },
    {
      "sn": "dis109172sent67941590",
      "source_original": "(2) 측정기준"
    },
    {
      "sn": "dis109172sent67941591",
      "source_original": "재무제표는 아래에서 열거하고 있는 재무상태표의 주요 항목을 제외하고는 역사적원가를"
    },
    {
      "sn": "dis109172sent67941592",
      "source_original": "기준으로 작성되었습니다."
    },
    {
      "sn": "dis109172sent67941593",
      "source_original": "- 공정가치로 측정되는 퇴"
    },
    {
      "sn": "dis109172sent67941594",
      "source_original": "직연금운용자산"
    },
    {
      "sn": "dis109172sent67941595",
      "source_original": "(3) 추정과 판단"
    },
    {
      "sn": "dis109172sent67941596",
      "source_original": "일반기업회계기준에서는 재무제표를 작성함에 있어서 회계정책의 적용이나, 보고기간말 현재 자산, 부채 및 수익, 비용의 보고금액에 영향을 미치는 사항에 대하여 경영진의 최선의 판단을 기준으로 한 추정치와 가정의 사용을 요구하고 있습니다."
    },
    {
      "sn": "dis109172sent67941597",
      "source_original": "보고기간말 현재 경영진의 최선의 판단을 기준으로 한 추정치와 가정이 실제 환경과 다를 경우 이러한 추정치와 실제 결과는 다를 수 있습니다."
    },
    {
      "sn": "dis109172sent67941598",
      "source_original": "3. 유의적 회계정책"
    },
    {
      "sn": "dis109172sent67941599",
      "source_original": "당사가 일반기업회계기준에 따라 작성한 재무제표에 적용한"
    },
    {
      "sn": "dis109172sent67941600",
      "source_original": "유의적인 회계정책은"
    },
    {
      "sn": "dis109172sent67941601",
      "source_original": "다음과 같습니다."
    },
    {
      "sn": "dis109172sent67941602",
      "source_original": "(1) 현금및현금성자산"
    },
    {
      "sn": "dis109172sent67941603",
      "source_original": "당사는 통화 및 타인발행수표 등 통화대용증권과 당좌예금, 보통예금 및 큰 거래비용없이 현금으로 전환이 용이하고 이자율 변동에 따른 가치변동의 위험이 경미한 금융상품으로서 취득 당시 만기일(또는 상환일)이 3개월 이내인 것을 현금및현금성자산으로 분류하고 있습니다."
    },
    {
      "sn": "dis109172sent67941604",
      "source_original": "재고자산의 취득원가는 매입원가 또는 제조원가에 취득에 직접적으로 관련되어 있으며 정상적으로 발생되는 기타원가를 포함하고 있으며, 재고자산의 단위원가는 선입선출법으로 결정하고 있습니다."
    },
    {
      "sn": "dis109172sent67941605",
      "source_original": "재고자산의 시가가 취득원가보다 하락한 경우에 발생한 평가손실 및 정상적으로 발생한 감모손실은 매출원가에 가산하고, 평가손실은 재고자산의 차감계정으로 표시하고 있습니다."
    },
    {
      "sn": "dis109172sent67941606",
      "source_original": "한편, 재고자산 평가손실을 초래했던 상황이 해소되어 새로운 시가가 장부금액보다 상승한 경우에는 최초의 장부금액을 초과하지 않는 범위 내에서 평가손실을 환입하고 매출원가에서 차감하고 있습니다."
    },
    {
      "sn": "dis109172sent67941607",
      "source_original": "(3) 금융상품"
    },
    {
      "sn": "dis109172sent67941608",
      "source_original": "① 공통사항"
    },
    {
      "sn": "dis109172sent67941609",
      "source_original": "금융자산이나 금융부채는 당사가 금융상품의 계약당사자가 되는 때에만 재무상태표에 인식하고, 최초 인식시 공정가치로 측정하며, 공정가치의 변동을 당기손익으로 인식하는 금융자산이나 금융부채가 아닌 경우"
    },
    {
      "sn": "dis109172sent67941610",
      "source_original": "당해 금융자산(금융부채)의 취득(발행)과직접 관련되는 거래원가는 최초 인식하는 공정가치에 가산(차감)하고 있습니다."
    },
    {
      "sn": "dis109172sent67941611",
      "source_original": "최초 인식 후 금융자산이나 금융부채는 유가증권, 파생상품 및 당기손익인식지정항목을 제외하고 상각후원가로 측정하고 있습니다."
    },
    {
      "sn": "dis109172sent67941612",
      "source_original": "당사는 상각후원가로 측정하는 금융자산의 손상 발생에 대한 객관적인 증거가 있는지를 매 보고기간말에 평가하고, 그러한 증거가 있는 경우, 그러한 금융자산에 대한 손상차손의 인식, 측정 및 환입은 아래 유가증권의 손상에 대한 회계정책을 준용하여회계처리하고 있습니다."
    },
    {
      "sn": "dis109172sent67941613",
      "source_original": "한편, 유가증권을 제외한 회수가 불확실한 금융자산은 합리적이고 객관적인 기준에 따라 산출한 대손추산액을 대손충당금으로 설정하고 있습니다."
    },
    {
      "sn": "dis109172sent67941614",
      "source_original": "유가증권을 제외한 금융자산의 양도의 경우에, 당사가 금융자산 양도 후 양도자산에 대한 권리를 행사할 수 없고, 양도 후에 효율적인 통제권을 행사할 수 없으며 양수인이 양수한 금융자산을 처분할 자유로운 권리가 있을 때에 한하여 금융자산을 제거하고 있으며, 이외의 경우에는 금융자산을 담보로 한 차입거래로 회계처리하고 있습니다."
    },
    {
      "sn": "dis109172sent67941615",
      "source_original": "② 유가증권"
    },
    {
      "sn": "dis109172sent67941616",
      "source_original": "종속기업, 지분법피투자기업, 조인트벤처에 대한 투자를 제외한 지분증권과 채무증권에 대해서 취득하는 시점에 만기보유증권, 매도가능증권, 단기매매증권으로 분류하고 매 보고기간말마다 분류의 적정성을 재검토하고 있습니다."
    },
    {
      "sn": "dis109172sent67941617",
      "source_original": "만기가 확정된 채무증권으로서 상환금액이 확정되었거나 확정이 가능한 채무증권을 만기까지 보유할 적극적인 의도와 능력이 있는 경우에는 만기보유증권으로, 주로 단기간 내의 매매차익을 목적으로 취득한 유가증권은 단기매매증권으로, 그리고 단기매매증권이나 만기보유증권으로 분류되지 아니하는 유가증권은 매도가능증권으로 분류하고 있습니다."
    },
    {
      "sn": "dis109172sent67941618",
      "source_original": "당사는"
    },
    {
      "sn": "dis109172sent67941619",
      "source_original": "후속 측정시"
    },
    {
      "sn": "dis109172sent67941620",
      "source_original": "만기보유증권을"
    },
    {
      "sn": "dis109172sent67941621",
      "source_original": "상각후원가로"
    },
    {
      "sn": "dis109172sent67941622",
      "source_original": "평가하고, 만기보유증권의 만기액면금액과 취득원가의 차이를 상환기간에 걸쳐 유효이자율법에 의하여 상각하여 취득원가와 이자수익에 가감하고 있습니다."
    },
    {
      "sn": "dis109172sent67941623",
      "source_original": "단기매매증권과 매도가능증권은 공정가치로 평가하고 있습니다."
    },
    {
      "sn": "dis109172sent67941624",
      "source_original": "다만, 매도가능증권중 시장성이 없는 지분증권의 공정가치를 신뢰성있게 측정할 수 없는 경우에는 취득원가로 평가하고 있습니다."
    },
    {
      "sn": "dis109172sent67941625",
      "source_original": "시"
    },
    {
      "sn": "dis109172sent67941626",
      "source_original": "장성있는 유가증권의 평가는 시장가격을 공정가치로 보며 시장가격은 보고기간말 현재의 종가로 하고 있습니다."
    },
    {
      "sn": "dis109172sent67941627",
      "source_original": "시장가격이 없는 채무증권의 경우에는 미래현금흐름을 합리적으로 추정하고, 공신력 있는 독립된 신용평가기관이 평가한 신용등급이 있는 경우에는 신용평가등급을 적절히 감안한 할인율을 사용하여 평가한 금액을 공정가치로 하고 있습니다."
    },
    {
      "sn": "dis109172sent67941628",
      "source_original": "한편, 시장성이 없는 수익증권의경우에는 펀드운용회사가 제시하는 수익증권의 매매기준가격을 공정가치로 하고 있습니다."
    },
    {
      "sn": "dis109172sent67941629",
      "source_original": "당사는 단기매매증권의 미실현보유손익을 당기손익항목으로 처리하고, 매도가능증권의 미실현보유손익을 기타포괄손익누계액으로 처리하고 있으며, 당해 매도가능증권을 처분하거나 손상차손을 인식하는 시점에 일괄하여 당기손익에 반영하고 있습니다."
    },
    {
      "sn": "dis109172sent67941630",
      "source_original": "당사는 손상차손의 발생에 대한 객관적인 증거가 있는지 매 보고기간말마다 평가하여 유가증권의 회수가능액이 채무증권의 상각후원가 또는 지분증권의 취득원가보다 작은 경우에는 손상차손이 불필요하다는 명백한 반증이 없는 한 손상차손을 인식하여 당기손익에 반영하고 있습니다."
    },
    {
      "sn": "dis109172sent67941631",
      "source_original": "손상차손의 회복이 손상차손 인식 후에 발생한 사건과 객관적으로 관련되는 경우, 만기보유증권 또는 원가로 평가하는 매도가능증권의 경우 당초에 손상차손을 인식하지 않았다면 회복일 현재의 상각후원가(매도가능증권의 경우 취득원가)를 한도로 당기이익을 인식하며, 공정가치로 평가하는 매도가능증권의 경우에는 이전에 인식하였던 손상차손 금액을 한도로 하여 회복된 금액을 당기이익으로 인식하고 있습니다."
    },
    {
      "sn": "dis109172sent67941632",
      "source_original": "유가증권의 양도로 당사가 유가증권의 통제를 상실한 때에는 그 유가증권을 재무상태표에서 제거하나, 통제를 상실하지 않았을 경우 당해 거래를 담보차입거래로 회계처리하고 있습니다."
    },
    {
      "sn": "dis109172sent67941633",
      "source_original": "단기매매증권과 보고기간말로부터 1년 내에 만기가 도래하거나 매도 등에 의하여 처분할 것이 거의 확실한 매도가능증권과 보고기간말로부터 1년 내에 만기가 도래하는만기보유증권은 유동자산으로 분류하고 있습니다."
    },
    {
      "sn": "dis109172sent67941634",
      "source_original": "(4) 유형자산"
    },
    {
      "sn": "dis109172sent67941635",
      "source_original": "당사는 유형자산의 취득원가 산정시, 당해 자산의 제작원가 또는 구입원가 및 경영진이 의도하는 방식으로 가동하는데 필요한 장소와 상태에 이르게 하는 데 직접 관련되는 원가를 가산하고 있습니다."
    },
    {
      "sn": "dis109172sent67941636",
      "source_original": "현물출자, 증여, 기타 무상으로 취득한 자산의 가액은 공정가치를 취득원가로"
    },
    {
      "sn": "dis109172sent67941637",
      "source_original": "하고,"
    },
    {
      "sn": "dis109172sent67941638",
      "source_original": "동일한 업종 내에서 유사한 용도로 사용되고 공정가치가 비슷한 동종자산과의 교환으로 받은 유형자산의 취득원가는 교환으로 제공한 자산의 장부금액으로 인식합니다."
    },
    {
      "sn": "dis109172sent67941639",
      "source_original": "한편, 다른 종류의 자산과의 교환으로 취득한 자산의취득원가는 교환을 위하여 제공한 자산의 공정가치로 측정하고, 제공한 자산의 공정가치가 불확실한 경우에는 교환으로 취득한 자산의 공정가치로 측정하고 있습니다."
    },
    {
      "sn": "dis109172sent67941640",
      "source_original": "유형자산의 취득 또는 완성 후의"
    },
    {
      "sn": "dis109172sent67941641",
      "source_original": "지출이 유형자산의 내용연수를 연장시키거나 가치를 실질적으로 증가시키는 지출인 경우에는 자본적 지출로 처리하고, 원상을 회복시키거나 능률유지를 위한 지출은 당기 비용으로 처리하고 있습니다."
    },
    {
      "sn": "dis109172sent67941642",
      "source_original": "최초 인식 후에 유형자산은 취득원가에서 감가상각누계액과 손상차손누계액을 차감한 금액을 장부금액으로 하고 있습니다."
    },
    {
      "sn": "dis109172sent67941643",
      "source_original": "유형자산 중 토지는 감가상각을 하지 않으며, 그 외 유형자산은 자산이 사용가능한 때부터 자산의 취득원가에서 잔존가치를 차감한 금액에 대하여 아래의 내용연수 동안 정액법(건물 및 구축물) 또는 정률법으로 상각하고 있습니다."
    },
    {
      "sn": "dis109172sent67941644",
      "source_original": "계정과목"
    },
    {
      "sn": "dis109172sent67941645",
      "source_original": "추정내용연수"
    },
    {
      "sn": "dis109172sent67941646",
      "source_original": "건 물"
    },
    {
      "sn": "dis109172sent67941647",
      "source_original": "40년"
    },
    {
      "sn": "dis109172sent67941648",
      "source_original": "5년"
    },
    {
      "sn": "dis109172sent67941649",
      "source_original": "20년"
    },
    {
      "sn": "dis109172sent67941650",
      "source_original": "기 계 장 치"
    },
    {
      "sn": "dis109172sent67941651",
      "source_original": "비 품"
    },
    {
      "sn": "dis109172sent67941652",
      "source_original": "유형자산의 제거로부터 발생하는 손익은 처분금액과 장부금액의 차액으로 결정되며,당기손익으로 인식하고 있습니다."
    },
    {
      "sn": "dis109172sent67941653",
      "source_original": "한편, 유형자산의 재평가와 관련하여 인식한 기타포괄손익의 잔액이 있을 경우 당해 유형자산을 처분할 때 당기손익으로 인식하고 있습니다."
    },
    {
      "sn": "dis109172sent67941654",
      "source_original": "(5) 수익"
    },
    {
      "sn": "dis109172sent67941655",
      "source_original": "수익에 대해서는 수익가득과정이 완료되고 수익금액을 신뢰성 있게 측정할 수 있으며 경제적 효익의 유입가능성이 매우 높을 경우에 인식하고 있습니다."
    },
    {
      "sn": "dis109172sent67941656",
      "source_original": "(6) 정부보조금"
    },
    {
      "sn": "dis109172sent67941657",
      "source_original": "당사는"
    },
    {
      "sn": "dis109172sent67941658",
      "source_original": "자산관련 보조금을"
    },
    {
      "sn": "dis109172sent67941659",
      "source_original": "받는 경우에는 관련 자산을 취득하기 전까지는 받은 자산 또는 받은 자산을 일시적으로 운용하기 위하여 취득하는 다른 자산의 차감계정으로 회계처리하고, 관련자산을 취득하는 시점에서 관련 자산의 차감계정으로 회계처리하고 있습니다."
    },
    {
      "sn": "dis109172sent67941660",
      "source_original": "한편,"
    },
    {
      "sn": "dis109172sent67941661",
      "source_original": "정부보조금을"
    },
    {
      "sn": "dis109172sent67941662",
      "source_original": "사용하기 위하여 특정조건을 충족해야 하는 경우가아닌"
    },
    {
      "sn": "dis109172sent67941663",
      "source_original": "기타의 정부보조금을"
    },
    {
      "sn": "dis109172sent67941664",
      "source_original": "받은 경우에는 주된 영업활동과 직접적인 관련성이 있다면 영업수익으로, 그렇지 않다면 영업외수익으로 회계처리하고 있으며, 대응되는 비용이 있는 경우에는 특정 비용과 상계처리하고 당기손익에 반영하고 있습니다."
    },
    {
      "sn": "dis109172sent67941665",
      "source_original": "당사는 시장이자율보다 낮은 이자율의 정부대여금에 대하여 정부대여금의 최초 장부금액과 수취한 대가의 차이를 정부보조금으로 측정하여 인식하고 있습니다."
    },
    {
      "sn": "dis109172sent67941666",
      "source_original": "또한, 비화폐성 정부보조금에 대하여 비화폐성자산의 공정가치를 평가하여 정부보조금과 관련 자산 모두를 공정가치로 인식하고 있습니다."
    },
    {
      "sn": "dis109172sent67941667",
      "source_original": "(7) 자산손상"
    },
    {
      "sn": "dis109172sent67941668",
      "source_original": "금융자산, 건설형공사계약에서 발생한 자산, 재고자산, 이연법인세자산 및 중단사업에 속하는 자산을 제외한 당사의 모든 자산에 대해서는 매 보고기간말마다 자산손상을 시사하는 징후가 있는지를 검토하며, 만약 그러한 징후가 있다면 당해자산의 회수가능액을 추정하고 있습니다."
    },
    {
      "sn": "dis109172sent67941669",
      "source_original": "또한, 아직 사용할 수 없는 무형자산에 대해서는 자산손상을 시사하는 징후와 관계없이 매년 회수가능액과 장부금액을 비교하여 손상검사를 하고 있습니다."
    },
    {
      "sn": "dis109172sent67941670",
      "source_original": "회수가능액은 개별 자산별로 추정합니다."
    },
    {
      "sn": "dis109172sent67941671",
      "source_original": "만약, 개별 자산의 회수가능액을 추정할 수없다면 그 자산이 속하는 현금창출단위별로 회수가능액을 추정하고 있습니다."
    },
    {
      "sn": "dis109172sent67941672",
      "source_original": "현금창출단위란 다른 자산이나 자산집단에서의 현금유입과는 거의 독립적인 현금유입을 창출하는 식별가능한 최소자산집단을 의미합니다."
    },
    {
      "sn": "dis109172sent67941673",
      "source_original": "개별 자산이나 현금창출단위의 회수가능액이 장부금액에 미달하는 경우 자산의 장부금액을 감소시키며 이러한 장부금액의 감소는 손상차손(당기손익)으로 인식하고 있습니다."
    },
    {
      "sn": "dis109172sent67941674",
      "source_original": "매 보고기간말에 영업권을 제외한 자산에 대해 과거기간에 인식한 손상차손이 더 이상 존재하지 않거나 감소된 것을 시사하는 징후가 있는지를 검토하고 직전 손상차손의 인식시점 이후 회수가능액을 결정하는 데 사용된 추정치에 변화가 있는 경우에만 손상차손을 환입하고 있으며, 손상차손환입으로 증가된 장부금액은 과거에 손상차손을 인식하기 전 장부금액의 감가상각 또는 상각 후 잔액을 초과할 수 없습니다."
    },
    {
      "sn": "dis109172sent67941675",
      "source_original": "(8) 퇴직급여"
    },
    {
      "sn": "dis109172sent67941676",
      "source_original": "당사는 2007년부터 확정급여형 퇴직연금제도를 도입하였으며, 퇴직연금규약에 따라퇴직연금제도의 설정 이후의 근무기간을 가입기간으로 하고 그 이전 근무기간에 대해서는 기존의 퇴직금제도를 그대로 유지하고 있습니다."
    },
    {
      "sn": "dis109172sent67941677",
      "source_original": "당사의 퇴직연금제도는 확정급여형 퇴직연금제도로서 수급요건을 갖춘 종업원은 퇴직시에 확정된 연금을 수령하게 됩니다."
    },
    {
      "sn": "dis109172sent67941678",
      "source_original": "종업원이 퇴직하기 전에는 보고기간말 현재종업원이 퇴직할 경우 지급하여야 할 퇴직일시금에 상당하는 금액을 퇴직급여충당부채로 계상하고 있으"
    },
    {
      "sn": "dis109172sent67941679",
      "source_original": "며, 퇴직연금에 대한 수급요건 중 가입기간 요건을 갖추고 퇴사한종업원이 퇴직연금의 수령을 선택한 경우에는"
    },
    {
      "sn": "dis109172sent67941680",
      "source_original": "보고기간말"
    },
    {
      "sn": "dis109172sent67941681",
      "source_original": "이후 퇴직종업원에게 지급하여야 할 예상퇴직연금합계액을 보험수리적 가정을 사용하여 추정하고,"
    },
    {
      "sn": "dis109172sent67941682",
      "source_original": "보고기간말현재 우량회사채의 시장이자율"
    },
    {
      "sn": "dis109172sent67941683",
      "source_original": "(회사채에 대해 거래층이 두터운 시장이 없는 경우에는 보고기간말 현재 국공채의 수익률)"
    },
    {
      "sn": "dis109172sent67941684",
      "source_original": "에 기"
    },
    {
      "sn": "dis109172sent67941685",
      "source_original": "초하여 할인한 현재가치를 퇴직연금미지급금으로 계상하고 있습니다."
    },
    {
      "sn": "dis109172sent67941686",
      "source_original": "한편"
    },
    {
      "sn": "dis109172sent67941687",
      "source_original": ", 사망률과 같은 보험수리적 가정이 바뀌거나 시간의 경과에 따라 현재가치가 증가한 경우 퇴직급여로 비용처리하고 있습니다."
    },
    {
      "sn": "dis109172sent67941688",
      "source_original": "퇴직연금제도에서 운용되는 자산은 퇴직연금운용자산의 과목으로 하여 퇴직급여 관련 부채, 즉 퇴직급여충당부채와 퇴직연금미지급금에서 차감하는 형식으로 표시하고있습니다."
    },
    {
      "sn": "dis109172sent67941689",
      "source_original": "기존 퇴직금 제도의 퇴직급여충당부채와 퇴직연금 도입 후 퇴직급여충당부채를 합산하여 표시하고 있습니다."
    },
    {
      "sn": "dis109172sent67941690",
      "source_original": "한편, 당사는 종전 국민연금법의 규정에 의하여종업원이 퇴직할 경우 지급할 퇴직금의 일부를 국민연금관리공단에 납부한 바 있으며 동 금액은 국민연금전환금의 과목으로 퇴직급여충당부채에서 차감하여 표시하였습니다."
    },
    {
      "sn": "dis109172sent67941691",
      "source_original": "(9) 기본주당이익"
    },
    {
      "sn": "dis109172sent67941692",
      "source_original": "당사는 보통주에 귀속되는 회계기간의 당기순이익에 대하여 그 기간에 유통된 보통주식수를 가중평균한 주식수로 나누어 기본주당이익을 계산하고 손익계산서에 표시하고 있습니다."
    },
    {
      "sn": "dis109172sent67941693",
      "source_original": "(10) 중소기업의 회계처리에 대한 특례"
    },
    {
      "sn": "dis109172sent67941694",
      "source_original": "당사는 중소기업기본법상의 중소기업에 해당하므로 일반기업회계기준 제31장 (중소기업 회계처리 특례)에 따라 이연법인세 회계를 적용하지 않고 법인세법 등의 법령에의하여 납부할 금액을 법인세등으로 계상하고 있으며, 유의적인 영향력을 행사할 수 있는 지분증권에 대하여 지분법을 적용하지 않고 있습니다."
    },
    {
      "sn": "dis109172sent67941695",
      "source_original": "4. 사용이 제한된 금융상품"
    },
    {
      "sn": "dis109172sent67941696",
      "source_original": "당기말과 전기말 현재 사용이 제한된 금융상품의 내용은 다음과 같습니다."
    },
    {
      "sn": "dis109172sent67941697",
      "source_original": "(단위 : 천원)"
    },
    {
      "sn": "dis109172sent67941698",
      "source_original": "당 기"
    },
    {
      "sn": "dis109172sent67941699",
      "source_original": "전 기"
    },
    {
      "sn": "dis109172sent67941700",
      "source_original": "사용제한내용"
    },
    {
      "sn": "dis109172sent67941701",
      "source_original": "장기금융상품"
    },
    {
      "sn": "dis109172sent67941702",
      "source_original": "당좌개설보증금"
    },
    {
      "sn": "dis109172sent67941703",
      "source_original": "5. 유가증권"
    },
    {
      "sn": "dis109172sent67941704",
      "source_original": "당기말과 전기말 현재 단기매매증권 및 매도가능증권의 내역은 다음과 같습니다."
    },
    {
      "sn": "dis109172sent67941705",
      "source_original": "① 당 기"
    },
    {
      "sn": "dis109172sent67941706",
      "source_original": "회사명"
    },
    {
      "sn": "dis109172sent67941707",
      "source_original": "취득원가"
    },
    {
      "sn": "dis109172sent67941708",
      "source_original": "주식수(주)"
    },
    {
      "sn": "dis109172sent67941709",
      "source_original": "지분율(%)"
    },
    {
      "sn": "dis109172sent67941710",
      "source_original": "기말장부금액"
    },
    {
      "sn": "dis109172sent67941711",
      "source_original": "유동자산 - 지분증권"
    },
    {
      "sn": "dis109172sent67941712",
      "source_original": "LX하우시스외"
    },
    {
      "sn": "dis109172sent67941713",
      "source_original": "비유동자산 - 지분증권"
    },
    {
      "sn": "dis109172sent67941714",
      "source_original": "정비협동조합출자금"
    },
    {
      "sn": "dis109172sent67941715",
      "source_original": "복지닷컴 (*1)"
    },
    {
      "sn": "dis109172sent67941716",
      "source_original": "㈜시민에너지 (*2)"
    },
    {
      "sn": "dis109172sent67941717",
      "source_original": "합 계"
    },
    {
      "sn": "dis109172sent67941718",
      "source_original": "(*1) 해당주식의 경우 상장되지 않아 시장성이 없고, 공정가액을 신뢰성 있게 측정할 수 없어 취득원가로 계상하였습니다."
    },
    {
      "sn": "dis109172sent67941719",
      "source_original": "(*2) 상기 주식은 중대한 영향력을 행사 할 수 있는 지분법적용투자주식에 해당하나 당사는 일반기업회계기준 제31장 (중소기업 회계처리 특례)적용으로 지분법평가를 수행하지 않았습니다."
    },
    {
      "sn": "dis109172sent67941720",
      "source_original": "② 전 기"
    },
    {
      "sn": "dis109172sent67941721",
      "source_original": "복지닷컴"
    },
    {
      "sn": "dis109172sent67941722",
      "source_original": "㈜시민에너지"
    },
    {
      "sn": "dis109172sent67941723",
      "source_original": "6. 특수관계자"
    },
    {
      "sn": "dis109172sent67941724",
      "source_original": "(1) 당기말 현재 당사와 지배ㆍ종속관계에 있는 회사의 내역은 다음과 같습니다."
    },
    {
      "sn": "dis109172sent67941725",
      "source_original": "구 분"
    },
    {
      "sn": "dis109172sent67941726",
      "source_original": "회 사 명"
    },
    {
      "sn": "dis109172sent67941727",
      "source_original": "종속회사"
    },
    {
      "sn": "dis109172sent67941728",
      "source_original": "(주)시민에너지"
    },
    {
      "sn": "dis109172sent67941729",
      "source_original": ") 당기와 전기 중 특수관계자와의 거래 내역은 다음과 같습니다."
    },
    {
      "sn": "dis109172sent67941730",
      "source_original": "특수관계구분"
    },
    {
      "sn": "dis109172sent67941731",
      "source_original": "특수관계자명"
    },
    {
      "sn": "dis109172sent67941732",
      "source_original": "거래내용"
    },
    {
      "sn": "dis109172sent67941733",
      "source_original": "피투자회사"
    },
    {
      "sn": "dis109172sent67941734",
      "source_original": "임대료 수입"
    },
    {
      "sn": "dis109172sent67941735",
      "source_original": "CNG 매입"
    },
    {
      "sn": "dis109172sent67941736",
      "source_original": "임직원"
    },
    {
      "sn": "dis109172sent67941737",
      "source_original": "자금대여"
    },
    {
      "sn": "dis109172sent67941738",
      "source_original": "대여금회수"
    },
    {
      "sn": "dis109172sent67941739",
      "source_original": "임대료수입"
    },
    {
      "sn": "dis109172sent67941740",
      "source_original": "3) 당기말과 전기말 현재 특수관계자에 대한 채권ㆍ채무내역은 다"
    },
    {
      "sn": "dis109172sent67941741",
      "source_original": "음과 같습"
    },
    {
      "sn": "dis109172sent67941742",
      "source_original": "니다."
    },
    {
      "sn": "dis109172sent67941743",
      "source_original": "채 무"
    },
    {
      "sn": "dis109172sent67941744",
      "source_original": "매입채무"
    },
    {
      "sn": "dis109172sent67941745",
      "source_original": "(4) 당기말 현재 당사가 특수관계자를 위하여 제공하고 있는 담보 및 보증의 내역은 다음과 같습니다."
    },
    {
      "sn": "dis109172sent67941746",
      "source_original": "구분"
    },
    {
      "sn": "dis109172sent67941747",
      "source_original": "제공받은자"
    },
    {
      "sn": "dis109172sent67941748",
      "source_original": "내 역"
    },
    {
      "sn": "dis109172sent67941749",
      "source_original": "금 액"
    },
    {
      "sn": "dis109172sent67941750",
      "source_original": "여신금융기관"
    },
    {
      "sn": "dis109172sent67941751",
      "source_original": "지급보증"
    },
    {
      "sn": "dis109172sent67941752",
      "source_original": "(주)부산은행"
    },
    {
      "sn": "dis109172sent67941753",
      "source_original": "토지 담보"
    },
    {
      "sn": "dis109172sent67941754",
      "source_original": "(주)부산도시가스"
    },
    {
      "sn": "dis109172sent67941755",
      "source_original": "7. 유형자산"
    },
    {
      "sn": "dis109172sent67941756",
      "source_original": "(1) 당기와 전기 중 유형자산의 증감내역은 다음과 같습니다."
    },
    {
      "sn": "dis109172sent67941757",
      "source_original": "기초장부금액"
    },
    {
      "sn": "dis109172sent67941758",
      "source_original": "취득 및"
    },
    {
      "sn": "dis109172sent67941759",
      "source_original": "자본적 지출액"
    },
    {
      "sn": "dis109172sent67941760",
      "source_original": "처분액"
    },
    {
      "sn": "dis109172sent67941761",
      "source_original": "토 지"
    },
    {
      "sn": "dis109172sent67941762",
      "source_original": "구 축 물"
    },
    {
      "sn": "dis109172sent67941763",
      "source_original": "(2) 당기말과 전기말 현재 유형자산 중 토지의 공시지가는 다음과 같습니다."
    },
    {
      "sn": "dis109172sent67941764",
      "source_original": "종 류"
    },
    {
      "sn": "dis109172sent67941765",
      "source_original": "장부가액"
    },
    {
      "sn": "dis109172sent67941766",
      "source_original": "부산광역시 남구 백운포로"
    },
    {
      "sn": "dis109172sent67941767",
      "source_original": "차고지 등"
    },
    {
      "sn": "dis109172sent67941768",
      "source_original": "8. 보험가입자산"
    },
    {
      "sn": "dis109172sent67941769",
      "source_original": "당사는 운송차량에 대해 당기말 현재 전국버스운송사업조합연합회 공제조합에 자동차 책임보험, 종합보험 및 공제보험에 가입되어 있습니다."
    },
    {
      "sn": "dis109172sent67941770",
      "source_original": "9. 정부보조금"
    },
    {
      "sn": "dis109172sent67941771",
      "source_original": "2007년 5월 전국버스조합과 국토해양부의 합의에 의해 부산시의 시내버스 운영체제는 준"
    },
    {
      "sn": "dis109172sent67941772",
      "source_original": "공영제로 전환되었으며, 당사는 운행실적에 따라 운송적자분에 대하여 재정지원보증을 받고 있습니다."
    },
    {
      "sn": "dis109172sent67941773",
      "source_original": "당기 중 당사는 운송적자 보전 등을 위해 부산광역시로부터"
    },
    {
      "sn": "dis109172sent67941774",
      "source_original": "7,891,453천"
    },
    {
      "sn": "dis109172sent67941775",
      "source_original": "원의"
    },
    {
      "sn": "dis109172sent67941776",
      "source_original": "보조금을 지급받았으며 이를 매출액(운송수입)으로 계상하고 있습니다."
    },
    {
      "sn": "dis109172sent67941777",
      "source_original": "당사는 운송차량 등의 취득과 관련하여"
    },
    {
      "sn": "dis109172sent67941778",
      "source_original": "수령한 정부보조금을 관련 계정과목의 차감항목으로 표시하고 있으며, 당기 중 운송원가 및 판관비의 감가상각비와 상계된 정부보조금 상각액은"
    },
    {
      "sn": "dis109172sent67941779",
      "source_original": "1,146,203천"
    },
    {
      "sn": "dis109172sent67941780",
      "source_original": "원입니다."
    },
    {
      "sn": "dis109172sent67941781",
      "source_original": "10. 담보제공자산"
    },
    {
      "sn": "dis109172sent67941782",
      "source_original": "당기말 현재 당사의 채무를 위하여 담보로 제공하고 있는 자산의 내역은 없습니다."
    },
    {
      "sn": "dis109172sent67941783",
      "source_original": "11. 금융부채의 유동성 위험관리 방법 및 종류별 만기 분석"
    },
    {
      "sn": "dis109172sent67941784",
      "source_original": "(1) 유동성위험 관리 방법"
    },
    {
      "sn": "dis109172sent67941785",
      "source_original": "유동성위험이란 당사가 금융부채에 관련된 의무를 충족하는 데 어려움을 겪게 될 위험을 의미합니다."
    },
    {
      "sn": "dis109172sent67941786",
      "source_original": "당사의 유동성 관리방법은 재무적으로 어려운 상황에서도 받아들일 수 없는 손실이 발생하거나, 당사의 평판에 손상을 입힐 위험 없이, 만기일에 부채를 상환할 수 있는 충분한 유동성을 유지하도록 하는 것입니다."
    },
    {
      "sn": "dis109172sent67941787",
      "source_original": "당사는 부채 상환을 포함하여, 60일에 대한 예상 운영비용을 충당할 수 있는 충분한 요구불예금 및 채권을 보유하고 있다고 확신하고 있습니다."
    },
    {
      "sn": "dis109172sent67941788",
      "source_original": "여기에는 합리적으로 예상할 수 없는 극단적인 상황으로 인한 잠재적인 효과는 포함되지 않았습니다."
    },
    {
      "sn": "dis109172sent67941789",
      "source_original": "(2) 당기말 현재 금융부채의 계약상 만기는 다음과 같습니다."
    },
    {
      "sn": "dis109172sent67941790",
      "source_original": "장부금액"
    },
    {
      "sn": "dis109172sent67941791",
      "source_original": "6개월이내"
    },
    {
      "sn": "dis109172sent67941792",
      "source_original": "6~12개월"
    },
    {
      "sn": "dis109172sent67941793",
      "source_original": "1~2년"
    },
    {
      "sn": "dis109172sent67941794",
      "source_original": "단기차입금"
    },
    {
      "sn": "dis109172sent67941795",
      "source_original": "장기차입금"
    },
    {
      "sn": "dis109172sent67941796",
      "source_original": "(유동성포함)"
    },
    {
      "sn": "dis109172sent67941797",
      "source_original": "당사는 상기 현금흐름이 유의적으로 더 이른 기간에 발생하거나, 유의적으로 다른 금액일 것으로 기대하지 않습니다."
    },
    {
      "sn": "dis109172sent67941798",
      "source_original": "12. 장ㆍ단기차입금"
    },
    {
      "sn": "dis109172sent67941799",
      "source_original": "(1) 당기말과 전기말 현재 단기차입금의 내역은 다음과 같습니다."
    },
    {
      "sn": "dis109172sent67941800",
      "source_original": "차입처"
    },
    {
      "sn": "dis109172sent67941801",
      "source_original": "이자율(%)"
    },
    {
      "sn": "dis109172sent67941802",
      "source_original": "BNK캐피탈"
    },
    {
      "sn": "dis109172sent67941803",
      "source_original": "차량인도금"
    },
    {
      "sn": "dis109172sent67941804",
      "source_original": "신한카드"
    },
    {
      "sn": "dis109172sent67941805",
      "source_original": "(2) 당기말과 전기말 현재 장기차입금의 내역은 다음과 같습니다."
    },
    {
      "sn": "dis109172sent67941806",
      "source_original": "신한은행"
    },
    {
      "sn": "dis109172sent67941807",
      "source_original": "일반자금대출"
    },
    {
      "sn": "dis109172sent67941808",
      "source_original": "유동성장기부채"
    },
    {
      "sn": "dis109172sent67941809",
      "source_original": "차감계"
    },
    {
      "sn": "dis109172sent67941810",
      "source_original": "(3) 당기말 현재 장기차입금의 연도별 상환계획은 다음과 같습니다."
    },
    {
      "sn": "dis109172sent67941811",
      "source_original": "상 환 연 도"
    },
    {
      "sn": "dis109172sent67941812",
      "source_original": "2023년"
    },
    {
      "sn": "dis109172sent67941813",
      "source_original": "13. 퇴직급여충당부채"
    },
    {
      "sn": "dis109172sent67941814",
      "source_original": "(1) 당기와 전기 중 퇴직급여충당부채의 변동내역은 다음과 같습니다."
    },
    {
      "sn": "dis109172sent67941815",
      "source_original": "기초잔액"
    },
    {
      "sn": "dis109172sent67941816",
      "source_original": "퇴직금지급액"
    },
    {
      "sn": "dis109172sent67941817",
      "source_original": "기말잔액"
    },
    {
      "sn": "dis109172sent67941818",
      "source_original": "당사는 임직원의 퇴직금 지급에 충당하기 위하여 당기말과 전기말 현재 퇴직급여추계액의"
    },
    {
      "sn": "dis109172sent67941819",
      "source_original": "% 및"
    },
    {
      "sn": "dis109172sent67941820",
      "source_original": "98.25%에"
    },
    {
      "sn": "dis109172sent67941821",
      "source_original": "해당하는 금액을 (주)부산은행 등에 종업원의 수급권을보장하는 퇴직연금에 가입하고 있으며, 이에 따라 납입한 퇴직연금운용자산을 퇴직급여충당부채에서 차감하는 형식으로 표시하고 있으며, 퇴직연금운용자산이 퇴직급여충당부채를 초과하는 경우 해당 금액을 투자자산으로 인식하고 있습니다."
    },
    {
      "sn": "dis109172sent67941822",
      "source_original": "당기와 전기 중 퇴직연금운용자산의 변동내역은 다음과 같습니다."
    },
    {
      "sn": "dis109172sent67941823",
      "source_original": "증 가 액"
    },
    {
      "sn": "dis109172sent67941824",
      "source_original": "감 소 액"
    },
    {
      "sn": "dis109172sent67941825",
      "source_original": "14. 자본금"
    },
    {
      "sn": "dis109172sent67941826",
      "source_original": "당사가 발행할 주식의 총수, 발행한 주식의 수 및 1주당 금액은 각각 1,000,000주, 542,400주 및 5,000원입니다."
    },
    {
      "sn": "dis109172sent67941827",
      "source_original": "15. 이익잉여금"
    },
    {
      "sn": "dis109172sent67941828",
      "source_original": "당기말과 전기말 현재 당사의 이익잉여금 중 법정적립금과 임의적립금의 세부내용은다음과 같습니다."
    },
    {
      "sn": "dis109172sent67941829",
      "source_original": "1. 법정적립금"
    },
    {
      "sn": "dis109172sent67941830",
      "source_original": "이익준비금"
    },
    {
      "sn": "dis109172sent67941831",
      "source_original": "2. 임의적립금"
    },
    {
      "sn": "dis109172sent67941832",
      "source_original": "재무구조개선적립금"
    },
    {
      "sn": "dis109172sent67941833",
      "source_original": "(1) 이익준비금"
    },
    {
      "sn": "dis109172sent67941834",
      "source_original": "상법상 당사는 자본금의 50%에 달할 때까지 매결산기에 금전에 의한 이익배당액의 10% 이상을 이익준비금으로 적립하도록 규정되어 있으며, 동 이익준비금은 현금으로 배당할 수 없으며 주주총회의 결의에 의하여 이월결손금의 보전과 자본전입에만 사용될 수 있습니다."
    },
    {
      "sn": "dis109172sent67941835",
      "source_original": "(2) 재무구조개선적립금"
    },
    {
      "sn": "dis109172sent67941836",
      "source_original": "당사는 2006년까지 '유가증권의 발행 및 공시등에 관한 규정' 제56조에 따라 적립한 재무구조개선적립금을 법정적립금으로 계상하였으며, 동 적립금은 이월결손금의 보전 및 자본전입에만 사용될 수 있었습니다."
    },
    {
      "sn": "dis109172sent67941837",
      "source_original": "그러나 2007년 12월 27일에 '유가증권의발행 및 공시등에 관한 규정'이 개정되었으며, 동 개정시에 관련 조항이 삭제됨으로 인하여 재무구조개선적립금은 임의적립금으로 변경되었습니다."
    },
    {
      "sn": "dis109172sent67941838",
      "source_original": "(3) 이익잉여금처분계산서"
    },
    {
      "sn": "dis109172sent67941839",
      "source_original": "제 52 (당) 기"
    },
    {
      "sn": "dis109172sent67941840",
      "source_original": "처분예정일"
    },
    {
      "sn": "dis109172sent67941841",
      "source_original": "2022년 3월 25일"
    },
    {
      "sn": "dis109172sent67941842",
      "source_original": "제 51 (전) 기"
    },
    {
      "sn": "dis109172sent67941843",
      "source_original": "처분확정일 2021년 3월 26일"
    },
    {
      "sn": "dis109172sent67941844",
      "source_original": "Ⅰ.미처분이익잉여금"
    },
    {
      "sn": "dis109172sent67941845",
      "source_original": "전기이월미처분이익잉여금"
    },
    {
      "sn": "dis109172sent67941846",
      "source_original": "II. 이익잉여금처분액"
    },
    {
      "sn": "dis109172sent67941847",
      "source_original": "연차배당"
    },
    {
      "sn": "dis109172sent67941848",
      "source_original": "III.차기이월미처분이익잉여금"
    },
    {
      "sn": "dis109172sent67941849",
      "source_original": "16. 부가가치계산 관련자료"
    },
    {
      "sn": "dis109172sent67941850",
      "source_original": "당기와 전기의 판매비와관리비 및 운송원가에 포함된 부가가치계산에 필요한 자료는다음과 같습니다."
    },
    {
      "sn": "dis109172sent67941851",
      "source_original": "판매비와관리비"
    },
    {
      "sn": "dis109172sent67941852",
      "source_original": "운송원가"
    },
    {
      "sn": "dis109172sent67941853",
      "source_original": "급 여"
    },
    {
      "sn": "dis109172sent67941854",
      "source_original": "법인세등"
    },
    {
      "sn": "dis109172sent67941855",
      "source_original": "당사의 법인세는 기업회계와 세무회계의 차이로 인하여 법인세차감전순이익에 법인세율을 적용하여 산정한 세액과는 일치하지 아니합니다."
    },
    {
      "sn": "dis109172sent67941856",
      "source_original": "손익계산서에 계상된 법인세등의 내역은 다음과 같습니다."
    },
    {
      "sn": "dis109172sent67941857",
      "source_original": "법인세"
    },
    {
      "sn": "dis109172sent67941858",
      "source_original": "지방소득세"
    },
    {
      "sn": "dis109172sent67941859",
      "source_original": "농어촌특별세"
    },
    {
      "sn": "dis109172sent67941860",
      "source_original": "18. 주당이익"
    },
    {
      "sn": "dis109172sent67941861",
      "source_original": "주당순이익의 계산내역은 다음과 같습니다."
    },
    {
      "sn": "dis109172sent67941862",
      "source_original": "가중평균유통보통주식수"
    },
    {
      "sn": "dis109172sent67941863",
      "source_original": "542,400주"
    },
    {
      "sn": "dis109172sent67941864",
      "source_original": "주당순이익(손실)"
    },
    {
      "sn": "dis109172sent67941865",
      "source_original": "19. 배당금"
    },
    {
      "sn": "dis109172sent67941866",
      "source_original": "(1) 당기와 전기 배당금의 계산내역은 다음과 같습니다."
    },
    {
      "sn": "dis109172sent67941867",
      "source_original": "배당받을 주식수"
    },
    {
      "sn": "dis109172sent67941868",
      "source_original": "주당액면금액"
    },
    {
      "sn": "dis109172sent67941869",
      "source_original": "액면배당률"
    },
    {
      "sn": "dis109172sent67941870",
      "source_original": "(2) 당기와 전기 배당성향(중간배당 포함)의 계산내역은 다음과 같습니다."
    },
    {
      "sn": "dis109172sent67941871",
      "source_original": "배 당 금"
    },
    {
      "sn": "dis109172sent67941872",
      "source_original": "배 당 성 향"
    },
    {
      "sn": "dis109172sent67941873",
      "source_original": "20. 현금흐름표"
    },
    {
      "sn": "dis109172sent67941874",
      "source_original": "당기와 전기 중 현금의 유입과 유출이 없는 중요한 거래내역은 다음과 같습니다."
    },
    {
      "sn": "dis109172sent67941875",
      "source_original": "정부보조금과 감가상각비의 상계"
    },
    {
      "sn": "dis109172sent67941876",
      "source_original": "장기차입금의 유동성 대체"
    },
    {
      "sn": "dis109172sent67941877",
      "source_original": "21. 진행 중인 소송사건"
    },
    {
      "sn": "dis109172sent67941878",
      "source_original": "당사에 근무했던 운전기사로부터 상여금등 지급청구의 소(청구금액 : 206,656천원)가 제기되어 있으며, 1심에서 68,459천원을 지급하라는 판결을 받았습니다."
    },
    {
      "sn": "dis109172sent67941879",
      "source_original": "그러나, 이에 불복하여 2심을 진행 중에 있으며, 소송결과는 예측할 수 없습니다."
    },
    {
      "sn": "dis109172sent67941880",
      "source_original": "22. 보고기간 종료일 후 발생사건"
    },
    {
      "sn": "dis109172sent67941881",
      "source_original": "당사의 재무제표는"
    },
    {
      "sn": "dis109172sent67941882",
      "source_original": "2022년 3월 19일 이사회에서 승인될 예정이며, 2022년 3월 25일주주총회에"
    },
    {
      "sn": "dis109172sent67941883",
      "source_original": "서 확정될 예정입니다."
    },
    {
      "sn": "dis109172sent67941884",
      "source_original": "외부감사 실시내용"
    },
    {
      "sn": "dis109172sent67941885",
      "source_original": "「주식회사 등의 외부감사에 관한 법률」제18조제3항의 규정에 의하여 외부감사 실시내용을 첨부합니다."
    },
    {
      "sn": "dis109172sent67941886",
      "source_original": "1. 감사대상업무"
    },
    {
      "sn": "dis109172sent67941887",
      "source_original": "감사대상 사업연도"
    },
    {
      "sn": "dis109172sent67941888",
      "source_original": "2. 감사참여자 구분별 인원수 및 감사시간"
    },
    {
      "sn": "dis109172sent67941889",
      "source_original": "(단위 : 명, 시간)"
    },
    {
      "sn": "dis109172sent67941890",
      "source_original": "감사참여자"
    },
    {
      "sn": "dis109172sent67941891",
      "source_original": "인원수 및 시간"
    },
    {
      "sn": "dis109172sent67941892",
      "source_original": "품질관리"
    },
    {
      "sn": "dis109172sent67941893",
      "source_original": "검토자"
    },
    {
      "sn": "dis109172sent67941894",
      "source_original": "(심리실 등)"
    },
    {
      "sn": "dis109172sent67941895",
      "source_original": "감사업무 담당 회계사"
    },
    {
      "sn": "dis109172sent67941896",
      "source_original": "전산감사ㆍ"
    },
    {
      "sn": "dis109172sent67941897",
      "source_original": "세무ㆍ가치평가"
    },
    {
      "sn": "dis109172sent67941898",
      "source_original": "등 전문가"
    },
    {
      "sn": "dis109172sent67941899",
      "source_original": "건설계약 등"
    },
    {
      "sn": "dis109172sent67941900",
      "source_original": "수주산업"
    },
    {
      "sn": "dis109172sent67941901",
      "source_original": "전문가"
    },
    {
      "sn": "dis109172sent67941902",
      "source_original": "합계"
    },
    {
      "sn": "dis109172sent67941903",
      "source_original": "담당이사"
    },
    {
      "sn": "dis109172sent67941904",
      "source_original": "(업무수행이사)"
    },
    {
      "sn": "dis109172sent67941905",
      "source_original": "등록"
    },
    {
      "sn": "dis109172sent67941906",
      "source_original": "공인회계사"
    },
    {
      "sn": "dis109172sent67941907",
      "source_original": "수습"
    },
    {
      "sn": "dis109172sent67941908",
      "source_original": "당기"
    },
    {
      "sn": "dis109172sent67941909",
      "source_original": "전기"
    },
    {
      "sn": "dis109172sent67941910",
      "source_original": "투입 인원수"
    },
    {
      "sn": "dis109172sent67941911",
      "source_original": "투입시간"
    },
    {
      "sn": "dis109172sent67941912",
      "source_original": "분ㆍ반기검토"
    },
    {
      "sn": "dis109172sent67941913",
      "source_original": "감사"
    },
    {
      "sn": "dis109172sent67941914",
      "source_original": "3. 주요 감사실시내용"
    },
    {
      "sn": "dis109172sent67941915",
      "source_original": "전반감사계획"
    },
    {
      "sn": "dis109172sent67941916",
      "source_original": "(감사착수단계)"
    },
    {
      "sn": "dis109172sent67941917",
      "source_original": "수행시기"
    },
    {
      "sn": "dis109172sent67941918",
      "source_original": "일"
    },
    {
      "sn": "dis109172sent67941919",
      "source_original": "주요내용"
    },
    {
      "sn": "dis109172sent67941920",
      "source_original": "중간, 기말감사를 위한 감사전략 수립"
    },
    {
      "sn": "dis109172sent67941921",
      "source_original": "현장감사"
    },
    {
      "sn": "dis109172sent67941922",
      "source_original": "투입인원"
    },
    {
      "sn": "dis109172sent67941923",
      "source_original": "주요 감사업무 수행내용"
    },
    {
      "sn": "dis109172sent67941924",
      "source_original": "상주"
    },
    {
      "sn": "dis109172sent67941925",
      "source_original": "비상주"
    },
    {
      "sn": "dis109172sent67941926",
      "source_original": "중간감사"
    },
    {
      "sn": "dis109172sent67941927",
      "source_original": "명"
    },
    {
      "sn": "dis109172sent67941928",
      "source_original": "내부통제에 대한 이해 및 평가"
    },
    {
      "sn": "dis109172sent67941929",
      "source_original": "기말감사"
    },
    {
      "sn": "dis109172sent67941930",
      "source_original": "계정과목에 대한 입증절차 수행"
    },
    {
      "sn": "dis109172sent67941931",
      "source_original": "재고자산실사(입회)"
    },
    {
      "sn": "dis109172sent67941932",
      "source_original": "실사(입회)시기"
    },
    {
      "sn": "dis109172sent67941933",
      "source_original": "실사(입회)장소"
    },
    {
      "sn": "dis109172sent67941934",
      "source_original": "부산 남구 백운포로 차고지 및 본사"
    },
    {
      "sn": "dis109172sent67941935",
      "source_original": "실사(입회)대상"
    },
    {
      "sn": "dis109172sent67941936",
      "source_original": "재고자산"
    },
    {
      "sn": "dis109172sent67941937",
      "source_original": "금융자산실사(입회)"
    },
    {
      "sn": "dis109172sent67941938",
      "source_original": "현금 및 받을어음 등"
    },
    {
      "sn": "dis109172sent67941939",
      "source_original": "외부조회"
    },
    {
      "sn": "dis109172sent67941940",
      "source_original": "금융거래조회"
    },
    {
      "sn": "dis109172sent67941941",
      "source_original": "채권채무조회"
    },
    {
      "sn": "dis109172sent67941942",
      "source_original": "변호사조회"
    },
    {
      "sn": "dis109172sent67941943",
      "source_original": "기타조회"
    },
    {
      "sn": "dis109172sent67941944",
      "source_original": "지배기구와의"
    },
    {
      "sn": "dis109172sent67941945",
      "source_original": "커뮤니케이션"
    },
    {
      "sn": "dis109172sent67941946",
      "source_original": "커뮤니케이션 횟수"
    },
    {
      "sn": "dis109172sent67941947",
      "source_original": "회"
    },
    {
      "sn": "dis109172sent67941948",
      "source_original": "외부전문가 활용"
    },
    {
      "sn": "dis109172sent67941949",
      "source_original": "감사 활용 내용"
    },
    {
      "sn": "dis109172sent67941950",
      "source_original": "4. 감사(감사위원회)와의 커뮤니케이션"
    },
    {
      "sn": "dis109172sent67941951",
      "source_original": "일자"
    },
    {
      "sn": "dis109172sent67941952",
      "source_original": "참석자"
    },
    {
      "sn": "dis109172sent67941953",
      "source_original": "방식"
    },
    {
      "sn": "dis109172sent67941954",
      "source_original": "주요 논의 내용"
    },
    {
      "sn": "dis109172sent67941955",
      "source_original": "2021년 11월 23일"
    },
    {
      "sn": "dis109172sent67941956",
      "source_original": "총참석인원 : 4명"
    },
    {
      "sn": "dis109172sent67941957",
      "source_original": "회사 : 대표이사 외 1"
    },
    {
      "sn": "dis109172sent67941958",
      "source_original": "감사인 : 파트너 외 1"
    },
    {
      "sn": "dis109172sent67941959",
      "source_original": "대면회의"
    },
    {
      "sn": "dis109172sent67941960",
      "source_original": "감사수행일정 등 계획"
    },
    {
      "sn": "dis109172sent67941961",
      "source_original": "2022년 02월 18일"
    },
    {
      "sn": "dis109172sent67941962",
      "source_original": "감사시 발견된 유의적 사항"
    }
  ]
}