{
  "meta": {
    "doc_no": "dis109178",
    "domain": "금융",
    "category": "공시정보",
    "license": "open",
    "source_language": "ko"
  },
  "doc_info": {
    "source": "금융감독원",
    "dis_no": 2022040600250100760,
    "doc_name": "감사보고서",
    "com_name": "(주)대일이앤씨",
    "date": 20220406
  },
  "sents": [
    {
      "sn": "dis109178sent67945822",
      "source_original": "감사보고서"
    },
    {
      "sn": "dis109178sent67945823",
      "source_original": "(주)대일이앤씨"
    },
    {
      "sn": "dis109178sent67945824",
      "source_original": "주식회사 대일이앤씨"
    },
    {
      "sn": "dis109178sent67945825",
      "source_original": "재 무 제 표 에 대 한"
    },
    {
      "sn": "dis109178sent67945826",
      "source_original": "감 사 보 고 서"
    },
    {
      "sn": "dis109178sent67945827",
      "source_original": "제 16 기"
    },
    {
      "sn": "dis109178sent67945828",
      "source_original": "2021년 01월 01일"
    },
    {
      "sn": "dis109178sent67945829",
      "source_original": "부터"
    },
    {
      "sn": "dis109178sent67945830",
      "source_original": "2021년 12월 31일"
    },
    {
      "sn": "dis109178sent67945831",
      "source_original": "까지"
    },
    {
      "sn": "dis109178sent67945832",
      "source_original": "제 15 기"
    },
    {
      "sn": "dis109178sent67945833",
      "source_original": "2020년 01월 01일"
    },
    {
      "sn": "dis109178sent67945834",
      "source_original": "2020년 12월 31일"
    },
    {
      "sn": "dis109178sent67945835",
      "source_original": "삼덕회계법인"
    },
    {
      "sn": "dis109178sent67945836",
      "source_original": "목 차"
    },
    {
      "sn": "dis109178sent67945837",
      "source_original": "I. 독립된 감사인의 감사보고서 ················"
    },
    {
      "sn": "dis109178sent67945838",
      "source_original": "II. 재무제표·····························"
    },
    {
      "sn": "dis109178sent67945839",
      "source_original": "재무상태표·"
    },
    {
      "sn": "dis109178sent67945840",
      "source_original": "2. 손익계산서···························"
    },
    {
      "sn": "dis109178sent67945841",
      "source_original": "3. 자본변동표···························"
    },
    {
      "sn": "dis109178sent67945842",
      "source_original": "4. 현금흐름표···························"
    },
    {
      "sn": "dis109178sent67945843",
      "source_original": "5. 주석····················"
    },
    {
      "sn": "dis109178sent67945844",
      "source_original": "III. 외부감사 실시내용··············"
    },
    {
      "sn": "dis109178sent67945845",
      "source_original": "독립된 감사인의 감사보고서"
    },
    {
      "sn": "dis109178sent67945846",
      "source_original": "주식회사 대일이앤씨"
    },
    {
      "sn": "dis109178sent67945847",
      "source_original": "주주 및 이사회 귀중"
    },
    {
      "sn": "dis109178sent67945848",
      "source_original": "감사의견"
    },
    {
      "sn": "dis109178sent67945849",
      "source_original": "우리는 주식회사 대일이앤씨(이하 “회사”)의 재무제표를 감사하였습니다."
    },
    {
      "sn": "dis109178sent67945850",
      "source_original": "해당 재무제표는 2021년 12월 31일과 2020년 12월 31일 현재의 재무상태표, 동일로 종료되는 양 보고기간의 손익계산서"
    },
    {
      "sn": "dis109178sent67945851",
      "source_original": ", 자본변동표, 현금흐름표 그리고 유의적인 회계정책의 요약을 포함한 재무제표의 주석으로 구성되어 있습니다."
    },
    {
      "sn": "dis109178sent67945852",
      "source_original": "우리의 의견으로는 별첨된 회사의 재무제표는 회사의 2021년 12월 31일과 2020년 12월 31일 현재의 재무상태와 동일로 종료되는 양 보고기간의 재무성과 및 현금흐름을 일반기업회계기준"
    },
    {
      "sn": "dis109178sent67945853",
      "source_original": "에 따라, 중요성의 관점에서 공정하게 표시하고 있습니다."
    },
    {
      "sn": "dis109178sent67945854",
      "source_original": "감사의견근거"
    },
    {
      "sn": "dis109178sent67945855",
      "source_original": "우리는 대한민국의 회계감사기준에 따라 감사를 수행하였습니다."
    },
    {
      "sn": "dis109178sent67945856",
      "source_original": "이 기준에 따른 우리의 책임은 이 감사보고서의 재무제표감사에 대한 감사인의 책임 단락에 기술되어 있습니다."
    },
    {
      "sn": "dis109178sent67945857",
      "source_original": "우리는 재무제표감사와 관련된 대한민국의 윤리적 요구사항에 따라 회사로부터 독립적이며, 그러한 요구사항에 따른 기타의 윤리적 책임들을 이행하였습니다."
    },
    {
      "sn": "dis109178sent67945858",
      "source_original": "우리가 입수한 감사증거가 감사의견을 위한 근거로서 충분하고 적합하다고 우리는 믿습니다."
    },
    {
      "sn": "dis109178sent67945859",
      "source_original": "재무제표에 대한 경영진과 지배기구의 책임"
    },
    {
      "sn": "dis109178sent67945860",
      "source_original": "경영진은 일반기업회계기준"
    },
    {
      "sn": "dis109178sent67945861",
      "source_original": "에 따라 이 재무제표를 작성하고 공정하게 표시할 책임이 있으며, 부정이나 오류로 인한 중요한 왜곡표시가 없는 재무제표를 작성하는데 필요하다고 결정한 내부통제에 대해서도 책임이 있습니다."
    },
    {
      "sn": "dis109178sent67945862",
      "source_original": "경영진은 재무제표를 작성할 때, 회사의 계속기업으로서의 존속능력을 평가하고 해당되는경우, 계속기업 관련 사항을 공시할 책임이 있습니다."
    },
    {
      "sn": "dis109178sent67945863",
      "source_original": "그리고 경영진이 기업을 청산하거나영업을 중단할 의도가 없는 한, 회계의 계속기업전제의 사용에 대해서도 책임이 있습니다."
    },
    {
      "sn": "dis109178sent67945864",
      "source_original": "지배기구는 회사의 재무보고절차의 감시에 대한 책임이 있습니다."
    },
    {
      "sn": "dis109178sent67945865",
      "source_original": "재무제표감사에 대한 감사인의 책임"
    },
    {
      "sn": "dis109178sent67945866",
      "source_original": "우리의 목적은 회사의 재무제표에 전체적으로 부정이나 오류로 인한 중요한 왜곡표시가 없는지에 대하여 합리적인 확신을 얻어 우리의 의견이 포함된 감사보고서를 발행하는데 있습니다."
    },
    {
      "sn": "dis109178sent67945867",
      "source_original": "합리적인 확신은 높은 수준의 확신을 의미하나, 감사기준에 따라 수행된 감사가항상 중요한 왜곡표시를 발견한다는 것을 보장하지는 않습니다."
    },
    {
      "sn": "dis109178sent67945868",
      "source_original": "왜곡표시는 부정이나 오류로부터 발생할 수 있으며, 왜곡표시가 재무제표를 근거로 하는 이용자의 경제적 의사결정에 개별적으로 또는 집합적으로 영향을 미칠 것이 합리적으로 예상되면, 그 왜곡표시는 중요하다고 간주됩니다."
    },
    {
      "sn": "dis109178sent67945869",
      "source_original": "감사기준에 따른 감사의 일부로서 우리는 감사의 전 과정에 걸쳐 전문가적 판단을 수행하고 전문가적 의구심을 유지하고 있습니다."
    },
    {
      "sn": "dis109178sent67945870",
      "source_original": "또한, 우리는:"
    },
    {
      "sn": "dis109178sent67945871",
      "source_original": "·부정이나 오류로 인한 재무제표의 중요왜곡표시위험을 식별하고 평가하며 그러한 위험에 대응하는 감사절차를 설계하고 수행합니다."
    },
    {
      "sn": "dis109178sent67945872",
      "source_original": "그리고 감사의견의 근거로서 충분하고 적합한 감사증거를 입수합니다."
    },
    {
      "sn": "dis109178sent67945873",
      "source_original": "부정은 공모, 위조, 의도적인 누락, 허위진술 또는 내부통제 무력화가 개입될 수 있기 때문에 부정으로 인한 중요한 왜곡표시를 발견하지 못할 위험은 오류로 인한 위험보다 큽니다."
    },
    {
      "sn": "dis109178sent67945874",
      "source_original": "·상황에 적합한 감사절차를 설계하기 위하여 감사와 관련된 내부통제를 이해합니다."
    },
    {
      "sn": "dis109178sent67945875",
      "source_original": "그러나 이는 내부통제의 효과성에 대한 의견을 표명하기 위한 것이 아닙니다."
    },
    {
      "sn": "dis109178sent67945876",
      "source_original": "·재무제표를 작성하기 위하여 경영진이 적용한 회계정책의 적합성과 경영진이 도출한 회계추정치와 관련 공시의 합리성에 대하여 평가합니다."
    },
    {
      "sn": "dis109178sent67945877",
      "source_original": "·경영진이 사용한 회계의 계속기업전제의 적절성과, 입수한 감사증거를 근거로 계속기업으로서의 존속능력에 대하여 유의적 의문을 초래할 수 있는 사건이나, 상황과 관련된 중요한 불확실성이 존재하는지 여부에 대하여 결론을 내립니다."
    },
    {
      "sn": "dis109178sent67945878",
      "source_original": "중요한 불확실성이 존재한다고 결론을 내리는 경우, 우리는 재무제표의 관련 공시에 대하여 감사보고서에 주의를 환기시키고, 이들 공시가 부적절한 경우 의견을 변형시킬 것을 요구받고 있습니다."
    },
    {
      "sn": "dis109178sent67945879",
      "source_original": "우리의 결론은 감사보고서일까지 입수된 감사증거에 기초하나, 미래의 사건이나 상황이 회사의 계속기업으로서 존속을 중단시킬 수 있습니다."
    },
    {
      "sn": "dis109178sent67945880",
      "source_original": "·공시를 포함한 재무제표의 전반적인 표시와 구조 및 내용을 평가하고, 재무제표의 기초가 되는 거래와 사건을 재무제표가 공정한 방식으로 표시하고 있는지 여부를 평가합니다."
    },
    {
      "sn": "dis109178sent67945881",
      "source_original": "우리는 여러 가지 사항들 중에서 계획된 감사범위와 시기 그리고 감사 중 식별된 유의적 내부통제 미비점 등 유의적인 감사의 발견사항에 대하여 지배기구와 커뮤니케이션합니다."
    },
    {
      "sn": "dis109178sent67945882",
      "source_original": "서울특별시 종로구 우정국로 48"
    },
    {
      "sn": "dis109178sent67945883",
      "source_original": "삼 덕 회 계 법 인"
    },
    {
      "sn": "dis109178sent67945884",
      "source_original": "대표이사 공인회계사 김 명 철"
    },
    {
      "sn": "dis109178sent67945885",
      "source_original": "2022년 3월 28"
    },
    {
      "sn": "dis109178sent67945886",
      "source_original": "일"
    },
    {
      "sn": "dis109178sent67945887",
      "source_original": "이 감사보고서는 감사보고서일"
    },
    {
      "sn": "dis109178sent67945888",
      "source_original": "현재로 유효한 것입니다."
    },
    {
      "sn": "dis109178sent67945889",
      "source_original": "따라서 감사보고서일 이후 이 보고서를 열람하는 시점까지의 기간 사이에 첨부된 회사의 재무제표에 중대한 영향을 미칠 수 있는 사건이나 상황이 발생할 수도 있으며 이로 인하여 이 감사보고서가 수정될 수도 있습니다."
    },
    {
      "sn": "dis109178sent67945890",
      "source_original": "(첨부)재 무 제 표"
    },
    {
      "sn": "dis109178sent67945891",
      "source_original": "\"첨부된 재무제표는 당사가 작성한 것입니다.\""
    },
    {
      "sn": "dis109178sent67945892",
      "source_original": "주식회사 대일이앤씨 대표이사 김주엽"
    },
    {
      "sn": "dis109178sent67945893",
      "source_original": "본점 소재지 :"
    },
    {
      "sn": "dis109178sent67945894",
      "source_original": "(도로명주소)"
    },
    {
      "sn": "dis109178sent67945895",
      "source_original": "경기도 여주군 북내면 외재로 176"
    },
    {
      "sn": "dis109178sent67945896",
      "source_original": "(전 화)"
    },
    {
      "sn": "dis109178sent67945897",
      "source_original": "재 무 상 태 표"
    },
    {
      "sn": "dis109178sent67945898",
      "source_original": "제 16 기"
    },
    {
      "sn": "dis109178sent67945899",
      "source_original": "2021년"
    },
    {
      "sn": "dis109178sent67945900",
      "source_original": "12월 31일 현재"
    },
    {
      "sn": "dis109178sent67945901",
      "source_original": "제 15 기"
    },
    {
      "sn": "dis109178sent67945902",
      "source_original": "2020년"
    },
    {
      "sn": "dis109178sent67945903",
      "source_original": "(단위 : 원)"
    },
    {
      "sn": "dis109178sent67945904",
      "source_original": "과 목"
    },
    {
      "sn": "dis109178sent67945905",
      "source_original": "제 16(당)기"
    },
    {
      "sn": "dis109178sent67945906",
      "source_original": "제 15(전) 기"
    },
    {
      "sn": "dis109178sent67945907",
      "source_original": "자산"
    },
    {
      "sn": "dis109178sent67945908",
      "source_original": "Ⅰ. 유동자산"
    },
    {
      "sn": "dis109178sent67945909",
      "source_original": "(1) 당좌자산"
    },
    {
      "sn": "dis109178sent67945910",
      "source_original": "1. 현금및현금성자산"
    },
    {
      "sn": "dis109178sent67945911",
      "source_original": "2. 공사미수금(주석2,11)"
    },
    {
      "sn": "dis109178sent67945912",
      "source_original": "대손충당금(주석2)"
    },
    {
      "sn": "dis109178sent67945913",
      "source_original": "3. 단기대여금(주석12)"
    },
    {
      "sn": "dis109178sent67945914",
      "source_original": "4. 선급비용"
    },
    {
      "sn": "dis109178sent67945915",
      "source_original": "5. 선급금"
    },
    {
      "sn": "dis109178sent67945916",
      "source_original": "6. 당기법인세자산"
    },
    {
      "sn": "dis109178sent67945917",
      "source_original": "Ⅱ. 비유동자산"
    },
    {
      "sn": "dis109178sent67945918",
      "source_original": "(1) 투자자산"
    },
    {
      "sn": "dis109178sent67945919",
      "source_original": "1. 장기금융상품"
    },
    {
      "sn": "dis109178sent67945920",
      "source_original": "2. 매도가능증권(주석2,3,7)"
    },
    {
      "sn": "dis109178sent67945921",
      "source_original": "(2) 유형자산(주석2,4,7)"
    },
    {
      "sn": "dis109178sent67945922",
      "source_original": "1. 토지"
    },
    {
      "sn": "dis109178sent67945923",
      "source_original": "2. 건물"
    },
    {
      "sn": "dis109178sent67945924",
      "source_original": "감가상각누계액"
    },
    {
      "sn": "dis109178sent67945925",
      "source_original": "3. 구축물"
    },
    {
      "sn": "dis109178sent67945926",
      "source_original": "4. 기계장치"
    },
    {
      "sn": "dis109178sent67945927",
      "source_original": "5. 차량운반구"
    },
    {
      "sn": "dis109178sent67945928",
      "source_original": "6. 공구와기구"
    },
    {
      "sn": "dis109178sent67945929",
      "source_original": "7. 비품"
    },
    {
      "sn": "dis109178sent67945930",
      "source_original": "(3) 무형자산(주석2,5)"
    },
    {
      "sn": "dis109178sent67945931",
      "source_original": "1. 산업재산권"
    },
    {
      "sn": "dis109178sent67945932",
      "source_original": "2. 소프트웨어"
    },
    {
      "sn": "dis109178sent67945933",
      "source_original": "(4) 기타비유동자산"
    },
    {
      "sn": "dis109178sent67945934",
      "source_original": "1. 임차보증금"
    },
    {
      "sn": "dis109178sent67945935",
      "source_original": "2. 전신전화가입권"
    },
    {
      "sn": "dis109178sent67945936",
      "source_original": "3. 기타비유동자산"
    },
    {
      "sn": "dis109178sent67945937",
      "source_original": "자산총계"
    },
    {
      "sn": "dis109178sent67945938",
      "source_original": "부채"
    },
    {
      "sn": "dis109178sent67945939",
      "source_original": "Ⅰ. 유동부채"
    },
    {
      "sn": "dis109178sent67945940",
      "source_original": "1. 매입채무(주석7,12,16)"
    },
    {
      "sn": "dis109178sent67945941",
      "source_original": "2. 미지급금(주석12,16)"
    },
    {
      "sn": "dis109178sent67945942",
      "source_original": "3. 예수금"
    },
    {
      "sn": "dis109178sent67945943",
      "source_original": "4. 선수금"
    },
    {
      "sn": "dis109178sent67945944",
      "source_original": "5. 미지급비용"
    },
    {
      "sn": "dis109178sent67945945",
      "source_original": "6. 부가세예수금"
    },
    {
      "sn": "dis109178sent67945946",
      "source_original": "7. 당기법인세부채"
    },
    {
      "sn": "dis109178sent67945947",
      "source_original": "Ⅱ. 비유동부채"
    },
    {
      "sn": "dis109178sent67945948",
      "source_original": "1. 퇴직급여충당부채(주석2,6,7)"
    },
    {
      "sn": "dis109178sent67945949",
      "source_original": "퇴직연금운용자산"
    },
    {
      "sn": "dis109178sent67945950",
      "source_original": "부채총계"
    },
    {
      "sn": "dis109178sent67945951",
      "source_original": "자본"
    },
    {
      "sn": "dis109178sent67945952",
      "source_original": "Ⅰ. 자본금"
    },
    {
      "sn": "dis109178sent67945953",
      "source_original": "1. 보통주자본금(주석1,8)"
    },
    {
      "sn": "dis109178sent67945954",
      "source_original": "Ⅱ. 이익잉여금(주석9,10)"
    },
    {
      "sn": "dis109178sent67945955",
      "source_original": "1. 사업확장적립금"
    },
    {
      "sn": "dis109178sent67945956",
      "source_original": "2. 연구인력개발준비금"
    },
    {
      "sn": "dis109178sent67945957",
      "source_original": "3. 미처분이익잉여금"
    },
    {
      "sn": "dis109178sent67945958",
      "source_original": "자본총계"
    },
    {
      "sn": "dis109178sent67945959",
      "source_original": "부채및자본총계"
    },
    {
      "sn": "dis109178sent67945960",
      "source_original": "\"별첨 주석 참조\""
    },
    {
      "sn": "dis109178sent67945961",
      "source_original": "손 익 계 산 서"
    },
    {
      "sn": "dis109178sent67945962",
      "source_original": "제16기 2021년 01월 01일부터 2021년 12월 31일까지"
    },
    {
      "sn": "dis109178sent67945963",
      "source_original": "제15기 2020년 01월 01일부터 2020년 12월 31일까지"
    },
    {
      "sn": "dis109178sent67945964",
      "source_original": "Ⅰ. 매출액(주석2,11)"
    },
    {
      "sn": "dis109178sent67945965",
      "source_original": "1. 토목공사"
    },
    {
      "sn": "dis109178sent67945966",
      "source_original": "2. 용역공사"
    },
    {
      "sn": "dis109178sent67945967",
      "source_original": "3. 기타매출"
    },
    {
      "sn": "dis109178sent67945968",
      "source_original": "Ⅱ. 매출원가"
    },
    {
      "sn": "dis109178sent67945969",
      "source_original": "1. 용역원가 (주석2,11)"
    },
    {
      "sn": "dis109178sent67945970",
      "source_original": "Ⅲ. 매출총이익"
    },
    {
      "sn": "dis109178sent67945971",
      "source_original": "Ⅳ. 판매비와관리비"
    },
    {
      "sn": "dis109178sent67945972",
      "source_original": "1. 급여(주석14)"
    },
    {
      "sn": "dis109178sent67945973",
      "source_original": "2. 퇴직급여(주석14)"
    },
    {
      "sn": "dis109178sent67945974",
      "source_original": "3. 복리후생비(주석14)"
    },
    {
      "sn": "dis109178sent67945975",
      "source_original": "4. 여비교통비"
    },
    {
      "sn": "dis109178sent67945976",
      "source_original": "5. 통신비"
    },
    {
      "sn": "dis109178sent67945977",
      "source_original": "6. 전력비"
    },
    {
      "sn": "dis109178sent67945978",
      "source_original": "7. 세금과공과금(주석14)"
    },
    {
      "sn": "dis109178sent67945979",
      "source_original": "8. 감가상각비(주석14)"
    },
    {
      "sn": "dis109178sent67945980",
      "source_original": "9. 지급임차료(주석14)"
    },
    {
      "sn": "dis109178sent67945981",
      "source_original": "10. 보험료"
    },
    {
      "sn": "dis109178sent67945982",
      "source_original": "11. 차량유지비"
    },
    {
      "sn": "dis109178sent67945983",
      "source_original": "12. 경상연구개발비(주석13)"
    },
    {
      "sn": "dis109178sent67945984",
      "source_original": "13. 교육훈련비"
    },
    {
      "sn": "dis109178sent67945985",
      "source_original": "14. 도서인쇄비"
    },
    {
      "sn": "dis109178sent67945986",
      "source_original": "15. 소모품비"
    },
    {
      "sn": "dis109178sent67945987",
      "source_original": "16. 지급수수료"
    },
    {
      "sn": "dis109178sent67945988",
      "source_original": "17. 광고선전비"
    },
    {
      "sn": "dis109178sent67945989",
      "source_original": "18. 대손상각비"
    },
    {
      "sn": "dis109178sent67945990",
      "source_original": "19. 건물관리비"
    },
    {
      "sn": "dis109178sent67945991",
      "source_original": "20. 무형자산상각비"
    },
    {
      "sn": "dis109178sent67945992",
      "source_original": "21. 경조비"
    },
    {
      "sn": "dis109178sent67945993",
      "source_original": "22. 잡비"
    },
    {
      "sn": "dis109178sent67945994",
      "source_original": "Ⅴ. 영업이익"
    },
    {
      "sn": "dis109178sent67945995",
      "source_original": "Ⅵ. 영업외수익"
    },
    {
      "sn": "dis109178sent67945996",
      "source_original": "1. 이자수익"
    },
    {
      "sn": "dis109178sent67945997",
      "source_original": "2. 배당금수익"
    },
    {
      "sn": "dis109178sent67945998",
      "source_original": "3. 잡이익"
    },
    {
      "sn": "dis109178sent67945999",
      "source_original": "Ⅶ. 영업외비용"
    },
    {
      "sn": "dis109178sent67946000",
      "source_original": "1. 이자비용"
    },
    {
      "sn": "dis109178sent67946001",
      "source_original": "2. 기부금"
    },
    {
      "sn": "dis109178sent67946002",
      "source_original": "3. 유형자산처분손실"
    },
    {
      "sn": "dis109178sent67946003",
      "source_original": "4. 잡손실"
    },
    {
      "sn": "dis109178sent67946004",
      "source_original": "Ⅷ. 법인세비용차감전순이익"
    },
    {
      "sn": "dis109178sent67946005",
      "source_original": "Ⅸ. 법인세비용(주석2)"
    },
    {
      "sn": "dis109178sent67946006",
      "source_original": "Ⅹ. 당기순이익"
    },
    {
      "sn": "dis109178sent67946007",
      "source_original": "자 본 변 동 표"
    },
    {
      "sn": "dis109178sent67946008",
      "source_original": "자 본 금"
    },
    {
      "sn": "dis109178sent67946009",
      "source_original": "자 본"
    },
    {
      "sn": "dis109178sent67946010",
      "source_original": "잉여금"
    },
    {
      "sn": "dis109178sent67946011",
      "source_original": "조 정"
    },
    {
      "sn": "dis109178sent67946012",
      "source_original": "기타포괄"
    },
    {
      "sn": "dis109178sent67946013",
      "source_original": "손익누계액"
    },
    {
      "sn": "dis109178sent67946014",
      "source_original": "이 익"
    },
    {
      "sn": "dis109178sent67946015",
      "source_original": "총 계"
    },
    {
      "sn": "dis109178sent67946016",
      "source_original": "1. 1(전기초)"
    },
    {
      "sn": "dis109178sent67946017",
      "source_original": "당기순이익"
    },
    {
      "sn": "dis109178sent67946018",
      "source_original": "2020.12.31(전기말)"
    },
    {
      "sn": "dis109178sent67946019",
      "source_original": "202. 1. 1(당기초)"
    },
    {
      "sn": "dis109178sent67946020",
      "source_original": "2021.12.31(당기말)"
    },
    {
      "sn": "dis109178sent67946021",
      "source_original": "현 금 흐 름 표"
    },
    {
      "sn": "dis109178sent67946022",
      "source_original": "Ⅰ. 영업활동으로 인한 현금흐름"
    },
    {
      "sn": "dis109178sent67946023",
      "source_original": "1. 당기순이익"
    },
    {
      "sn": "dis109178sent67946024",
      "source_original": "2. 현금의 유출이 없는 비용등의 가산"
    },
    {
      "sn": "dis109178sent67946025",
      "source_original": "가. 감가상각비"
    },
    {
      "sn": "dis109178sent67946026",
      "source_original": "나. 무형자산상각비"
    },
    {
      "sn": "dis109178sent67946027",
      "source_original": "다. 대손상각비"
    },
    {
      "sn": "dis109178sent67946028",
      "source_original": "라. 퇴직급여"
    },
    {
      "sn": "dis109178sent67946029",
      "source_original": "3. 현금의 유입이 없는 수익등의 차감"
    },
    {
      "sn": "dis109178sent67946030",
      "source_original": "4. 영업활동으로 인한 자산부채의 변동"
    },
    {
      "sn": "dis109178sent67946031",
      "source_original": "가. 매출채권의 감소(증가)"
    },
    {
      "sn": "dis109178sent67946032",
      "source_original": "나. 공사미수금의 감소(증가)"
    },
    {
      "sn": "dis109178sent67946033",
      "source_original": "다. 선급금의 감소(증가)"
    },
    {
      "sn": "dis109178sent67946034",
      "source_original": "라. 선급비용의 감소(증가)"
    },
    {
      "sn": "dis109178sent67946035",
      "source_original": "마. 당기법인세자산의 감소(증가)"
    },
    {
      "sn": "dis109178sent67946036",
      "source_original": "바. 매입채무의 증가(감소)"
    },
    {
      "sn": "dis109178sent67946037",
      "source_original": "사. 미지급금의 증가(감소)"
    },
    {
      "sn": "dis109178sent67946038",
      "source_original": "아. 예수금의 증가(감소)"
    },
    {
      "sn": "dis109178sent67946039",
      "source_original": "자. 미지급비용의 증가(감소)"
    },
    {
      "sn": "dis109178sent67946040",
      "source_original": "차. 선수금의 증가(감소)"
    },
    {
      "sn": "dis109178sent67946041",
      "source_original": "카. 부가세예수금의 증가(감소)"
    },
    {
      "sn": "dis109178sent67946042",
      "source_original": "타. 당기법인세부채의 증감(감소)"
    },
    {
      "sn": "dis109178sent67946043",
      "source_original": "파. 퇴직연금운용자산의 증가"
    },
    {
      "sn": "dis109178sent67946044",
      "source_original": "하. 퇴직금의 지급"
    },
    {
      "sn": "dis109178sent67946045",
      "source_original": "Ⅱ.투자활동으로 인한 현금흐름"
    },
    {
      "sn": "dis109178sent67946046",
      "source_original": "1. 투자활동으로 인한 현금유입액"
    },
    {
      "sn": "dis109178sent67946047",
      "source_original": "가. 단기대여금의 감소"
    },
    {
      "sn": "dis109178sent67946048",
      "source_original": "나. 임차보증금의 감소"
    },
    {
      "sn": "dis109178sent67946049",
      "source_original": "2. 투자활동으로인한 현금유출액"
    },
    {
      "sn": "dis109178sent67946050",
      "source_original": "가. 단기대여금의 증가"
    },
    {
      "sn": "dis109178sent67946051",
      "source_original": "나. 장기금융상품의 증가"
    },
    {
      "sn": "dis109178sent67946052",
      "source_original": "다. 매도가능증권의 증가"
    },
    {
      "sn": "dis109178sent67946053",
      "source_original": "라. 구축물의 증가"
    },
    {
      "sn": "dis109178sent67946054",
      "source_original": "마. 기계장치의 취득"
    },
    {
      "sn": "dis109178sent67946055",
      "source_original": "바. 차량운반구의 취득"
    },
    {
      "sn": "dis109178sent67946056",
      "source_original": "사. 공기구의 취득"
    },
    {
      "sn": "dis109178sent67946057",
      "source_original": "아. 비품의 취득"
    },
    {
      "sn": "dis109178sent67946058",
      "source_original": "자. 무형자산의 취득"
    },
    {
      "sn": "dis109178sent67946059",
      "source_original": "차. 보증금의 증가"
    },
    {
      "sn": "dis109178sent67946060",
      "source_original": "Ⅲ. 재무활동으로 인한 현금흐름"
    },
    {
      "sn": "dis109178sent67946061",
      "source_original": "1. 재무활동으로 인한 현금유입액"
    },
    {
      "sn": "dis109178sent67946062",
      "source_original": "2. 재무활동으로 인한 현금유출액"
    },
    {
      "sn": "dis109178sent67946063",
      "source_original": "Ⅳ. 현금의 증가(감소)(Ⅰ+Ⅱ+Ⅲ)"
    },
    {
      "sn": "dis109178sent67946064",
      "source_original": "Ⅴ. 기초의 현금"
    },
    {
      "sn": "dis109178sent67946065",
      "source_original": "Ⅵ. 기말의 현금"
    },
    {
      "sn": "dis109178sent67946066",
      "source_original": "주석"
    },
    {
      "sn": "dis109178sent67946067",
      "source_original": "1. 회사의 개요"
    },
    {
      "sn": "dis109178sent67946068",
      "source_original": "주식회사 대일이앤씨(이하 \"회사\"라 함)의 개요는 다음과 같습니다."
    },
    {
      "sn": "dis109178sent67946069",
      "source_original": "(1) 설 립 일 : 2006년 07월 19일"
    },
    {
      "sn": "dis109178sent67946070",
      "source_original": "(2) 주요사업의 내용 : 토양정화 및 토목공사"
    },
    {
      "sn": "dis109178sent67946071",
      "source_original": "(3) 대 표 자 성 명 : 김 주 엽"
    },
    {
      "sn": "dis109178sent67946072",
      "source_original": "(4) 본점 및 공장 소 재 지 : 경기도 여주군 북내면 외재로 176"
    },
    {
      "sn": "dis109178sent67946073",
      "source_original": "(5) 주요 주주 및 지분율"
    },
    {
      "sn": "dis109178sent67946074",
      "source_original": "주 주 명"
    },
    {
      "sn": "dis109178sent67946075",
      "source_original": "당기말"
    },
    {
      "sn": "dis109178sent67946076",
      "source_original": "전기말"
    },
    {
      "sn": "dis109178sent67946077",
      "source_original": "소유주식수(주)"
    },
    {
      "sn": "dis109178sent67946078",
      "source_original": "지분율(%)"
    },
    {
      "sn": "dis109178sent67946079",
      "source_original": "김 주 엽"
    },
    {
      "sn": "dis109178sent67946080",
      "source_original": "김 호 석"
    },
    {
      "sn": "dis109178sent67946081",
      "source_original": "김 주 한"
    },
    {
      "sn": "dis109178sent67946082",
      "source_original": "대일개발(주)"
    },
    {
      "sn": "dis109178sent67946083",
      "source_original": "부경산업(주)"
    },
    {
      "sn": "dis109178sent67946084",
      "source_original": "합 계"
    },
    {
      "sn": "dis109178sent67946085",
      "source_original": "2. 중요한 회계처리 방침"
    },
    {
      "sn": "dis109178sent67946086",
      "source_original": "회사의 재무제표는 일반기업회계기준에 따라 작성되었으며,"
    },
    {
      "sn": "dis109178sent67946087",
      "source_original": "1월 1일 이후 최초로 시작하는 회계연도부터 적용되는 다음의 개정 기준서를 신규로 적용한 것을 제외하고는 전기재무제표 작성시 채택한 회계정책과 동일하게 적용되었습니다."
    },
    {
      "sn": "dis109178sent67946088",
      "source_original": "일반기업회계기준 제25장 '특수관계자 공시' (개정"
    },
    {
      "sn": "dis109178sent67946089",
      "source_original": "개"
    },
    {
      "sn": "dis109178sent67946090",
      "source_original": "정된 기준은 주요 경영진 보상에 관한 공시 규정을 수정하여 주요 경영진 보상 총액과 분류별 금액에 관한 공시 모두가 생략 범위에 포함됨을 명확히 하"
    },
    {
      "sn": "dis109178sent67946091",
      "source_original": "였습니다."
    },
    {
      "sn": "dis109178sent67946092",
      "source_original": "동 개정이 재"
    },
    {
      "sn": "dis109178sent67946093",
      "source_original": "무제표에 미치는 중요한 영향은 없습니다."
    },
    {
      "sn": "dis109178sent67946094",
      "source_original": "- 일반기업회계기준 제29장 '중간재무제표' (개정)"
    },
    {
      "sn": "dis109178sent67946095",
      "source_original": "개정된 기준은 직전 연도의 동일 중간기간에 대한 현금흐름표나 자본변동표가 작성되지 않은 경우에도 손익계산서와 마찬가지로 비교 표시 면제 규정을 적용할 수 있음을 명확히 하"
    },
    {
      "sn": "dis109178sent67946096",
      "source_original": "일반기업회계기준 제31장 '중소기업 회계처리 특례' (개정)"
    },
    {
      "sn": "dis109178sent67946097",
      "source_original": "개정된 기준은 시장성이 없는 지분증권은 취득원가에서 손상차손누계액을 차감한 금액으로 측정할 수 있으며, 관계기업이나 공동지배기업에 지분법을 적용하지 않을 경우 취득원가에서 손상차손누계액을 차감한 금액과 공정가치 중 하"
    },
    {
      "sn": "dis109178sent67946098",
      "source_original": "나로 측정함을 명확히 하였습니다."
    },
    {
      "sn": "dis109178sent67946099",
      "source_original": "동 개정이 재무제표에 미치는 중요한 영향은 없습니다."
    },
    {
      "sn": "dis109178sent67946100",
      "source_original": "회사의 중요한 회계처리방침은 다음과 같습니다."
    },
    {
      "sn": "dis109178sent67946101",
      "source_original": "(1) 금융상품"
    },
    {
      "sn": "dis109178sent67946102",
      "source_original": "1)공통사항"
    },
    {
      "sn": "dis109178sent67946103",
      "source_original": "금융자산이나 금융부채는 금융상품의 계약당사자가 되는 때에만 재무상태표에 인식하며, 최초인식시 공정가치로 측정합니다."
    },
    {
      "sn": "dis109178sent67946104",
      "source_original": "다만, 최초인식 이후 공정가치로 측정하고공정가치의 변동을 당기손익으로 인식하는 금융자산이나 금융부채가 아닌 경우 당해금융자산(금융부채)의 취득(발행)과 직접 관련되는 거래원가는 최초인식하는 공정가치에 가산(차감)합니다."
    },
    {
      "sn": "dis109178sent67946105",
      "source_original": "최초 인식시 금융상품의 공정가치는 일반적으로 거래가격(자산의 경우에는 제공한 대가의 공정가치, 부채의 경우에는 수취한 대가의 공정가치)이며, 장기연불조건의 매매거래, 장기금전대차거래 또는 이와 유사한 거래에서 발생하는 채권,채무로서 명목금액과 공정가치의 차이가 유의적인 경우에는 이를 공정가치로 평가하고 있습니다."
    },
    {
      "sn": "dis109178sent67946106",
      "source_original": "한편, 제공하거나 수취한 대가에 금융상품이 아닌 다른 것에 대한 대가가 포함되었다면 그 금융상품의 공정가치는 시장가격으로 평가하되 시장가격이 없는 경우에는 평가기법(현재가치평가기법 포함)을 사용하여 공정가치를 추정하고 있습니다."
    },
    {
      "sn": "dis109178sent67946107",
      "source_original": "최초 인식 후 금융상품은 당기손익인식지정항목, 유가증권, 파생상품 및 채권·채무조정을 제외하고는 상각후원가로 측정하며 금융상품의 현금흐름에 대한 추정 변경 또는 재협상 등으로 현금흐름이 변경되는 경우에는 실제 현금흐름과 변경된 계약상 현금흐름을 반영하여 해당 금융자산의 순장부금액이나 금융부채 상각후원가를 조정하고 조정금액은 당기손익으로 인식합니다."
    },
    {
      "sn": "dis109178sent67946108",
      "source_original": "(해당 금융상품이 채권·채무조정에 해당되거나 대손상각비(손상차손)와 관련된 추정 변경 등의 경우는 제외)"
    },
    {
      "sn": "dis109178sent67946109",
      "source_original": "금융자산(유가증권 제외)의 양도의 경우에, 회사가 금융자산 양도후 당해 양도자산에대한권리를 행사할 수 없고, 양도후에 효율적인 통제권을 행사할 수 없으며, 양수인은 양수한 금융자산을 처분할 자유로운 권리를 갖고 있는 경우에 한하여 회사가 금융자산에 대한 통제권을 이전한 것으로 보아 금융자산을 제거하며, 이외의 경우에는 금융자산을 담보로 한 차입거래로 회계처리하고 있습니다."
    },
    {
      "sn": "dis109178sent67946110",
      "source_original": "회수가 불확실한 금융자산(유가증권 제외)은 합리적이고 객관적인 기준에 따라 산출한 대손추산액을 대손충당금으로 설정하고 있습니다."
    },
    {
      "sn": "dis109178sent67946111",
      "source_original": "2) 유가증권"
    },
    {
      "sn": "dis109178sent67946112",
      "source_original": "만기가 확정된 채무증권으로서 상환금액이 확정되었거나 확정이 가능한 채무증권을 만기까지 보유할 적극적인 의도와 능력이 있는 경우에는 만기보유증권으로, 주로 단기간 내의 매매차익을 목적으로 취득한 유가증권으로서 매수와 매도가 적극적이고 빈번하게 이루어지는 경우 단기매매증권으로, 단기매매증권이나 만기보유증권으로 분류되지 아니하는 유가증권은 매도가능증권으로 분류합니다."
    },
    {
      "sn": "dis109178sent67946113",
      "source_original": "회사는 후속 측정시 만기보유증권을 상각후원가로 평가하며, 만기보유증권을 상각후원가로 측정할 때에는 장부금액과 만기액면금액의 차이를 상환기간에 걸쳐 유효이자율법에 의하여 상각하여 취득원가와 이자수익에 가감합니다."
    },
    {
      "sn": "dis109178sent67946114",
      "source_original": "단기매매증권과 매도가능증권은 공정가치로 평가합니다."
    },
    {
      "sn": "dis109178sent67946115",
      "source_original": "다만, 매도가능증권 중 시장성이 없는 지분증권의 공정가치를 신뢰성있게 측정할 수 없는 경우에는 취득원가로 평가하고 있습니다."
    },
    {
      "sn": "dis109178sent67946116",
      "source_original": "단기매매증권에 대한 미실현보유손익은 당기손익항목으로 처리합니다."
    },
    {
      "sn": "dis109178sent67946117",
      "source_original": "매도가능증권에 대한 미실현보유손익은 기타포괄손익누계액으로 처리하고, 당해 유가증권에 대한 기타포괄손익누계액은 그 유가증권을 처분하거나 손상차손을 인식하는 시점에 일괄하여 당기손익에 반영합니다."
    },
    {
      "sn": "dis109178sent67946118",
      "source_original": "한편, 유가증권의 양도에 따른 실현손익을 인식하기 위한 원가결정방법은 총평균법을 적용하고 있습니다."
    },
    {
      "sn": "dis109178sent67946119",
      "source_original": "회사는 손상차손의 발생에 대한 객관적인 증거가 있는지를 보고기간종료일마다 평가하고 유가증권으로부터 회수할 수 있을 것으로 추정되는 금액이 채무증권의 상각후원가 또는 지분증권의 취득원가보다 작은 경우에는 손상차손이 불필요하다는 명백한반증이 없는 한, 회수가능액을 추정하여 손상차손을 인식하여 당기손익에 반영하고 있습니다."
    },
    {
      "sn": "dis109178sent67946120",
      "source_original": "손상차손의 회복이 손상차손 인식 후에 발생한 사건과 객관적으로 관련된 경우, 만기보유증권 또는 원가로 평가하는 매도가능증권의 경우에는 회복 후 장부금액이 당초에 손상차손을 인식하지 않았다면 회복일 현재의 상각후원가(매도가능증권의 경우, 취득원가)가 되었을 금액을 초과하지 않는 범위내에서 회복된 금액을 당기이익으로 인식하며, 공정가치로 평가하는 매도가능증권의 경우에는 이전에 인식하였던 손상차손 금액을 한도로 하여 회복된 금액을 당기이익으로 인식합니다."
    },
    {
      "sn": "dis109178sent67946121",
      "source_original": "(2) 유형자산의 취득원가와 감가상각방법 등"
    },
    {
      "sn": "dis109178sent67946122",
      "source_original": "1) 유형자산의 취득원가 등"
    },
    {
      "sn": "dis109178sent67946123",
      "source_original": "유형자산은 구입원가 또는 제작원가와 자산을 사용할 수 있도록 준비하는데 직접 관련되는 지출과 매입할인 등을 취득원가에 가감하며, 현물출자, 증여, 기타 무상으로 취득한 자산은 공정가치를 취득원가로 계상하고 있으며, 장기후불조건으로 구입하거나, 대금지급기간이 일반적인 신용기간보다 긴 경우 취득 원가는 취득시점의 현금구입가격으로 계상하고 있습니다."
    },
    {
      "sn": "dis109178sent67946124",
      "source_original": "정부보조 등에 의해 자산을 무상 또는 공정가치보다 낮은 대가로 취득한 경우 취득원가는 취득일의 공정가치로 계상하고 있고, 자산교환으로 취득한 자산의 취득원가는 교환을 위하여 제공한 자산의 공정가치로 계상하고 있으며, 교환으로 제공한 자산의 공정가치가 불확실한 경우 교환으로 취득한 자산의 공정가치로 계상하고 있습니다."
    },
    {
      "sn": "dis109178sent67946125",
      "source_original": "2) 감가상각방법"
    },
    {
      "sn": "dis109178sent67946126",
      "source_original": "당사의 모든 유형자산에 대해서는 다음의 내용연수에 따라 정액법을 적용하여 감가상각하고 있습니다."
    },
    {
      "sn": "dis109178sent67946127",
      "source_original": "내 용 연 수"
    },
    {
      "sn": "dis109178sent67946128",
      "source_original": "건 물"
    },
    {
      "sn": "dis109178sent67946129",
      "source_original": "40 년"
    },
    {
      "sn": "dis109178sent67946130",
      "source_original": "구 축 물"
    },
    {
      "sn": "dis109178sent67946131",
      "source_original": "20 년"
    },
    {
      "sn": "dis109178sent67946132",
      "source_original": "기 계 장 치"
    },
    {
      "sn": "dis109178sent67946133",
      "source_original": "8 년"
    },
    {
      "sn": "dis109178sent67946134",
      "source_original": "차 량 운 반 구"
    },
    {
      "sn": "dis109178sent67946135",
      "source_original": "5 년"
    },
    {
      "sn": "dis109178sent67946136",
      "source_original": "공 구 와 기 구"
    },
    {
      "sn": "dis109178sent67946137",
      "source_original": "비 품"
    },
    {
      "sn": "dis109178sent67946138",
      "source_original": "유형자산의 감가상각방법, 잔존가치 및 내용연수는 매 보고기간말에 재검토하고 있으며, 이를 변경하는 것이 적절하다고 판단되는 경우 회계추정의 변경으로 회계처리하고 있습니다."
    },
    {
      "sn": "dis109178sent67946139",
      "source_original": "3) 자본적지출과 수익적지출의 구분"
    },
    {
      "sn": "dis109178sent67946140",
      "source_original": "유형자산의 취득 또는 완성 후의 지출이 가장 최근에 평가된 성능수준을 초과하여 미래 경제적 효익을 증가시키는 경우에는 자본적지출로 처리하고, 그렇지 않은 경우에는 발생한 기간의 비용으로 인식하고 있습니다."
    },
    {
      "sn": "dis109178sent67946141",
      "source_original": "4) 표시방법"
    },
    {
      "sn": "dis109178sent67946142",
      "source_original": "감가상각누계액, 손상차손누계액 등은 해당 자산과목에서 차감하는 형식으로 기재하고 있습니다."
    },
    {
      "sn": "dis109178sent67946143",
      "source_original": "자산취득에 충당할 정부보조금 등으로 자산을 취득한 경우에는 이를 취득원가에서 차감하는 형식으로 표시하고 해당 자산의 내용연수에 걸쳐 감가상각비와 상계하며, 해당 자산을 처분하는 경우에는 그 잔액을 처분손익에 반영하고 있습니다."
    },
    {
      "sn": "dis109178sent67946144",
      "source_original": "정부 또는정부출연기관과 기술개발사업협약을 체결하여 동 기관으로부터 수령한 정부보조금을 영업외수익의 환경개발보조금 항목으로 계상하여 처리하고 있습니다."
    },
    {
      "sn": "dis109178sent67946145",
      "source_original": "5) 복구비용의 회계처리방법"
    },
    {
      "sn": "dis109178sent67946146",
      "source_original": "유형자산의 경제적 사용이 종료된 후에 원상회복에 소요될 것으로 추정되는 비용이 충당부채의 인식요건을 충족하는 경우 그 지출의 현재가치는 취득원가에 포함시키고있습니다."
    },
    {
      "sn": "dis109178sent67946147",
      "source_original": "유형자산의 제거"
    },
    {
      "sn": "dis109178sent67946148",
      "source_original": "유형자산의 장부금액은 처분하는 때, 사용이나 처분을 통하여 미래경제적효익이 예상되지 않을 때 제거하고 있으며 제거로 인하여 발생하는 손익은 자산을 제거할 때 당기손익으로 인식하고 있으며, 유형자산의 재평가와 관련하여 인식한 기타포괄손익의 잔액이 있다면, 그 유형자산을 폐기하거나 처분할 때 당기손익으로 인식하고 있습니다."
    },
    {
      "sn": "dis109178sent67946149",
      "source_original": "(3) 무형자산의 취득원가와 상각방법 등"
    },
    {
      "sn": "dis109178sent67946150",
      "source_original": "1) 무형자산의 취득원가"
    },
    {
      "sn": "dis109178sent67946151",
      "source_original": "무형자산을 개별취득하는 경우 취득원가는 구입원가와 자산을 사용할 수 있도록 준비하는데 직접 관련된 지출로 구성되며, 매입할인 등을 차감하여 취득원가를 산출하고 있으며, 취득자금에 대한 지급기간이일반적인 신용기간보다 긴 경우 취득원가는 취득시점의 현금구입가격으로 계상하고 있습니다."
    },
    {
      "sn": "dis109178sent67946152",
      "source_original": "정부보조 등에 의해 자산을 무상 또는 공정가치보다 낮은 대가로 취득한 경우 취득원가는 취득일의 공정가치로 계상하고 있고, 자산교환으로 취득한 자산의 취득원가는 교환으로 제공한 자산의 공정가치로 계상하고 있으며, 교환으로 제공한 자산의 공정가치가 불확실한 경우 교환으로 취득한 자산의 공정가치로 계상하고 있습니다."
    },
    {
      "sn": "dis109178sent67946153",
      "source_original": "2) 상각방법"
    },
    {
      "sn": "dis109178sent67946154",
      "source_original": "무형자산에 대해서는 다음의 내용연수에 따라 정액법으로 상각하고 있으며, 잔존가치는 없는 것을 원칙으로 하고 있습니다."
    },
    {
      "sn": "dis109178sent67946155",
      "source_original": "내용년수"
    },
    {
      "sn": "dis109178sent67946156",
      "source_original": "산업재산권"
    },
    {
      "sn": "dis109178sent67946157",
      "source_original": "소프트웨어"
    },
    {
      "sn": "dis109178sent67946158",
      "source_original": "최근 보고기간 이후 무형자산의 사용방법, 기술적 진보 그리고 시장가격의 변동과 같은 지표가 존재하는 경우 내용연수 등에 대한 종전의 추정치를 재검토하고 있으며, 최근의 기대와 달라진 경우 잔존가치, 상각방법 또는 상각기간의 변경이 적절하다고 판단되는 경우 회계추정의 변경으로 회계처리하고 있습니다."
    },
    {
      "sn": "dis109178sent67946159",
      "source_original": "3) 무형자산의 표시방법"
    },
    {
      "sn": "dis109178sent67946160",
      "source_original": "상각액과 손상차손은 해당 자산과목에서 직접 차감하여 기재하고 정부보조금은 해당자산과목에서 차감하는 형식으로 기재하고 있습니다."
    },
    {
      "sn": "dis109178sent67946161",
      "source_original": "4)무형자산의 제거"
    },
    {
      "sn": "dis109178sent67946162",
      "source_original": "무형자산의 장부금액은 처분하는 때, 사용이나 처분으로 미래 경제적 효익이 예상되지 않을 때에 제거하며, 제거 손익은 순매각금액(매각금액에서 매각부대원가를 뺀 금액)과 장부금액의 차액으로 산정하며, 손익계산서에서 당기손익으로 인식합니다."
    },
    {
      "sn": "dis109178sent67946163",
      "source_original": "(4) 충당부채, 우발부채 및 우발자산"
    },
    {
      "sn": "dis109178sent67946164",
      "source_original": "1) 충당부채"
    },
    {
      "sn": "dis109178sent67946165",
      "source_original": "회사는 과거 사건이나 거래의 결과로 인하여 존재하는 현재의무로서, 지출의 시기 또는 금액이 불확실하지만 당해 의무를 이행하기 위하여 자원이 유출될 가능성이 매우 높고 또한 당해 의무의 이행에 소요되는 금액을 신뢰성 있게 추정할 수 있는 경우 그 금액을 충당부채로 인식하고 있습니다."
    },
    {
      "sn": "dis109178sent67946166",
      "source_original": "2) 우발부채"
    },
    {
      "sn": "dis109178sent67946167",
      "source_original": "회사는 다음의 경우를 우발부채로 보아 부채로 인식하지 않고 있습니다."
    },
    {
      "sn": "dis109178sent67946168",
      "source_original": "① 과거사건은 생겼으나 기업이 전적으로 통제할 수 없는 하나 이상의 불확실한 미래 사건의 발생 여부로만 그 존재 유무를 확인할 수 있는 잠재적인 의무인 경우"
    },
    {
      "sn": "dis109178sent67946169",
      "source_original": "② 과거사건으로 생긴 현재 의무이지만 그 의무를 이행하기 위하여 자원을 유출할 가능성이 매우 높지 않거나, 또는 그 가능성은 매우 높으나 해당 의무의 이행에 필요한 금액을 신뢰성 있게 측정할 수 없는 경우"
    },
    {
      "sn": "dis109178sent67946170",
      "source_original": "3) 우발자산"
    },
    {
      "sn": "dis109178sent67946171",
      "source_original": "회사는 과거사건이나 거래의 결과로 발생할 가능성이 있으며, 기업이 전적으로 통제할 수 없는 하나 또는 그 이상의 불확실한 미래사건의 발생 여부에 의하여서만 그 존재여부가 확인되는 잠재적 자산을 우발자산으로 보아 자산으로 인식하지 않고 있습니다."
    },
    {
      "sn": "dis109178sent67946172",
      "source_original": "(5) 건설형 공사계약"
    },
    {
      "sn": "dis109178sent67946173",
      "source_original": "1) 공사수익의 인식"
    },
    {
      "sn": "dis109178sent67946174",
      "source_original": "공사진행기준에 의하여 공사수익을 인식하고 있으며, 이때 적용되는 공사진행률은 토지취득원가와 자본화대상 금융비용 등을 제외한 총 공사예정원가에 대한 실제 공사비 발생액의 비율에 의하여 계산하고 있습니다."
    },
    {
      "sn": "dis109178sent67946175",
      "source_original": "2) 공사원가의 인식"
    },
    {
      "sn": "dis109178sent67946176",
      "source_original": "당기 공사원가는 실제로 발생한 총 공사비용에 공사손실충당부채전입액과 환입액을 가감하고, 다른 공사와 관련된 타계정 대체액을 가감하여 산출하고 있습니다."
    },
    {
      "sn": "dis109178sent67946177",
      "source_original": "공사종료 후에 하자보수의무가 있는 경우 하자보수비는 공사가 종료되는 회계연도의 공사원가에 포함하고, 동액은 하자보수충당부채로 계상하고 있습니다."
    },
    {
      "sn": "dis109178sent67946178",
      "source_original": "3) 공사계약전 지출"
    },
    {
      "sn": "dis109178sent67946179",
      "source_original": "공사계약에 직접 관련이 되며 계약을 획득하기 위하여 공사계약체결 전에 부담한 지출은 경과적으로 선급공사원가로 계상한 후 공사착공시 공사원가로 대체하고 있습니다."
    },
    {
      "sn": "dis109178sent67946180",
      "source_original": "4) 공사수익 또는 공사원가에 대한 추정의 변경"
    },
    {
      "sn": "dis109178sent67946181",
      "source_original": "공사수익이나 공사원가의 추정치 변경의 효과는 회계추정의 변경으로 회계처리하고 있으며, 변경된 추정치는 변경이 이루어진 회계기간과 그 후 기간의 당기손익으로 인식되는 수익과 비용의 금액 결정에 사용하고 있습니다"
    },
    {
      "sn": "dis109178sent67946182",
      "source_original": "퇴직급여"
    },
    {
      "sn": "dis109178sent67946183",
      "source_original": "회사는 보고기간종료일 현재 1년 이상 근속한 전임직원이 일시에 퇴직할 경우에 당사의 퇴직금 지급규정에 따라 당사가 지급하여야 할 퇴직금 총추계액을 퇴직급여충당부채로 설정하고 있습니다."
    },
    {
      "sn": "dis109178sent67946184",
      "source_original": "회사는 수익자인 종업원의 퇴직금수급권을 보장하는 퇴직연금에 가입하고 있으며, 이에 따라 납입한 퇴직연금은 퇴직연금운용자산의 과목으로 퇴직급여충당부채에서 차감하는 형식으로 표시하고 있습니다."
    },
    {
      "sn": "dis109178sent67946185",
      "source_original": "(7) 자산손상"
    },
    {
      "sn": "dis109178sent67946186",
      "source_original": "금융자산, 재고자산, 건설형 공사계약에서 발생한 자산, 이연법인세자산, 공정가치에서 추정 처분부대원가를 차감한 금액으로 측정되는 농림어업활동과 관련되는 생물자산, 중단사업에 속하는 자산을 제외한"
    },
    {
      "sn": "dis109178sent67946187",
      "source_original": "모든 자산의 손상은 아래의 방법으로 손상차손을 인식하고 있습니다."
    },
    {
      "sn": "dis109178sent67946188",
      "source_original": "아직 사용가능하지 않은 무형자산, 사용을 중지하고 처분을 위해 보유하는 자산 및 사업결합으로 취득한 영업권에 대해서는 자산손상을 시사하는 징후가 있는지에 관계없이 매년 회수가능액을 추정하며, 그 외의 자산은 매 보고기간말마다 자산손상을 시사하는 징후가 있는지를 검토하고 그러한 징후가 있다면 회수가능액을 추정하고 있습니다."
    },
    {
      "sn": "dis109178sent67946189",
      "source_original": "자산의 진부화 및 시장가치의 급격한 하락 등으로 인하여 회수가능액이 장부금액에 중요하게 미달하게 되는 경우에는 장부금액을 회수가능액으로 조정하고 그 차액을 손상차손으로 처리하고 있습니다."
    },
    {
      "sn": "dis109178sent67946190",
      "source_original": "다만, 유형자산의 경우에는 유형자산의 손상징후가 있다고 판단되고, 당해 유형자산(개별 자산 또는 유형자산만으로 구성된 현금창출단위 포함)의 사용 및 처분으로 부터 기대되는 미래의 현금흐름총액의 추정액이 장부금액에 미달하는 경우에 장부금액을 회수가능액으로 조정하고 그 차액을 손상차손으로 처리하고 있습니다."
    },
    {
      "sn": "dis109178sent67946191",
      "source_original": "회사는 개별 자산별로 회수가능액을 추정하고 있으며 만약 개별 자산의 회수가능액을 추정할 수 없다면 그 자산이 속한 현금창출단위로 회수가능액을 결정하고 있습니다."
    },
    {
      "sn": "dis109178sent67946192",
      "source_original": "현금창출단위의 회수가능액이 장부금액에 미달하는 경우에는 손상차손을 인식하며 손상차손은 우선적으로 현금창출단위(또는 현금창출단위집단)에 배분된 영업권의장부금액을 감소시키는데 배분되고, 그 다음 현금창출단위(또는 현금창출단위집단)에 속하는 다른 자산에 각각 장부금액에 비례하여 배분합니다."
    },
    {
      "sn": "dis109178sent67946193",
      "source_original": "매 보고기간말마다 영업권을 제외한 자산에 대해 과거에 인식한 손상차손이 더 이상 존재하지 않거나 감소된 것을 시사하는 징후가 있는지를 검토하여 징후가 있는 경우 당해 자산의 회수가능액을 추정하고 있으며 직전 손상차손의 인식시점 이후 회수가능액을 결정하는데 사용된 추정치에 변화가 있는 경우에만 환입하고 있습니다."
    },
    {
      "sn": "dis109178sent67946194",
      "source_original": "손상차손환입으로 증가된 장부금액은 과거에 손상차손을 인식하기 전 장부금액의 감가상각 또는 상각 후 잔액을 초과할 수 없으며,"
    },
    {
      "sn": "dis109178sent67946195",
      "source_original": "손상차손환입은 즉시 당기손익으로 인식하고 있습니다."
    },
    {
      "sn": "dis109178sent67946196",
      "source_original": "현금창출단위의 손상차손환입은 현금창출단위를 구성하는 자산들(영업권 제외)의 장부금액에 비례하여 배분하며, 영업권에 대해 인식한 손상차손은 후속기간에 환입하지 않고 있습니다."
    },
    {
      "sn": "dis109178sent67946197",
      "source_original": "(8) 중소기업의 회계처리에 대한 특례"
    },
    {
      "sn": "dis109178sent67946198",
      "source_original": "중소기업기본법에 의한 중소기업으로서 일반기업회계기준 제31장 \"중소기업 회계처리 특례\"에 의하여 다음과 같이 회계처리하고 있습니다."
    },
    {
      "sn": "dis109178sent67946199",
      "source_original": "1) 장기연불조건의 매매거래 및 장기금전대차거래 등에서 발생하는 채권ㆍ채무는 명목가액을 재무상태표가액으로 하고 있습니다."
    },
    {
      "sn": "dis109178sent67946200",
      "source_original": "2) 시장성 없는 지분증권은 취득원가로 평가"
    },
    {
      "sn": "dis109178sent67946201",
      "source_original": "하고,"
    },
    {
      "sn": "dis109178sent67946202",
      "source_original": "손상차손누계액이 있는 경우"
    },
    {
      "sn": "dis109178sent67946203",
      "source_original": "취득원가에서 손상차손누계액을 차감한 금액을 장부금액으로 하고 있습니다."
    },
    {
      "sn": "dis109178sent67946204",
      "source_original": "관계기업이나 공동지배기업"
    },
    {
      "sn": "dis109178sent67946205",
      "source_original": "에 대하여 지분법을 적용하지"
    },
    {
      "sn": "dis109178sent67946206",
      "source_original": "아니하고 취득원가에서 손상차손누계액을 차감한 금액으로 인식하고 있습니다."
    },
    {
      "sn": "dis109178sent67946207",
      "source_original": "연결재무제표 작성대상의 범위에 해당하는"
    },
    {
      "sn": "dis109178sent67946208",
      "source_original": "종속기업"
    },
    {
      "sn": "dis109178sent67946209",
      "source_original": "에 대하여는 지분법을 적용하고 있습니다."
    },
    {
      "sn": "dis109178sent67946210",
      "source_original": "4) 유형자산과 무형자산의 내용연수 및 잔존가치는 법인세법의 법령에 따랐습니다."
    },
    {
      "sn": "dis109178sent67946211",
      "source_original": "5) 토지 또는 건물 등을 장기할부조건으로 처분하는 경우 당해 자산의 처분손익을 할부금회수기일이 도래한 날에 실현되는 것으로 회계처리하고 있습니다."
    },
    {
      "sn": "dis109178sent67946212",
      "source_original": "6) 법인세비용은 법인세법 등의 법령에 의하여 납부하여야 할 금액으로 계상하고 있습니다"
    },
    {
      "sn": "dis109178sent67946213",
      "source_original": "(9) 추정의 사용"
    },
    {
      "sn": "dis109178sent67946214",
      "source_original": "한국의 일반기업회계기준에 따라 재무제표를 작성하기 위해서 회사의 경영자는 자산및 부채의 금액 및 충당부채 등에 대한 공시, 수익 및 비용의 측정과 관련하여 많은 합리적인 추정과 가정을 사용합니다."
    },
    {
      "sn": "dis109178sent67946215",
      "source_original": "여기에는 유형자산의 장부금액, 매출채권, 재고자산, 충당부채 등이 포함됩니다."
    },
    {
      "sn": "dis109178sent67946216",
      "source_original": "이러한 평가금액은 실제와 다를 수 있습니다."
    },
    {
      "sn": "dis109178sent67946217",
      "source_original": "3. 매도가능증권의 내용"
    },
    {
      "sn": "dis109178sent67946218",
      "source_original": "매도가능증권 중 시장성 없는 지분증권의 내용은 다음과 같습니다."
    },
    {
      "sn": "dis109178sent67946219",
      "source_original": "(단위 : 천원)"
    },
    {
      "sn": "dis109178sent67946220",
      "source_original": "회 사 명"
    },
    {
      "sn": "dis109178sent67946221",
      "source_original": "당 기"
    },
    {
      "sn": "dis109178sent67946222",
      "source_original": "전 기"
    },
    {
      "sn": "dis109178sent67946223",
      "source_original": "출자주(좌)수"
    },
    {
      "sn": "dis109178sent67946224",
      "source_original": "취득원가"
    },
    {
      "sn": "dis109178sent67946225",
      "source_original": "순자산가치"
    },
    {
      "sn": "dis109178sent67946226",
      "source_original": "장부금액"
    },
    {
      "sn": "dis109178sent67946227",
      "source_original": "건설공제조합"
    },
    {
      "sn": "dis109178sent67946228",
      "source_original": "엔지니어링공제조합"
    },
    {
      "sn": "dis109178sent67946229",
      "source_original": "대일내장산컨트리클럽"
    },
    {
      "sn": "dis109178sent67946230",
      "source_original": "대일레저개발"
    },
    {
      "sn": "dis109178sent67946231",
      "source_original": "대일당진난지섬"
    },
    {
      "sn": "dis109178sent67946232",
      "source_original": "해상케이블카(주)"
    },
    {
      "sn": "dis109178sent67946233",
      "source_original": "4. 유형자산의 내용"
    },
    {
      "sn": "dis109178sent67946234",
      "source_original": "(1) 유형자산의 변동내용은 다음과 같습니다."
    },
    {
      "sn": "dis109178sent67946235",
      "source_original": "① 당기"
    },
    {
      "sn": "dis109178sent67946236",
      "source_original": "기초잔액"
    },
    {
      "sn": "dis109178sent67946237",
      "source_original": "취 득"
    },
    {
      "sn": "dis109178sent67946238",
      "source_original": "대체증감"
    },
    {
      "sn": "dis109178sent67946239",
      "source_original": "처분및폐기"
    },
    {
      "sn": "dis109178sent67946240",
      "source_original": "감가상각비"
    },
    {
      "sn": "dis109178sent67946241",
      "source_original": "기말잔액"
    },
    {
      "sn": "dis109178sent67946242",
      "source_original": "토 지"
    },
    {
      "sn": "dis109178sent67946243",
      "source_original": "차량운반구"
    },
    {
      "sn": "dis109178sent67946244",
      "source_original": "공구와기구"
    },
    {
      "sn": "dis109178sent67946245",
      "source_original": "② 전기"
    },
    {
      "sn": "dis109178sent67946246",
      "source_original": "(2) 보유토지의 공시지가"
    },
    {
      "sn": "dis109178sent67946247",
      "source_original": "보유토지의 공시지가는 다음과 같습니다."
    },
    {
      "sn": "dis109178sent67946248",
      "source_original": "보 유 토 지"
    },
    {
      "sn": "dis109178sent67946249",
      "source_original": "당 기 말"
    },
    {
      "sn": "dis109178sent67946250",
      "source_original": "전 기 말"
    },
    {
      "sn": "dis109178sent67946251",
      "source_original": "장 부 가 액"
    },
    {
      "sn": "dis109178sent67946252",
      "source_original": "공 시 지 가"
    },
    {
      "sn": "dis109178sent67946253",
      "source_original": "유형자산의 토지"
    },
    {
      "sn": "dis109178sent67946254",
      "source_original": "무형자산의 내용"
    },
    {
      "sn": "dis109178sent67946255",
      "source_original": "(1) 무형자산의 내용은 다음과 같습니다."
    },
    {
      "sn": "dis109178sent67946256",
      "source_original": "상각누계액"
    },
    {
      "sn": "dis109178sent67946257",
      "source_original": "특 허 권"
    },
    {
      "sn": "dis109178sent67946258",
      "source_original": "(2) 무형자산의 변동내용은 다음과 같습니다."
    },
    {
      "sn": "dis109178sent67946259",
      "source_original": "① 당기"
    },
    {
      "sn": "dis109178sent67946260",
      "source_original": "처분 및 폐기"
    },
    {
      "sn": "dis109178sent67946261",
      "source_original": "상 각"
    },
    {
      "sn": "dis109178sent67946262",
      "source_original": "기말"
    },
    {
      "sn": "dis109178sent67946263",
      "source_original": "잔액"
    },
    {
      "sn": "dis109178sent67946264",
      "source_original": "소 프 트 웨 어"
    },
    {
      "sn": "dis109178sent67946265",
      "source_original": "② 전기"
    },
    {
      "sn": "dis109178sent67946266",
      "source_original": "(3) 무형자산상각액은 전액 판매비와 관리비로 계상되어 있습니다."
    },
    {
      "sn": "dis109178sent67946267",
      "source_original": "6. 퇴직급여충당부채"
    },
    {
      "sn": "dis109178sent67946268",
      "source_original": "(1) 회사의 퇴직급여충당부채의 변동내용은 다음과 같습니다."
    },
    {
      "sn": "dis109178sent67946269",
      "source_original": "구 분"
    },
    {
      "sn": "dis109178sent67946270",
      "source_original": "기 초 잔 액"
    },
    {
      "sn": "dis109178sent67946271",
      "source_original": "충당 부채 설정액"
    },
    {
      "sn": "dis109178sent67946272",
      "source_original": "퇴 직 금 지 급 액"
    },
    {
      "sn": "dis109178sent67946273",
      "source_original": "기 말 잔 액"
    },
    {
      "sn": "dis109178sent67946274",
      "source_original": "(2) 당기말 현재 퇴직금소요액의 약 44.90%에 해당하는 금액에 대하여 기업은행에 수익자인 종업원의 퇴직금수급권이 보장된 퇴직연금에 가입하고 있으며 기"
    },
    {
      "sn": "dis109178sent67946275",
      "source_original": "중"
    },
    {
      "sn": "dis109178sent67946276",
      "source_original": "변동내용은 다음과 같습니다."
    },
    {
      "sn": "dis109178sent67946277",
      "source_original": "(단위 : 천원)"
    },
    {
      "sn": "dis109178sent67946278",
      "source_original": "기 초 잔 액"
    },
    {
      "sn": "dis109178sent67946279",
      "source_original": "당 기 증 가 액"
    },
    {
      "sn": "dis109178sent67946280",
      "source_original": "당 기 감 소 액"
    },
    {
      "sn": "dis109178sent67946281",
      "source_original": "(3) 퇴직연금운용자산의 구성내용은 다음과 같습니다."
    },
    {
      "sn": "dis109178sent67946282",
      "source_original": "정 기 예 금"
    },
    {
      "sn": "dis109178sent67946283",
      "source_original": "7. 우발상황와 약정사항의 내용"
    },
    {
      "sn": "dis109178sent67946284",
      "source_original": "우발상황 및 주요 약정사항의 내용은 다음과 같습니다."
    },
    {
      "sn": "dis109178sent67946285",
      "source_original": "(1) 사용이 제한된 예금"
    },
    {
      "sn": "dis109178sent67946286",
      "source_original": "보고기간종료일 현재 회사의 예금 중 사용이 제한된 예금의 내용은 다음과 같습니다."
    },
    {
      "sn": "dis109178sent67946287",
      "source_original": "예금종류"
    },
    {
      "sn": "dis109178sent67946288",
      "source_original": "거래은행"
    },
    {
      "sn": "dis109178sent67946289",
      "source_original": "금 액"
    },
    {
      "sn": "dis109178sent67946290",
      "source_original": "사용제한내용"
    },
    {
      "sn": "dis109178sent67946291",
      "source_original": "퇴직연금운용자산"
    },
    {
      "sn": "dis109178sent67946292",
      "source_original": "퇴직연금"
    },
    {
      "sn": "dis109178sent67946293",
      "source_original": "기업은행"
    },
    {
      "sn": "dis109178sent67946294",
      "source_original": "퇴직금지급"
    },
    {
      "sn": "dis109178sent67946295",
      "source_original": "담보제공자산의 내용"
    },
    {
      "sn": "dis109178sent67946296",
      "source_original": "예금이외에 담보제공(소유권제한 포함)된 자산은 다음과 같습니다."
    },
    {
      "sn": "dis109178sent67946297",
      "source_original": "담보제공자산"
    },
    {
      "sn": "dis109178sent67946298",
      "source_original": "내 용"
    },
    {
      "sn": "dis109178sent67946299",
      "source_original": "설정금액"
    },
    {
      "sn": "dis109178sent67946300",
      "source_original": "수혜자"
    },
    {
      "sn": "dis109178sent67946301",
      "source_original": "관련채무의 내용"
    },
    {
      "sn": "dis109178sent67946302",
      "source_original": "차입금액"
    },
    {
      "sn": "dis109178sent67946303",
      "source_original": "(자기를 위한 담보)"
    },
    {
      "sn": "dis109178sent67946304",
      "source_original": "외룡리383-5외"
    },
    {
      "sn": "dis109178sent67946305",
      "source_original": "단기차입금"
    },
    {
      "sn": "dis109178sent67946306",
      "source_original": "매도가능증권"
    },
    {
      "sn": "dis109178sent67946307",
      "source_original": "계약이행보증"
    },
    {
      "sn": "dis109178sent67946308",
      "source_original": "(3) 보험가입의 내용"
    },
    {
      "sn": "dis109178sent67946309",
      "source_original": "회사가 가입하고 있는 보험의 종류, 보험금액 및 보험에 가입된 자산의 내용은 다음과 같습니다."
    },
    {
      "sn": "dis109178sent67946310",
      "source_original": "보험종류"
    },
    {
      "sn": "dis109178sent67946311",
      "source_original": "부보자산"
    },
    {
      "sn": "dis109178sent67946312",
      "source_original": "보험금액"
    },
    {
      "sn": "dis109178sent67946313",
      "source_original": "보험료"
    },
    {
      "sn": "dis109178sent67946314",
      "source_original": "보험기간"
    },
    {
      "sn": "dis109178sent67946315",
      "source_original": "보험가입처"
    },
    {
      "sn": "dis109178sent67946316",
      "source_original": "화재보험"
    },
    {
      "sn": "dis109178sent67946317",
      "source_original": "건물,기계"
    },
    {
      "sn": "dis109178sent67946318",
      "source_original": "KB화재보험"
    },
    {
      "sn": "dis109178sent67946319",
      "source_original": "회사는 상기 보험이외에 계약이행보증보험, 하자이행보증보험, 산업재해보상보험, 근로자재해보상보험, 자동차종합보험, 국민건강보험 및 고용보험 등에 가입하고 있습니다."
    },
    {
      "sn": "dis109178sent67946320",
      "source_original": "(4) 주요 약정사항"
    },
    {
      "sn": "dis109178sent67946321",
      "source_original": "금융기관 등과 체결한 주요 약정사항은 다음과 같습니다."
    },
    {
      "sn": "dis109178sent67946322",
      "source_original": "금융기관명"
    },
    {
      "sn": "dis109178sent67946323",
      "source_original": "약정한도액"
    },
    {
      "sn": "dis109178sent67946324",
      "source_original": "실행금액"
    },
    {
      "sn": "dis109178sent67946325",
      "source_original": "매입채무"
    },
    {
      "sn": "dis109178sent67946326",
      "source_original": "구매카드외"
    },
    {
      "sn": "dis109178sent67946327",
      "source_original": "차입금"
    },
    {
      "sn": "dis109178sent67946328",
      "source_original": "일반자금대출"
    },
    {
      "sn": "dis109178sent67946329",
      "source_original": "우리은행"
    },
    {
      "sn": "dis109178sent67946330",
      "source_original": "자본금의 내용"
    },
    {
      "sn": "dis109178sent67946331",
      "source_original": "당기말 현재 자본금의 내용은 다음과 같습니다."
    },
    {
      "sn": "dis109178sent67946332",
      "source_original": "(단위 : 원)"
    },
    {
      "sn": "dis109178sent67946333",
      "source_original": "보 통 주"
    },
    {
      "sn": "dis109178sent67946334",
      "source_original": "당기"
    },
    {
      "sn": "dis109178sent67946335",
      "source_original": "전기"
    },
    {
      "sn": "dis109178sent67946336",
      "source_original": "발행할 주식의 총수"
    },
    {
      "sn": "dis109178sent67946337",
      "source_original": "400,000주"
    },
    {
      "sn": "dis109178sent67946338",
      "source_original": "1주당 금액"
    },
    {
      "sn": "dis109178sent67946339",
      "source_original": "10,000원"
    },
    {
      "sn": "dis109178sent67946340",
      "source_original": "발행한 주식의 총수"
    },
    {
      "sn": "dis109178sent67946341",
      "source_original": "200,000주"
    },
    {
      "sn": "dis109178sent67946342",
      "source_original": "당기말 현재 자본금"
    },
    {
      "sn": "dis109178sent67946343",
      "source_original": "2,000,000,000원"
    },
    {
      "sn": "dis109178sent67946344",
      "source_original": "이익잉여금처분계산서"
    },
    {
      "sn": "dis109178sent67946345",
      "source_original": "당기 및 전기의 이익잉여금처분계산서는 다음과 같습니다."
    },
    {
      "sn": "dis109178sent67946346",
      "source_original": "이 익 잉 여 금 처 분 계 산 서"
    },
    {
      "sn": "dis109178sent67946347",
      "source_original": "제16(당)기"
    },
    {
      "sn": "dis109178sent67946348",
      "source_original": "제15(전)기"
    },
    {
      "sn": "dis109178sent67946349",
      "source_original": "처분예정일"
    },
    {
      "sn": "dis109178sent67946350",
      "source_original": "2022년 03월 31일"
    },
    {
      "sn": "dis109178sent67946351",
      "source_original": "처분확정일"
    },
    {
      "sn": "dis109178sent67946352",
      "source_original": "2021년 03월 31일"
    },
    {
      "sn": "dis109178sent67946353",
      "source_original": "제 16(당) 기"
    },
    {
      "sn": "dis109178sent67946354",
      "source_original": "Ⅰ. 미처분이익잉여금"
    },
    {
      "sn": "dis109178sent67946355",
      "source_original": "1. 전기이월미처분이익잉여금"
    },
    {
      "sn": "dis109178sent67946356",
      "source_original": "2. 당기순이익"
    },
    {
      "sn": "dis109178sent67946357",
      "source_original": "Ⅱ. 이익잉여금처분액"
    },
    {
      "sn": "dis109178sent67946358",
      "source_original": "Ⅲ. 차기이월미처분이익잉여금"
    },
    {
      "sn": "dis109178sent67946359",
      "source_original": "10. 임의적립금의 내용"
    },
    {
      "sn": "dis109178sent67946360",
      "source_original": "이익배당의 제한이 없는 임의적립금의 내용은 다음과 같습니다."
    },
    {
      "sn": "dis109178sent67946361",
      "source_original": "임의적립금"
    },
    {
      "sn": "dis109178sent67946362",
      "source_original": "사업확장적립금"
    },
    {
      "sn": "dis109178sent67946363",
      "source_original": "연구인력개발준비금"
    },
    {
      "sn": "dis109178sent67946364",
      "source_original": "합계"
    },
    {
      "sn": "dis109178sent67946365",
      "source_original": "11. 건설형 공사계약의 내용"
    },
    {
      "sn": "dis109178sent67946366",
      "source_original": "(1) 주요 건설형 공사의 개요는 다음과 같습니다."
    },
    {
      "sn": "dis109178sent67946367",
      "source_original": "공 사 명"
    },
    {
      "sn": "dis109178sent67946368",
      "source_original": "공사계약금액"
    },
    {
      "sn": "dis109178sent67946369",
      "source_original": "총공사예정원가"
    },
    {
      "sn": "dis109178sent67946370",
      "source_original": "총공사손익예상액"
    },
    {
      "sn": "dis109178sent67946371",
      "source_original": "이행지급보증"
    },
    {
      "sn": "dis109178sent67946372",
      "source_original": "동해쌍용묵호 현장외"
    },
    {
      "sn": "dis109178sent67946373",
      "source_original": "엔진BG 오염토양 정화사업외"
    },
    {
      "sn": "dis109178sent67946374",
      "source_original": "(2) 건설형 공사의 손익내용은 다음과 같습니다."
    },
    {
      "sn": "dis109178sent67946375",
      "source_original": "공사명"
    },
    {
      "sn": "dis109178sent67946376",
      "source_original": "누적공사수익"
    },
    {
      "sn": "dis109178sent67946377",
      "source_original": "누적공사원가"
    },
    {
      "sn": "dis109178sent67946378",
      "source_original": "누적공사손익"
    },
    {
      "sn": "dis109178sent67946379",
      "source_original": "(3) 건설형 공사계약의 잔액의 변동내용은 다음과 같습니다."
    },
    {
      "sn": "dis109178sent67946380",
      "source_original": "기초공사"
    },
    {
      "sn": "dis109178sent67946381",
      "source_original": "계약잔액"
    },
    {
      "sn": "dis109178sent67946382",
      "source_original": "신규ㆍ추가ㆍ변경액"
    },
    {
      "sn": "dis109178sent67946383",
      "source_original": "공사"
    },
    {
      "sn": "dis109178sent67946384",
      "source_original": "수익인식액"
    },
    {
      "sn": "dis109178sent67946385",
      "source_original": "(단위 : 천원)"
    },
    {
      "sn": "dis109178sent67946386",
      "source_original": "(4) 공사대금 관련 채권ㆍ채무의 내용은 다음과 같습니다."
    },
    {
      "sn": "dis109178sent67946387",
      "source_original": "공사대금 미수금"
    },
    {
      "sn": "dis109178sent67946388",
      "source_original": "선수금"
    },
    {
      "sn": "dis109178sent67946389",
      "source_original": "청구금액"
    },
    {
      "sn": "dis109178sent67946390",
      "source_original": "미청구금액"
    },
    {
      "sn": "dis109178sent67946391",
      "source_original": "12. 특수관계자와의 주요거래 내용"
    },
    {
      "sn": "dis109178sent67946392",
      "source_original": "(1) 특수관계자 현황"
    },
    {
      "sn": "dis109178sent67946393",
      "source_original": "관 계"
    },
    {
      "sn": "dis109178sent67946394",
      "source_original": "회사명"
    },
    {
      "sn": "dis109178sent67946395",
      "source_original": "주주회사"
    },
    {
      "sn": "dis109178sent67946396",
      "source_original": "(주)부경산업"
    },
    {
      "sn": "dis109178sent67946397",
      "source_original": "(주)대일개발"
    },
    {
      "sn": "dis109178sent67946398",
      "source_original": "관계회사"
    },
    {
      "sn": "dis109178sent67946399",
      "source_original": "대일레저개발(주)"
    },
    {
      "sn": "dis109178sent67946400",
      "source_original": "기타관련회사"
    },
    {
      "sn": "dis109178sent67946401",
      "source_original": "대일당진난지섬해상케이블카(주)"
    },
    {
      "sn": "dis109178sent67946402",
      "source_original": "(주)대일내장산컨트리클럽"
    },
    {
      "sn": "dis109178sent67946403",
      "source_original": "기타특수관계자"
    },
    {
      "sn": "dis109178sent67946404",
      "source_original": "(주)아이엔텍"
    },
    {
      "sn": "dis109178sent67946405",
      "source_original": "(주)엔아이티"
    },
    {
      "sn": "dis109178sent67946406",
      "source_original": "(2) 특수관계회사와의 중요한 영업상의 거래내용은 다음과 같습니다."
    },
    {
      "sn": "dis109178sent67946407",
      "source_original": "특수관계자"
    },
    {
      "sn": "dis109178sent67946408",
      "source_original": "(회사명 또는 성명)"
    },
    {
      "sn": "dis109178sent67946409",
      "source_original": "기타비용"
    },
    {
      "sn": "dis109178sent67946410",
      "source_original": "부경산업㈜"
    },
    {
      "sn": "dis109178sent67946411",
      "source_original": "주) 위의 거래외에 기타특수관계자인 (주)아이엔텍으로부터 당기중 30,000천원의 기계장치를 구입하였습니다."
    },
    {
      "sn": "dis109178sent67946412",
      "source_original": "(3) 특수관계회사와의 중요한 채권ㆍ채무의 내용은 다음과 같습니다."
    },
    {
      "sn": "dis109178sent67946413",
      "source_original": "(4) 특수관계자에 대한 대여금의 내용 다음과 같습니다."
    },
    {
      "sn": "dis109178sent67946414",
      "source_original": "① 당기"
    },
    {
      "sn": "dis109178sent67946415",
      "source_original": "변동내용"
    },
    {
      "sn": "dis109178sent67946416",
      "source_original": "기중증가액"
    },
    {
      "sn": "dis109178sent67946417",
      "source_original": "기중감소액"
    },
    {
      "sn": "dis109178sent67946418",
      "source_original": "임직원"
    },
    {
      "sn": "dis109178sent67946419",
      "source_original": "단기대여금"
    },
    {
      "sn": "dis109178sent67946420",
      "source_original": "13. 연구비와 경상개발비의 내용"
    },
    {
      "sn": "dis109178sent67946421",
      "source_original": "비용으로 인식한 연구비와 경상개발비의 내용은 다음과 같습니다."
    },
    {
      "sn": "dis109178sent67946422",
      "source_original": "원재료비"
    },
    {
      "sn": "dis109178sent67946423",
      "source_original": "인건비"
    },
    {
      "sn": "dis109178sent67946424",
      "source_original": "경비"
    },
    {
      "sn": "dis109178sent67946425",
      "source_original": "합 계"
    },
    {
      "sn": "dis109178sent67946426",
      "source_original": "회계처리"
    },
    {
      "sn": "dis109178sent67946427",
      "source_original": "판매비와관리비"
    },
    {
      "sn": "dis109178sent67946428",
      "source_original": "제조경비"
    },
    {
      "sn": "dis109178sent67946429",
      "source_original": "14. 부가가치계산에 필요한 계정과목과 그 금액"
    },
    {
      "sn": "dis109178sent67946430",
      "source_original": "부가가치계산에 필요한 계정과목과 그 금액은 다음과 같습니다."
    },
    {
      "sn": "dis109178sent67946431",
      "source_original": "용 역 원 가"
    },
    {
      "sn": "dis109178sent67946432",
      "source_original": "판매비와관리비"
    },
    {
      "sn": "dis109178sent67946433",
      "source_original": "급 여"
    },
    {
      "sn": "dis109178sent67946434",
      "source_original": "퇴 직 급 여"
    },
    {
      "sn": "dis109178sent67946435",
      "source_original": "복리후생비"
    },
    {
      "sn": "dis109178sent67946436",
      "source_original": "지급임차료"
    },
    {
      "sn": "dis109178sent67946437",
      "source_original": "세금과공과"
    },
    {
      "sn": "dis109178sent67946438",
      "source_original": "당기 및 전기 퇴직급여에는 경상연구개발비로 계상된 퇴직급여가 각각 176,117천원, 9,311천원 포함되어 있습니다."
    },
    {
      "sn": "dis109178sent67946439",
      "source_original": "15. 포괄손익계산서"
    },
    {
      "sn": "dis109178sent67946440",
      "source_original": "당기 및 전기 중 회사의 포괄손익의 내용은 다음과 같습니다."
    },
    {
      "sn": "dis109178sent67946441",
      "source_original": "포괄손익계산서"
    },
    {
      "sn": "dis109178sent67946442",
      "source_original": "제 16 기 : 2021년 01월 01일부터 2021년 12월 31일까지"
    },
    {
      "sn": "dis109178sent67946443",
      "source_original": "제 15 기 : 2020년 01월 01일부터 2020년 12월 31일까지"
    },
    {
      "sn": "dis109178sent67946444",
      "source_original": "당기 순손익"
    },
    {
      "sn": "dis109178sent67946445",
      "source_original": "기타포괄손익"
    },
    {
      "sn": "dis109178sent67946446",
      "source_original": "당기포괄손익"
    },
    {
      "sn": "dis109178sent67946447",
      "source_original": "유동성위험 관리방법 및 금융부채의 만기분석"
    },
    {
      "sn": "dis109178sent67946448",
      "source_original": "(1) 유동성위험 관리 방법"
    },
    {
      "sn": "dis109178sent67946449",
      "source_original": "회사의 재경팀은 미래 현금흐름을 예측하여 단기 및 중장기 자금조달 계획을 수립하고 예측현금흐름과 실제현금흐름을 계속하여 관찰하고 있습니다."
    },
    {
      "sn": "dis109178sent67946450",
      "source_original": "재경팀은 상기에서 언급된 예측에 따라 충분한 유동성을 확보하기 위하여 일정 수준의 차입한도를 유지하고 있으며, 수시입출금식 예금 등의 금융상품에 잉여자금을 투자하고 있습니다."
    },
    {
      "sn": "dis109178sent67946451",
      "source_original": "(2)금융부채의 만기분석"
    },
    {
      "sn": "dis109178sent67946452",
      "source_original": "현금 등 금융자산을 인도하여 결제하는 금융부채의 종류별 만기분석 내역은 다음과 같습니다."
    },
    {
      "sn": "dis109178sent67946453",
      "source_original": "1년 이내"
    },
    {
      "sn": "dis109178sent67946454",
      "source_original": "1년~2년"
    },
    {
      "sn": "dis109178sent67946455",
      "source_original": "3년~5년"
    },
    {
      "sn": "dis109178sent67946456",
      "source_original": "5년 초과"
    },
    {
      "sn": "dis109178sent67946457",
      "source_original": "미지급금"
    },
    {
      "sn": "dis109178sent67946458",
      "source_original": "기타유동부채"
    },
    {
      "sn": "dis109178sent67946459",
      "source_original": "재무제표의 확정"
    },
    {
      "sn": "dis109178sent67946460",
      "source_original": "회사의 제 16 기 정기주주총회 제출용 재무제표는 2022년 3월 11일에 이사회에서 최종 승인되었습니다."
    },
    {
      "sn": "dis109178sent67946461",
      "source_original": "외부감사 실시내용"
    },
    {
      "sn": "dis109178sent67946462",
      "source_original": "「주식회사 등의 외부감사에 관한 법률」제18조제3항의 규정에 의하여 외부감사 실시내용을 첨부합니다."
    },
    {
      "sn": "dis109178sent67946463",
      "source_original": "1. 감사대상업무"
    },
    {
      "sn": "dis109178sent67946464",
      "source_original": "감사대상 사업연도"
    },
    {
      "sn": "dis109178sent67946465",
      "source_original": "2. 감사참여자 구분별 인원수 및 감사시간"
    },
    {
      "sn": "dis109178sent67946466",
      "source_original": "(단위 : 명, 시간)"
    },
    {
      "sn": "dis109178sent67946467",
      "source_original": "감사참여자"
    },
    {
      "sn": "dis109178sent67946468",
      "source_original": "인원수 및 시간"
    },
    {
      "sn": "dis109178sent67946469",
      "source_original": "품질관리"
    },
    {
      "sn": "dis109178sent67946470",
      "source_original": "검토자"
    },
    {
      "sn": "dis109178sent67946471",
      "source_original": "(심리실 등)"
    },
    {
      "sn": "dis109178sent67946472",
      "source_original": "감사업무 담당 회계사"
    },
    {
      "sn": "dis109178sent67946473",
      "source_original": "전산감사ㆍ"
    },
    {
      "sn": "dis109178sent67946474",
      "source_original": "세무ㆍ가치평가"
    },
    {
      "sn": "dis109178sent67946475",
      "source_original": "등 전문가"
    },
    {
      "sn": "dis109178sent67946476",
      "source_original": "건설계약 등"
    },
    {
      "sn": "dis109178sent67946477",
      "source_original": "수주산업"
    },
    {
      "sn": "dis109178sent67946478",
      "source_original": "전문가"
    },
    {
      "sn": "dis109178sent67946479",
      "source_original": "담당이사"
    },
    {
      "sn": "dis109178sent67946480",
      "source_original": "(업무수행이사)"
    },
    {
      "sn": "dis109178sent67946481",
      "source_original": "등록"
    },
    {
      "sn": "dis109178sent67946482",
      "source_original": "공인회계사"
    },
    {
      "sn": "dis109178sent67946483",
      "source_original": "수습"
    },
    {
      "sn": "dis109178sent67946484",
      "source_original": "투입 인원수"
    },
    {
      "sn": "dis109178sent67946485",
      "source_original": "투입시간"
    },
    {
      "sn": "dis109178sent67946486",
      "source_original": "분ㆍ반기검토"
    },
    {
      "sn": "dis109178sent67946487",
      "source_original": "감사"
    },
    {
      "sn": "dis109178sent67946488",
      "source_original": "3. 주요 감사실시내용"
    },
    {
      "sn": "dis109178sent67946489",
      "source_original": "내 역"
    },
    {
      "sn": "dis109178sent67946490",
      "source_original": "전반감사계획"
    },
    {
      "sn": "dis109178sent67946491",
      "source_original": "(감사착수단계)"
    },
    {
      "sn": "dis109178sent67946492",
      "source_original": "수행시기"
    },
    {
      "sn": "dis109178sent67946493",
      "source_original": "주요내용"
    },
    {
      "sn": "dis109178sent67946494",
      "source_original": "감사일정 및 주요 감사리스트논의"
    },
    {
      "sn": "dis109178sent67946495",
      "source_original": "현장감사"
    },
    {
      "sn": "dis109178sent67946496",
      "source_original": "투입인원"
    },
    {
      "sn": "dis109178sent67946497",
      "source_original": "주요 감사업무 수행내용"
    },
    {
      "sn": "dis109178sent67946498",
      "source_original": "상주"
    },
    {
      "sn": "dis109178sent67946499",
      "source_original": "비상주"
    },
    {
      "sn": "dis109178sent67946500",
      "source_original": "명"
    },
    {
      "sn": "dis109178sent67946501",
      "source_original": "회사 내부통제평가 및 주요변동사항검토"
    },
    {
      "sn": "dis109178sent67946502",
      "source_original": "입증감사절차수행"
    },
    {
      "sn": "dis109178sent67946503",
      "source_original": "재고자산실사(입회)"
    },
    {
      "sn": "dis109178sent67946504",
      "source_original": "실사(입회)시기"
    },
    {
      "sn": "dis109178sent67946505",
      "source_original": "실사(입회)장소"
    },
    {
      "sn": "dis109178sent67946506",
      "source_original": "실사(입회)대상"
    },
    {
      "sn": "dis109178sent67946507",
      "source_original": "금융자산실사(입회)"
    },
    {
      "sn": "dis109178sent67946508",
      "source_original": "본사"
    },
    {
      "sn": "dis109178sent67946509",
      "source_original": "현금"
    },
    {
      "sn": "dis109178sent67946510",
      "source_original": "외부조회"
    },
    {
      "sn": "dis109178sent67946511",
      "source_original": "금융거래조회"
    },
    {
      "sn": "dis109178sent67946512",
      "source_original": "채권채무조회"
    },
    {
      "sn": "dis109178sent67946513",
      "source_original": "변호사조회"
    },
    {
      "sn": "dis109178sent67946514",
      "source_original": "기타조회"
    },
    {
      "sn": "dis109178sent67946515",
      "source_original": "지배기구와의"
    },
    {
      "sn": "dis109178sent67946516",
      "source_original": "커뮤니케이션"
    },
    {
      "sn": "dis109178sent67946517",
      "source_original": "커뮤니케이션 횟수"
    },
    {
      "sn": "dis109178sent67946518",
      "source_original": "회"
    },
    {
      "sn": "dis109178sent67946519",
      "source_original": "외부전문가 활용"
    },
    {
      "sn": "dis109178sent67946520",
      "source_original": "감사 활용 내용"
    },
    {
      "sn": "dis109178sent67946521",
      "source_original": "4. 감사(감사위원회)와의 커뮤니케이션"
    },
    {
      "sn": "dis109178sent67946522",
      "source_original": "구분"
    },
    {
      "sn": "dis109178sent67946523",
      "source_original": "일자"
    },
    {
      "sn": "dis109178sent67946524",
      "source_original": "참석자"
    },
    {
      "sn": "dis109178sent67946525",
      "source_original": "방식"
    },
    {
      "sn": "dis109178sent67946526",
      "source_original": "주요 논의 내용"
    },
    {
      "sn": "dis109178sent67946527",
      "source_original": "2021년 12월 24일"
    },
    {
      "sn": "dis109178sent67946528",
      "source_original": "면담"
    },
    {
      "sn": "dis109178sent67946529",
      "source_original": "중간감사 결과논의"
    },
    {
      "sn": "dis109178sent67946530",
      "source_original": "2022년 03월 23일"
    },
    {
      "sn": "dis109178sent67946531",
      "source_original": "기말감사 결과논의"
    }
  ]
}