{
  "meta": {
    "doc_no": "dis109167",
    "domain": "금융",
    "category": "공시정보",
    "license": "open",
    "source_language": "ko"
  },
  "doc_info": {
    "source": "금융감독원",
    "dis_no": 2022040600251300760,
    "doc_name": "감사보고서",
    "com_name": "주식회사 버드켐",
    "date": 20220406
  },
  "sents": [
    {
      "sn": "dis109167sent67938000",
      "source_original": "감사보고서"
    },
    {
      "sn": "dis109167sent67938001",
      "source_original": "주식회사 버드켐"
    },
    {
      "sn": "dis109167sent67938002",
      "source_original": "주식회사 버드켐"
    },
    {
      "sn": "dis109167sent67938003",
      "source_original": "재 무 제 표 에 대 한"
    },
    {
      "sn": "dis109167sent67938004",
      "source_original": "감 사 보 고 서"
    },
    {
      "sn": "dis109167sent67938005",
      "source_original": "제 23 기"
    },
    {
      "sn": "dis109167sent67938006",
      "source_original": "2021년 01월 01일"
    },
    {
      "sn": "dis109167sent67938007",
      "source_original": "부터"
    },
    {
      "sn": "dis109167sent67938008",
      "source_original": "2021년 12월 31일"
    },
    {
      "sn": "dis109167sent67938009",
      "source_original": "까지"
    },
    {
      "sn": "dis109167sent67938010",
      "source_original": "제 22 기"
    },
    {
      "sn": "dis109167sent67938011",
      "source_original": "2020년 01월 01일"
    },
    {
      "sn": "dis109167sent67938012",
      "source_original": "2020년 12월 31일"
    },
    {
      "sn": "dis109167sent67938013",
      "source_original": "신승회계법인"
    },
    {
      "sn": "dis109167sent67938014",
      "source_original": "목 차"
    },
    {
      "sn": "dis109167sent67938015",
      "source_original": "독립된 감사인의 감사보고서 ......................................................................"
    },
    {
      "sn": "dis109167sent67938016",
      "source_original": "재무제표"
    },
    {
      "sn": "dis109167sent67938017",
      "source_original": "· 재무상태표 ........................................................................................"
    },
    {
      "sn": "dis109167sent67938018",
      "source_original": "· 손익계산서 ........................................................................................"
    },
    {
      "sn": "dis109167sent67938019",
      "source_original": "· 자본변동표 ........................................................................................"
    },
    {
      "sn": "dis109167sent67938020",
      "source_original": "· 현금흐름표 ........................................................................................"
    },
    {
      "sn": "dis109167sent67938021",
      "source_original": "· 주석 ................................................................................................."
    },
    {
      "sn": "dis109167sent67938022",
      "source_original": "외부감사실시내용 ......................................................................................"
    },
    {
      "sn": "dis109167sent67938023",
      "source_original": "독립된 감사인의 감사보고서"
    },
    {
      "sn": "dis109167sent67938024",
      "source_original": "주주 및 이사회 귀중"
    },
    {
      "sn": "dis109167sent67938025",
      "source_original": "감사의견"
    },
    {
      "sn": "dis109167sent67938026",
      "source_original": "우리는 주식회사 버드켐(이하 \"회사\")의 재무제표를 감사하였습니다."
    },
    {
      "sn": "dis109167sent67938027",
      "source_original": "해당 재무제표는 2021년 12월 31일과 2020년 12월 31일 현재의 재무상태표, 동일로 종료되는 양 보고기간의 손익계산서, 자본변동표 및 현금흐름표 그리고 유의적 회계정책의 요약을 포함한 재무제표의 주석으로 구성되어 있습니다."
    },
    {
      "sn": "dis109167sent67938028",
      "source_original": "우리의 의견으로는 별첨된 회사의 재무제표는 회사의 2021년 12월 31일과 2020년 12월 31일 현재의 재무상태와 동일로 종료되는 양 보고기간의 재무성과 및 현금흐름을 일반기업회계기준에 따라, 중요성의 관점에서 공정하게 표시하고 있습니다."
    },
    {
      "sn": "dis109167sent67938029",
      "source_original": "감사의견근거"
    },
    {
      "sn": "dis109167sent67938030",
      "source_original": "우리는 대한민국의 회계감사기준에 따라 감사를 수행하였습니다."
    },
    {
      "sn": "dis109167sent67938031",
      "source_original": "이 기준에 따른 우리의 책임은 이 감사보고서의 재무제표감사에 대한 감사인의 책임 단락에 기술되어 있습니다."
    },
    {
      "sn": "dis109167sent67938032",
      "source_original": "우리는 재무제표감사와 관련된 대한민국의 윤리적 요구사항에 따라 회사로부터 독립적이며, 그러한 요구사항에 따른 기타의 윤리적 책임들을 이행하였습니다."
    },
    {
      "sn": "dis109167sent67938033",
      "source_original": "우리가 입수한 감사증거가 감사의견을 위한 근거로서 충분하고 적합하다고 우리는 믿습니다."
    },
    {
      "sn": "dis109167sent67938034",
      "source_original": "재무제표에 대한 경영진과 지배기구의 책임"
    },
    {
      "sn": "dis109167sent67938035",
      "source_original": "경영진은 일반기업회계기준에 따라 이 재무제표를 작성하고 공정하게 표시할 책임이있으며, 부정이나 오류로 인한 중요한 왜곡표시가 없는 재무제표를 작성하는데 필요하다고 결정한 내부통제에 대해서도 책임이 있습니다."
    },
    {
      "sn": "dis109167sent67938036",
      "source_original": "경영진은 재무제표를 작성할 때, 회사의 계속기업으로서의 존속능력을 평가하고 해당되는 경우, 계속기업 관련 사항을 공시할 책임이 있습니다."
    },
    {
      "sn": "dis109167sent67938037",
      "source_original": "그리고 경영진이 기업을 청산하거나 영업을 중단할 의도가 없는 한, 회계의 계속기업전제의 사용에 대해서도 책임이 있습니다."
    },
    {
      "sn": "dis109167sent67938038",
      "source_original": "지배기구는 회사의 재무보고절차의 감시에 대한 책임이 있습니다."
    },
    {
      "sn": "dis109167sent67938039",
      "source_original": "재무제표감사에 대한 감사인의 책임"
    },
    {
      "sn": "dis109167sent67938040",
      "source_original": "우리의 목적은 회사의 재무제표에 전체적으로 부정이나 오류로 인한 중요한 왜곡표시가 없는지에 대하여 합리적인 확신을 얻어 우리의 의견이 포함된 감사보고서를 발행하는데 있습니다."
    },
    {
      "sn": "dis109167sent67938041",
      "source_original": "합리적인 확신은 높은 수준의 확신을 의미하나, 감사기준에 따라수행된 감사가 항상 중요한 왜곡표시를 발견한다는 것을 보장하지는 않습니다."
    },
    {
      "sn": "dis109167sent67938042",
      "source_original": "왜곡표시는 부정이나 오류로부터 발생할 수 있으며, 왜곡표시가 재무제표를 근거로 하는 이용자의 경제적 의사결정에 개별적으로 또는 집합적으로 영향을 미칠 것이 합리적으로 예상되면, 그 왜곡표시는 중요하다고 간주됩니다."
    },
    {
      "sn": "dis109167sent67938043",
      "source_original": "감사기준에 따른 감사의 일부로서 우리는 감사의 전 과정에 걸쳐 전문가적 판단을 수행하고 전문가적 의구심을 유지하고 있습니다."
    },
    {
      "sn": "dis109167sent67938044",
      "source_original": "또한, 우리는:"
    },
    {
      "sn": "dis109167sent67938045",
      "source_original": "ㆍ부정이나 오류로 인한 재무제표의 중요왜곡표시위험을 식별하고 평가하며 그러한위험에 대응하는 감사절차를 설계하고 수행합니다."
    },
    {
      "sn": "dis109167sent67938046",
      "source_original": "그리고 감사의견의 근거로서 충분하고 적합한 감사증거를 입수합니다."
    },
    {
      "sn": "dis109167sent67938047",
      "source_original": "부정은 공모, 위조, 의도적인 누락, 허위진술 또는 내부통제 무력화가 개입될 수 있기 때문에 부정으로 인한 중요한 왜곡표시를 발견하지 못할 위험은 오류로 인한 위험보다 큽니다."
    },
    {
      "sn": "dis109167sent67938048",
      "source_original": "ㆍ상황에 적합한 감사절차를 설계하기 위하여 감사와 관련된 내부통제를 이해합니다."
    },
    {
      "sn": "dis109167sent67938049",
      "source_original": "그러나 이는 내부통제의 효과성에 대한 의견을 표명하기 위한 것이 아닙니다."
    },
    {
      "sn": "dis109167sent67938050",
      "source_original": "ㆍ재무제표를 작성하기 위하여 경영진이 적용한 회계정책의 적합성과 경영진이 도출한 회계추정치와 관련 공시의 합리성에 대하여 평가합니다."
    },
    {
      "sn": "dis109167sent67938051",
      "source_original": "ㆍ경영진이 사용한 회계의 계속기업전제의 적절성과, 입수한 감사증거를 근거로 계속기업으로서의 존속능력에 대하여 유의적 의문을 초래할 수 있는 사건이나, 상황과 관련된 중요한 불확실성이 존재하는지 여부에 대하여 결론을 내립니다."
    },
    {
      "sn": "dis109167sent67938052",
      "source_original": "중요한 불확실성이 존재한다고 결론을 내리는 경우, 우리는 재무제표의 관련 공시에 대하여 감사보고서에 주의를 환기시키고, 이들 공시가 부적절한 경우 의견을 변형시킬 것을 요구받고 있습니다."
    },
    {
      "sn": "dis109167sent67938053",
      "source_original": "우리의 결론은 감사보고서일까지 입수된 감사증거에 기초하나, 미래의 사건이나 상황이 회사의 계속기업으로서 존속을 중단시킬 수 있습니다."
    },
    {
      "sn": "dis109167sent67938054",
      "source_original": "ㆍ공시를 포함한 재무제표의 전반적인 표시와 구조 및 내용을 평가하고, 재무제표의 기초가 되는 거래와 사건을 재무제표가 공정한 방식으로 표시하고 있는지 여부를 평가합니다."
    },
    {
      "sn": "dis109167sent67938055",
      "source_original": "우리는 여러 가지 사항들 중에서 계획된 감사범위와 시기 그리고 감사 중 식별된 유의적 내부통제 미비점 등 유의적인 감사의 발견사항에 대하여 지배기구와 커뮤니케이션합니다."
    },
    {
      "sn": "dis109167sent67938056",
      "source_original": "서울특별시 강남구 삼성로 85길 32(대치동, 동보빌딩) 5층"
    },
    {
      "sn": "dis109167sent67938057",
      "source_original": "신 승 회 계 법 인"
    },
    {
      "sn": "dis109167sent67938058",
      "source_original": "대 표 이 사 신 완 민"
    },
    {
      "sn": "dis109167sent67938059",
      "source_original": "2022년 2월 23일"
    },
    {
      "sn": "dis109167sent67938060",
      "source_original": "이 감사보고서는 감사보고서일"
    },
    {
      "sn": "dis109167sent67938061",
      "source_original": "현재로 유효한 것입니다."
    },
    {
      "sn": "dis109167sent67938062",
      "source_original": "따라서 감사보고서일 후 이 보고서를 열람하는 시점 사이에 첨부된 회사의 재무제표에 중요한 영향을 미칠 수 있는 사건이나 상황이 발생할 수도 있으며 이로 인하여 이 감사보고서가 수정될 수도 있습니다."
    },
    {
      "sn": "dis109167sent67938063",
      "source_original": "(첨부)재 무 제 표"
    },
    {
      "sn": "dis109167sent67938064",
      "source_original": "제 23(당) 기"
    },
    {
      "sn": "dis109167sent67938065",
      "source_original": "제 22(전) 기"
    },
    {
      "sn": "dis109167sent67938066",
      "source_original": "2020년 01월 31일"
    },
    {
      "sn": "dis109167sent67938067",
      "source_original": "\"첨부된 재무제표는 당사가 작성한 것입니다.\""
    },
    {
      "sn": "dis109167sent67938068",
      "source_original": "주식회사 버드켐 대표이사 김형섭"
    },
    {
      "sn": "dis109167sent67938069",
      "source_original": "본점 소재지 :"
    },
    {
      "sn": "dis109167sent67938070",
      "source_original": "(도로명주소)"
    },
    {
      "sn": "dis109167sent67938071",
      "source_original": "서울특별시 서초구 동산로14길9"
    },
    {
      "sn": "dis109167sent67938072",
      "source_original": "(전 화)"
    },
    {
      "sn": "dis109167sent67938073",
      "source_original": "재 무 상 태 표"
    },
    {
      "sn": "dis109167sent67938074",
      "source_original": "제23(당)기 : 2021년 12월 31일 현재"
    },
    {
      "sn": "dis109167sent67938075",
      "source_original": "제22(전)기 : 2020년 12월 31일 현재"
    },
    {
      "sn": "dis109167sent67938076",
      "source_original": "(단위 : 원)"
    },
    {
      "sn": "dis109167sent67938077",
      "source_original": "과 목"
    },
    {
      "sn": "dis109167sent67938078",
      "source_original": "제23(당)기"
    },
    {
      "sn": "dis109167sent67938079",
      "source_original": "제22(전)기"
    },
    {
      "sn": "dis109167sent67938080",
      "source_original": "자산"
    },
    {
      "sn": "dis109167sent67938081",
      "source_original": "I.유동자산"
    },
    {
      "sn": "dis109167sent67938082",
      "source_original": "(1)당좌자산"
    },
    {
      "sn": "dis109167sent67938083",
      "source_original": "1.현금및현금성자산"
    },
    {
      "sn": "dis109167sent67938084",
      "source_original": "2.단기금융상품"
    },
    {
      "sn": "dis109167sent67938085",
      "source_original": "3.매출채권"
    },
    {
      "sn": "dis109167sent67938086",
      "source_original": "대손충당금"
    },
    {
      "sn": "dis109167sent67938087",
      "source_original": "4.미수금"
    },
    {
      "sn": "dis109167sent67938088",
      "source_original": "5.미수수익"
    },
    {
      "sn": "dis109167sent67938089",
      "source_original": "6.선급금"
    },
    {
      "sn": "dis109167sent67938090",
      "source_original": "7.선급비용"
    },
    {
      "sn": "dis109167sent67938091",
      "source_original": "(2)재고자산"
    },
    {
      "sn": "dis109167sent67938092",
      "source_original": "1.상품"
    },
    {
      "sn": "dis109167sent67938093",
      "source_original": "2.미착상품"
    },
    {
      "sn": "dis109167sent67938094",
      "source_original": "II.비유동자산"
    },
    {
      "sn": "dis109167sent67938095",
      "source_original": "(1)투자자산"
    },
    {
      "sn": "dis109167sent67938096",
      "source_original": "1.매도가능증권"
    },
    {
      "sn": "dis109167sent67938097",
      "source_original": "(2)유형자산"
    },
    {
      "sn": "dis109167sent67938098",
      "source_original": "1.토지"
    },
    {
      "sn": "dis109167sent67938099",
      "source_original": "2.건물"
    },
    {
      "sn": "dis109167sent67938100",
      "source_original": "감가상각누계액"
    },
    {
      "sn": "dis109167sent67938101",
      "source_original": "3.차량운반구"
    },
    {
      "sn": "dis109167sent67938102",
      "source_original": "4.비품"
    },
    {
      "sn": "dis109167sent67938103",
      "source_original": "5.시설장치"
    },
    {
      "sn": "dis109167sent67938104",
      "source_original": "(3)무형자산"
    },
    {
      "sn": "dis109167sent67938105",
      "source_original": "1.산업재산권"
    },
    {
      "sn": "dis109167sent67938106",
      "source_original": "2.소프트웨어"
    },
    {
      "sn": "dis109167sent67938107",
      "source_original": "(4)기타비유동자산"
    },
    {
      "sn": "dis109167sent67938108",
      "source_original": "1.임차보증금"
    },
    {
      "sn": "dis109167sent67938109",
      "source_original": "2.기타보증금"
    },
    {
      "sn": "dis109167sent67938110",
      "source_original": "자산총계"
    },
    {
      "sn": "dis109167sent67938111",
      "source_original": "부채"
    },
    {
      "sn": "dis109167sent67938112",
      "source_original": "I.유동부채"
    },
    {
      "sn": "dis109167sent67938113",
      "source_original": "1.매입채무"
    },
    {
      "sn": "dis109167sent67938114",
      "source_original": "2.미지급금"
    },
    {
      "sn": "dis109167sent67938115",
      "source_original": "3.미지급비용"
    },
    {
      "sn": "dis109167sent67938116",
      "source_original": "4.예수금"
    },
    {
      "sn": "dis109167sent67938117",
      "source_original": "5.선수금"
    },
    {
      "sn": "dis109167sent67938118",
      "source_original": "6.단기차입금"
    },
    {
      "sn": "dis109167sent67938119",
      "source_original": "7.유동성장기부채"
    },
    {
      "sn": "dis109167sent67938120",
      "source_original": "II.비유동부채"
    },
    {
      "sn": "dis109167sent67938121",
      "source_original": "1.장기차입금"
    },
    {
      "sn": "dis109167sent67938122",
      "source_original": "2.퇴직급여충당부채"
    },
    {
      "sn": "dis109167sent67938123",
      "source_original": "퇴직연금운용자산"
    },
    {
      "sn": "dis109167sent67938124",
      "source_original": "부채총계"
    },
    {
      "sn": "dis109167sent67938125",
      "source_original": "자본"
    },
    {
      "sn": "dis109167sent67938126",
      "source_original": "I.자본금"
    },
    {
      "sn": "dis109167sent67938127",
      "source_original": "1.자본금"
    },
    {
      "sn": "dis109167sent67938128",
      "source_original": "II.자본잉여금"
    },
    {
      "sn": "dis109167sent67938129",
      "source_original": "III.기타포괄손익누계액"
    },
    {
      "sn": "dis109167sent67938130",
      "source_original": "IV.이익잉여금"
    },
    {
      "sn": "dis109167sent67938131",
      "source_original": "1.이익준비금"
    },
    {
      "sn": "dis109167sent67938132",
      "source_original": "2.미처분이익잉여금"
    },
    {
      "sn": "dis109167sent67938133",
      "source_original": "자본총계"
    },
    {
      "sn": "dis109167sent67938134",
      "source_original": "부채및자본총계"
    },
    {
      "sn": "dis109167sent67938135",
      "source_original": "별첨 주석은 본 재무제표의 일부입니다."
    },
    {
      "sn": "dis109167sent67938136",
      "source_original": "손 익 계 산 서"
    },
    {
      "sn": "dis109167sent67938137",
      "source_original": "제23(당)기 : 2021년 1월 1일부터 2021년 12월 31일까지"
    },
    {
      "sn": "dis109167sent67938138",
      "source_original": "제22(전)기 : 2020년 1월 1일부터 2020년 12월 31일까지"
    },
    {
      "sn": "dis109167sent67938139",
      "source_original": "I.매출액"
    },
    {
      "sn": "dis109167sent67938140",
      "source_original": "1.상품매출"
    },
    {
      "sn": "dis109167sent67938141",
      "source_original": "2.기타수입"
    },
    {
      "sn": "dis109167sent67938142",
      "source_original": "II.매출원가"
    },
    {
      "sn": "dis109167sent67938143",
      "source_original": "상품매출원가"
    },
    {
      "sn": "dis109167sent67938144",
      "source_original": "1.기초상품재고액"
    },
    {
      "sn": "dis109167sent67938145",
      "source_original": "2.당기상품매입액"
    },
    {
      "sn": "dis109167sent67938146",
      "source_original": "3.타계정대체액"
    },
    {
      "sn": "dis109167sent67938147",
      "source_original": "4.관세환급금"
    },
    {
      "sn": "dis109167sent67938148",
      "source_original": "5.기말상품재고액"
    },
    {
      "sn": "dis109167sent67938149",
      "source_original": "III.매출총이익"
    },
    {
      "sn": "dis109167sent67938150",
      "source_original": "IV.판매비와관리비"
    },
    {
      "sn": "dis109167sent67938151",
      "source_original": "1.급여"
    },
    {
      "sn": "dis109167sent67938152",
      "source_original": "2.퇴직급여"
    },
    {
      "sn": "dis109167sent67938153",
      "source_original": "3.복리후생비"
    },
    {
      "sn": "dis109167sent67938154",
      "source_original": "4.여비교통비"
    },
    {
      "sn": "dis109167sent67938155",
      "source_original": "5.접대비"
    },
    {
      "sn": "dis109167sent67938156",
      "source_original": "6.통신비"
    },
    {
      "sn": "dis109167sent67938157",
      "source_original": "7.세금과공과"
    },
    {
      "sn": "dis109167sent67938158",
      "source_original": "8.감가상각비"
    },
    {
      "sn": "dis109167sent67938159",
      "source_original": "9.무형자산상각비"
    },
    {
      "sn": "dis109167sent67938160",
      "source_original": "10.지급임차료"
    },
    {
      "sn": "dis109167sent67938161",
      "source_original": "11.수도광열비"
    },
    {
      "sn": "dis109167sent67938162",
      "source_original": "12.전력비"
    },
    {
      "sn": "dis109167sent67938163",
      "source_original": "13.보험료"
    },
    {
      "sn": "dis109167sent67938164",
      "source_original": "14.차량유지비"
    },
    {
      "sn": "dis109167sent67938165",
      "source_original": "15.운반비"
    },
    {
      "sn": "dis109167sent67938166",
      "source_original": "16.교육훈련비"
    },
    {
      "sn": "dis109167sent67938167",
      "source_original": "17.도서인쇄비"
    },
    {
      "sn": "dis109167sent67938168",
      "source_original": "18.소모품비"
    },
    {
      "sn": "dis109167sent67938169",
      "source_original": "19.지급수수료"
    },
    {
      "sn": "dis109167sent67938170",
      "source_original": "20.광고선전비"
    },
    {
      "sn": "dis109167sent67938171",
      "source_original": "21.대손상각비"
    },
    {
      "sn": "dis109167sent67938172",
      "source_original": "22.리스료"
    },
    {
      "sn": "dis109167sent67938173",
      "source_original": "V.영업이익"
    },
    {
      "sn": "dis109167sent67938174",
      "source_original": "VI.영업외수익"
    },
    {
      "sn": "dis109167sent67938175",
      "source_original": "1.이자수익"
    },
    {
      "sn": "dis109167sent67938176",
      "source_original": "2.외환차익"
    },
    {
      "sn": "dis109167sent67938177",
      "source_original": "3.외화환산이익"
    },
    {
      "sn": "dis109167sent67938178",
      "source_original": "4.통화옵션거래이익"
    },
    {
      "sn": "dis109167sent67938179",
      "source_original": "5.기타영업외수익"
    },
    {
      "sn": "dis109167sent67938180",
      "source_original": "VII.영업외비용"
    },
    {
      "sn": "dis109167sent67938181",
      "source_original": "1.이자비용"
    },
    {
      "sn": "dis109167sent67938182",
      "source_original": "2.외환차손"
    },
    {
      "sn": "dis109167sent67938183",
      "source_original": "3.외화환산손실"
    },
    {
      "sn": "dis109167sent67938184",
      "source_original": "4.재고자산감모손실"
    },
    {
      "sn": "dis109167sent67938185",
      "source_original": "5.매출채권처분손실"
    },
    {
      "sn": "dis109167sent67938186",
      "source_original": "6.유형자산처분손실"
    },
    {
      "sn": "dis109167sent67938187",
      "source_original": "7.통화옵션거래손실"
    },
    {
      "sn": "dis109167sent67938188",
      "source_original": "8.기타영업외비용"
    },
    {
      "sn": "dis109167sent67938189",
      "source_original": "VIII.법인세비용차감전순이익(손실)"
    },
    {
      "sn": "dis109167sent67938190",
      "source_original": "XI.법인세등"
    },
    {
      "sn": "dis109167sent67938191",
      "source_original": "X.당기순이익(손실)"
    },
    {
      "sn": "dis109167sent67938192",
      "source_original": "XI.주당손익"
    },
    {
      "sn": "dis109167sent67938193",
      "source_original": "기본주당순이익(손실)"
    },
    {
      "sn": "dis109167sent67938194",
      "source_original": "자 본 변 동 표"
    },
    {
      "sn": "dis109167sent67938195",
      "source_original": "자 본 금"
    },
    {
      "sn": "dis109167sent67938196",
      "source_original": "이 익"
    },
    {
      "sn": "dis109167sent67938197",
      "source_original": "잉여금"
    },
    {
      "sn": "dis109167sent67938198",
      "source_original": "총 계"
    },
    {
      "sn": "dis109167sent67938199",
      "source_original": "2020년 1월 1일(전기초)"
    },
    {
      "sn": "dis109167sent67938200",
      "source_original": "연차배당"
    },
    {
      "sn": "dis109167sent67938201",
      "source_original": "당기순이익"
    },
    {
      "sn": "dis109167sent67938202",
      "source_original": "2020년 12월 31일(전기말)"
    },
    {
      "sn": "dis109167sent67938203",
      "source_original": "2021년 1월 1일(당기초)"
    },
    {
      "sn": "dis109167sent67938204",
      "source_original": "2021년 12월 31일(당기말)"
    },
    {
      "sn": "dis109167sent67938205",
      "source_original": "현 금 흐 름 표"
    },
    {
      "sn": "dis109167sent67938206",
      "source_original": "I. 영업활동으로 인한 현금흐름"
    },
    {
      "sn": "dis109167sent67938207",
      "source_original": "1. 당기순이익(손실)"
    },
    {
      "sn": "dis109167sent67938208",
      "source_original": "2. 현금의 유출이 없는 비용 등의 가산"
    },
    {
      "sn": "dis109167sent67938209",
      "source_original": "퇴직급여"
    },
    {
      "sn": "dis109167sent67938210",
      "source_original": "감가상각비"
    },
    {
      "sn": "dis109167sent67938211",
      "source_original": "대손상각비"
    },
    {
      "sn": "dis109167sent67938212",
      "source_original": "매출채권처분손실"
    },
    {
      "sn": "dis109167sent67938213",
      "source_original": "유형자산처분손실"
    },
    {
      "sn": "dis109167sent67938214",
      "source_original": "재고자산감모손실"
    },
    {
      "sn": "dis109167sent67938215",
      "source_original": "외화환산손실"
    },
    {
      "sn": "dis109167sent67938216",
      "source_original": "3. 현금의 유입이 없는 수익 등의 차감"
    },
    {
      "sn": "dis109167sent67938217",
      "source_original": "외화환산이익"
    },
    {
      "sn": "dis109167sent67938218",
      "source_original": "4. 영업활동으로 인한 자산부채의 변동"
    },
    {
      "sn": "dis109167sent67938219",
      "source_original": "매출채권의 감소(증가)"
    },
    {
      "sn": "dis109167sent67938220",
      "source_original": "미수금의 감소(증가)"
    },
    {
      "sn": "dis109167sent67938221",
      "source_original": "미수수익의 감소(증가)"
    },
    {
      "sn": "dis109167sent67938222",
      "source_original": "선급금의 감소(증가)"
    },
    {
      "sn": "dis109167sent67938223",
      "source_original": "선급비용의 감소(증가)"
    },
    {
      "sn": "dis109167sent67938224",
      "source_original": "재고자산의 감소(증가)"
    },
    {
      "sn": "dis109167sent67938225",
      "source_original": "매입채무의 증가(감소)"
    },
    {
      "sn": "dis109167sent67938226",
      "source_original": "미지급금의 증가(감소)"
    },
    {
      "sn": "dis109167sent67938227",
      "source_original": "예수금의 증가(감소)"
    },
    {
      "sn": "dis109167sent67938228",
      "source_original": "선수금의 증가(감소)"
    },
    {
      "sn": "dis109167sent67938229",
      "source_original": "미지급비용의 증가(감소)"
    },
    {
      "sn": "dis109167sent67938230",
      "source_original": "퇴직금의 지급"
    },
    {
      "sn": "dis109167sent67938231",
      "source_original": "퇴직연금운용자산의 증가(감소)"
    },
    {
      "sn": "dis109167sent67938232",
      "source_original": "II. 투자활동으로 인한 현금흐름"
    },
    {
      "sn": "dis109167sent67938233",
      "source_original": "1. 투자활동으로 인한 현금유입액"
    },
    {
      "sn": "dis109167sent67938234",
      "source_original": "단기금융상품의 감소"
    },
    {
      "sn": "dis109167sent67938235",
      "source_original": "기타보증금의 감소"
    },
    {
      "sn": "dis109167sent67938236",
      "source_original": "2. 투자활동으로 인한 현금유출액"
    },
    {
      "sn": "dis109167sent67938237",
      "source_original": "단기금융상품의 증가"
    },
    {
      "sn": "dis109167sent67938238",
      "source_original": "유형자산의 취득"
    },
    {
      "sn": "dis109167sent67938239",
      "source_original": "기타보증금의 증가"
    },
    {
      "sn": "dis109167sent67938240",
      "source_original": "III. 재무활동으로 인한 현금흐름"
    },
    {
      "sn": "dis109167sent67938241",
      "source_original": "1. 재무활동으로 인한 현금유입액"
    },
    {
      "sn": "dis109167sent67938242",
      "source_original": "단기차입금의 차입"
    },
    {
      "sn": "dis109167sent67938243",
      "source_original": "2. 재무활동으로 인한 현금유출액"
    },
    {
      "sn": "dis109167sent67938244",
      "source_original": "단기차입금의 상환"
    },
    {
      "sn": "dis109167sent67938245",
      "source_original": "유동성장기차입금의 상환"
    },
    {
      "sn": "dis109167sent67938246",
      "source_original": "배당금의 지급"
    },
    {
      "sn": "dis109167sent67938247",
      "source_original": "IV. 현금의 증가"
    },
    {
      "sn": "dis109167sent67938248",
      "source_original": "V. 기초의 현금"
    },
    {
      "sn": "dis109167sent67938249",
      "source_original": "VI. 기말의 현금"
    },
    {
      "sn": "dis109167sent67938250",
      "source_original": "주석"
    },
    {
      "sn": "dis109167sent67938251",
      "source_original": "1. 일반사항"
    },
    {
      "sn": "dis109167sent67938252",
      "source_original": "주식회사 버드켐(이하 \"당사\" 라 함)은 1999년 11월 4일 설립되어 수입 화공약품 도매업을 주요 영업으로 하고 있습니다."
    },
    {
      "sn": "dis109167sent67938253",
      "source_original": "당사는 비상장법인으로설립 후 증자를 거쳐 당기말 현재 자본금은 300,000천원입니다."
    },
    {
      "sn": "dis109167sent67938254",
      "source_original": "당기 보고기간종료일 현재 주요 주주현황은 다음과 같습니다."
    },
    {
      "sn": "dis109167sent67938255",
      "source_original": "주 주 명"
    },
    {
      "sn": "dis109167sent67938256",
      "source_original": "주 식 수"
    },
    {
      "sn": "dis109167sent67938257",
      "source_original": "지 분 율"
    },
    {
      "sn": "dis109167sent67938258",
      "source_original": "김 형 섭"
    },
    {
      "sn": "dis109167sent67938259",
      "source_original": "김 춘 미"
    },
    {
      "sn": "dis109167sent67938260",
      "source_original": "기 타"
    },
    {
      "sn": "dis109167sent67938261",
      "source_original": "합 계"
    },
    {
      "sn": "dis109167sent67938262",
      "source_original": "2. 재무제표 작성기준"
    },
    {
      "sn": "dis109167sent67938263",
      "source_original": "(1) 회계기준의 적용"
    },
    {
      "sn": "dis109167sent67938264",
      "source_original": "당사는 일반기업회계기준에 따라 재무제표를 작성하였습니다."
    },
    {
      "sn": "dis109167sent67938265",
      "source_original": "(2) 측정기준"
    },
    {
      "sn": "dis109167sent67938266",
      "source_original": "재무제표는 아래에서 열거하고 있는 재무상태표의 주요 항목을 제외하고는 역사적원가를 기준으로 작성되었습니다."
    },
    {
      "sn": "dis109167sent67938267",
      "source_original": "- 공정가치로 측정되는 파생상품"
    },
    {
      "sn": "dis109167sent67938268",
      "source_original": "- 공정가치로 측정되는 단기매매증권 및 당기손익인식지정항목"
    },
    {
      "sn": "dis109167sent67938269",
      "source_original": "- 공정가치로 측정되는 매도가능증권"
    },
    {
      "sn": "dis109167sent67938270",
      "source_original": "(3) 추정과 판단"
    },
    {
      "sn": "dis109167sent67938271",
      "source_original": "일반기업회계기준에서는 재무제표를 작성함에 있어서 회계정책의 적용이나, 보고기간종료일 현재 자산, 부채 및 수익, 비용의 보고금액에 영향을 미치는 사항에 대하여 경영진의 최선의 판단을 기준으로 한 추정치와 가정의 사용을 요구하고 있습니다."
    },
    {
      "sn": "dis109167sent67938272",
      "source_original": "보고기간종료일 현재 경영진의 최선의 판단을 기준으로 한 추정치와 가정이 실제 환경과 다를 경우 이러한 추정치와 실제 결과는 다를 수 있습니다."
    },
    {
      "sn": "dis109167sent67938273",
      "source_original": "3. 유의적 회계정책"
    },
    {
      "sn": "dis109167sent67938274",
      "source_original": "당사의 재무제표는 일반기업회계기준에 따라 작성되었으"
    },
    {
      "sn": "dis109167sent67938275",
      "source_original": "며,"
    },
    {
      "sn": "dis109167sent67938276",
      "source_original": "2021년"
    },
    {
      "sn": "dis109167sent67938277",
      "source_original": "1월 1일 이후 최초로 시작하는 회계연도부터 적용되는 다음의 개정 기준서를 신규로 적용한 것을 제외하고는 전기재무제표 작성시 채택한 회계정책과 동일하게 적용되었"
    },
    {
      "sn": "dis109167sent67938278",
      "source_original": "습니다."
    },
    {
      "sn": "dis109167sent67938279",
      "source_original": "일반기업회계기준 제25장 '특수관계자 공시' (개정"
    },
    {
      "sn": "dis109167sent67938280",
      "source_original": "개"
    },
    {
      "sn": "dis109167sent67938281",
      "source_original": "정된 기준은 주요 경영진 보상에 관한 공시 규정을 수정하여 주요 경영진 보상 총액과 분류별 금액에 관한 공시 모두가 생략 범위에 포함됨을 명확히 하"
    },
    {
      "sn": "dis109167sent67938282",
      "source_original": "였습니다."
    },
    {
      "sn": "dis109167sent67938283",
      "source_original": "동 개정이 재"
    },
    {
      "sn": "dis109167sent67938284",
      "source_original": "무제표에 미치는 중요한 영향은 없습니다."
    },
    {
      "sn": "dis109167sent67938285",
      "source_original": "- 일반기업회계기준 제29장 '중간재무제표' (개정)"
    },
    {
      "sn": "dis109167sent67938286",
      "source_original": "개정된 기준은 직전 연도의 동일 중간기간에 대한 현금흐름표나 자본변동표가 작성되지 않은 경우에도 손익계산서와 마찬가지로 비교 표시 면제 규정을 적용할 수 있음을 명확히 하"
    },
    {
      "sn": "dis109167sent67938287",
      "source_original": "일반기업회계기준 제31장 '중소기업 회계처리 특례' (개정)"
    },
    {
      "sn": "dis109167sent67938288",
      "source_original": "개정된 기준은 시장성이 없는 지분증권은 취득원가에서 손상차손누계액을 차감한 금액으로 측정할 수 있으며, 관계기업이나 공동지배기업에 지분법을 적용하지 않을 경우 취득원가에서 손상차손누계액을 차감한 금액과 공정가치 중 하"
    },
    {
      "sn": "dis109167sent67938289",
      "source_original": "나로 측정함을 명확히 하였습니다."
    },
    {
      "sn": "dis109167sent67938290",
      "source_original": "동 개정이 재무제표에 미치는 중요한 영향은 없습니다."
    },
    {
      "sn": "dis109167sent67938291",
      "source_original": "회사의 중요한 회계처리방침은 다음과 같습니다."
    },
    {
      "sn": "dis109167sent67938292",
      "source_original": "(1) 수익인식기준"
    },
    {
      "sn": "dis109167sent67938293",
      "source_original": "당사는 제품 및 상품 매출에 대하여 재화의 소유에 따른 위험과 효익의 대부분이 이전된 인도시점에 수익으로 인식하고 있습니다."
    },
    {
      "sn": "dis109167sent67938294",
      "source_original": "기타의 수익에 대해서는 수익가득과정이 완료되고 수익금액을 신뢰성 있게 측정할 수 있으며 경제적 효익의 유입가능성이 매우 높을 경우에 인식하고 있습니다."
    },
    {
      "sn": "dis109167sent67938295",
      "source_original": "(2) 현금및현금성자산의 분류"
    },
    {
      "sn": "dis109167sent67938296",
      "source_original": "당사는 통화 및 타인발행수표 등 통화대용증권과 당좌예금, 보통예금 및 큰 거래비용없이 현금으로 전환이 용이하고 이자율변동에 따른 가치변동이 중요하지 않은 유가증권 및 단기금융상품으로서 취득 당시 만기(또는 상환일)가 3개월 이내에 도래하는 것을 현금및현금성자산으로 분류하고 있습니다."
    },
    {
      "sn": "dis109167sent67938297",
      "source_original": "(3) 재고자산의 평가방법과 재고조사방법"
    },
    {
      "sn": "dis109167sent67938298",
      "source_original": "당사는 모든 재고자산을"
    },
    {
      "sn": "dis109167sent67938299",
      "source_original": "선입선출법(미착품은 개별법)에"
    },
    {
      "sn": "dis109167sent67938300",
      "source_original": "의해 산정된 취득원가로 평가하고 있으며, 연중 계속기록법에 의하여 수량과 금액을 계산하고, 회계연도말의 실지재고조사에 의하여 수량 및 금액의 기록을 조정하고 있습니다."
    },
    {
      "sn": "dis109167sent67938301",
      "source_original": "재고자산의 취득원가는 매입원가 또는 제조원가에 취득에 직접적으로 관련되어 있으며 정상적으로 발생되는 기타원가를 포함하고 있으며 재고자산의 시가가 취득원가보다 하락한 경우에 발생한 평가손실 및 정상적으로 발생한 감모손실은 매출원가에 가산하고, 평가손실은 재고자산의 차감계정으로 표시하고 있습니다."
    },
    {
      "sn": "dis109167sent67938302",
      "source_original": "한편, 재고자산 평가손실을 초래했던 상황이 해소되어 새로운 시가가 장부금액보다 상승한 경우에는 최초의 장부금액을 초과하지 않는 범위 내에서 평가손실을 환입하고 매출원가에서 차감하고 있습니다."
    },
    {
      "sn": "dis109167sent67938303",
      "source_original": "(4) 단기금융상품"
    },
    {
      "sn": "dis109167sent67938304",
      "source_original": "단기금융상품은 단기적 자금운용목적으로 소유하거나 기한이 1년 내에 도래하는 금융기관의 정기예금, 정기적금을 말하며 장기금융상품에 속하지 아니하는 금융상품을말합니다."
    },
    {
      "sn": "dis109167sent67938305",
      "source_original": "(5) 대손충당금"
    },
    {
      "sn": "dis109167sent67938306",
      "source_original": "당사는 매출채권 등의 잔액에 대하여 회수가능성에 대한 개별분석과 과거의 대손경험율에 의하여 회수가능성이 없거나 회수가 의문시 되는 대손추정액을 대손충당금으로 설정하고 있습니다."
    },
    {
      "sn": "dis109167sent67938307",
      "source_original": "또한, 당사는 회수가 불가능한 매출채권 등에 대하여는 해당 대손충당금과 매출채권 등을 상계처리하여 장부에서 제각하고 있습니다."
    },
    {
      "sn": "dis109167sent67938308",
      "source_original": "(6) 유가증권의 평가"
    },
    {
      "sn": "dis109167sent67938309",
      "source_original": "유가증권의 취득원가는 유가증권 취득을 위하여 제공한 대가의 시장가격(제공한 대가의 시장가격이 없는 경우에는 취득한 유가증권의 시장가격)에 취득부대비용을 포함한 가격으로 측정하고, 이에 이동평균법을 적용하여 취득목적과 성격에 따라 단기매매증권, 매도가능증권, 만기보유증권으로 분류하고 있는 바, 당사가 적용하고 있는유가증권의 평가방법은 다음과 같습니다."
    },
    {
      "sn": "dis109167sent67938310",
      "source_original": "1) 단기매매증권의 평가"
    },
    {
      "sn": "dis109167sent67938311",
      "source_original": "당사는 주로 단기간 내의 매매차익을 목적으로 매수와 매도가 적극적이고 빈번하게 이루어지는 유가증권(단기적인 이익을 획득할 목적으로 운용되는 것이 분명한 증권포트폴리오를 구성하는 유가증권 포함)을 단기매매증권으로 분류하고 있으며, 공정가액을 재무상태표가액으로 하고 미실현보유손익은 단기매매증권평가이익(또는 손실)의 과목으로 하여 기간손익으로 표시하고 있습니다."
    },
    {
      "sn": "dis109167sent67938312",
      "source_original": "2) 만기보유증권의 평가"
    },
    {
      "sn": "dis109167sent67938313",
      "source_original": "당사는 만기가 확정된 채무증권으로서 상환금액이 확정되었거나 확정이 가능한 채무증권을 만기까지 보유할 적극적인 의도와 능력이 있는 경우에는 투자자산인 만기보유증권으로 분류하고 있습니다."
    },
    {
      "sn": "dis109167sent67938314",
      "source_original": "다만, 재무상태표일로부터 1년 내에 만기가 도래하는 만기보유증권은 유동자산으로 분류하고 있습니다."
    },
    {
      "sn": "dis109167sent67938315",
      "source_original": "만기보유증권은 상각후취득원가로 평가하여 재무상태표에 표시하고 있으며, 상각후취득원가로 측정할 때에는 취득원가와 만기액면가액의 차이를 상환기간에 걸쳐 유효이자율법에 의하여 상각하여 취득원가와 이자수익에 가감하고 있습니다."
    },
    {
      "sn": "dis109167sent67938316",
      "source_original": "한편, 만기보유증권의 원리금을 계약상의 조건대로 회수하지 못할 가능성이 매우 높은 경우에는 회수가능가액과 상각후취득원가와의 차액을 만기보유증권손상차손의 과목으로 하여 기간손실로 처리하고, 손상차손 금액을 차감한 후의 회수가능가액을 재무상태표가액으로 표시하고 있습니다."
    },
    {
      "sn": "dis109167sent67938317",
      "source_original": "다만, 손상처리된 만기보유증권의 손상차손의 회복이 손상차손을 인식한 기간 후에 발생한 사건과 객관적으로 관련된 경우에는 당초에 손상차손을 인식하지 않았다면 회복일 현재의 상각후취득원가가 되었을 금액을 한도로 하여 회복된 금액을 만기보유증권손상차손환입의 과목으로 하여 기간이익으로 처리하고 있습니다."
    },
    {
      "sn": "dis109167sent67938318",
      "source_original": "3) 매도가능증권의 평가"
    },
    {
      "sn": "dis109167sent67938319",
      "source_original": "당사는 단기매매증권이나 만기보유증권으로 분류되지 아니하는 유가증권은 투자자산인 매도가능증권으로 분류하고 있습니다."
    },
    {
      "sn": "dis109167sent67938320",
      "source_original": "다만, 재무상태표일로부터 1년 내에 만기가 도래하거나 또는 매도 등에 의하여 처분할 것이 거의 확실한 매도가능증권은 유동자산으로 분류하고 있습니다."
    },
    {
      "sn": "dis109167sent67938321",
      "source_original": "매도가능증권은 공정가액을 재무상태표가액으로 하되, 시장성이 없는 지분증권의 공정가액을 신뢰성 있게 측정할 수 없는 경우에는 취득원가로 평가하고 있습니다."
    },
    {
      "sn": "dis109167sent67938322",
      "source_original": "매도가능증권의 공정가액평가로 인한 미실현보유손익은 매도가능증권평가이익(또는 손실)의 과목으로 하여 자본항목 중 기타포괄손익누계액으로 처리하고 있습니다."
    },
    {
      "sn": "dis109167sent67938323",
      "source_original": "한편, 매도가능증권의 손상차손 발생에 대한 객관적인 증거가 있으며 회수가능가액이 매도가능증권의 취득원가(채무증권은 상각후취득원가)보다 작은 경우에는 매도가능증권손상차손의 과목으로 하여 기간손실로 처리하고 있으며, 동 매도가능증권과 관련된 매도가능증권평가이익(또는 손실)은 매도가능증권손상차손에서 차감(또는 가산)하고 있습니다."
    },
    {
      "sn": "dis109167sent67938324",
      "source_original": "다만, 손상처리된 매도가능증권의 손상차손의 회복이 손상차손을 인식기간 후에 발생한 사건과 객관적으로 관련된 경우에는 이전에 인식하였던 손상차손금액을 한도로하여 회복된 금액을 매도가능증권손상차손환입의 과목으로 하여 기간이익으로 처리하고 있습니다."
    },
    {
      "sn": "dis109167sent67938325",
      "source_original": "4) 유가증권의 분류변경"
    },
    {
      "sn": "dis109167sent67938326",
      "source_original": "단기매매증권을 다른 유가증권과목으로 또는 다른 유가증권과목을 단기매매증권으로 분류변경할 수 없으나, 다만 드문상황에서 더 이상 단기간 내의 매매차익을 목적으로 보유하지 않는 단기매매증권은 매도가능증권이나 만기보유증권으로 분류할 수 있으며, 단기매매증권이 시장성을 상실한 경우에는 매도가능증권으로 분류하고 있습니다."
    },
    {
      "sn": "dis109167sent67938327",
      "source_original": "단기매매증권을 매도가능증권이나 만기보유증권으로 분류변경하는 경우에는 분류변경일 현재의 공정가액(최종시장가격)을 새로운 취득원가로 보며, 분류변경일까지의 미실현보유손익은 당기손익으로 인식하고 있습니다."
    },
    {
      "sn": "dis109167sent67938328",
      "source_original": "(7) 유형자산의 평가 및 감가상각방법"
    },
    {
      "sn": "dis109167sent67938329",
      "source_original": "당사는 유형자산을 최초에는 취득원가(구입원가 또는 제작원가에 당해 유형자산을 사용할 수 있도록 준비하는데 직접 관련되는 지출을 합한 금액)로 측정하며, 현물출자, 증여, 기타 무상으로 취득한 유형자산은 공정가액을 취득원가로 하고 있습니다."
    },
    {
      "sn": "dis109167sent67938330",
      "source_original": "또한, 당사는 유형자산의 취득 또는 완성 후의 지출이 가장 최근에 평가된 성능수준을 초과하여 미래 경제적 효익을 증가시키는 지출은 자본적 지출로, 당해 자산의 원상을 회복시키거나 능률유지를 위한 지출은 수익적 지출로 처리하고 있습니다."
    },
    {
      "sn": "dis109167sent67938331",
      "source_original": "한편, 당사는 자산의 제조, 매입, 건설 또는 개발과 관련한 금융비용을 기간비용으로 회계처리하는 방침인 바, 이에 따라 당해 유형자산의 취득원가에 산입한 금융비용은 없습니다."
    },
    {
      "sn": "dis109167sent67938332",
      "source_original": "유형자산의 감가상각은 경제적 효익이 발생하는 기간에 걸쳐 정률법(건물은 정액법)으로 계산하고 있으며, 당사가 적용하고 있는 자산별 내용연수는 다음과 같습니다."
    },
    {
      "sn": "dis109167sent67938333",
      "source_original": "구 분"
    },
    {
      "sn": "dis109167sent67938334",
      "source_original": "내 용 연 수"
    },
    {
      "sn": "dis109167sent67938335",
      "source_original": "건 물"
    },
    {
      "sn": "dis109167sent67938336",
      "source_original": "40년"
    },
    {
      "sn": "dis109167sent67938337",
      "source_original": "기 계 장 치"
    },
    {
      "sn": "dis109167sent67938338",
      "source_original": "8년"
    },
    {
      "sn": "dis109167sent67938339",
      "source_original": "공구와기구"
    },
    {
      "sn": "dis109167sent67938340",
      "source_original": "차량운반구"
    },
    {
      "sn": "dis109167sent67938341",
      "source_original": "5년"
    },
    {
      "sn": "dis109167sent67938342",
      "source_original": "비 품"
    },
    {
      "sn": "dis109167sent67938343",
      "source_original": "시 설 장 치"
    },
    {
      "sn": "dis109167sent67938344",
      "source_original": "(8) 무형자산"
    },
    {
      "sn": "dis109167sent67938345",
      "source_original": "무형자산은 소프트웨어 등 취득가액으로 5년간 정액법을 적용하여 상각하고 있습니다."
    },
    {
      "sn": "dis109167sent67938346",
      "source_original": "(9) 리스거래의 회계처리"
    },
    {
      "sn": "dis109167sent67938347",
      "source_original": "당사는 리스기간 동안 ① 리스기간 종료시 또는 그 이전에 리스자산의 소유권을 당사에 이전하기로 약정한 경우, ② 계약종료시 리스자산의 염가구매 선택권이 부과된 경우, ③ 리스기간이 리스자산의 내용년수의 75% 이상인 경우, 또는 ④ 리스실행일 현재 기본리스료를 내재이자율로 할인한 현재가치가 리스자산의 공정가액의 90% 이상인 경우 등 리스자산의 소유에 따른 위험과 효익이 실질적으로 당사에 이전되는 리스거래를 금융리스로, 기타의 리스거래를 운용리스로 처리하고 있습니다."
    },
    {
      "sn": "dis109167sent67938348",
      "source_original": "한편, 당사는 운용리스에 대해서는 보증잔존가치를 제외한 최소리스료를 리스기간에걸쳐 균등하게 배분한 금액을 비용으로 인식하고 있으며, 운용리스 관련 조정리스료는 동 리스료가 발생한 기간의 비용으로 처리하고 있습니다."
    },
    {
      "sn": "dis109167sent67938349",
      "source_original": "금융리스에 대해서는 리스실행일에 최소리스료를 리스제공자의 내재이자율(만약 이를 알 수 없다면 당사의 증분차입이자율)로 할인한 현재가치와 리스자산의 공정가치 중 작은 금액을 금융리스자산과 금융리스부채로 각각 인식하고 있으며, 또한 당사가 지급한 리스개설직접원가는 금융리스자산으로 인식될 금액에 포함하고 있습니다."
    },
    {
      "sn": "dis109167sent67938350",
      "source_original": "금융리스자산의 감가상각은 당사가 소유한 다른 유사자산의 감가상각과 일관성 있게 회계처리하고 있으며, 보증잔존가치를 제외한 매기의 최소리스료는 이자비용과 금융리스부채의 상환액으로 배분하며 이자비용은 유효이자율법으로 계산하고 있습니다."
    },
    {
      "sn": "dis109167sent67938351",
      "source_original": "금융리스 관련 조정리스료는 동 리스료가 발생한 기간의 비용으로 처리하고 있으나, 다만 그 금액이유의적인 경우에는 잔여리스기간에 걸쳐 원금 및 이자부분으로 구분하여 처리하고 있습니다."
    },
    {
      "sn": "dis109167sent67938352",
      "source_original": "(10) 자산손상차손"
    },
    {
      "sn": "dis109167sent67938353",
      "source_original": "당사는 금융자산, 재고자산, 건설형 공사계약에서 발생한 자산, 이연법인세자산, 생물자산 및 중단사업에 속하는 자산을 제외한 당사의 모든 자산에 대하여 매 보고기간말마다 자산손상을 시사하는 징후가 있는지 검토하고 있습니다."
    },
    {
      "sn": "dis109167sent67938354",
      "source_original": "만약 그러한 징후가있다면 당해 자산의 회수가능액을 추정하고 있으며 자산의 회수가능액이 장부금액에중요하게 미달하게 되는 경우에는 장부금액을 회수가능액으로 조정하고 그 차액을 손상차손으로 처리하고 있습니다."
    },
    {
      "sn": "dis109167sent67938355",
      "source_original": "다만, 유형자산의 경우에는 유형자산의 손상징후가 있다고 판단되고 당해 유형자산(개별 자산 또는 유형자산만으로 구성된 현금창출단위 포함)의 사용 및 처분으로부터 기대되는 미래의 현금흐름총액의 추정액이 장부금액에 미달하는 경우에 장부금액을 회수가능액으로 조정하고 그 차액을 손상차손으로 처리하고 있습니다."
    },
    {
      "sn": "dis109167sent67938356",
      "source_original": "또한, 아직 사용가능하지 않은 무형자산과 사용을 중지하고 처분을 위해 보유하는자산에 대해서는 자산손상을 시사하는 징후와 관계없이 매 보고기간말에 회수가능액을추정하고 있습니다."
    },
    {
      "sn": "dis109167sent67938357",
      "source_original": "당사는 개별 자산별로 회수가능액을 추정하고 있으며 만약 개별 자산의 회수가능액을 추정할 수 없다면 그 자산이 속한 현금창출단위(다른 자산이나 자산집단에서의 현금유입과는 거의 독립적인 현금유입을 창출하는 식별가능한 최소자산집단)로 회수가능액을 결정하고 있습니다."
    },
    {
      "sn": "dis109167sent67938358",
      "source_original": "현금창출단위의 회수가능액이 장부금액에 미달하는 경우에는 손상차손을 인식하며 손상차손은 우선적으로 현금창출단위(또는 현금창출단위집단)에 배분된 영업권의 장부금액을 감소시키는데 배분되고 그 다음 현금창출단위(또는 현금창출단위집단)에 속하는 다른 자산에 각각 장부금액에 비례하여 배분하며, 이러한 경우 개별 자산의 장부금액은 순공정가치, 사용가치 또는 영(0) 중 가장 큰 금액 이하로 감소할 수 없습니다."
    },
    {
      "sn": "dis109167sent67938359",
      "source_original": "영업권에 대해 인식한 손상차손은 후속기간에 환입할 수 없으며 매 보고일에 영업권을 제외한 자산에 대해 과거기간에 인식한 손상차손이 더 이상 존재하지 않거나 감소된 것을 시사하는 징후가 있는지 검토하고 직전 손상차손의 인식시점 이후 회수가능액을 결정하는 데 사용된 추정치에 변화가 있는 경우 환입하고 있습니다."
    },
    {
      "sn": "dis109167sent67938360",
      "source_original": "영업권을 제외한 자산의 손상차손환입으로 증가된 장부금액은 과거에 손상차손을 인식하기 전장부금액의 감가상각 또는 상각 후 잔액을 초과할 수 없으며 즉시 당기손익으로 인식하고 있습니다."
    },
    {
      "sn": "dis109167sent67938361",
      "source_original": "(11) 국고보조금"
    },
    {
      "sn": "dis109167sent67938362",
      "source_original": "당사는 정부기관 등으로부터 수령한 국고보조금 중 상환의무가 있는 부분은 부채로 계상하며, 상환의무가 없는 부분은 보조금을 교부한 목적에 따라 자산취득에 사용될 국고보조금을 받는 경우에는 관련 자산을 취득하기 전까지 받은 자산 또는 받은 자산을 일시적으로 운용하기 위하여 취득하는 다른 자산의 차감계정으로 회계처리하고, 관련 자산을 취득하는 시점에서 관련자산의 차감계정으로 회계처리하고 있습니다."
    },
    {
      "sn": "dis109167sent67938363",
      "source_original": "또한, 기타의 국고보조금은 대응되는 비용이 없는 경우에는 영업외수익으로 회계처리하고 특정의 비용을 보전할 목적으로 받는 국고보조금은 특정의 비용과 상계처리하고 있습니다."
    },
    {
      "sn": "dis109167sent67938364",
      "source_original": "(12) 퇴직급여충당부채"
    },
    {
      "sn": "dis109167sent67938365",
      "source_original": "당사는 임직원 퇴직금지급규정에 따라 재무상태표일 현재 1년 이상 근속한 전 임직원이 일시에 퇴직할 경우에 지급하여야 할 퇴직금 추계액을 퇴직급여충당부채로 설정하고 있습니다."
    },
    {
      "sn": "dis109167sent67938366",
      "source_original": "당사는 종업원에 대하여"
    },
    {
      "sn": "dis109167sent67938367",
      "source_original": "확정급여형퇴직연금제도와 확정기여형퇴직연금제도를 운용하고"
    },
    {
      "sn": "dis109167sent67938368",
      "source_original": "있으며, 확정급여형퇴직연금제도에서 운용되는 자산은 퇴직연금운용자산의 과목으로 하여 퇴직급여충당부채에서"
    },
    {
      "sn": "dis109167sent67938369",
      "source_original": "차감하는 형식으로 표시하며, 확정기여형 퇴직연금제도에서 운용되는 자산은 연금의 운용결과와 관계없이 확정된 부담금을 납부하며, 당해 회계기간에 납부하여야 할 부담금을 퇴직급여로 인식하고 있습니다."
    },
    {
      "sn": "dis109167sent67938370",
      "source_original": "(13) 충당부채와 우발부채"
    },
    {
      "sn": "dis109167sent67938371",
      "source_original": "당사는 지출의 시기 또는 금액이 불확실한 부채 중 과거사건이나 거래의 결과로 존재하는"
    },
    {
      "sn": "dis109167sent67938372",
      "source_original": "현재의무를 이행하기 위하여 자원이 유출될 가능성이 매우 높고, 그 의무의 이행에 소요되는 금액을 신뢰성 있게 추정할 수 있는 경우 충당부채로 계상하고 있습니다."
    },
    {
      "sn": "dis109167sent67938373",
      "source_original": "또한, 과거사건은 발생하였으나 불확실한 미래사건의 발생여부에 의해서 존재여부가확인되는 잠재적인 의무 또는 과거사건이나 거래의 결과로 발생한 현재의무이지만 자원이 유출될 가능성이 매우 높지 않거나"
    },
    {
      "sn": "dis109167sent67938374",
      "source_original": "당해 의무를 이행하여야 할 금액을 신뢰성있게 추정할 수 없는 경우 우발부채로 주석기재하고 있습니다"
    },
    {
      "sn": "dis109167sent67938375",
      "source_original": "(14) 외화자산 및 부채의 환산"
    },
    {
      "sn": "dis109167sent67938376",
      "source_original": "당사는 화폐성 외화자산 및 부채는 보고기간 말 현재의 기준환율로 환산하고, 이에 따라 발생하는 환산차이는 당기손익에 반영하고 있습니다."
    },
    {
      "sn": "dis109167sent67938377",
      "source_original": "한편, 비화폐성 외화자산 및 부채는 당해 자산을 취득하거나 당해 부채를 부담한 당시의 적절한 환율로 환산한가액을 대차대조표 가액으로 하고 있습니다."
    },
    {
      "sn": "dis109167sent67938378",
      "source_original": "(15) 추정의 사용"
    },
    {
      "sn": "dis109167sent67938379",
      "source_original": "한국의 일반기업회계기준에 따라 재무제표를 작성하기 위해서 당사는 자산 및 부채의 금액, 충당부채 등에 대한 공시, 수익 및 비용의 측정과 관련하여 많은 합리적인 추정과 가정을 사용합니다."
    },
    {
      "sn": "dis109167sent67938380",
      "source_original": "여기에는 유형자산의 장부금액, 매출채권에 대한 평가 등이 포함됩니다."
    },
    {
      "sn": "dis109167sent67938381",
      "source_original": "이러한 평가금액은 실제와 다를 수 있으며 차기에 유의적으로 조정될 가능성이 있습니다."
    },
    {
      "sn": "dis109167sent67938382",
      "source_original": "(16) 중소기업의 회계처리에 대한 특례의 적용"
    },
    {
      "sn": "dis109167sent67938383",
      "source_original": "당사는 중소기업기본법에 의한 중소기업으로서 일반기업회계기준 제31장에 따라 중소기업의 회계처리특례를 적용하고 있으며, 그 내용은 다음과 같습니다."
    },
    {
      "sn": "dis109167sent67938384",
      "source_original": "1) 법인세비용은 법인세법 등의 법령에 의하여 납부할 금액을 법인세비용으로 계상하고법인세등의 과목으로 표시하고 있습니다."
    },
    {
      "sn": "dis109167sent67938385",
      "source_original": "2) 장기연불조건의 매매거래 및 장기금전대차거래 등에서 발생하는 채권ㆍ채무는 명목가액을 재무상태표가액으로 하고 있습니다."
    },
    {
      "sn": "dis109167sent67938386",
      "source_original": "3) 유형자산과 무형자산의 내용연수 및 잔존가치는 법인세법 등의 법령에 따랐습니다."
    },
    {
      "sn": "dis109167sent67938387",
      "source_original": "4) 정형화된 시장에서 거래되지 않아 시가가 없는 파생상품에 대하여는 계약시점 후 평가에 관한 회계처리를 하지 아니합니다."
    },
    {
      "sn": "dis109167sent67938388",
      "source_original": "(17) 기본주당이익"
    },
    {
      "sn": "dis109167sent67938389",
      "source_original": "당사는 보통주에 귀속되는 회계기간의 당기순이익에 대하여 그 기간에 유통된 보통주식수를 가중평균한 주식수로 나누어 기본주당이익을 계산하고 손익계산서에 표시하고 있습니다."
    },
    {
      "sn": "dis109167sent67938390",
      "source_original": "4. 중요한 판단과 추정"
    },
    {
      "sn": "dis109167sent67938391",
      "source_original": "당사의 경영자는 재무제표 작성시 보고일 현재 수익, 비용, 자산 및 부채에 대한 장부금액과 우발부채에 대한 주석공시사항에 영향을 미칠 수 있는 판단, 추정 및 가정을 하여야 합니다."
    },
    {
      "sn": "dis109167sent67938392",
      "source_original": "그러나 이러한 추정 및 가정의 불확실성은 향후 영향을 받을 자산 및 부채의 장부금액에 중요한 조정을 유발할 수 있습니다."
    },
    {
      "sn": "dis109167sent67938393",
      "source_original": "5. 사용이 제한된 예금"
    },
    {
      "sn": "dis109167sent67938394",
      "source_original": "당기말 현재 당사의 사용이 제한된 예금 등의 내역은 다음과 같습니다."
    },
    {
      "sn": "dis109167sent67938395",
      "source_original": "(단위: 원)"
    },
    {
      "sn": "dis109167sent67938396",
      "source_original": "종 류"
    },
    {
      "sn": "dis109167sent67938397",
      "source_original": "금융기관"
    },
    {
      "sn": "dis109167sent67938398",
      "source_original": "당기말"
    },
    {
      "sn": "dis109167sent67938399",
      "source_original": "제한내역"
    },
    {
      "sn": "dis109167sent67938400",
      "source_original": "단기금융상품"
    },
    {
      "sn": "dis109167sent67938401",
      "source_original": "우리은행"
    },
    {
      "sn": "dis109167sent67938402",
      "source_original": "채무담보 질권설정"
    },
    {
      "sn": "dis109167sent67938403",
      "source_original": "신한은행"
    },
    {
      "sn": "dis109167sent67938404",
      "source_original": "한국SC은행"
    },
    {
      "sn": "dis109167sent67938405",
      "source_original": "6. 매도가능증권"
    },
    {
      "sn": "dis109167sent67938406",
      "source_original": "보고기간종료일 현재 매도가능증권의 내역은 다음과 같습니다."
    },
    {
      "sn": "dis109167sent67938407",
      "source_original": "전기말"
    },
    {
      "sn": "dis109167sent67938408",
      "source_original": "지분증권(주1)"
    },
    {
      "sn": "dis109167sent67938409",
      "source_original": "(주1) 시장성 없는 지분증권 중 공정가액을 신뢰성 있게 측정할 수 없는 항목은 취득원가로 평가하였습니다."
    },
    {
      "sn": "dis109167sent67938410",
      "source_original": "7. 유형자산"
    },
    {
      "sn": "dis109167sent67938411",
      "source_original": "(1) 당사의 유형자산의 장부금액 변동내용은 다음과 같습니다."
    },
    {
      "sn": "dis109167sent67938412",
      "source_original": "(당 기) (단위: 원)"
    },
    {
      "sn": "dis109167sent67938413",
      "source_original": "기 초"
    },
    {
      "sn": "dis109167sent67938414",
      "source_original": "취 득"
    },
    {
      "sn": "dis109167sent67938415",
      "source_original": "처 분"
    },
    {
      "sn": "dis109167sent67938416",
      "source_original": "기 말"
    },
    {
      "sn": "dis109167sent67938417",
      "source_original": "토지"
    },
    {
      "sn": "dis109167sent67938418",
      "source_original": "건물"
    },
    {
      "sn": "dis109167sent67938419",
      "source_original": "비품"
    },
    {
      "sn": "dis109167sent67938420",
      "source_original": "시설장치"
    },
    {
      "sn": "dis109167sent67938421",
      "source_original": "(전 기) (단위: 원)"
    },
    {
      "sn": "dis109167sent67938422",
      "source_original": "(2) 당기말 현재 당사가 보유하고 있는 토지의"
    },
    {
      "sn": "dis109167sent67938423",
      "source_original": "공시지가는"
    },
    {
      "sn": "dis109167sent67938424",
      "source_original": "천원 (전기말: 2,232,720천원)입니다."
    },
    {
      "sn": "dis109167sent67938425",
      "source_original": "(3) 보험가입자산"
    },
    {
      "sn": "dis109167sent67938426",
      "source_original": "당기말 현재 당사가 보험에 가입한 자산의 내역은 다음과 같습니다."
    },
    {
      "sn": "dis109167sent67938427",
      "source_original": "보험종류"
    },
    {
      "sn": "dis109167sent67938428",
      "source_original": "가입자산"
    },
    {
      "sn": "dis109167sent67938429",
      "source_original": "장부금액"
    },
    {
      "sn": "dis109167sent67938430",
      "source_original": "부 보 액"
    },
    {
      "sn": "dis109167sent67938431",
      "source_original": "보험회사"
    },
    {
      "sn": "dis109167sent67938432",
      "source_original": "화재보험"
    },
    {
      "sn": "dis109167sent67938433",
      "source_original": "DB손해보험"
    },
    {
      "sn": "dis109167sent67938434",
      "source_original": "재고"
    },
    {
      "sn": "dis109167sent67938435",
      "source_original": "현대해상화재"
    },
    {
      "sn": "dis109167sent67938436",
      "source_original": "(4) 담보제공자산"
    },
    {
      "sn": "dis109167sent67938437",
      "source_original": "당사는"
    },
    {
      "sn": "dis109167sent67938438",
      "source_original": "차입금 한도 약정"
    },
    {
      "sn": "dis109167sent67938439",
      "source_original": "등과 관련하여 상기 토지와 건물 중 일부를"
    },
    {
      "sn": "dis109167sent67938440",
      "source_original": "담보("
    },
    {
      "sn": "dis109167sent67938441",
      "source_original": "채권최고액"
    },
    {
      "sn": "dis109167sent67938442",
      "source_original": "국민은행"
    },
    {
      "sn": "dis109167sent67938443",
      "source_original": "천원, 우"
    },
    {
      "sn": "dis109167sent67938444",
      "source_original": "리은행 1,200,000천원)로"
    },
    {
      "sn": "dis109167sent67938445",
      "source_original": "제공하고 있습니다."
    },
    {
      "sn": "dis109167sent67938446",
      "source_original": "8. 무형자산"
    },
    {
      "sn": "dis109167sent67938447",
      "source_original": "당사의 무형자산의 장부금액 변동내역은 다음과 같습니다."
    },
    {
      "sn": "dis109167sent67938448",
      "source_original": "감 소"
    },
    {
      "sn": "dis109167sent67938449",
      "source_original": "상각비"
    },
    {
      "sn": "dis109167sent67938450",
      "source_original": "산업재산권"
    },
    {
      "sn": "dis109167sent67938451",
      "source_original": "소프트웨어"
    },
    {
      "sn": "dis109167sent67938452",
      "source_original": "9. 단기차입금"
    },
    {
      "sn": "dis109167sent67938453",
      "source_original": "(1) 당사의 당기말 현재 단기차입금 내용은 다음과 같습니다."
    },
    {
      "sn": "dis109167sent67938454",
      "source_original": "(단위: 원)"
    },
    {
      "sn": "dis109167sent67938455",
      "source_original": "차 입 종 류"
    },
    {
      "sn": "dis109167sent67938456",
      "source_original": "이자율"
    },
    {
      "sn": "dis109167sent67938457",
      "source_original": "금액"
    },
    {
      "sn": "dis109167sent67938458",
      "source_original": "최종상환일"
    },
    {
      "sn": "dis109167sent67938459",
      "source_original": "차 입 처"
    },
    {
      "sn": "dis109167sent67938460",
      "source_original": "일반자금대출"
    },
    {
      "sn": "dis109167sent67938461",
      "source_original": "농협은행"
    },
    {
      "sn": "dis109167sent67938462",
      "source_original": "합계"
    },
    {
      "sn": "dis109167sent67938463",
      "source_original": "(2) 당사의 전기말 현재 단기차입금 내용은 다음과 같습니다."
    },
    {
      "sn": "dis109167sent67938464",
      "source_original": "10. 장기차입금"
    },
    {
      "sn": "dis109167sent67938465",
      "source_original": "(1) 당사의 당기말 현재 장기차입금 내용은 다음과 같습니다."
    },
    {
      "sn": "dis109167sent67938466",
      "source_original": "시설자금대출"
    },
    {
      "sn": "dis109167sent67938467",
      "source_original": "운전자금대출"
    },
    {
      "sn": "dis109167sent67938468",
      "source_original": "중소기업은행"
    },
    {
      "sn": "dis109167sent67938469",
      "source_original": "유동성대체"
    },
    {
      "sn": "dis109167sent67938470",
      "source_original": "계"
    },
    {
      "sn": "dis109167sent67938471",
      "source_original": "(2) 당사의 전기말 현재 장기차입금 내용은 다음과 같습니다."
    },
    {
      "sn": "dis109167sent67938472",
      "source_original": "(3) 상기 장기차입금의 연도별 상환계획은 다음과 같습니다."
    },
    {
      "sn": "dis109167sent67938473",
      "source_original": "상 환 기 간"
    },
    {
      "sn": "dis109167sent67938474",
      "source_original": "장 기 차 입 금"
    },
    {
      "sn": "dis109167sent67938475",
      "source_original": "2023년"
    },
    {
      "sn": "dis109167sent67938476",
      "source_original": "2024년"
    },
    {
      "sn": "dis109167sent67938477",
      "source_original": "11. 퇴직급여"
    },
    {
      "sn": "dis109167sent67938478",
      "source_original": "(1) 확정기여형 퇴직연금"
    },
    {
      "sn": "dis109167sent67938479",
      "source_original": "당사는 확정기여형 퇴직연금에 가입된 임직원에 대하여 연금의 운용결과와 관계없이확정된 부담금을 납부하고 있으며, 당기 및 전기에 퇴직급여로 인식한 금액은"
    },
    {
      "sn": "dis109167sent67938480",
      "source_original": "각각"
    },
    {
      "sn": "dis109167sent67938481",
      "source_original": "200,085천"
    },
    {
      "sn": "dis109167sent67938482",
      "source_original": "원,"
    },
    {
      "sn": "dis109167sent67938483",
      "source_original": "168,231천"
    },
    {
      "sn": "dis109167sent67938484",
      "source_original": "원"
    },
    {
      "sn": "dis109167sent67938485",
      "source_original": "입니다."
    },
    {
      "sn": "dis109167sent67938486",
      "source_original": "(2) 확정급여형 퇴직연금"
    },
    {
      "sn": "dis109167sent67938487",
      "source_original": "1) 당기 및 전기 중 퇴직급여충당부채의 증감내용은 다음과 같습니다."
    },
    {
      "sn": "dis109167sent67938488",
      "source_original": "당 기"
    },
    {
      "sn": "dis109167sent67938489",
      "source_original": "전 기"
    },
    {
      "sn": "dis109167sent67938490",
      "source_original": "기초잔액"
    },
    {
      "sn": "dis109167sent67938491",
      "source_original": "퇴직급여설정액"
    },
    {
      "sn": "dis109167sent67938492",
      "source_original": "퇴직급여지급액"
    },
    {
      "sn": "dis109167sent67938493",
      "source_original": "기말잔액"
    },
    {
      "sn": "dis109167sent67938494",
      "source_original": "차감: 퇴직연금운용자산"
    },
    {
      "sn": "dis109167sent67938495",
      "source_original": "2) 당기 및 전기 중 퇴직연금운용자산의 증감 내역은 다음과 같습니다."
    },
    {
      "sn": "dis109167sent67938496",
      "source_original": "기중증가"
    },
    {
      "sn": "dis109167sent67938497",
      "source_original": "기중감소"
    },
    {
      "sn": "dis109167sent67938498",
      "source_original": "보고기간종료일 현재 당사의 퇴직연금운용자산은 모두 단기금융상품으로 운용되고 있습니다."
    },
    {
      "sn": "dis109167sent67938499",
      "source_original": "12. 운용리스"
    },
    {
      "sn": "dis109167sent67938500",
      "source_original": "당사는 현재 차량 등에 대하여"
    },
    {
      "sn": "dis109167sent67938501",
      "source_original": "KB캐피탈과 운용리스계약을 체결하여 사용하고 있는 바, 동 운용리스료의 연도별 최소리스료의 지급계획은 다음과 같습니다."
    },
    {
      "sn": "dis109167sent67938502",
      "source_original": "연 도"
    },
    {
      "sn": "dis109167sent67938503",
      "source_original": "1년내"
    },
    {
      "sn": "dis109167sent67938504",
      "source_original": "5년내"
    },
    {
      "sn": "dis109167sent67938505",
      "source_original": "13. 자본금"
    },
    {
      "sn": "dis109167sent67938506",
      "source_original": "(1) 발행주식 총수 등"
    },
    {
      "sn": "dis109167sent67938507",
      "source_original": "(단위: 주, 원)"
    },
    {
      "sn": "dis109167sent67938508",
      "source_original": "발행할 주식의 총수"
    },
    {
      "sn": "dis109167sent67938509",
      "source_original": "발행한 주식수"
    },
    {
      "sn": "dis109167sent67938510",
      "source_original": "1주당 금액"
    },
    {
      "sn": "dis109167sent67938511",
      "source_original": "보통주 자본금"
    },
    {
      "sn": "dis109167sent67938512",
      "source_original": "(2)자본금 변동"
    },
    {
      "sn": "dis109167sent67938513",
      "source_original": "당사의 당기 및 전기 중 자본금의 변동은 없습니다."
    },
    {
      "sn": "dis109167sent67938514",
      "source_original": "14. 주당손익"
    },
    {
      "sn": "dis109167sent67938515",
      "source_original": "주당순이익은 보통주 1주에 대한 당기순이익을 계산한 것으로서, 당사의 1주당당기순이익의 산출내역은 다음과 같습니다."
    },
    {
      "sn": "dis109167sent67938516",
      "source_original": "당기순이익(손실)"
    },
    {
      "sn": "dis109167sent67938517",
      "source_original": "보통주당기순이익(손실)"
    },
    {
      "sn": "dis109167sent67938518",
      "source_original": "가중평균 유통 보통주식수 (주1)"
    },
    {
      "sn": "dis109167sent67938519",
      "source_original": "30,000주"
    },
    {
      "sn": "dis109167sent67938520",
      "source_original": "주당순이익(손실)"
    },
    {
      "sn": "dis109167sent67938521",
      "source_original": "(주1) 당기 및 전기 중 유통보통주식수의 변동은 없으며 가중평균유통보통주식수는 당기말 현재 발행된 보통주식수와 동일한 30,000주입니다."
    },
    {
      "sn": "dis109167sent67938522",
      "source_original": "15. 법인세"
    },
    {
      "sn": "dis109167sent67938523",
      "source_original": "당사는 과세소득 2억원까지는 법인세율(관련 주민세율 포함) 11%를, 2억원 초과하는 경우에는 200억까지 법인세율 22%를, 200억원 초과하는 경우에는 3,000억까지 법인세율 24.2%를, 3,000억 초과하는 경우에는 27.5%를 적용한 법인세의 납부의무가 있습니다."
    },
    {
      "sn": "dis109167sent67938524",
      "source_original": "16. 특수관계자"
    },
    {
      "sn": "dis109167sent67938525",
      "source_original": "(1) 당기와 전기 중 특수관계자와의 거래내역은 다음과 같습니다."
    },
    {
      "sn": "dis109167sent67938526",
      "source_original": "특수관계자"
    },
    {
      "sn": "dis109167sent67938527",
      "source_original": "거 래 내 용"
    },
    {
      "sn": "dis109167sent67938528",
      "source_original": "대표자"
    },
    {
      "sn": "dis109167sent67938529",
      "source_original": "임차료"
    },
    {
      "sn": "dis109167sent67938530",
      "source_original": "(2) 당기말과 전기말 특수관계자와의 거래잔액은 다음과 같습니다."
    },
    {
      "sn": "dis109167sent67938531",
      "source_original": "계 정 과 목"
    },
    {
      "sn": "dis109167sent67938532",
      "source_original": "임차보증금"
    },
    {
      "sn": "dis109167sent67938533",
      "source_original": "(3) 당기말 현재 당사의 금융기관 여신한도와 관련하여 대표이사로부터 지급보증을 제공받고 있습니다"
    },
    {
      "sn": "dis109167sent67938534",
      "source_original": "(주석17 참조)"
    },
    {
      "sn": "dis109167sent67938535",
      "source_original": "17. 보증 및 담보"
    },
    {
      "sn": "dis109167sent67938536",
      "source_original": "(1) 타인으로부터 제공받은 지급보증 내역"
    },
    {
      "sn": "dis109167sent67938537",
      "source_original": "당기말 현재 당사가 타인으로부터 제공받은 지급보증의 내역은 다음과 같습니다."
    },
    {
      "sn": "dis109167sent67938538",
      "source_original": "제공자"
    },
    {
      "sn": "dis109167sent67938539",
      "source_original": "제공처"
    },
    {
      "sn": "dis109167sent67938540",
      "source_original": "보증금액"
    },
    {
      "sn": "dis109167sent67938541",
      "source_original": "보증내용"
    },
    {
      "sn": "dis109167sent67938542",
      "source_original": "신용보증기금"
    },
    {
      "sn": "dis109167sent67938543",
      "source_original": "신용보증서"
    },
    {
      "sn": "dis109167sent67938544",
      "source_original": "대표이사"
    },
    {
      "sn": "dis109167sent67938545",
      "source_original": "채무보증"
    },
    {
      "sn": "dis109167sent67938546",
      "source_original": "(2) 당기말 현재 타인에게 제공한 담보자산의 내용은 다음과 같습니다."
    },
    {
      "sn": "dis109167sent67938547",
      "source_original": "담보물건"
    },
    {
      "sn": "dis109167sent67938548",
      "source_original": "담보제공처"
    },
    {
      "sn": "dis109167sent67938549",
      "source_original": "실행금액"
    },
    {
      "sn": "dis109167sent67938550",
      "source_original": "제공내용"
    },
    {
      "sn": "dis109167sent67938551",
      "source_original": "우리은행 외"
    },
    {
      "sn": "dis109167sent67938552",
      "source_original": "차입금담보"
    },
    {
      "sn": "dis109167sent67938553",
      "source_original": "토지및건물"
    },
    {
      "sn": "dis109167sent67938554",
      "source_original": "(3) 당기말 현재 타인으로부터 제공받은 담보의 내용은 다음과 같습니다"
    },
    {
      "sn": "dis109167sent67938555",
      "source_original": "담보제공자산"
    },
    {
      "sn": "dis109167sent67938556",
      "source_original": "채권자"
    },
    {
      "sn": "dis109167sent67938557",
      "source_original": "아파트"
    },
    {
      "sn": "dis109167sent67938558",
      "source_original": "18. 우발채무 및 약정사항"
    },
    {
      "sn": "dis109167sent67938559",
      "source_original": "(1) 금융기관 약정사항"
    },
    {
      "sn": "dis109167sent67938560",
      "source_original": "당기말 현재 당사의 금융기관별 약정 한도액 및 사용액은 다음과 같습니다."
    },
    {
      "sn": "dis109167sent67938561",
      "source_original": "약정사항"
    },
    {
      "sn": "dis109167sent67938562",
      "source_original": "한도액"
    },
    {
      "sn": "dis109167sent67938563",
      "source_original": "사용액"
    },
    {
      "sn": "dis109167sent67938564",
      "source_original": "KEB하나은행"
    },
    {
      "sn": "dis109167sent67938565",
      "source_original": "전자방식외담대"
    },
    {
      "sn": "dis109167sent67938566",
      "source_original": "채권담보대출"
    },
    {
      "sn": "dis109167sent67938567",
      "source_original": "운전자금대출 외"
    },
    {
      "sn": "dis109167sent67938568",
      "source_original": "(2) 당기말 현재 당사가 체결한 통화옵션계약은 다음과 같으며, 환율변동에 따라서 환차손이 발생할 수도 있습니다."
    },
    {
      "sn": "dis109167sent67938569",
      "source_original": "계약일"
    },
    {
      "sn": "dis109167sent67938570",
      "source_original": "계약금액"
    },
    {
      "sn": "dis109167sent67938571",
      "source_original": "계약환율"
    },
    {
      "sn": "dis109167sent67938572",
      "source_original": "만기일"
    },
    {
      "sn": "dis109167sent67938573",
      "source_original": "결제일"
    },
    {
      "sn": "dis109167sent67938574",
      "source_original": "당사는 당기 중 통화옵션 거래로 인한 거래이익과 거래손실을 각각 20,000천원, 441천원 인식하였습니다."
    },
    {
      "sn": "dis109167sent67938575",
      "source_original": "19. 금융부채의 유동성 위험관리 방법 및 종류별 만기 분석"
    },
    {
      "sn": "dis109167sent67938576",
      "source_original": "(1) 유동성위험 관리 방법"
    },
    {
      "sn": "dis109167sent67938577",
      "source_original": "유동성위험이란 당사가 금융부채에 관련된 의무를 충족하는 데 어려움을 겪게 될 위험을 의미합니다."
    },
    {
      "sn": "dis109167sent67938578",
      "source_original": "당사의 유동성 관리방법은 재무적으로 어려운 상황에서도 받아들일 수 없는 손실이 발생하거나, 당사의 평판에 손상을 입힐 위험 없이, 만기일에 부채를 상환할 수 있는 충분한 유동성을 유지하도록 하는 것입니다."
    },
    {
      "sn": "dis109167sent67938579",
      "source_original": "(2) 당기말 현재 금융부채의 계약상 만기는 다음과 같습니다."
    },
    {
      "sn": "dis109167sent67938580",
      "source_original": "금액은 이자지급액을 포함하고, 상계약정의 효과는 포함하지 않았습니다."
    },
    {
      "sn": "dis109167sent67938581",
      "source_original": "구분"
    },
    {
      "sn": "dis109167sent67938582",
      "source_original": "2022년"
    },
    {
      "sn": "dis109167sent67938583",
      "source_original": "2025년 이후"
    },
    {
      "sn": "dis109167sent67938584",
      "source_original": "당기말 잔액"
    },
    {
      "sn": "dis109167sent67938585",
      "source_original": "매입채무"
    },
    {
      "sn": "dis109167sent67938586",
      "source_original": "차입금"
    },
    {
      "sn": "dis109167sent67938587",
      "source_original": "미지급비용"
    },
    {
      "sn": "dis109167sent67938588",
      "source_original": "당사는 이 현금흐름이 유의적으로 더 이른 기간에 발생하거나, 유의적으로 다른 금액일 것으로 기대하지 않습니다."
    },
    {
      "sn": "dis109167sent67938589",
      "source_original": "20. 현금흐름표"
    },
    {
      "sn": "dis109167sent67938590",
      "source_original": "당사는 현금흐름표상의 영업활동으로 인한 현금흐름을 간접법으로 작성하였으며, 현금의 유입과 유출이 없는 중요한 거래내역은 다음과 같습니다."
    },
    {
      "sn": "dis109167sent67938591",
      "source_original": "장기차입금의 유동성대체"
    },
    {
      "sn": "dis109167sent67938592",
      "source_original": "매출채권의 제각"
    },
    {
      "sn": "dis109167sent67938593",
      "source_original": "21. 이익잉여금처분계산서"
    },
    {
      "sn": "dis109167sent67938594",
      "source_original": "당기 및 전기의 이익잉여금처분계산서는 다음과 같습니다."
    },
    {
      "sn": "dis109167sent67938595",
      "source_original": "I.미처분이익잉여금"
    },
    {
      "sn": "dis109167sent67938596",
      "source_original": "전기이월미처분이익잉여금"
    },
    {
      "sn": "dis109167sent67938597",
      "source_original": "중간배당"
    },
    {
      "sn": "dis109167sent67938598",
      "source_original": "II.임의적립금 등의 이입액"
    },
    {
      "sn": "dis109167sent67938599",
      "source_original": "III.합계"
    },
    {
      "sn": "dis109167sent67938600",
      "source_original": "IV. 이익잉여금처분액"
    },
    {
      "sn": "dis109167sent67938601",
      "source_original": "이익준비금"
    },
    {
      "sn": "dis109167sent67938602",
      "source_original": "현금배당"
    },
    {
      "sn": "dis109167sent67938603",
      "source_original": "V.차기이월미처분이익잉여금"
    },
    {
      "sn": "dis109167sent67938604",
      "source_original": "상기 이익잉여금처분의 당기 처분예정일은"
    },
    {
      "sn": "dis109167sent67938605",
      "source_original": "2022년 3월 31일"
    },
    {
      "sn": "dis109167sent67938606",
      "source_original": "이며 전기 처분확정일은"
    },
    {
      "sn": "dis109167sent67938607",
      "source_original": "2021년 3월 31일"
    },
    {
      "sn": "dis109167sent67938608",
      "source_original": "이었습니다."
    },
    {
      "sn": "dis109167sent67938609",
      "source_original": "22. 부가가치"
    },
    {
      "sn": "dis109167sent67938610",
      "source_original": "당사의 판매비와관리비에 포함된 부가가치는 다음과 같습니다."
    },
    {
      "sn": "dis109167sent67938611",
      "source_original": "(단위:원)"
    },
    {
      "sn": "dis109167sent67938612",
      "source_original": "급 여"
    },
    {
      "sn": "dis109167sent67938613",
      "source_original": "복리후생비"
    },
    {
      "sn": "dis109167sent67938614",
      "source_original": "지급임차료"
    },
    {
      "sn": "dis109167sent67938615",
      "source_original": "세금과공과"
    },
    {
      "sn": "dis109167sent67938616",
      "source_original": "23. 재무제표의 사실상 확정된 날과 승인기관"
    },
    {
      "sn": "dis109167sent67938617",
      "source_original": "당사의 2021년 12월 31일로 종료되는 회계연도의 재무제표는"
    },
    {
      "sn": "dis109167sent67938618",
      "source_original": "개최 예정인"
    },
    {
      "sn": "dis109167sent67938619",
      "source_original": "정기주주총회에서 최종 승인될 예정입니다."
    },
    {
      "sn": "dis109167sent67938620",
      "source_original": "24. COVID-19로 인한 영향"
    },
    {
      "sn": "dis109167sent67938621",
      "source_original": "COVID-19의 확산은 국내외 경제에 중대한 영향을 미치고 있으며, 이는 매출의 감소나 지연, 투자활동의 위축, 기존 채권의 회수 등에 부정적인 영향을 미칠 수 있습니다."
    },
    {
      "sn": "dis109167sent67938622",
      "source_original": "COVID-19로 인하여 회사의 사업, 재무상태 및 경영성과 등에 미칠 궁극적인 영향은 현재 예측할 수 없습니다."
    },
    {
      "sn": "dis109167sent67938623",
      "source_original": "외부감사 실시내용"
    },
    {
      "sn": "dis109167sent67938624",
      "source_original": "「주식회사 등의 외부감사에 관한 법률」제18조제3항의 규정에 의하여 외부감사 실시내용을 첨부합니다."
    },
    {
      "sn": "dis109167sent67938625",
      "source_original": "1. 감사대상업무"
    },
    {
      "sn": "dis109167sent67938626",
      "source_original": "회 사 명"
    },
    {
      "sn": "dis109167sent67938627",
      "source_original": "감사대상 사업연도"
    },
    {
      "sn": "dis109167sent67938628",
      "source_original": "2. 감사참여자 구분별 인원수 및 감사시간"
    },
    {
      "sn": "dis109167sent67938629",
      "source_original": "(단위 : 명, 시간)"
    },
    {
      "sn": "dis109167sent67938630",
      "source_original": "감사참여자"
    },
    {
      "sn": "dis109167sent67938631",
      "source_original": "인원수 및 시간"
    },
    {
      "sn": "dis109167sent67938632",
      "source_original": "품질관리"
    },
    {
      "sn": "dis109167sent67938633",
      "source_original": "검토자"
    },
    {
      "sn": "dis109167sent67938634",
      "source_original": "(심리실 등)"
    },
    {
      "sn": "dis109167sent67938635",
      "source_original": "감사업무 담당 회계사"
    },
    {
      "sn": "dis109167sent67938636",
      "source_original": "전산감사ㆍ"
    },
    {
      "sn": "dis109167sent67938637",
      "source_original": "세무ㆍ가치평가"
    },
    {
      "sn": "dis109167sent67938638",
      "source_original": "등 전문가"
    },
    {
      "sn": "dis109167sent67938639",
      "source_original": "건설계약 등"
    },
    {
      "sn": "dis109167sent67938640",
      "source_original": "수주산업"
    },
    {
      "sn": "dis109167sent67938641",
      "source_original": "전문가"
    },
    {
      "sn": "dis109167sent67938642",
      "source_original": "담당이사"
    },
    {
      "sn": "dis109167sent67938643",
      "source_original": "(업무수행이사)"
    },
    {
      "sn": "dis109167sent67938644",
      "source_original": "등록"
    },
    {
      "sn": "dis109167sent67938645",
      "source_original": "공인회계사"
    },
    {
      "sn": "dis109167sent67938646",
      "source_original": "수습"
    },
    {
      "sn": "dis109167sent67938647",
      "source_original": "당기"
    },
    {
      "sn": "dis109167sent67938648",
      "source_original": "전기"
    },
    {
      "sn": "dis109167sent67938649",
      "source_original": "투입 인원수"
    },
    {
      "sn": "dis109167sent67938650",
      "source_original": "투입시간"
    },
    {
      "sn": "dis109167sent67938651",
      "source_original": "분ㆍ반기검토"
    },
    {
      "sn": "dis109167sent67938652",
      "source_original": "감사"
    },
    {
      "sn": "dis109167sent67938653",
      "source_original": "3. 주요 감사실시내용"
    },
    {
      "sn": "dis109167sent67938654",
      "source_original": "내 역"
    },
    {
      "sn": "dis109167sent67938655",
      "source_original": "전반감사계획"
    },
    {
      "sn": "dis109167sent67938656",
      "source_original": "(감사착수단계)"
    },
    {
      "sn": "dis109167sent67938657",
      "source_original": "수행시기"
    },
    {
      "sn": "dis109167sent67938658",
      "source_original": "일"
    },
    {
      "sn": "dis109167sent67938659",
      "source_original": "주요내용"
    },
    {
      "sn": "dis109167sent67938660",
      "source_original": "과거 감사경험 및 회사 및 산업에 대한 전반적 이해를 통한 감사절차의 범위와 시기 등을 결정"
    },
    {
      "sn": "dis109167sent67938661",
      "source_original": "현장감사"
    },
    {
      "sn": "dis109167sent67938662",
      "source_original": "투입인원"
    },
    {
      "sn": "dis109167sent67938663",
      "source_original": "주요 감사업무 수행내용"
    },
    {
      "sn": "dis109167sent67938664",
      "source_original": "상주"
    },
    {
      "sn": "dis109167sent67938665",
      "source_original": "비상주"
    },
    {
      "sn": "dis109167sent67938666",
      "source_original": "명"
    },
    {
      "sn": "dis109167sent67938667",
      "source_original": "내부통제 이해와 평가"
    },
    {
      "sn": "dis109167sent67938668",
      "source_original": "중요 계정잔액 및 공시내용에 대하여 질문, 분석적 절차, 표본점검(문서검증, 재계산 등) 수행"
    },
    {
      "sn": "dis109167sent67938669",
      "source_original": "재고자산실사(입회)"
    },
    {
      "sn": "dis109167sent67938670",
      "source_original": "실사(입회)시기"
    },
    {
      "sn": "dis109167sent67938671",
      "source_original": "실사(입회)장소"
    },
    {
      "sn": "dis109167sent67938672",
      "source_original": "물류센터"
    },
    {
      "sn": "dis109167sent67938673",
      "source_original": "실사(입회)대상"
    },
    {
      "sn": "dis109167sent67938674",
      "source_original": "재고자산"
    },
    {
      "sn": "dis109167sent67938675",
      "source_original": "금융자산실사(입회)"
    },
    {
      "sn": "dis109167sent67938676",
      "source_original": "본사 사무실"
    },
    {
      "sn": "dis109167sent67938677",
      "source_original": "소액현금 등"
    },
    {
      "sn": "dis109167sent67938678",
      "source_original": "외부조회"
    },
    {
      "sn": "dis109167sent67938679",
      "source_original": "금융거래조회"
    },
    {
      "sn": "dis109167sent67938680",
      "source_original": "채권채무조회"
    },
    {
      "sn": "dis109167sent67938681",
      "source_original": "변호사조회"
    },
    {
      "sn": "dis109167sent67938682",
      "source_original": "기타조회"
    },
    {
      "sn": "dis109167sent67938683",
      "source_original": "지배기구와의"
    },
    {
      "sn": "dis109167sent67938684",
      "source_original": "커뮤니케이션"
    },
    {
      "sn": "dis109167sent67938685",
      "source_original": "커뮤니케이션 횟수"
    },
    {
      "sn": "dis109167sent67938686",
      "source_original": "회"
    },
    {
      "sn": "dis109167sent67938687",
      "source_original": "외부전문가 활용"
    },
    {
      "sn": "dis109167sent67938688",
      "source_original": "감사 활용 내용"
    },
    {
      "sn": "dis109167sent67938689",
      "source_original": "4. 감사(감사위원회)와의 커뮤니케이션"
    },
    {
      "sn": "dis109167sent67938690",
      "source_original": "일자"
    },
    {
      "sn": "dis109167sent67938691",
      "source_original": "참석자"
    },
    {
      "sn": "dis109167sent67938692",
      "source_original": "방식"
    },
    {
      "sn": "dis109167sent67938693",
      "source_original": "주요 논의 내용"
    },
    {
      "sn": "dis109167sent67938694",
      "source_original": "2021년 04월 21일"
    },
    {
      "sn": "dis109167sent67938695",
      "source_original": "회사측 : 이사 외"
    },
    {
      "sn": "dis109167sent67938696",
      "source_original": "감사인즉: 업무수행이사, 담당회계사2인"
    },
    {
      "sn": "dis109167sent67938697",
      "source_original": "서면회의"
    },
    {
      "sn": "dis109167sent67938698",
      "source_original": "감사팀 구성, 감사투입시간과 보수,"
    },
    {
      "sn": "dis109167sent67938699",
      "source_original": "경영진 및 감사인의 책임, 감사인의 독립성 등"
    },
    {
      "sn": "dis109167sent67938700",
      "source_original": "2021년 08월 11일"
    },
    {
      "sn": "dis109167sent67938701",
      "source_original": "중간감사 진행 경과, 감사인의 독립성 등"
    },
    {
      "sn": "dis109167sent67938702",
      "source_original": "2022년 01월 18일"
    },
    {
      "sn": "dis109167sent67938703",
      "source_original": "기말감사 진행 경과, 감사인의 독립성 등"
    }
  ]
}