{
  "meta": {
    "doc_no": "dis109183",
    "domain": "금융",
    "category": "공시정보",
    "license": "open",
    "source_language": "ko"
  },
  "doc_info": {
    "source": "금융감독원",
    "dis_no": 2022040600249600760,
    "doc_name": "감사보고서",
    "com_name": "선우마케팅(주)",
    "date": 20220406
  },
  "sents": [
    {
      "sn": "dis109183sent67950107",
      "source_original": "감사보고서"
    },
    {
      "sn": "dis109183sent67950108",
      "source_original": "선우마케팅(주)"
    },
    {
      "sn": "dis109183sent67950109",
      "source_original": "선우마케팅 주식회사"
    },
    {
      "sn": "dis109183sent67950110",
      "source_original": "재 무 제 표 에 대 한"
    },
    {
      "sn": "dis109183sent67950111",
      "source_original": "감 사 보 고 서"
    },
    {
      "sn": "dis109183sent67950112",
      "source_original": "제 12 기"
    },
    {
      "sn": "dis109183sent67950113",
      "source_original": "2021년 01월 01일"
    },
    {
      "sn": "dis109183sent67950114",
      "source_original": "부터"
    },
    {
      "sn": "dis109183sent67950115",
      "source_original": "2021년 12월 31일"
    },
    {
      "sn": "dis109183sent67950116",
      "source_original": "까지"
    },
    {
      "sn": "dis109183sent67950117",
      "source_original": "제 11 기"
    },
    {
      "sn": "dis109183sent67950118",
      "source_original": "2020년 01월 01일"
    },
    {
      "sn": "dis109183sent67950119",
      "source_original": "2020년 12월 31일"
    },
    {
      "sn": "dis109183sent67950120",
      "source_original": "제원회계법인"
    },
    {
      "sn": "dis109183sent67950121",
      "source_original": "목 차"
    },
    {
      "sn": "dis109183sent67950122",
      "source_original": "독립된 감사인의 감사보고서 ………………………………………………………………1"
    },
    {
      "sn": "dis109183sent67950123",
      "source_original": "재 무 제 표"
    },
    {
      "sn": "dis109183sent67950124",
      "source_original": "재무상태표……………………………………………………………………………… 5"
    },
    {
      "sn": "dis109183sent67950125",
      "source_original": "손익계산서…………………………………………………………………………… 7"
    },
    {
      "sn": "dis109183sent67950126",
      "source_original": "자본변동표 …………………………………………………………………………… 10"
    },
    {
      "sn": "dis109183sent67950127",
      "source_original": "현금흐름표…………………………………………………………………………… 11"
    },
    {
      "sn": "dis109183sent67950128",
      "source_original": "주석 ……………………………………………………………………………………13"
    },
    {
      "sn": "dis109183sent67950129",
      "source_original": "독립된 감사인의 감사보고서"
    },
    {
      "sn": "dis109183sent67950130",
      "source_original": "선우마케팅 주식회사"
    },
    {
      "sn": "dis109183sent67950131",
      "source_original": "주주 및 이사회 귀중"
    },
    {
      "sn": "dis109183sent67950132",
      "source_original": "감사의견"
    },
    {
      "sn": "dis109183sent67950133",
      "source_original": "우리는 선우마케팅주식회사(이하 \"회사\")의 재무제표를 감사하였습니다."
    },
    {
      "sn": "dis109183sent67950134",
      "source_original": "해당 재무제표는 2021년 12월 31일과 2020년 12월 31일 현재의 재무상태표, 동일로 종료되는 양 보고기간의 손익계산서, 자본변동표, 현금흐름표 그리고 유의적인 회계정책의 요약을 포함한 재무제표의 주석으로 구성되어 있습니다."
    },
    {
      "sn": "dis109183sent67950135",
      "source_original": "우리의 의견으로는 별첨된 회사의 재무제표는 회사의 2021년 12월 31일과 2020년 12월 31일 현재의 재무상태와 동일로 종료되는 양 보고기간의 재무성과 및 현금흐름을 대한민국의 일반기업회계기준에 따라, 중요성의 관점에서 공정하게 표시하고 있습니다."
    },
    {
      "sn": "dis109183sent67950136",
      "source_original": "감사의견근거"
    },
    {
      "sn": "dis109183sent67950137",
      "source_original": "우리는 대한민국의 회계감사기준에 따라 감사를 수행하였습니다."
    },
    {
      "sn": "dis109183sent67950138",
      "source_original": "이 기준에 따른 우리의 책임은 이 감사보고서의 재무제표 감사에 대한 감사인의 책임 단락에 기술되어 있습니다."
    },
    {
      "sn": "dis109183sent67950139",
      "source_original": "우리는 재무제표 감사와 관련된 대한민국의 윤리적 요구사항에 따라 회사로부터 독립적이며, 그러한 요구사항에 따른 기타의 윤리적 책임들을 이행하였습니다."
    },
    {
      "sn": "dis109183sent67950140",
      "source_original": "우리가 입수한 감사증거가 감사의견을 위한 근거로서 충분하고 적합하다고 우리는 믿습니다."
    },
    {
      "sn": "dis109183sent67950141",
      "source_original": "재무제표에 대한 경영진과 지배기구의 책임"
    },
    {
      "sn": "dis109183sent67950142",
      "source_original": "경영진은 일반기업회계기준에 따라 이 재무제표를 작성하고 공정하게 표시할 책임이있으며, 부정이나 오류로 인한 중요한 왜곡표시가 없는 재무제표를 작성하는데 필요하다고 결정한 내부통제에 대해서도 책임이 있습니다."
    },
    {
      "sn": "dis109183sent67950143",
      "source_original": "경영진은 재무제표를 작성할 때, 회사의 계속기업으로서의 존속능력을 평가하고 해당되는 경우, 계속기업 관련 사항을 공시할 책임이 있습니다."
    },
    {
      "sn": "dis109183sent67950144",
      "source_original": "그리고 경영진이 기업을 청산하거나 영업을 중단할 의도가 없는 한, 회계의 계속기업전제의 사용에 대해서도 책임이 있습니다."
    },
    {
      "sn": "dis109183sent67950145",
      "source_original": "지배기구는 회사의 재무보고절차의 감시에 대한 책임이 있습니다."
    },
    {
      "sn": "dis109183sent67950146",
      "source_original": "재무제표감사에 대한 감사인의 책임"
    },
    {
      "sn": "dis109183sent67950147",
      "source_original": "우리의 목적은 회사의 재무제표에 전체적으로 부정이나 오류로 인한 중요한 왜곡표시가 없는지에 대하여 합리적인 확신을 얻어 우리의 의견이 포함된 감사보고서를 발행하는데 있습니다."
    },
    {
      "sn": "dis109183sent67950148",
      "source_original": "합리적인 확신은 높은 수준의 확신을 의미하나, 감사기준에 따라수행된 감사가 항상 중요한 왜곡표시를 발견한다는 것을 보장하지는 않습니다."
    },
    {
      "sn": "dis109183sent67950149",
      "source_original": "왜곡표시는 부정이나 오류로부터 발생할 수 있으며, 왜곡표시가 재무제표를 근거로 하는 이용자의 경제적 의사결정에 개별적으로 또는 집합적으로 영향을 미칠 것이 합리적으로 예상되면, 그 왜곡표시는 중요하다고 간주됩니다."
    },
    {
      "sn": "dis109183sent67950150",
      "source_original": "감사기준에 따른 감사의 일부로서 우리는 감사의 전 과정에 걸쳐 전문가적 판단을 수행하고 전문가적 의구심을 유지하고 있습니다."
    },
    {
      "sn": "dis109183sent67950151",
      "source_original": "또한, 우리는:"
    },
    {
      "sn": "dis109183sent67950152",
      "source_original": "- 부정이나 오류로 인한 재무제표의 중요왜곡표시위험을 식별하고 평가하며 그러한 위험에 대응하는 감사절차를 설계하고 수행합니다."
    },
    {
      "sn": "dis109183sent67950153",
      "source_original": "그리고 감사의견의 근거로서 충분하고 적합한 감사증거를 입수합니다."
    },
    {
      "sn": "dis109183sent67950154",
      "source_original": "부정은 공모, 위조, 의도적인 누락, 허위진술 또는 내부통제 무력화가 개입될 수 있기 때문에 부정으로 인한 중요한 왜곡표시를 발견하지 못할 위험은 오류로 인한 위험보다 큽니다."
    },
    {
      "sn": "dis109183sent67950155",
      "source_original": "- 상황에 적합한 감사절차를 설계하기 위하여 감사와 관련된 내부통제를 이해합니다."
    },
    {
      "sn": "dis109183sent67950156",
      "source_original": "그러나 이는 내부통제의 효과성에 대한 의견을 표명하기 위한 것이 아닙니다."
    },
    {
      "sn": "dis109183sent67950157",
      "source_original": "- 재무제표를 작성하기 위하여 경영진이 적용한 회계정책의 적합성과 경영진이 도출한 회계추정치와 관련 공시의 합리성에 대하여 평가합니다."
    },
    {
      "sn": "dis109183sent67950158",
      "source_original": "- 경영진이 사용한 회계의 계속기업전제의 적절성과, 입수한 감사증거를 근거로 계속기업으로서의 존속능력에 대하여 유의적 의문을 초래할 수 있는 사건이나, 상황과 관련된 중요한 불확실성이 존재하는지 여부에 대하여 결론을 내립니다."
    },
    {
      "sn": "dis109183sent67950159",
      "source_original": "중요한 불확실성이 존재한다고 결론을 내리는 경우, 우리는 재무제표의 관련 공시에 대하여 감사보고서에 주의를 환기시키고, 이들 공시가 부적절한 경우 의견을 변형시킬 것을 요구받고 있습니다."
    },
    {
      "sn": "dis109183sent67950160",
      "source_original": "우리의 결론은 감사보고서일까지 입수된 감사증거에 기초하나, 미래의 사건이나 상황이 회사의 계속기업으로서 존속을 중단시킬 수 있습니다."
    },
    {
      "sn": "dis109183sent67950161",
      "source_original": "- 공시를 포함한 재무제표의 전반적인 표시와 구조 및 내용을 평가하고, 재무제표의 기초가 되는 거래와 사건을 재무제표가 공정한 방식으로 표시하고 있는지 여부를 평가합니다."
    },
    {
      "sn": "dis109183sent67950162",
      "source_original": "우리는 여러 가지 사항들 중에서 계획된 감사범위와 시기 그리고 감사 중 식별된 유의적 내부통제 미비점 등 유의적인 감사의 발견사항에 대하여 지배기구와 커뮤니케이션합니다."
    },
    {
      "sn": "dis109183sent67950163",
      "source_original": "서울특별시 강남구 논현동 언주로 711 건설회관"
    },
    {
      "sn": "dis109183sent67950164",
      "source_original": "제 원 회 계 법 인"
    },
    {
      "sn": "dis109183sent67950165",
      "source_original": "대표이사 김 상윤"
    },
    {
      "sn": "dis109183sent67950166",
      "source_original": "2022년 3월 31일"
    },
    {
      "sn": "dis109183sent67950167",
      "source_original": "이 감사보고서는 감사보고서일 현재로 유효한 것입니다."
    },
    {
      "sn": "dis109183sent67950168",
      "source_original": "따라서 감사보고서일 이후 이 보고서를 열람하는 시점까지의 기간 사이에 첨부된 회사의 재무제표에 중대한영향을 미칠 수 있는 사건이나 상황이 발생할 수도 있으며 이로 인하여 이 감사보고서가 수정될 수도 있습니다."
    },
    {
      "sn": "dis109183sent67950169",
      "source_original": "(첨부)재 무 제 표"
    },
    {
      "sn": "dis109183sent67950170",
      "source_original": "\"첨부된 재무제표는 당사가 작성한 것입니다.\""
    },
    {
      "sn": "dis109183sent67950171",
      "source_original": "선우마케팅 주식회사 대표이사 전선우"
    },
    {
      "sn": "dis109183sent67950172",
      "source_original": "본점 소재지 :"
    },
    {
      "sn": "dis109183sent67950173",
      "source_original": "(도로명주소)"
    },
    {
      "sn": "dis109183sent67950174",
      "source_original": "서울시 송파구 위례성대로18길 27(방이동,진양빌딩)"
    },
    {
      "sn": "dis109183sent67950175",
      "source_original": "(전 화)"
    },
    {
      "sn": "dis109183sent67950176",
      "source_original": "재 무 상 태 표"
    },
    {
      "sn": "dis109183sent67950177",
      "source_original": "제 12 기 2021년 12월 31일 현재"
    },
    {
      "sn": "dis109183sent67950178",
      "source_original": "제 11 기 2020년 12월 31일 현재"
    },
    {
      "sn": "dis109183sent67950179",
      "source_original": "(단위 : 원)"
    },
    {
      "sn": "dis109183sent67950180",
      "source_original": "과 목"
    },
    {
      "sn": "dis109183sent67950181",
      "source_original": "제 12 (당) 기"
    },
    {
      "sn": "dis109183sent67950182",
      "source_original": "제 11 (전) 기"
    },
    {
      "sn": "dis109183sent67950183",
      "source_original": "자 산"
    },
    {
      "sn": "dis109183sent67950184",
      "source_original": "Ⅰ. 유동자산"
    },
    {
      "sn": "dis109183sent67950185",
      "source_original": "(1) 당좌자산"
    },
    {
      "sn": "dis109183sent67950186",
      "source_original": "현금및현금성자산(주석2,16)"
    },
    {
      "sn": "dis109183sent67950187",
      "source_original": "매출채권"
    },
    {
      "sn": "dis109183sent67950188",
      "source_original": "대손충당금(주석2)"
    },
    {
      "sn": "dis109183sent67950189",
      "source_original": "미수수익"
    },
    {
      "sn": "dis109183sent67950190",
      "source_original": "미수금"
    },
    {
      "sn": "dis109183sent67950191",
      "source_original": "선급금"
    },
    {
      "sn": "dis109183sent67950192",
      "source_original": "선급비용"
    },
    {
      "sn": "dis109183sent67950193",
      "source_original": "부가세대급금"
    },
    {
      "sn": "dis109183sent67950194",
      "source_original": "통화선도(주석10)"
    },
    {
      "sn": "dis109183sent67950195",
      "source_original": "선급법인세"
    },
    {
      "sn": "dis109183sent67950196",
      "source_original": "(2) 재고자산(주석2)"
    },
    {
      "sn": "dis109183sent67950197",
      "source_original": "상품"
    },
    {
      "sn": "dis109183sent67950198",
      "source_original": "재고자산평가손실충당금"
    },
    {
      "sn": "dis109183sent67950199",
      "source_original": "미착품"
    },
    {
      "sn": "dis109183sent67950200",
      "source_original": "Ⅱ. 비유동자산"
    },
    {
      "sn": "dis109183sent67950201",
      "source_original": "(1) 투자자산"
    },
    {
      "sn": "dis109183sent67950202",
      "source_original": "장기금융상품(주석2)"
    },
    {
      "sn": "dis109183sent67950203",
      "source_original": "장기대여금(주석14,16)"
    },
    {
      "sn": "dis109183sent67950204",
      "source_original": "매도가능증권(주석2,3)"
    },
    {
      "sn": "dis109183sent67950205",
      "source_original": "(2) 유형자산 (주석2,4,5,6)"
    },
    {
      "sn": "dis109183sent67950206",
      "source_original": "토지"
    },
    {
      "sn": "dis109183sent67950207",
      "source_original": "건물"
    },
    {
      "sn": "dis109183sent67950208",
      "source_original": "감가상각누계액"
    },
    {
      "sn": "dis109183sent67950209",
      "source_original": "기계장치"
    },
    {
      "sn": "dis109183sent67950210",
      "source_original": "차량운반구"
    },
    {
      "sn": "dis109183sent67950211",
      "source_original": "비품"
    },
    {
      "sn": "dis109183sent67950212",
      "source_original": "시설장치"
    },
    {
      "sn": "dis109183sent67950213",
      "source_original": "건설중인자산"
    },
    {
      "sn": "dis109183sent67950214",
      "source_original": "(3) 무형자산(주석2,7)"
    },
    {
      "sn": "dis109183sent67950215",
      "source_original": "소프트웨어"
    },
    {
      "sn": "dis109183sent67950216",
      "source_original": "(4) 기타비유동자산"
    },
    {
      "sn": "dis109183sent67950217",
      "source_original": "보증금"
    },
    {
      "sn": "dis109183sent67950218",
      "source_original": "자 산 총 계"
    },
    {
      "sn": "dis109183sent67950219",
      "source_original": "부 채"
    },
    {
      "sn": "dis109183sent67950220",
      "source_original": "Ⅰ. 유동부채"
    },
    {
      "sn": "dis109183sent67950221",
      "source_original": "매입채무(주석16)"
    },
    {
      "sn": "dis109183sent67950222",
      "source_original": "단기차입금(주석12,16)"
    },
    {
      "sn": "dis109183sent67950223",
      "source_original": "미지급금"
    },
    {
      "sn": "dis109183sent67950224",
      "source_original": "선수금"
    },
    {
      "sn": "dis109183sent67950225",
      "source_original": "예수금"
    },
    {
      "sn": "dis109183sent67950226",
      "source_original": "미지급비용"
    },
    {
      "sn": "dis109183sent67950227",
      "source_original": "미지급법인세"
    },
    {
      "sn": "dis109183sent67950228",
      "source_original": "유동성장기부채(주석8)"
    },
    {
      "sn": "dis109183sent67950229",
      "source_original": "Ⅱ. 비유동부채"
    },
    {
      "sn": "dis109183sent67950230",
      "source_original": "장기차입금(주석7)"
    },
    {
      "sn": "dis109183sent67950231",
      "source_original": "임대보증금"
    },
    {
      "sn": "dis109183sent67950232",
      "source_original": "퇴직급여충당부채(주석2,9)"
    },
    {
      "sn": "dis109183sent67950233",
      "source_original": "부 채 총 계"
    },
    {
      "sn": "dis109183sent67950234",
      "source_original": "자 본"
    },
    {
      "sn": "dis109183sent67950235",
      "source_original": "Ⅰ. 자본금"
    },
    {
      "sn": "dis109183sent67950236",
      "source_original": "보통주자본금(주석1,11)"
    },
    {
      "sn": "dis109183sent67950237",
      "source_original": "Ⅱ. 이익잉여금"
    },
    {
      "sn": "dis109183sent67950238",
      "source_original": "이익준비금"
    },
    {
      "sn": "dis109183sent67950239",
      "source_original": "미처분이익잉여금(주석18)"
    },
    {
      "sn": "dis109183sent67950240",
      "source_original": "자 본 총 계"
    },
    {
      "sn": "dis109183sent67950241",
      "source_original": "부 채 와 자 본 총 계"
    },
    {
      "sn": "dis109183sent67950242",
      "source_original": "주 : 첨부된 주석은 본 재무제표의 일부임."
    },
    {
      "sn": "dis109183sent67950243",
      "source_original": "손 익 계 산 서"
    },
    {
      "sn": "dis109183sent67950244",
      "source_original": "제 12 기 2021년 1월 1일부터 2021년 12월 31일까지"
    },
    {
      "sn": "dis109183sent67950245",
      "source_original": "제 11 기 2020년 1월 1일부터 2020년 12월 31일까지"
    },
    {
      "sn": "dis109183sent67950246",
      "source_original": "Ⅰ. 매출액(주석2)"
    },
    {
      "sn": "dis109183sent67950247",
      "source_original": "상품매출"
    },
    {
      "sn": "dis109183sent67950248",
      "source_original": "임대료수익"
    },
    {
      "sn": "dis109183sent67950249",
      "source_original": "Ⅱ. 매출원가"
    },
    {
      "sn": "dis109183sent67950250",
      "source_original": "상품매출원가"
    },
    {
      "sn": "dis109183sent67950251",
      "source_original": "기초재고액"
    },
    {
      "sn": "dis109183sent67950252",
      "source_original": "당기상품매입액"
    },
    {
      "sn": "dis109183sent67950253",
      "source_original": "타계정에서대체"
    },
    {
      "sn": "dis109183sent67950254",
      "source_original": "타계정으로대체"
    },
    {
      "sn": "dis109183sent67950255",
      "source_original": "기말재고액"
    },
    {
      "sn": "dis109183sent67950256",
      "source_original": "Ⅲ. 매출총이익"
    },
    {
      "sn": "dis109183sent67950257",
      "source_original": "Ⅳ. 판매비와관리비"
    },
    {
      "sn": "dis109183sent67950258",
      "source_original": "급여(주석17)"
    },
    {
      "sn": "dis109183sent67950259",
      "source_original": "퇴직급여(주석17)"
    },
    {
      "sn": "dis109183sent67950260",
      "source_original": "복리후생비(주석17)"
    },
    {
      "sn": "dis109183sent67950261",
      "source_original": "여비교통비"
    },
    {
      "sn": "dis109183sent67950262",
      "source_original": "접대비"
    },
    {
      "sn": "dis109183sent67950263",
      "source_original": "통신비"
    },
    {
      "sn": "dis109183sent67950264",
      "source_original": "수도광열비"
    },
    {
      "sn": "dis109183sent67950265",
      "source_original": "전력비"
    },
    {
      "sn": "dis109183sent67950266",
      "source_original": "세금과공과(주석17)"
    },
    {
      "sn": "dis109183sent67950267",
      "source_original": "감가상각비(주석17)"
    },
    {
      "sn": "dis109183sent67950268",
      "source_original": "임차료(주석17)"
    },
    {
      "sn": "dis109183sent67950269",
      "source_original": "수선비"
    },
    {
      "sn": "dis109183sent67950270",
      "source_original": "보험료"
    },
    {
      "sn": "dis109183sent67950271",
      "source_original": "차량유지비"
    },
    {
      "sn": "dis109183sent67950272",
      "source_original": "운반비"
    },
    {
      "sn": "dis109183sent67950273",
      "source_original": "교육훈련비"
    },
    {
      "sn": "dis109183sent67950274",
      "source_original": "도서인쇄비"
    },
    {
      "sn": "dis109183sent67950275",
      "source_original": "포장비"
    },
    {
      "sn": "dis109183sent67950276",
      "source_original": "소모품비"
    },
    {
      "sn": "dis109183sent67950277",
      "source_original": "지급수수료"
    },
    {
      "sn": "dis109183sent67950278",
      "source_original": "보관료"
    },
    {
      "sn": "dis109183sent67950279",
      "source_original": "광고선전비"
    },
    {
      "sn": "dis109183sent67950280",
      "source_original": "건물관리비"
    },
    {
      "sn": "dis109183sent67950281",
      "source_original": "판매수수료"
    },
    {
      "sn": "dis109183sent67950282",
      "source_original": "하역료"
    },
    {
      "sn": "dis109183sent67950283",
      "source_original": "수입제비용"
    },
    {
      "sn": "dis109183sent67950284",
      "source_original": "용역료"
    },
    {
      "sn": "dis109183sent67950285",
      "source_original": "무형자산상각비"
    },
    {
      "sn": "dis109183sent67950286",
      "source_original": "대손상각비"
    },
    {
      "sn": "dis109183sent67950287",
      "source_original": "잡비"
    },
    {
      "sn": "dis109183sent67950288",
      "source_original": "Ⅴ. 영업이익(손실)"
    },
    {
      "sn": "dis109183sent67950289",
      "source_original": "Ⅵ. 영업외수익"
    },
    {
      "sn": "dis109183sent67950290",
      "source_original": "이자수익"
    },
    {
      "sn": "dis109183sent67950291",
      "source_original": "외환차익"
    },
    {
      "sn": "dis109183sent67950292",
      "source_original": "외화환산이익"
    },
    {
      "sn": "dis109183sent67950293",
      "source_original": "투자자산처분이익"
    },
    {
      "sn": "dis109183sent67950294",
      "source_original": "유형자산처분이익"
    },
    {
      "sn": "dis109183sent67950295",
      "source_original": "금융상품평가이익"
    },
    {
      "sn": "dis109183sent67950296",
      "source_original": "통화선도평가이익(주석10)"
    },
    {
      "sn": "dis109183sent67950297",
      "source_original": "금융상품처분이익"
    },
    {
      "sn": "dis109183sent67950298",
      "source_original": "잡이익"
    },
    {
      "sn": "dis109183sent67950299",
      "source_original": "Ⅶ. 영업외비용"
    },
    {
      "sn": "dis109183sent67950300",
      "source_original": "이자비용"
    },
    {
      "sn": "dis109183sent67950301",
      "source_original": "외환차손"
    },
    {
      "sn": "dis109183sent67950302",
      "source_original": "외화환산손실"
    },
    {
      "sn": "dis109183sent67950303",
      "source_original": "기부금"
    },
    {
      "sn": "dis109183sent67950304",
      "source_original": "재고자산폐기손실"
    },
    {
      "sn": "dis109183sent67950305",
      "source_original": "금융상품평가손실"
    },
    {
      "sn": "dis109183sent67950306",
      "source_original": "통화선도평가손실(주석10)"
    },
    {
      "sn": "dis109183sent67950307",
      "source_original": "잡손실"
    },
    {
      "sn": "dis109183sent67950308",
      "source_original": "Ⅷ. 법인세차감전순이익"
    },
    {
      "sn": "dis109183sent67950309",
      "source_original": "Ⅸ. 법인세등(주석2)"
    },
    {
      "sn": "dis109183sent67950310",
      "source_original": "Ⅹ. 당기순이익"
    },
    {
      "sn": "dis109183sent67950311",
      "source_original": "ⅩⅠ. 주당손익(주석12)"
    },
    {
      "sn": "dis109183sent67950312",
      "source_original": "기본주당순이익"
    },
    {
      "sn": "dis109183sent67950313",
      "source_original": "자 본 변 동 표"
    },
    {
      "sn": "dis109183sent67950314",
      "source_original": "자 본 금"
    },
    {
      "sn": "dis109183sent67950315",
      "source_original": "잉여금"
    },
    {
      "sn": "dis109183sent67950316",
      "source_original": "조 정"
    },
    {
      "sn": "dis109183sent67950317",
      "source_original": "기타포괄"
    },
    {
      "sn": "dis109183sent67950318",
      "source_original": "손익누계액"
    },
    {
      "sn": "dis109183sent67950319",
      "source_original": "이 익"
    },
    {
      "sn": "dis109183sent67950320",
      "source_original": "총 계"
    },
    {
      "sn": "dis109183sent67950321",
      "source_original": "2020.01.01(보고금액)"
    },
    {
      "sn": "dis109183sent67950322",
      "source_original": "당기순이익"
    },
    {
      "sn": "dis109183sent67950323",
      "source_original": "2020.12.31(전기말)"
    },
    {
      "sn": "dis109183sent67950324",
      "source_original": "2021.01.01(보고금액)"
    },
    {
      "sn": "dis109183sent67950325",
      "source_original": "2021.12.31(당기말)"
    },
    {
      "sn": "dis109183sent67950326",
      "source_original": "현 금 흐 름 표"
    },
    {
      "sn": "dis109183sent67950327",
      "source_original": "Ⅰ. 영업활동으로 인한 현금흐름"
    },
    {
      "sn": "dis109183sent67950328",
      "source_original": "1. 당기순이익"
    },
    {
      "sn": "dis109183sent67950329",
      "source_original": "2. 현금의 유출이 없는 비용등의 가산"
    },
    {
      "sn": "dis109183sent67950330",
      "source_original": "감가상각비"
    },
    {
      "sn": "dis109183sent67950331",
      "source_original": "퇴직급여"
    },
    {
      "sn": "dis109183sent67950332",
      "source_original": "3. 현금의 유입이 없는 수익등의 차감"
    },
    {
      "sn": "dis109183sent67950333",
      "source_original": "4. 영업활동으로 인한 자산부채의 변동"
    },
    {
      "sn": "dis109183sent67950334",
      "source_original": "매출채권의 감소(증가)"
    },
    {
      "sn": "dis109183sent67950335",
      "source_original": "미수수익의 감소(증가)"
    },
    {
      "sn": "dis109183sent67950336",
      "source_original": "미수금의 감소(증가)"
    },
    {
      "sn": "dis109183sent67950337",
      "source_original": "선급금의 감소(증가)"
    },
    {
      "sn": "dis109183sent67950338",
      "source_original": "선급비용의 감소(증가)"
    },
    {
      "sn": "dis109183sent67950339",
      "source_original": "부가세대급금의 감소(증가)"
    },
    {
      "sn": "dis109183sent67950340",
      "source_original": "선급법인세의 감소(증가)"
    },
    {
      "sn": "dis109183sent67950341",
      "source_original": "재고자산의 감소(증가)"
    },
    {
      "sn": "dis109183sent67950342",
      "source_original": "매입채무의 증가(감소)"
    },
    {
      "sn": "dis109183sent67950343",
      "source_original": "미지급금의 증가(감소)"
    },
    {
      "sn": "dis109183sent67950344",
      "source_original": "선수금의 증가(감소)"
    },
    {
      "sn": "dis109183sent67950345",
      "source_original": "예수금의 증가(감소)"
    },
    {
      "sn": "dis109183sent67950346",
      "source_original": "미지급비용의 증가(감소)"
    },
    {
      "sn": "dis109183sent67950347",
      "source_original": "미지급법인세의 증가(감소)"
    },
    {
      "sn": "dis109183sent67950348",
      "source_original": "퇴직금의 지급"
    },
    {
      "sn": "dis109183sent67950349",
      "source_original": "통화선도의 증감"
    },
    {
      "sn": "dis109183sent67950350",
      "source_original": "Ⅱ. 투자활동으로 인한 현금흐름"
    },
    {
      "sn": "dis109183sent67950351",
      "source_original": "1. 투자활동으로 인한 현금유입액"
    },
    {
      "sn": "dis109183sent67950352",
      "source_original": "장기금융상품의 감소"
    },
    {
      "sn": "dis109183sent67950353",
      "source_original": "차량운반구의 처분"
    },
    {
      "sn": "dis109183sent67950354",
      "source_original": "보증금의 감소"
    },
    {
      "sn": "dis109183sent67950355",
      "source_original": "2. 투자활동으로 인한 현금유출액"
    },
    {
      "sn": "dis109183sent67950356",
      "source_original": "장기금융상품의 증가"
    },
    {
      "sn": "dis109183sent67950357",
      "source_original": "장기대여금의 증가"
    },
    {
      "sn": "dis109183sent67950358",
      "source_original": "매도가능증권의 증가"
    },
    {
      "sn": "dis109183sent67950359",
      "source_original": "토지의 취득"
    },
    {
      "sn": "dis109183sent67950360",
      "source_original": "차량운반구의 취득"
    },
    {
      "sn": "dis109183sent67950361",
      "source_original": "비품의 취득"
    },
    {
      "sn": "dis109183sent67950362",
      "source_original": "건설중인자산의 증가"
    },
    {
      "sn": "dis109183sent67950363",
      "source_original": "소프트웨어의 취득"
    },
    {
      "sn": "dis109183sent67950364",
      "source_original": "보증금의 증가"
    },
    {
      "sn": "dis109183sent67950365",
      "source_original": "Ⅲ. 재무활동으로 인한 현금흐름"
    },
    {
      "sn": "dis109183sent67950366",
      "source_original": "1. 재무활동으로 인한 현금유입액"
    },
    {
      "sn": "dis109183sent67950367",
      "source_original": "단기차입금의 증가"
    },
    {
      "sn": "dis109183sent67950368",
      "source_original": "장기차입금의 증가"
    },
    {
      "sn": "dis109183sent67950369",
      "source_original": "임대보증금의 증가"
    },
    {
      "sn": "dis109183sent67950370",
      "source_original": "2. 재무활동으로 인한 현금유출액"
    },
    {
      "sn": "dis109183sent67950371",
      "source_original": "단기차입금의 감소"
    },
    {
      "sn": "dis109183sent67950372",
      "source_original": "유동성장기부채의 감소"
    },
    {
      "sn": "dis109183sent67950373",
      "source_original": "Ⅳ. 현금의 증가(감소)(Ⅰ+Ⅱ+Ⅲ)"
    },
    {
      "sn": "dis109183sent67950374",
      "source_original": "Ⅴ. 기초의 현금"
    },
    {
      "sn": "dis109183sent67950375",
      "source_original": "Ⅵ. 기말의 현금(주석14)"
    },
    {
      "sn": "dis109183sent67950376",
      "source_original": "주석"
    },
    {
      "sn": "dis109183sent67950377",
      "source_original": "제12(당)기 2021년 12월 31일 현재"
    },
    {
      "sn": "dis109183sent67950378",
      "source_original": "제11(전)기 2020년 12월 31일 현재"
    },
    {
      "sn": "dis109183sent67950379",
      "source_original": "1. 회사의 개요"
    },
    {
      "sn": "dis109183sent67950380",
      "source_original": "당사는 2010년2월18일 설립되었으며, 청과물 수입, 수출 및 유통 , 목재수출입 도매, 창고업 등을 사업목적으로 하고 있습니다."
    },
    {
      "sn": "dis109183sent67950381",
      "source_original": "1-1. 회사 소재지 및 경영자"
    },
    {
      "sn": "dis109183sent67950382",
      "source_original": "ㆍ본사 : 서울특별시 송파구 위례성대로18길 27"
    },
    {
      "sn": "dis109183sent67950383",
      "source_original": "ㆍ대표이사 : 전 선 우"
    },
    {
      "sn": "dis109183sent67950384",
      "source_original": "1-2. 당사의 주요 연혁"
    },
    {
      "sn": "dis109183sent67950385",
      "source_original": "ㆍ2010.02 회사설립(자본금 1억원)"
    },
    {
      "sn": "dis109183sent67950386",
      "source_original": "ㆍ2010.02 GLS INTERNATIONAL사 합자 및 독점공급"
    },
    {
      "sn": "dis109183sent67950387",
      "source_original": "ㆍ2013.12 파라마운트사 고당도 오렌지 카슈골드 수입판매"
    },
    {
      "sn": "dis109183sent67950388",
      "source_original": "ㆍ2017.12 국내 최대수입포도 공급사"
    },
    {
      "sn": "dis109183sent67950389",
      "source_original": "ㆍ2021.04 선우마케팅 하남지점 설치(창고임대)"
    },
    {
      "sn": "dis109183sent67950390",
      "source_original": "1-3. 주주의 현황"
    },
    {
      "sn": "dis109183sent67950391",
      "source_original": "재무제표일 현재 주주내용은 다음과 같습니다."
    },
    {
      "sn": "dis109183sent67950392",
      "source_original": "(단위 : 주)"
    },
    {
      "sn": "dis109183sent67950393",
      "source_original": "주 주 명"
    },
    {
      "sn": "dis109183sent67950394",
      "source_original": "당 기 말"
    },
    {
      "sn": "dis109183sent67950395",
      "source_original": "소유주식수"
    },
    {
      "sn": "dis109183sent67950396",
      "source_original": "지분율(%)"
    },
    {
      "sn": "dis109183sent67950397",
      "source_original": "전 선 우"
    },
    {
      "sn": "dis109183sent67950398",
      "source_original": "기 타"
    },
    {
      "sn": "dis109183sent67950399",
      "source_original": "계"
    },
    {
      "sn": "dis109183sent67950400",
      "source_original": "2. 중요한 회계처리방침"
    },
    {
      "sn": "dis109183sent67950401",
      "source_original": "(1) 회계기준의 적용"
    },
    {
      "sn": "dis109183sent67950402",
      "source_original": "당사의 재무제표는 한국의 일반기업회계기준을 적용하여 작성되으며, 이 회계기준은\"주식회사의 외부감사에 관한 법률\"의 적용대상기업 중 한국채택국제회계기준에 따라 회계처리하지 아니하는 기업에 적용되는 기준입니다."
    },
    {
      "sn": "dis109183sent67950403",
      "source_original": "당사는 다음에서 설명하고 있는 사항을 제외하고는, 2020년 12월 31일로 종료하는 회계연도의 재무제표를 작성할 때에 적용한 것과 동일한 회계정책을 적용하고 있으며 재무제표 작성에 적용된 중요한 회계처리방침은 다음과 같습니다"
    },
    {
      "sn": "dis109183sent67950404",
      "source_original": "1) 일반기업회계기준 제25장 특수관계자 공시"
    },
    {
      "sn": "dis109183sent67950405",
      "source_original": "개정된 기준은 주요 경영진 보상에 관한 공시 규정을 수정하여 주요 경영진 보상 총액과 분류별 금액에 관한 공시 모두가 생략 범위에 포함됨을 명확히 하였습니다."
    },
    {
      "sn": "dis109183sent67950406",
      "source_original": "동 개정이 재무제표에 미치는 중요한 영향은 없습니다."
    },
    {
      "sn": "dis109183sent67950407",
      "source_original": "2) 일반기업회계기준 제29장 중간재무제표"
    },
    {
      "sn": "dis109183sent67950408",
      "source_original": "개정된 기준은 직전 연도의 동일 중간기간에 대한 현금흐름표나 자본변동표가 작성되지 않은 경우에도 손익계산서와 마찬가지로 비교 표시 면제 규정을 적용할 수 있음을 명확히 하였습니다."
    },
    {
      "sn": "dis109183sent67950409",
      "source_original": "3) 일반기업회계기준 제31장 중소기업 회계처리 특례"
    },
    {
      "sn": "dis109183sent67950410",
      "source_original": "개정된 기준은 시장성이 없는 지분증권은 취득원가에서 손상차손누계액을 차감한 금액으로 측정할 수 있으며, 관계기업이나 공동지배기업에 지분법을 적용하지 않을 경우 취득원가에서 손상차손누계액을 차감한 금액과 공정가치 중 하나로 측정함을 명확히 하였습니다."
    },
    {
      "sn": "dis109183sent67950411",
      "source_original": "한편, 당사의 당기 재무제표는 2022년 3월 31일 주주총회에서 확정될 예정입니다."
    },
    {
      "sn": "dis109183sent67950412",
      "source_original": "(2) 주요회계처리방침"
    },
    {
      "sn": "dis109183sent67950413",
      "source_original": "2-1. 수익의 인식 기준"
    },
    {
      "sn": "dis109183sent67950414",
      "source_original": "상품 및 제품 매출 등 재화의 판매로 인한 수익은 재화의 소유에 따른 위험과 효익의 대부분이 구매자에게 이전되고, 판매자는 판매한 재화에 대하여 소유권이 있을때 통상적으로 행사하는 정도의 관리나 효과적인 통제를 할 수 없고, 수익금액을 신뢰성있게 측정할 수 있으며, 경제적 효익의 유입가능성이 매우 높으며, 거래와 관련하여 발생하였거나 발생할 거래원가와 관련 비용을 신뢰성 있게 측정할 수 있을 때 인식하고있습니다."
    },
    {
      "sn": "dis109183sent67950415",
      "source_original": "용역매출은 거래 전체의 수익금액을 신뢰성 있게 측정할 수 있고, 경제적 효익의 유입가능성이 매우 높으며, 진행율을 신뢰성 있게 측정할 수 있고, 이미 발생한 원가와 추가로 발생할 원가를 신뢰성 있게 측정할 수 있을 때 진행기준에 의하여 수익을 인식하고 있습니다."
    },
    {
      "sn": "dis109183sent67950416",
      "source_original": "2-2. 현금성자산의 분류"
    },
    {
      "sn": "dis109183sent67950417",
      "source_original": "큰 거래비용 없이 현금으로 전환이 용이하고 이자율변동에 따른 가치변동이 중요하지 않은 금융상품(유가증권 및 단기금융상품)으로서 취득당시 만기(또는 상환일)가 3개월 이내에 도래하는 것을 현금성자산으로 분류하고 있습니다."
    },
    {
      "sn": "dis109183sent67950418",
      "source_original": "2-3. 금융상품"
    },
    {
      "sn": "dis109183sent67950419",
      "source_original": "당사는 단기적 자금운용목적으로 소유하거나 기한이 1년 이내에 도래하는 금융기관의 정기예금, 정기적금 등을 단기금융상품으로 분류하고, 유동자산에 속하지 아니하는 금융상품을 장기금융상품으로 분류하고 있습니다."
    },
    {
      "sn": "dis109183sent67950420",
      "source_original": "2-4. 금융자산과 금융부채의 측정"
    },
    {
      "sn": "dis109183sent67950421",
      "source_original": "최초측정"
    },
    {
      "sn": "dis109183sent67950422",
      "source_original": "회사는 금융자산과 금융부채의 최초인식시 공정가치로 측정하고 있으며, 이 때의 공정가치는 일반적으로 거래가격(금융자산의 경우에는 제공한 대가의 공정가치, 금융부채의 경우에는 수취한 대가의 공정가치)입니다."
    },
    {
      "sn": "dis109183sent67950423",
      "source_original": "그러나 장기연불조건의 매매거래, 장기금전대차거래 또는 이와 유사한 거래에서 발생하는 채권ㆍ채무로서 명목금액과 공정가치의 차이가 유의적인 경우에는 공정가치로 평가합니다."
    },
    {
      "sn": "dis109183sent67950424",
      "source_original": "제공(수취)한 대가에 금융상품이 아닌 다른 것에 대한 대가가 포함되었다면 그 금융상품의 공정가치는 시장가격으로 평가하되, 시장가격이 없는 경우에는 평가기법(현재가치평가기법을 포함)을 사용하여 공정가치를 추정합니다."
    },
    {
      "sn": "dis109183sent67950425",
      "source_original": "다만, 제공하거나 수취한 대가에 금융상품이 아닌 다른 것에 대한 대가가 포함되었더라도, 자금의 사용에 따른 반대 급부(예를 들어 생산물 공급가액의 제약 등)를 부과하거나 제공하는 자금의 조달과 사용의 연계성이 확실한 경우 및 임대차보증금에 대하여는 거래가격 전체를 금융상품의 최초인식액으로 하고 있습니다."
    },
    {
      "sn": "dis109183sent67950426",
      "source_original": "회사는 단기매매증권, 파생상품(현금흐름위험회피회계에서 위험회피수단으로 지정되는 경우는 제외) 같이 최초 인식 이후 공정가치로 측정하고 공정가치의 변동을 당기손익으로 인식하는 금융자산이나 금융부채가 아닌 경우에는 당해 금융자산의 취득 또는 금융부채의 발행과 직접적으로 관련된 거래원가를 최초인식하는 공정가치에 가산 또는 차감하고 있습니다."
    },
    {
      "sn": "dis109183sent67950427",
      "source_original": "회사는 금융상품의 현재가치 측정시에 당해 거래의 내재이자율을 적용하고 있으나, 이러한 이자율을 구할 수 없거나 동종시장이자율과의 차이가 유의적인 경우에는 동종시장이자율을 적용하고, 동종시장이자율을 실무적으로 산정할 수 없는 경우에는 객관적이고 합리적인 기준에 의하여 산출한 가중평균이자율을 적용하고 있으며, 가중평균이자율을 산출하기 위한 객관적이고 합리적인 기준이 없는 경우에는 회사채 유통수익률을 기초로 회사의 신용도 등을 반영하여 회사에 적용될 자금조달비용을 합리적으로 추정하여 적용합니다."
    },
    {
      "sn": "dis109183sent67950428",
      "source_original": "후속측정"
    },
    {
      "sn": "dis109183sent67950429",
      "source_original": "회사는 금융자산 및 금융부채에 대하여 유가증권, 당기손익인식지정항목 및 금융보증계약을 제외하고는 유효이자율법을 적용하여 상각후원가로 측정하고 있습니다."
    },
    {
      "sn": "dis109183sent67950430",
      "source_original": "2-5. 대손충당금"
    },
    {
      "sn": "dis109183sent67950431",
      "source_original": "당사는 보고기간 종료일 현재 매출채권, 대여금, 미수금 등 채권잔액의 회수가능성에대한 개별분석 및 과거의 대손경험률을 토대로 하여 예상되는 대손추정액을 대손충당금으로 설정하고 있습니다."
    },
    {
      "sn": "dis109183sent67950432",
      "source_original": "2-6. 재고자산의 평가"
    },
    {
      "sn": "dis109183sent67950433",
      "source_original": "재고자산 수량은 기중에 계속기록법에 의하여 파악하고 매기말 재고실사에 의하여 확인하고 있으며, 재고자산 가액은 선입선출법에 의하여 산정한 취득원가로 평가하고 있습니다."
    },
    {
      "sn": "dis109183sent67950434",
      "source_original": "다만, 시가(제품, 상품 및 재공품은 순실현가능가액, 원재료는 현행대체원가)가 취득원가보다 하락한 경우에는 시가를 재무상태표가액으로 하고 있습니다."
    },
    {
      "sn": "dis109183sent67950435",
      "source_original": "한편, 재고자산의 시가의 하락으로 발생한 재고자산평가손실을 재고자산의 차감계정으로 표시하고 매출원가에 가산하며, 시가가 장부가액보다 상승한 경우 최초의 장부가액을 초과하지 아니한 범위내에서 평가손실을 환입하고 매출원가에서 차감하고 있습니다."
    },
    {
      "sn": "dis109183sent67950436",
      "source_original": "재고자산의 장부상 수량과 실제 수량과의 차이에서 발생하는 감모손실의 경우 정상적으로 발생한 감모손실은 매출원가에 가산하고 비정상적으로 발생한 감모손실은 영업외비용으로 분류하고 있습니다."
    },
    {
      "sn": "dis109183sent67950437",
      "source_original": "2-7. 유가증권(장단기 투자증권)의 평가"
    },
    {
      "sn": "dis109183sent67950438",
      "source_original": "유가증권의 취득원가는 유가증권의 취득을 위하여 제공한 대가의 시장가격(제공한 대가의 시장가격이 없는 경우에는 취득한 유가증권의 시장가격 또는 추정공정가액)에 취득부대비용을 가산하여 지분증권은 이동평균법을, 채무증권은 개별법을 적용하여 취득원가를 산정하고 있습니다."
    },
    {
      "sn": "dis109183sent67950439",
      "source_original": "채무증권의 경우 취득원가와 만기 액면가액의 차이를 상환기간에 걸쳐 유효이자율법에 의하여 상각하여 취득원가와 이자수익에 가감하고 있습니다."
    },
    {
      "sn": "dis109183sent67950440",
      "source_original": "한편, 유가증권은 취득 목적과 성격에 따라 단기매매증권, 매도가능증권, 만기보유증권, 지분법적용투자주식으로 분류하고 있으며, 당사가 적용하고 있는 유가증권의 평가방법은 다음과 같습니다."
    },
    {
      "sn": "dis109183sent67950441",
      "source_original": "단기매매증권의 평가"
    },
    {
      "sn": "dis109183sent67950442",
      "source_original": "단기매매증권은 단기간의 매매차익을 목적으로 취득 및 보유하며, 매매가 적극적이고 빈번하게 발생하는 유가증권으로서 취득원가와 공정가액이 다른 경우 공정가액을재무상태표가액으로 하고 있으며, 미실현보유손익은 단기매매증권평가손익으로 계상하여 당기손익으로 처리하고 있습니다."
    },
    {
      "sn": "dis109183sent67950443",
      "source_original": "만기보유증권의 평가"
    },
    {
      "sn": "dis109183sent67950444",
      "source_original": "만기보유증권은 원금 및 이자의 상환금액과 상환시기가 약정에 의하여 확정되었거나확정이 가능한 채무증권으로서 만기까지 보유할 적극적인 의도와 능력이 있는 경우 만기보유증권으로 분류하고 있습니다."
    },
    {
      "sn": "dis109183sent67950445",
      "source_original": "만기보유증권은 상각후원가를 재무상태표가액으로 하고 있으며, 취득원가와 액면가액의 차액은 상환기간에 걸쳐 유효이자율법을 적용 상각하여 취득원가와 이자수익에 가감하고 있습니다."
    },
    {
      "sn": "dis109183sent67950446",
      "source_original": "매도가능증권의 평가"
    },
    {
      "sn": "dis109183sent67950447",
      "source_original": "매도가능증권은 단기매매증권이나 만기보유증권으로 분류되지 아니하는 유가증권으로서 취득원가(채무증권의 경우 상각후 취득원가)와 공정가액이 다른 경우 공정가액을 재무상태표가액으로 하고 있으며, 공정가액과 취득원가의 차액인 미실현보유손익은 기타포괄손익누계액으로 처리하고 있습니다."
    },
    {
      "sn": "dis109183sent67950448",
      "source_original": "기타포괄손익누계액으로 계상된 금액은 당해 유가증권을 처분하거나 손상차손을 인식하는 시점에 일괄하여 당기손익에 반영합니다."
    },
    {
      "sn": "dis109183sent67950449",
      "source_original": "다만, 시장성이 없는 지분증권의 공정가액을 신뢰성 있게 측정할 수 없는 경우에는 취득원가를 재무상태표가액으로 하고 있습니다."
    },
    {
      "sn": "dis109183sent67950450",
      "source_original": "지분법적용투자주식"
    },
    {
      "sn": "dis109183sent67950451",
      "source_original": "피투자회사에 대하여 중대한 영향력을 행사할 수 있는 지분증권을 지분법적용투자주식으로 분류하고 있으며, 지분법을 적용하여 평가한 가액을 재무상태표가액으로 하고 있습니다."
    },
    {
      "sn": "dis109183sent67950452",
      "source_original": "지분법적용투자주식의 장부가액과 재무상태표가액의 차이가 피투자회사의 당기순손익에 의하여 발생한 경우에는 당기손익으로, 피투자회사의 이익잉여금의 증감에 의하여 발생한 경우에는 이익잉여금 증감으로, 피투자회사의 자본잉여금 및 자본조정의 증감에 의하여 발생한 경우는 기타포괄손익누계액으로 처리하고 있습니다."
    },
    {
      "sn": "dis109183sent67950453",
      "source_original": "유가증권의 손상차손"
    },
    {
      "sn": "dis109183sent67950454",
      "source_original": "당사는 손상차손의 발생에 대한 객관적인 증거가 있는지 보고기간종료일마다 평가하여 유가증권의 회수가능액이 채무증권의 상각후원가 또는 지분증권의 취득원가보다 작은 경우에는 손상차손이 불필요하다는 명백한 반증이 없는 한 손상차손을 인식하여 만기보유증권(또는 매도가능증권)손상차손의 과목으로 하여 영업외비용에 반영하고 있습니다."
    },
    {
      "sn": "dis109183sent67950455",
      "source_original": "또한, 손상차손의 회복이 손상차손 인식 후에 발생한 사건과 객관적으로 관련된 경우, 만기보유증권 또는 원가로 평가하는 매도가능증권의 경우에는 회복된 금액을 만기보유증권(또는 매도가능증권)손상차손환입의 과목으로 하여 영업외수"
    },
    {
      "sn": "dis109183sent67950456",
      "source_original": "익으로 인식하되, 회복 후 장부금액이 당초에 손상차손을 인식하지 않았다면 회복일 현재의 상각후원가(매도가능증권의 경우 취득원가)가 되었을 금액을 초과하지 않도록 하며, 공정가치로 평가하는 매도가능증권의 경우에는 이전에 인식하였던 손상차손 금액을 한도로 하여 회복된 금액을 매도가능증권손상차손환입의 과목으로 하여 영업외수익으로 인식하고 있습니다"
    },
    {
      "sn": "dis109183sent67950457",
      "source_original": "2-8. 유형자산의 평가"
    },
    {
      "sn": "dis109183sent67950458",
      "source_original": "유형자산은 취득원가(현물출자, 증여, 기타 무상으로 취득한 자산은 공정가액)로 평가하고 있으며, 자산재평가법에 의하여 재평가된 자산은 재평가액으로 평가하고 있습니다."
    },
    {
      "sn": "dis109183sent67950459",
      "source_original": "동종자산과의 교환으로 받은 유형자산의 취득원가는 교환으로 제공한 자산의 장부금액으로, 다른 종류의 자산과의 교환으로 취득한 자산의 취득원가는 교환을 위하여 제공한 자산의 공정가치로 측정하고, 제공한 자산의 공정가치가 불확실한 경우에는 교환으로 취득한 자산의 공정가치로 측정하고 있습니다."
    },
    {
      "sn": "dis109183sent67950460",
      "source_original": "또한, 당사는 유형자산의 취득 또는 완성 후의 지출이 가장 최근에 평가된 성능 수준을 초과하여 미래 경제적 효익을 증가시키는 경우에는 자본적 지출로 처리하고, 단지 원상을 회복시키거나 능률유지를 위한 지출은 당기의 비용으로 처리하고 있습니다."
    },
    {
      "sn": "dis109183sent67950461",
      "source_original": "한편, 당사는 자산의 제조, 매입, 건설 또는 개발과 직접 관련한 금융비용을 자본화하고 있으며 당기 및 전기 중 자본화한 금액은 각각 28,565천원 및 28,224천원입니다."
    },
    {
      "sn": "dis109183sent67950462",
      "source_original": "유형자산은 아래 추정내용연수에 따라 정액법에 의하여 감가상각을 하고 있습니다."
    },
    {
      "sn": "dis109183sent67950463",
      "source_original": "추정내용연수"
    },
    {
      "sn": "dis109183sent67950464",
      "source_original": "기 계 장 치"
    },
    {
      "sn": "dis109183sent67950465",
      "source_original": "5년"
    },
    {
      "sn": "dis109183sent67950466",
      "source_original": "차 량 운 반 구"
    },
    {
      "sn": "dis109183sent67950467",
      "source_original": "비 품"
    },
    {
      "sn": "dis109183sent67950468",
      "source_original": "시 설 장 치"
    },
    {
      "sn": "dis109183sent67950469",
      "source_original": "당사는 내용연수 도중 사용을 중단하고, 처분 또는 폐기할 예정인 유형자산은 감가상각을 하지 않는 대신 사용을 중단한 시점의 장부금액을 투자자산으로 재분류하고, 손상차손 발생 여부를 매 회계연도 말에 검토하고 있습니다."
    },
    {
      "sn": "dis109183sent67950470",
      "source_original": "다만, 내용연수 도중 사용을 중단하였으나, 장래 사용을 재개할 예정인 유형자산에 대해서는 감가상각을 하되,그 감가상각비는 운휴자산감가상각비의 과목으로 영업외비용 처리하고 있습니다."
    },
    {
      "sn": "dis109183sent67950471",
      "source_original": "2-9. 무형자산의 평가"
    },
    {
      "sn": "dis109183sent67950472",
      "source_original": "무형자산은 취득원가로 평가하고 있으며, 무형자산의 추정내용연수(5년)에 걸쳐 정액법에 의하여 산정된 상각액을 차감한 잔액을 재무상태표가액으로 하고 있습니다."
    },
    {
      "sn": "dis109183sent67950473",
      "source_original": "자산손상"
    },
    {
      "sn": "dis109183sent67950474",
      "source_original": "당사는 금융자산, 재고자산, 건설형 공사계약에서 발생한 자산, 이연법인세자산, 생물자산 및 중단사업에 속하는 자산을 제외한 당사의 모든 자산에 대하여 매 보고기간말마다 자산손상을 시사하는 징후가 있는지 검토하고 있습니다."
    },
    {
      "sn": "dis109183sent67950475",
      "source_original": "만약 그러한 징후가있다면 당해 자산의 회수가능액을 추정하고 있으며 자산의 회수가능액이 장부금액에중요하게 미달하게 되는 경우에는 장부금액을 회수가능액으로 조정하고 그 차액을 손상차손으로 처리하고 있습니다."
    },
    {
      "sn": "dis109183sent67950476",
      "source_original": "다만, 유형자산의 경우에는 유형자산의 손상징후가 있다고 판단되고 당해 유형자산(개별 자산 또는 유형자산만으로 구성된 현금창출단위 포함)의 사용 및 처분으로 부터 기대되는 미래의 현금흐름총액의 추정액이 장부금액에 미달하는 경우에 장부금액을 회수가능액으로 조정하고 그 차액을 손상차손으로 처리하고 있습니다."
    },
    {
      "sn": "dis109183sent67950477",
      "source_original": "또한, 아직 사용가능하지 않은 무형자산과 사용을 중지하고 처분을 위해 보유하는 자산에 대해서는 자산손상을 시사하는 징후와 관계없이 매 보고기간말에 회수가능액을추정하고 있습니다."
    },
    {
      "sn": "dis109183sent67950478",
      "source_original": "당사는 개별 자산별로 회수가능액을 추정하고 있으며 만약 개별 자산의 회수가능액을 추정할 수 없다면 그 자산이 속한 현금창출단위(다른 자산이나 자산집단에서의 현금유입과는 거의 독립적인 현금유입을 창출하는 식별가능한 최소자산집단)로 회수가능액을 결정하고 있습니다."
    },
    {
      "sn": "dis109183sent67950479",
      "source_original": "현금창출단위의 회수가능액이 장부금액에 미달하는 경우에는 손상차손을 인식하며 손상차손은 우선적으로 현금창출단위(또는 현금창출단위집단)에 배분된 영업권의 장부금액을 감소시키는데 배분되고 그 다음 현금창출단위 (또는 현금창출단위집단)에 속하는 다른 자산에 각각 장부금액에 비례하여 배분하며,이러한 경우 개별 자산의 장부금액은 순공정가치, 사용가치 또는 영(0) 중 가장 큰 금액 이하로 감소할 수 없습니다."
    },
    {
      "sn": "dis109183sent67950480",
      "source_original": "영업권을 제외한 자산의 손상차손환입으로 증가된 장부금액은 과거에 손상차손을 인식하기 전 장부금액의 감가상각 또는 상각 후 잔액을 초과할 수 없으며 즉시 당기손익으로 인식하고 있습니다."
    },
    {
      "sn": "dis109183sent67950481",
      "source_original": "퇴직급여충당부채"
    },
    {
      "sn": "dis109183sent67950482",
      "source_original": "당사는 보고기간말 현재 1년이상 근속한 전 임직원이 일시에 퇴직할 경우 지급하여야 할 퇴직금(근로기준법과 당사의 퇴직금지급규정 중 큰 금액)에 상당하는 금액을 퇴직급여충당부채로 계상하고 있습니다."
    },
    {
      "sn": "dis109183sent67950483",
      "source_original": "당사는 2020년부터 퇴직연금제도를 도입하였으며, 퇴직연금규약에 따라 퇴직연금제도의 설정 이후의 근무기간을 가입기간으로 하고 그 이전 근무기간에 대해서는 기존의 퇴직금제도를 그대로 유지하고 있습니다."
    },
    {
      "sn": "dis109183sent67950484",
      "source_original": "당사는 종업원에 대하여 확정급여형퇴직연급제도 및 확정기여형퇴직연금제도를 운용하고있으며, 확정급여형퇴직연금제도에서 운용되는 자산은 퇴직연금운용자산의 과목으로 하여 퇴직급여충당부채에서 차감하는 형식으로 표시하고 있습니다."
    },
    {
      "sn": "dis109183sent67950485",
      "source_original": "다만 퇴직연금운용자산이 퇴직급여관련 부채의 합계액을 초과하는 경우에는 초과액을 투자자산으로 처리하고 있습니다."
    },
    {
      "sn": "dis109183sent67950486",
      "source_original": "한편, 확정기여형 퇴직연금제도의 경우 당사는 연금의 운용결과와 관계없이 확정된 부담금을 납부합니다."
    },
    {
      "sn": "dis109183sent67950487",
      "source_original": "당해 회계기간에 납부하여야 할 부담금을 퇴직급여로 인식하고 있습니다."
    },
    {
      "sn": "dis109183sent67950488",
      "source_original": "2-12 충당부채와 우발채무"
    },
    {
      "sn": "dis109183sent67950489",
      "source_original": "당사는 지출의 시기 또는 금액이 불확실한 부채 중 과거사건이나 거래의 결과로 존재하는 현재의무를 이행하기 위하여 자원이 유출될 가능성이 매우 높고, 그 의무의 이행에 소요되는 금액을 신뢰성있게 추정할 수 있는 경우 충당부채로 계상하고 있습니다."
    },
    {
      "sn": "dis109183sent67950490",
      "source_original": "또한 충당부채의 명목가액과 현재가치의 차이가 중요한 경우에는 의무를 이행하기 위하여 예상되는 지출액의 현재가치로 평가하고 있습니다."
    },
    {
      "sn": "dis109183sent67950491",
      "source_original": "한편, 과거사건은 발생하였으나 불확실한 미래사건의 발생여부에 의해서 존재여부가확인되는 잠재적인 의무 또는 과거사건이나 거래의 결과로 발생한 현재 의무이지만 자원이 유출된 가능성이 매우 높지 않거나 당해 의무를 이행하여야 할 금액을 신뢰성있게 추정할 수 없는 경우 우발채무로 주석기재하고 있습니다."
    },
    {
      "sn": "dis109183sent67950492",
      "source_original": "환율변동효과"
    },
    {
      "sn": "dis109183sent67950493",
      "source_original": "기능통화 및 표시통화"
    },
    {
      "sn": "dis109183sent67950494",
      "source_original": "당사는 매출ㆍ매입 등 주요 영업활동이 이루어지는 주된 경제환경의 통화인 원화를 기능통화로 결정하여 재무제표를 작성하였습니다."
    },
    {
      "sn": "dis109183sent67950495",
      "source_original": "외화거래"
    },
    {
      "sn": "dis109183sent67950496",
      "source_original": "당사는 기능통화 외의 통화(외화)로 이루어진 거래는 거래일의 환율을 적용하여 기록하고 있습니다."
    },
    {
      "sn": "dis109183sent67950497",
      "source_original": "역사적원가로 측정하는 비화폐성 외화항목은 거래일의 환율로 환산하고, 공정가치로 측정하는 비화폐성항목은 공정가치가 결정된 날의 환율로 환산하였습니다."
    },
    {
      "sn": "dis109183sent67950498",
      "source_original": "비화폐성항목에서 발생한 손익을 기타포괄손익으로 인식하는 경우에는 그손익에 포함된 환율변동효과도 기타포괄손익으로 인식하고, 당기손익으로 인식하는 경우에는 환율변동효과도 당기손익으로 인식하고 있습니다."
    },
    {
      "sn": "dis109183sent67950499",
      "source_original": "또한, 화폐성 외화자산 및 부채는 재무상태표일 환율로 환산하고 있으며 환산손익은 당기손익으로 계상하고 있습니다."
    },
    {
      "sn": "dis109183sent67950500",
      "source_original": "다만, 외화표시 매도가능채무증권의 경우 동 금액을 기타포괄손익에 인식하고 있습니다."
    },
    {
      "sn": "dis109183sent67950501",
      "source_original": "비화폐성 외화자산과 외화부채는 당해 자산을 취득하거나 당해 부채를 부담한 당시의 환율을 적용하여 환산하고 있으며, 화폐성 외화자산과 외화부채는 재무상태표일의 기준환율을 적용하여 원화로 환산하고, 이에 따라 발생하는 외화환산손익은 당기손익으로 처리하고 있습니다."
    },
    {
      "sn": "dis109183sent67950502",
      "source_original": "파생상품"
    },
    {
      "sn": "dis109183sent67950503",
      "source_original": "회사는 파생상품의 계약에 따라 발생된 권리와 의무를 공정가치로 평가하여 자산과 부채로 계상하고, 동 계약으로부터 발생한 손익은 발생시점에 당기손익으로 인식하고 있습니다."
    },
    {
      "sn": "dis109183sent67950504",
      "source_original": "다만, 위험회피를 목적으로 하는 경우, 특정위험으로 인한 자산ㆍ부채 및 확정계약의 공정가치의 변동위험을 회피하는 계약에서 발생한 평가손익은 당기손익으로 처리하고, 미래 예상거래의 현금흐름변동위험을 회피하는 계약에서 발생한 평가손익은 기타포괄손익누계액으로 처리하고 있습니다"
    },
    {
      "sn": "dis109183sent67950505",
      "source_original": "중소기업의 회계처리에 대한 특례"
    },
    {
      "sn": "dis109183sent67950506",
      "source_original": "당사는 중소기업기본법에 의한 중소기업으로서 일반기업회계기준 제31장 \"중소기업회계처리 특례\"에 의하여 회계처리하고 있습니다."
    },
    {
      "sn": "dis109183sent67950507",
      "source_original": "(1) 법인세비용은 법인세법 등의 법령에 의하여 납부하여야 할 금액을 법인세 등의 과목으로 표시하고 있습니다."
    },
    {
      "sn": "dis109183sent67950508",
      "source_original": "(2) 시장성없는 지분증권을 취득원가로 평가하고 있으며, 매기말마다 회수가능가액을 분석하여 손상여부를 판단하고 있습니다."
    },
    {
      "sn": "dis109183sent67950509",
      "source_original": "(3) 유형자산의 내용연수 및 잔존가치의 결정은 법인세법의 규정에 따르고 있습니다.(4) 장기연불조건의 매매거래 및 장기금전대차거래 등에서 발생하는 채권채무는 명목가액을 재무상태표가액으로 계상하고 있습니다."
    },
    {
      "sn": "dis109183sent67950510",
      "source_original": "추정의 사용"
    },
    {
      "sn": "dis109183sent67950511",
      "source_original": "한국의 일반기업회계기준에 따라 재무제표를 작성하기 위해서 회사의 경영자는 자산및 부채의 금액 및 충당부채 등에 대한 공시, 수익 및 비용의 측정과 관련하여 많은 합리적인 추정과 가정을 사용합니다."
    },
    {
      "sn": "dis109183sent67950512",
      "source_original": "여기에는 유형자산의 장부금액, 매출채권, 재고자산 및 충당부채 등이 포함됩니다."
    },
    {
      "sn": "dis109183sent67950513",
      "source_original": "이러한 평가금액은 실제와 다를 수 있습니다."
    },
    {
      "sn": "dis109183sent67950514",
      "source_original": "3. 매도가능증권"
    },
    {
      "sn": "dis109183sent67950515",
      "source_original": "재무제표일 현재 매도가능증권의 내용은 다음과 같습니다."
    },
    {
      "sn": "dis109183sent67950516",
      "source_original": "(단위:천원)"
    },
    {
      "sn": "dis109183sent67950517",
      "source_original": "회사명"
    },
    {
      "sn": "dis109183sent67950518",
      "source_original": "당 기"
    },
    {
      "sn": "dis109183sent67950519",
      "source_original": "전 기"
    },
    {
      "sn": "dis109183sent67950520",
      "source_original": "지분율"
    },
    {
      "sn": "dis109183sent67950521",
      "source_original": "취득가액"
    },
    {
      "sn": "dis109183sent67950522",
      "source_original": "순자산가액"
    },
    {
      "sn": "dis109183sent67950523",
      "source_original": "장부금액"
    },
    {
      "sn": "dis109183sent67950524",
      "source_original": "상기 매도가능증권은 중소기업특례에 따라 지분법평가를 적용하지 아니하였으며, 주식의 공정가액을 신뢰성있게 측정할 수 없어 취득원가로 계상하였습니다."
    },
    {
      "sn": "dis109183sent67950525",
      "source_original": "유형자산"
    },
    {
      "sn": "dis109183sent67950526",
      "source_original": "당기"
    },
    {
      "sn": "dis109183sent67950527",
      "source_original": "및 전기중 당사의 유형자산 장부가액의 변동내역은 다음과 같습니다."
    },
    {
      "sn": "dis109183sent67950528",
      "source_original": "< 당 기 > (단위 : 천원)"
    },
    {
      "sn": "dis109183sent67950529",
      "source_original": "구분"
    },
    {
      "sn": "dis109183sent67950530",
      "source_original": "기초"
    },
    {
      "sn": "dis109183sent67950531",
      "source_original": "취득"
    },
    {
      "sn": "dis109183sent67950532",
      "source_original": "처분"
    },
    {
      "sn": "dis109183sent67950533",
      "source_original": "대체"
    },
    {
      "sn": "dis109183sent67950534",
      "source_original": "기말"
    },
    {
      "sn": "dis109183sent67950535",
      "source_original": "토 지"
    },
    {
      "sn": "dis109183sent67950536",
      "source_original": "건 물"
    },
    {
      "sn": "dis109183sent67950537",
      "source_original": "< 전 기 > (단위 : 천원)"
    },
    {
      "sn": "dis109183sent67950538",
      "source_original": "5. 보유토지의 공시지가"
    },
    {
      "sn": "dis109183sent67950539",
      "source_original": "당기말 및 전기말 현재 당사 보유토지의 공시지가는 다음과 같습니다."
    },
    {
      "sn": "dis109183sent67950540",
      "source_original": "(단위 : 천원)"
    },
    {
      "sn": "dis109183sent67950541",
      "source_original": "소 재 지"
    },
    {
      "sn": "dis109183sent67950542",
      "source_original": "장부가액"
    },
    {
      "sn": "dis109183sent67950543",
      "source_original": "공시지가"
    },
    {
      "sn": "dis109183sent67950544",
      "source_original": "경기도 하남시 광암동 399외"
    },
    {
      "sn": "dis109183sent67950545",
      "source_original": "6. 담보제공자산"
    },
    {
      "sn": "dis109183sent67950546",
      "source_original": "6-1 당기말 현재 차입금등에 담보로 제공된 회사 자산의 내용은 다음과 같습니다."
    },
    {
      "sn": "dis109183sent67950547",
      "source_original": "담 보 자 산"
    },
    {
      "sn": "dis109183sent67950548",
      "source_original": "담보설정액"
    },
    {
      "sn": "dis109183sent67950549",
      "source_original": "당보권자"
    },
    {
      "sn": "dis109183sent67950550",
      "source_original": "토지 및 건물"
    },
    {
      "sn": "dis109183sent67950551",
      "source_original": "우리은행 외"
    },
    {
      "sn": "dis109183sent67950552",
      "source_original": "7. 무형자산"
    },
    {
      "sn": "dis109183sent67950553",
      "source_original": "당기"
    },
    {
      "sn": "dis109183sent67950554",
      "source_original": "중 무형자산의 장부가액의 변동내역은 다음과 같습니다."
    },
    {
      "sn": "dis109183sent67950555",
      "source_original": "증가"
    },
    {
      "sn": "dis109183sent67950556",
      "source_original": "상각"
    },
    {
      "sn": "dis109183sent67950557",
      "source_original": "손상차손"
    },
    {
      "sn": "dis109183sent67950558",
      "source_original": "8. 장기차입금"
    },
    {
      "sn": "dis109183sent67950559",
      "source_original": "8-1. 재무제표일 현재 장기차입금의 내용은 다음과 같습니다."
    },
    {
      "sn": "dis109183sent67950560",
      "source_original": "(원화단위 : 천원)"
    },
    {
      "sn": "dis109183sent67950561",
      "source_original": "차입처"
    },
    {
      "sn": "dis109183sent67950562",
      "source_original": "이자율"
    },
    {
      "sn": "dis109183sent67950563",
      "source_original": "중소기업진흥공단"
    },
    {
      "sn": "dis109183sent67950564",
      "source_original": "운전자금"
    },
    {
      "sn": "dis109183sent67950565",
      "source_original": "우리은행"
    },
    {
      "sn": "dis109183sent67950566",
      "source_original": "시설자금"
    },
    {
      "sn": "dis109183sent67950567",
      "source_original": "차감 : 유동성장기부채"
    },
    {
      "sn": "dis109183sent67950568",
      "source_original": "기 말 잔 액"
    },
    {
      "sn": "dis109183sent67950569",
      "source_original": "8-2. 당기말 현재 장기차입금의 연도별 상환계획은 다음과 같습니다."
    },
    {
      "sn": "dis109183sent67950570",
      "source_original": "연 도"
    },
    {
      "sn": "dis109183sent67950571",
      "source_original": "금 액"
    },
    {
      "sn": "dis109183sent67950572",
      "source_original": "2022년"
    },
    {
      "sn": "dis109183sent67950573",
      "source_original": "2023년"
    },
    {
      "sn": "dis109183sent67950574",
      "source_original": "2024년"
    },
    {
      "sn": "dis109183sent67950575",
      "source_original": "합 계"
    },
    {
      "sn": "dis109183sent67950576",
      "source_original": "당기 중 퇴직급여충당부채의 변동내역은 변동 내역은 다음과 같습니다."
    },
    {
      "sn": "dis109183sent67950577",
      "source_original": "구 분"
    },
    {
      "sn": "dis109183sent67950578",
      "source_original": "기 초 금 액"
    },
    {
      "sn": "dis109183sent67950579",
      "source_original": "당기설정액"
    },
    {
      "sn": "dis109183sent67950580",
      "source_original": "당기지급액"
    },
    {
      "sn": "dis109183sent67950581",
      "source_original": "기 말 금 액"
    },
    {
      "sn": "dis109183sent67950582",
      "source_original": "10. 통화선도"
    },
    {
      "sn": "dis109183sent67950583",
      "source_original": "재무제표일 현재 회사는 금융기관과 외국환을 일정가격으로 매입하는 통화선도계약을 체결하고 있으며, 미결제된 통화선도계약의 내용은 다음과 같습니다."
    },
    {
      "sn": "dis109183sent67950584",
      "source_original": "< 당 기> (원화단위:천원)"
    },
    {
      "sn": "dis109183sent67950585",
      "source_original": "잔여계약금액"
    },
    {
      "sn": "dis109183sent67950586",
      "source_original": "약정매입금액"
    },
    {
      "sn": "dis109183sent67950587",
      "source_original": "외국환시가"
    },
    {
      "sn": "dis109183sent67950588",
      "source_original": "평가차이"
    },
    {
      "sn": "dis109183sent67950589",
      "source_original": "인식한평가익"
    },
    {
      "sn": "dis109183sent67950590",
      "source_original": "평가이익한도"
    },
    {
      "sn": "dis109183sent67950591",
      "source_original": "장부계상액"
    },
    {
      "sn": "dis109183sent67950592",
      "source_original": "< 전 기> (원화단위:천원)"
    },
    {
      "sn": "dis109183sent67950593",
      "source_original": "11. 자 본 금"
    },
    {
      "sn": "dis109183sent67950594",
      "source_original": "당기말 현재 당사가 발행할 주식의 총수는 2,000주, 발행한 주식의 수는 1,000주, 1주의 금액은 100,000원이며 당기말 현재 보통주자본금은 100,000천원입니다."
    },
    {
      "sn": "dis109183sent67950595",
      "source_original": "당기 및 전기중 자본금의 변동은 없습니다."
    },
    {
      "sn": "dis109183sent67950596",
      "source_original": "12. 주당손익"
    },
    {
      "sn": "dis109183sent67950597",
      "source_original": "당기의 기본주당순이익의 산정내용은 다음과 같습니다."
    },
    {
      "sn": "dis109183sent67950598",
      "source_original": "차감 : 우선주배당액"
    },
    {
      "sn": "dis109183sent67950599",
      "source_original": "보통주당기순이익"
    },
    {
      "sn": "dis109183sent67950600",
      "source_original": "유통보통주식수"
    },
    {
      "sn": "dis109183sent67950601",
      "source_original": "1,000주"
    },
    {
      "sn": "dis109183sent67950602",
      "source_original": "기본 및 희석주당 당기순이익"
    },
    {
      "sn": "dis109183sent67950603",
      "source_original": "900,070원"
    },
    {
      "sn": "dis109183sent67950604",
      "source_original": "57,734원"
    },
    {
      "sn": "dis109183sent67950605",
      "source_original": "한편 가중평균유통주식수는 발행주식수와 동일합니다."
    },
    {
      "sn": "dis109183sent67950606",
      "source_original": "13. 우"
    },
    {
      "sn": "dis109183sent67950607",
      "source_original": "발"
    },
    {
      "sn": "dis109183sent67950608",
      "source_original": "채무와 약정사항"
    },
    {
      "sn": "dis109183sent67950609",
      "source_original": "당기말 현재 만기가 도래하지 않은 할인어음은 없습니다."
    },
    {
      "sn": "dis109183sent67950610",
      "source_original": "제공받은 담보 및 보증"
    },
    {
      "sn": "dis109183sent67950611",
      "source_original": "당기말 현재 회사가 타인으로부터 제공받은 담보 및 보증의 내용은 다음과 같습니다"
    },
    {
      "sn": "dis109183sent67950612",
      "source_original": "(원화단위: 천원)"
    },
    {
      "sn": "dis109183sent67950613",
      "source_original": "담보,보증 제공자"
    },
    {
      "sn": "dis109183sent67950614",
      "source_original": "피보증처"
    },
    {
      "sn": "dis109183sent67950615",
      "source_original": "담보,보증금액"
    },
    {
      "sn": "dis109183sent67950616",
      "source_original": "담보,보증내용"
    },
    {
      "sn": "dis109183sent67950617",
      "source_original": "서울보증보험"
    },
    {
      "sn": "dis109183sent67950618",
      "source_original": "거래처"
    },
    {
      "sn": "dis109183sent67950619",
      "source_original": "이행보증"
    },
    {
      "sn": "dis109183sent67950620",
      "source_original": "대표이사"
    },
    {
      "sn": "dis109183sent67950621",
      "source_original": "우리은행 등"
    },
    {
      "sn": "dis109183sent67950622",
      "source_original": "차입금지급보증"
    },
    {
      "sn": "dis109183sent67950623",
      "source_original": "신용보증기금"
    },
    {
      "sn": "dis109183sent67950624",
      "source_original": "농협은행 외"
    },
    {
      "sn": "dis109183sent67950625",
      "source_original": "수입신용장"
    },
    {
      "sn": "dis109183sent67950626",
      "source_original": "14. 특수관계자 거래"
    },
    {
      "sn": "dis109183sent67950627",
      "source_original": "당기중 특수관계인과의 거래내역과 당기말 현재 채권채무의 내역은 다음과 같습니다."
    },
    {
      "sn": "dis109183sent67950628",
      "source_original": "기 초"
    },
    {
      "sn": "dis109183sent67950629",
      "source_original": "증 가"
    },
    {
      "sn": "dis109183sent67950630",
      "source_original": "감 소"
    },
    {
      "sn": "dis109183sent67950631",
      "source_original": "기 말"
    },
    {
      "sn": "dis109183sent67950632",
      "source_original": "임원"
    },
    {
      "sn": "dis109183sent67950633",
      "source_original": "15. 현금흐름표"
    },
    {
      "sn": "dis109183sent67950634",
      "source_original": "당사의 현금흐름표는 간접법으로 작성되었으며, 현금의 유입과 유출이 없는 중요한 거래내역은 다음과 같습니다."
    },
    {
      "sn": "dis109183sent67950635",
      "source_original": "내 역"
    },
    {
      "sn": "dis109183sent67950636",
      "source_original": "전기"
    },
    {
      "sn": "dis109183sent67950637",
      "source_original": "채권대손상각"
    },
    {
      "sn": "dis109183sent67950638",
      "source_original": "건설중인자산의 건물 대체"
    },
    {
      "sn": "dis109183sent67950639",
      "source_original": "장기차입금의 유동성 대체"
    },
    {
      "sn": "dis109183sent67950640",
      "source_original": "한편, 현금흐름표상의 현금은 재무상태표상의 현금 및 현금성자산을 의미합니다."
    },
    {
      "sn": "dis109183sent67950641",
      "source_original": "16. 외화자산 및 외화부채"
    },
    {
      "sn": "dis109183sent67950642",
      "source_original": "당기말 현재 외화표시 자산 및 부채의 내역은 다음과 같습니다."
    },
    {
      "sn": "dis109183sent67950643",
      "source_original": "계정과목"
    },
    {
      "sn": "dis109183sent67950644",
      "source_original": "종류"
    },
    {
      "sn": "dis109183sent67950645",
      "source_original": "외화금액"
    },
    {
      "sn": "dis109183sent67950646",
      "source_original": "원화환산액"
    },
    {
      "sn": "dis109183sent67950647",
      "source_original": "외화자산"
    },
    {
      "sn": "dis109183sent67950648",
      "source_original": "현금및현금성자산"
    },
    {
      "sn": "dis109183sent67950649",
      "source_original": "장기대여금"
    },
    {
      "sn": "dis109183sent67950650",
      "source_original": "외화부채"
    },
    {
      "sn": "dis109183sent67950651",
      "source_original": "매입채무"
    },
    {
      "sn": "dis109183sent67950652",
      "source_original": "단기차입금"
    },
    {
      "sn": "dis109183sent67950653",
      "source_original": "17. 부가가치"
    },
    {
      "sn": "dis109183sent67950654",
      "source_original": "부가가치 계산에 필요한 계정과목 및 금액은 다음과 같습니다."
    },
    {
      "sn": "dis109183sent67950655",
      "source_original": "(단위 : 천원)"
    },
    {
      "sn": "dis109183sent67950656",
      "source_original": "판매비와관리비"
    },
    {
      "sn": "dis109183sent67950657",
      "source_original": "급 여"
    },
    {
      "sn": "dis109183sent67950658",
      "source_original": "퇴 직 급 여"
    },
    {
      "sn": "dis109183sent67950659",
      "source_original": "복리후생비"
    },
    {
      "sn": "dis109183sent67950660",
      "source_original": "세금과공과"
    },
    {
      "sn": "dis109183sent67950661",
      "source_original": "임 차 료"
    },
    {
      "sn": "dis109183sent67950662",
      "source_original": "18. 이익잉여금처분계산서"
    },
    {
      "sn": "dis109183sent67950663",
      "source_original": "당기 및 전기의 이익잉여금처분내역은 다음과 같습니다."
    },
    {
      "sn": "dis109183sent67950664",
      "source_original": "제 12(당) 기"
    },
    {
      "sn": "dis109183sent67950665",
      "source_original": "제 11(전) 기"
    },
    {
      "sn": "dis109183sent67950666",
      "source_original": "(처분예정일 : 2022년 3월 31일)"
    },
    {
      "sn": "dis109183sent67950667",
      "source_original": "(처분확정일 : 2021년 3월 31일)"
    },
    {
      "sn": "dis109183sent67950668",
      "source_original": "Ⅰ. 미처분이익잉여금"
    },
    {
      "sn": "dis109183sent67950669",
      "source_original": "1. 전기이월미처분이익잉여금"
    },
    {
      "sn": "dis109183sent67950670",
      "source_original": "2. 당기순이익"
    },
    {
      "sn": "dis109183sent67950671",
      "source_original": "Ⅱ. 임의적립금등의 이입액"
    },
    {
      "sn": "dis109183sent67950672",
      "source_original": "합 계"
    },
    {
      "sn": "dis109183sent67950673",
      "source_original": "Ⅲ. 이익잉여금처분액"
    },
    {
      "sn": "dis109183sent67950674",
      "source_original": "Ⅳ. 차기이월미처분이익잉여금"
    },
    {
      "sn": "dis109183sent67950675",
      "source_original": "19. 금융상품"
    },
    {
      "sn": "dis109183sent67950676",
      "source_original": "금융상품의 공정가치"
    },
    {
      "sn": "dis109183sent67950677",
      "source_original": "당기말 및 전기말 현재 공정가치로 후속측정되는 금융상품은 존재하지 않습니다."
    },
    {
      "sn": "dis109183sent67950678",
      "source_original": "금융부채의 만기분석 및 유동성위험관리"
    },
    {
      "sn": "dis109183sent67950679",
      "source_original": "1) 금융부채의 만기분석"
    },
    {
      "sn": "dis109183sent67950680",
      "source_original": "현금 등 금융자산을 인도하여 결제하는 금융부채의 종류별 만기분석 내역은 다음과 같습니다."
    },
    {
      "sn": "dis109183sent67950681",
      "source_original": "1년 미만"
    },
    {
      "sn": "dis109183sent67950682",
      "source_original": "1년이상 2년 미만"
    },
    {
      "sn": "dis109183sent67950683",
      "source_original": "2년 이상"
    },
    {
      "sn": "dis109183sent67950684",
      "source_original": "장기차입금"
    },
    {
      "sn": "dis109183sent67950685",
      "source_original": "유동성장기부채"
    },
    {
      "sn": "dis109183sent67950686",
      "source_original": "2) 유동성위험관리"
    },
    {
      "sn": "dis109183sent67950687",
      "source_original": "당사의 유동성위험관리에 대한 궁극적인 책임은 단기 및 중장기 자금조달과 유동성관리규정을 적절하게 관리하기 위한 기본정책을 수립하는 이사회에 있습니다."
    },
    {
      "sn": "dis109183sent67950688",
      "source_original": "당사는 충분한 적립금을 유지하고 예측현금흐름과 실제현금흐름을 계속하여 관찰하고 금융자산과 금융부채의 만기구조를 대응시키면서 유동성위험을 관리하고 있습니다."
    },
    {
      "sn": "dis109183sent67950689",
      "source_original": "외부감사 실시내용"
    },
    {
      "sn": "dis109183sent67950690",
      "source_original": "「주식회사 등의 외부감사에 관한 법률」제18조제3항의 규정에 의하여 외부감사 실시내용을 첨부합니다."
    },
    {
      "sn": "dis109183sent67950691",
      "source_original": "1. 감사대상업무"
    },
    {
      "sn": "dis109183sent67950692",
      "source_original": "회 사 명"
    },
    {
      "sn": "dis109183sent67950693",
      "source_original": "감사대상 사업연도"
    },
    {
      "sn": "dis109183sent67950694",
      "source_original": "2. 감사참여자 구분별 인원수 및 감사시간"
    },
    {
      "sn": "dis109183sent67950695",
      "source_original": "(단위 : 명, 시간)"
    },
    {
      "sn": "dis109183sent67950696",
      "source_original": "감사참여자"
    },
    {
      "sn": "dis109183sent67950697",
      "source_original": "인원수 및 시간"
    },
    {
      "sn": "dis109183sent67950698",
      "source_original": "품질관리"
    },
    {
      "sn": "dis109183sent67950699",
      "source_original": "검토자"
    },
    {
      "sn": "dis109183sent67950700",
      "source_original": "(심리실 등)"
    },
    {
      "sn": "dis109183sent67950701",
      "source_original": "감사업무 담당 회계사"
    },
    {
      "sn": "dis109183sent67950702",
      "source_original": "전산감사ㆍ"
    },
    {
      "sn": "dis109183sent67950703",
      "source_original": "세무ㆍ가치평가"
    },
    {
      "sn": "dis109183sent67950704",
      "source_original": "등 전문가"
    },
    {
      "sn": "dis109183sent67950705",
      "source_original": "건설계약 등"
    },
    {
      "sn": "dis109183sent67950706",
      "source_original": "수주산업"
    },
    {
      "sn": "dis109183sent67950707",
      "source_original": "전문가"
    },
    {
      "sn": "dis109183sent67950708",
      "source_original": "합계"
    },
    {
      "sn": "dis109183sent67950709",
      "source_original": "담당이사"
    },
    {
      "sn": "dis109183sent67950710",
      "source_original": "(업무수행이사)"
    },
    {
      "sn": "dis109183sent67950711",
      "source_original": "등록"
    },
    {
      "sn": "dis109183sent67950712",
      "source_original": "공인회계사"
    },
    {
      "sn": "dis109183sent67950713",
      "source_original": "수습"
    },
    {
      "sn": "dis109183sent67950714",
      "source_original": "투입 인원수"
    },
    {
      "sn": "dis109183sent67950715",
      "source_original": "투입시간"
    },
    {
      "sn": "dis109183sent67950716",
      "source_original": "분ㆍ반기검토"
    },
    {
      "sn": "dis109183sent67950717",
      "source_original": "감사"
    },
    {
      "sn": "dis109183sent67950718",
      "source_original": "3. 주요 감사실시내용"
    },
    {
      "sn": "dis109183sent67950719",
      "source_original": "전반감사계획"
    },
    {
      "sn": "dis109183sent67950720",
      "source_original": "(감사착수단계)"
    },
    {
      "sn": "dis109183sent67950721",
      "source_original": "수행시기"
    },
    {
      "sn": "dis109183sent67950722",
      "source_original": "일"
    },
    {
      "sn": "dis109183sent67950723",
      "source_original": "주요내용"
    },
    {
      "sn": "dis109183sent67950724",
      "source_original": "회사에 대한 이해 및 감사계획 수립"
    },
    {
      "sn": "dis109183sent67950725",
      "source_original": "현장감사"
    },
    {
      "sn": "dis109183sent67950726",
      "source_original": "투입인원"
    },
    {
      "sn": "dis109183sent67950727",
      "source_original": "주요 감사업무 수행내용"
    },
    {
      "sn": "dis109183sent67950728",
      "source_original": "상주"
    },
    {
      "sn": "dis109183sent67950729",
      "source_original": "비상주"
    },
    {
      "sn": "dis109183sent67950730",
      "source_original": "명"
    },
    {
      "sn": "dis109183sent67950731",
      "source_original": "내부통제환경 검토 및 주요변동사항 확인"
    },
    {
      "sn": "dis109183sent67950732",
      "source_original": "계정잔액 및 공시사항입증감사"
    },
    {
      "sn": "dis109183sent67950733",
      "source_original": "재고자산실사(입회)"
    },
    {
      "sn": "dis109183sent67950734",
      "source_original": "실사(입회)시기"
    },
    {
      "sn": "dis109183sent67950735",
      "source_original": "실사(입회)장소"
    },
    {
      "sn": "dis109183sent67950736",
      "source_original": "본사 창고(하남)"
    },
    {
      "sn": "dis109183sent67950737",
      "source_original": "실사(입회)대상"
    },
    {
      "sn": "dis109183sent67950738",
      "source_original": "상품, 제품,원부재료"
    },
    {
      "sn": "dis109183sent67950739",
      "source_original": "금융자산실사(입회)"
    },
    {
      "sn": "dis109183sent67950740",
      "source_original": "본사 사무실"
    },
    {
      "sn": "dis109183sent67950741",
      "source_original": "현금 및 유가증권"
    },
    {
      "sn": "dis109183sent67950742",
      "source_original": "외부조회"
    },
    {
      "sn": "dis109183sent67950743",
      "source_original": "금융거래조회"
    },
    {
      "sn": "dis109183sent67950744",
      "source_original": "채권채무조회"
    },
    {
      "sn": "dis109183sent67950745",
      "source_original": "변호사조회"
    },
    {
      "sn": "dis109183sent67950746",
      "source_original": "기타조회"
    },
    {
      "sn": "dis109183sent67950747",
      "source_original": "지배기구와의"
    },
    {
      "sn": "dis109183sent67950748",
      "source_original": "커뮤니케이션"
    },
    {
      "sn": "dis109183sent67950749",
      "source_original": "커뮤니케이션 횟수"
    },
    {
      "sn": "dis109183sent67950750",
      "source_original": "회"
    },
    {
      "sn": "dis109183sent67950751",
      "source_original": "외부전문가 활용"
    },
    {
      "sn": "dis109183sent67950752",
      "source_original": "감사 활용 내용"
    },
    {
      "sn": "dis109183sent67950753",
      "source_original": "4. 감사(감사위원회)와의 커뮤니케이션"
    },
    {
      "sn": "dis109183sent67950754",
      "source_original": "일자"
    },
    {
      "sn": "dis109183sent67950755",
      "source_original": "참석자"
    },
    {
      "sn": "dis109183sent67950756",
      "source_original": "방식"
    },
    {
      "sn": "dis109183sent67950757",
      "source_original": "주요 논의 내용"
    },
    {
      "sn": "dis109183sent67950758",
      "source_original": "2021년 10월 15일"
    },
    {
      "sn": "dis109183sent67950759",
      "source_original": "회사: 대표이사외 1인"
    },
    {
      "sn": "dis109183sent67950760",
      "source_original": "감사인: 업무수행이사외 1인"
    },
    {
      "sn": "dis109183sent67950761",
      "source_original": "대면회의"
    },
    {
      "sn": "dis109183sent67950762",
      "source_original": "감사계획 및 중간감사결과에 대한 커뮤니케이션"
    },
    {
      "sn": "dis109183sent67950763",
      "source_original": "2022년 02월 16일"
    },
    {
      "sn": "dis109183sent67950764",
      "source_original": "감사인:업무수행이사 외 1인"
    },
    {
      "sn": "dis109183sent67950765",
      "source_original": "대면회의"
    },
    {
      "sn": "dis109183sent67950766",
      "source_original": "기말감사 결과에 대한 커뮤니케이션"
    }
  ]
}