{
  "meta": {
    "doc_no": "report100014",
    "domain": "금융",
    "category": "보고서",
    "license": "open",
    "source_language": "ko"
  },
  "doc_info": {
    "source": "한국은행",
    "title": "금융통화위원회 의사록(2015년도 제15차)(2015.8.13.)",
    "date": 20150901.0
  },
  "sents": [
    {
      "page": 6,
      "sn": "report100014sent1336362",
      "source_original": "이는 경제 충격의 국가 간 전이에 있어 일종의 심리 채널이 작동하고 있음을 시사 - 하는 바와 같이 우리나라 소비자들의 행태가 국외 요인 의 영향을 받고 있을 가능성은 없는지 관련부서의 견해를 물었음."
    },
    {
      "page": 6,
      "sn": "report100014sent1336363",
      "source_original": "이에 대해 관련부서에서는 소비자심리지수와 소비는 대체로 같은 방향으로 움직이지만, 소비자심리지수를 구성하는 총 6개 항목 중 4개 항목이 향후 전망에 관한 지수라는 통계적 특성상 소비자심리지수는 선행지표의 속성이 있기 때문에 단기적으로는 소비자심리지수와 소비의 움직임에 다소 불일치가 나타나기도 하는 데다 금년 2/4분기의 경우에는 메르스 사태가 특이요인으로 가세한 영향도 있었 다고 답변하였음."
    },
    {
      "page": 6,
      "sn": "report100014sent1336364",
      "source_original": "이어 동일본 지진, 유로 재정위기 등과 같이 대외충격이 크게 발생했을 때에는 국내 소비자심리지수가 큰 폭으로 하락한 사례가 있지만, 일반 적인 상황에서는 국외요인이 소비자심리지수에 미치는 영향은 크지 않다고 설명 하였음."
    },
    {
      "page": 6,
      "sn": "report100014sent1336365",
      "source_original": "한편, 동 위원은 우리 경제의 경기변동성 축소가 민간소비나 설비투자의 위축 등에 기인한다면 내재적 성장동력의 위축과 경기 모멘텀의 약화 등으로 이어질 우려가 있다는 점에 유의하여 최근의 민간소비 위축과 경기변동성 축소 간의 관 계에 대해 검토해 볼 필요가 있다는 견해를 제시하였음."
    }
  ]
}