{
  "meta": {
    "doc_no": "report100011",
    "domain": "금융",
    "category": "보고서",
    "license": "open",
    "source_language": "ko"
  },
  "doc_info": {
    "source": "한국은행",
    "title": "금융통화위원회 의사록(2015년도 제15차)(2015.8.13.)",
    "date": 20150901.0
  },
  "sents": [
    {
      "page": 3,
      "sn": "report100011sent1336351",
      "source_original": "이어서 동 위원은 글로벌 금융위기 이후 가계부문의 소득과 소비간 관계가 뚜렷이 약화된 배경과 관련하여, 저금리 기조가 노령층의 소비를 감소시키는 방 향으로 영향을 미치고 있는지 관련부서의 견해를 물었으며, 이에 대해 관련부서에서는 위원의 질의에 대해 정확히 답변하기 위해서는 보 다 깊이 있는 연구가 필요하다고 전제한 후, 현재로서는 저금리로 인해 노령층, 특히 베이비부머 세대의 소비가 일정 정도 제한받고 있는 것으로 판단하고 있다 고 답변하였음."
    },
    {
      "page": 3,
      "sn": "report100011sent1336352",
      "source_original": "이와 관련하여 동 위원은 주거비 경감 등 가계부문의 소비를 촉진하기 위한 정책과제를 실행하기 위한 구체적인 방안들을 강구할 것을 당부하였음."
    },
    {
      "page": 3,
      "sn": "report100011sent1336353",
      "source_original": "또한 동 위원은 최근 언론에서 우리 경제의 경상수지 흑자 현상을 ‘불황형 흑 자’라고 지칭하는 데에는 현재 경상수지 흑자가 ‘나쁜 경상수지 흑자’라는 왜곡된 인식의 틀(frame)이 전제되고 있다고 지적한 후, ‘불황형 흑자’라는 용어는 중립적 인 경제현상을 나타내는 ‘경상수지 흑자’에 부정적인 인식이 드는 ‘불황’을 의도적 으로 조합한 경제적 실체가 모호한 조어(造語)라는 점, 경제주체의 심리에 부정적"
    },
    {
      "page": 3,
      "sn": "report100011sent1336354",
      "source_original": "자’로 지칭하는 것은 적절하지 않다는 견해를 피력하였음."
    },
    {
      "page": 3,
      "sn": "report100011sent1336355",
      "source_original": "이에 대해 관련부서에서는 ‘불황형 흑자’는 경제학 용어가 아닌데 국내 언론 에서 수년 전부터 사용하고 있으며 외국에서는 사용하지 않는 것으로 알고 있다 고 설명하였음."
    }
  ]
}