{
  "meta": {
    "doc_no": "report100018",
    "domain": "금융",
    "category": "보고서",
    "license": "open",
    "source_language": "ko"
  },
  "doc_info": {
    "source": "한국은행",
    "title": "금융통화위원회 의사록(2015년도 제15차)(2015.8.13.)",
    "date": 20150901.0
  },
  "sents": [
    {
      "page": 10,
      "sn": "report100018sent1336372",
      "source_original": "또한 동 위원은 수요측면의 기조적인 물가흐름을 파악하기 위해서는 정부정 책에 의해서 주로 결정되는 전기요금 등 공공요금을 제외한 근원물가지수를 작성 하여 보조지표로 참고할 필요가 있다는 의견을 제시하였음."
    },
    {
      "page": 10,
      "sn": "report100018sent1336373",
      "source_original": "이에 대해 관련부서에서는 공공요금 결정시 수요측면이 완전히 배제되고 있 다고 보기 어렵다고 설명한 후, 공공요금을 제외한 근원물가지수가 수요측면의 기조적인 물가흐름을 잘 포착하는지 여부는 검토해 볼 필요가 있다고 답변하였 음."
    },
    {
      "page": 10,
      "sn": "report100018sent1336374",
      "source_original": "이와 관련하여 동 위원은 에너지관련 품목비중이 CPI에 비해 낮은 PCEPI 추이를 감안해 볼 때 근원물가 상승률이 상승추세를 보이고 있다고 평가한 후, 일반인 및 전문가 기대인플레이션, 채권시장의 BEI 등의 추이를 보면 기대인플레 이션도 전반적으로 높아지는 모습이라고 언급한 후, 수요 및 공급 요인 중 어떤 요인이 최근의 물가상황에 더 크게 작용하고 있는 것으로 보는지 관련부서의 견 해를 물었으며, 이에 대해 관련부서에서는 최근의 근원물가 상승률과 기대 인플레이션의 움 직임에는 지난해 국제유가 하락에 따른 기저효과, 최근 농산물, 버스요금 등 공공 요금의 인상 등 공급 요인이 주로 작용하고 있으며, 수요 요인의 영향은 아직까"
    }
  ]
}