{
  "meta": {
    "doc_no": "report100010",
    "domain": "금융",
    "category": "보고서",
    "license": "open",
    "source_language": "ko"
  },
  "doc_info": {
    "source": "한국은행",
    "title": "금융통화위원회 의사록(2015년도 제15차)(2015.8.13.)",
    "date": 20150901.0
  },
  "sents": [
    {
      "page": 2,
      "sn": "report100010sent1336347",
      "source_original": "가. 의결안건 〈의안 제39호 ― 통화정책방향〉 ( 1 ) 전일 개최된 동향보고회의에서 조사국장이 보고 제84호 - 국내외 경제 동향 , 국제국장이 보고 제85호 - 외환·국제금융 동향 , 그리고 금융시장국장이 보고 제86호 - 금융시장 동향 에 대하여 보고하였음.(보고내용 : 별첨) ( 2 ) 본회의에서는 의장이 전일 보고내용을 접수하고 한국은행법 제28조에 따라 의안 제39호 - 통화정책방향 을 상정하였음."
    },
    {
      "page": 2,
      "sn": "report100010sent1336348",
      "source_original": "국내외 경제동향 과 관련하여 일부 위원은 관련부서에서 매월 주요국의 해 외경제 여건을 단기적인 경기상황 위주로 점검하고 있다고 지적하고, 중국, 일본 등과 같이 무역 등을 통해 우리 경제와 깊은 연관성이 있는 주요국에 대해서는 중장기적인 흐름과 당면 정책현안도 함께 점검하면 우리 경제가 처한 상황과 향 후 여건변화를 보다 심도 있게 파악할 수 있을 것이라는 의견을 제시하였음."
    },
    {
      "page": 2,
      "sn": "report100010sent1336349",
      "source_original": "이어서 동 위원은 내수부문이 완만한 회복흐름을 보이고 있으나 앞으로 메르 스 사태의 충격을 완전히 극복하기 위해서는 외국인관광객의 회복속도가 중요한 변수로 작용할 것이라고 강조한 후, 향후 외국인관광객 유치를 위한 각종 정책과 제를 발굴하고 대안을 제안하는 등 내수회복 지원을 위한 당행의 정책노력을 더 욱 강화할 필요가 있다는 의견을 나타내었음."
    },
    {
      "page": 2,
      "sn": "report100010sent1336350",
      "source_original": "다른 일부 위원은 최근 국내 경기는 중국경제의 리스크 확대, 국제유가의 하 락, 국내 고용사정의 부진 등으로 불확실성이 다소 높아지기는 하였으나 지난 달 전망경로에서 크게 벗어나지 않는 모습이라는 견해를 제시하였음."
    }
  ]
}