{
  "meta": {
    "doc_no": "report100004",
    "domain": "금융",
    "category": "보고서",
    "license": "open",
    "source_language": "ko"
  },
  "doc_info": {
    "source": "한국은행",
    "title": "저축률 및 금융저축 현황과 도시 직장인의 저축의식(10.27)_10.hwp",
    "date": 19981027.0
  },
  "sents": [
    {
      "page": 10,
      "sn": "report100004sent1336330",
      "source_original": "→ 이는 IMF 관리체제 이후 금융기관의 구조조정 여파 및 불투명한 경제전망 등의 영향으로 종래의 수익성에서 안전성을 중시하는 방향으로 저축상품 선택기준이 변화*하고 있음을 시사 *1995년에 실시한 「도시가계 저축시장조사」에서는 저축상품 선택기준(단답응답)으로 수익성(55.8%)이 압도적으로 높았으며, 그 다음으로 안전성(17.0%), 환금성(14.9%) 등의 순이었음."
    },
    {
      "page": 10,
      "sn": "report100004sent1336331",
      "source_original": "ㅇ 다만 ‘금융기관의 건전성’(46.6%)과 ‘원리금 보장 여부’(32.4%) 등 저축의 안전성을 고려하는 항목을 합산(79.0%)하면 수익성보다 오히려 높은 응답비중을 보였음."
    },
    {
      "page": 10,
      "sn": "report100004sent1336332",
      "source_original": "(저축상품 선택기준) ― 저축상품을 선택하는 기준(복수응답)으로는 ‘수익성’(49.6%)과 ‘금융기관의 건전성’(46.6%)을 가장 많이 고려하고 있으며, 다음은 ‘비과세 또는 세금우대혜택 여부’(33.1%), ‘원리금의 보장 여부’(32.4%) 등의 순으로 나타났음."
    },
    {
      "page": 10,
      "sn": "report100004sent1336333",
      "source_original": "→ 이는 IMF 관리체제 이후 일부 은행의 퇴출 등 금융기관의 구조조정과 고금리 예금유치 경쟁이 진행되는 과정에서 경영상태가 좋은 금융기관이나 고수익 금융상품을 좇아 거래 저축기관을 바꾼 데 따른 것으로 풀이됨."
    }
  ]
}