{
  "meta": {
    "doc_no": "report100005",
    "domain": "금융",
    "category": "보고서",
    "license": "open",
    "source_language": "ko"
  },
  "doc_info": {
    "source": "한국은행",
    "title": "저축률 및 금융저축 현황과 도시 직장인의 저축의식(10.27)_10.hwp",
    "date": 19981027.0
  },
  "sents": [
    {
      "page": 11,
      "sn": "report100005sent1336334",
      "source_original": "정책 건의사항 (저축관련 요망사항) ― 저축과 관련하여 정책당국에 바라는 사항(복수응답)으로는 ‘물가안정’이 응답자의 67.2%를 차지하였고, 다음으로 ‘대출금리 인하’(37.9%), ‘세금우대혜택 강화’(31.5%), ‘원리금보장 강화’(26.8%) 등의 순이었음."
    },
    {
      "page": 11,
      "sn": "report100005sent1336335",
      "source_original": "ㅇ 한편 젊은 층일수록 수익성(수익률, 세제상 우대)이 보장되는 고수익 저축상품을 선호하는 반면 50～60대 연령층은 안전성(원리금 보장, 금융기관 건전성)을 중시하는 경향을 보였음."
    },
    {
      "page": 11,
      "sn": "report100005sent1336336",
      "source_original": "(저축정보 이용정도) ― 금융기관의 경영정보와 저축상품 관련 정보에 관하여 부족하거나 얻지 못하고 있다는 응답자가 30.5%에 달하고 있어 아직 저축기관 이용자에 대한 정보제공이 충분치 못한 것으로 조사되었음."
    },
    {
      "page": 11,
      "sn": "report100005sent1336337",
      "source_original": "― 가장 얻고 싶은 저축관련 정보(복수응답)에 대하여는 응답자의 40% 이상이 ‘저축상품의 수익률’(43.3%)과 ‘저축상품의 종류 및 특성’(41.6%)을 지적하였으며 ‘금융기관의 경영상태’(36.8%), ‘금융소득에 대한 과세제도’ (26.6%) 및 ‘예금자보호제도’(20.9%) 등에 대한 응답률도 비교적 높게 나타났음."
    },
    {
      "page": 11,
      "sn": "report100005sent1336338",
      "source_original": "→ 이는 개별저축상품 정보는 물론 지난 7월 개정된 예금자보호제도, 한시적인 비과세저축제도 등 저축제도에 대한 정보가 모든 계층에 효과적으로 전달되지 못하고 있음을 반영한 것으로 보임.4."
    }
  ]
}