{
  "meta": {
    "doc_no": "report100001",
    "domain": "금융",
    "category": "보고서",
    "license": "open",
    "source_language": "ko"
  },
  "doc_info": {
    "source": "한국은행",
    "title": "저축률 및 금융저축 현황과 도시 직장인의 저축의식(10.27)_10.hwp",
    "date": 19981027.0
  },
  "sents": [
    {
      "page": 7,
      "sn": "report100001sent1336313",
      "source_original": "ㅇ 일반적으로 적정수준의 금융자산을 보유하고 있는 경우에는 가계가 보유금융자산을 일부 처분하여 소비활동을 꾸준히 함으로써 경기변동의 완충역할을 하게 되지만 금융자산의 규모가 작은 반면 금융부채가 큰 경우에는 소득보다도 소비가 더욱 큰 폭으로 감소하여 경기부진을 심화시키는 결과를 초래하게 됨.(붙임 2)도시 직장인의 저축의식(실태조사 결과)1998."
    },
    {
      "page": 7,
      "sn": "report100001sent1336314",
      "source_original": "보유저축 및 필요저축 규모 (저축규모) ―금융기관 등에 예치하고 있는 보유저축규모를 보면 절반 가까운 48.2%가 연간소득액의 30% 미만이었으며, 연간소득액 이상의 저축을 보유하고 있는 응답자는 14.3%에 불과하였음."
    },
    {
      "page": 7,
      "sn": "report100001sent1336315",
      "source_original": "ㅇ 평균적으로 생계비가 소득의 60% 이상인 점을 감안하면 직장인의 절반 정도가 실직 등의 경우 6개월 정도의 생계비밖에 보유저축으로 충당할 수 없다 하겠음."
    },
    {
      "page": 7,
      "sn": "report100001sent1336316",
      "source_original": "― 퇴직 등 긴급상황에 대비하여 저축보유액이 충분한 지에 대한 질문에서도 응답자의 절반 이상(59.9%)이 부족하다고 응답한 반면 충분하다고 답변한 경우는 3%에 그쳤음."
    },
    {
      "page": 7,
      "sn": "report100001sent1336317",
      "source_original": "(노후생활에 필요한 저축규모) ― 한편 노후생활을 위하여 필요하다고 생각하는 최소한의 저축액은 연령별로 차이는 있었으나 평균적으로 2억 5천만원 이상으로 나타났음.2."
    },
    {
      "page": 7,
      "sn": "report100001sent1336318",
      "source_original": "가계부채 및 소비실태 (부채규모) ― 응답자의 대부분(86.1%)이 부채가 있는 것으로 나타났으며 보유부채 규모가 연간소득액의 50% 이상인 응답자도 전체의 33.7%이었고, 이중에는 절반정도가 연간소득액을 초과하는 부채를 보유하고 있는 것으로 나타났음."
    }
  ]
}