{
  "meta": {
    "doc_no": "report100013",
    "domain": "금융",
    "category": "보고서",
    "license": "open",
    "source_language": "ko"
  },
  "doc_info": {
    "source": "한국은행",
    "title": "금융통화위원회 의사록(2015년도 제15차)(2015.8.13.)",
    "date": 20150901.0
  },
  "sents": [
    {
      "page": 5,
      "sn": "report100013sent1336358",
      "source_original": "또한 동 위원은 지난해 이후 글로벌 경제뿐만 아니라 신흥국 내에서도 경기 의 비동조화 양상이 나타남에 따라 향후 인플레이션 리스크가 국별로 차별화되고 통화정책의 국제공조 가능성이 낮아졌다는 평가가 있다고 언급한 후, ‘글로벌 물 가상승률이 개별 중앙은행의 목표치를 향하여 점진적으로 상승하는 국면(reflation) 에 진입하고 있다’는 일부 시장의 견해를 소개하였음."
    },
    {
      "page": 5,
      "sn": "report100013sent1336359",
      "source_original": "이에 대해 관련부서에서는 자원수출 신흥국의 경기가 대체로 좋지 않다는 점 과 환율이 인플레이션에 미치는 영향이 신흥국 간에 차이가 있다는 점이 신흥국 간에 경기 및 물가 측면에서 차별화가 나타나고 있는 대체적인 이유라고 답변하"
    },
    {
      "page": 5,
      "sn": "report100013sent1336360",
      "source_original": "가상승률이 오르는 모습을 보이고 있지만 현재로서는 글로벌 물가의 본격적인 상 승국면 진입 여부를 판단하기 이르다고 설명하였음."
    },
    {
      "page": 5,
      "sn": "report100013sent1336361",
      "source_original": "아울러 동 위원은 최근 거시경제 변수들 간의 관계가 상당히 불안정해지면서 경제예측에 어려움이 있는 상황이라고 언급한 후, 금년 중 소비자심리지수와 민 간소비증가율 추이를 보면 서로 다른 움직임을 보이고 있는데, 최근 ECB의 연구 결과에서 시사 - 미국의 소비자심리지수가 유로지역 소비 변화에 대해 유용한 정 보를 제공하고 있음."
    }
  ]
}