{
  "meta": {
    "doc_no": "law1175034",
    "domain": "금융",
    "category": "규제정보",
    "license": "open",
    "source_language": "ko"
  },
  "doc_info": {
    "source": "법제처",
    "title": "당진시 사회적경제 육성ㆍ지원에 관한 조례",
    "date": 20221014
  },
  "sents": [
    {
      "page": 3,
      "sn": "law1175034sent12769530",
      "source_original": "의 계층을 말한다."
    },
    {
      "page": 3,
      "sn": "law1175034sent12769531",
      "source_original": "① 시장은 사회적경제 활성화와 사회적경제 조직 간 유기적인 협력과 연대가 이루어질 수 있도록 행정적ㆍ재정적 지원방안을 마련하고 적극 추진하여야 한다."
    },
    {
      "page": 3,
      "sn": "law1175034sent12769532",
      "source_original": "제3조(시장의 책무)"
    },
    {
      "page": 3,
      "sn": "law1175034sent12769533",
      "source_original": "6. \"사회적경제 생태계\"란 사회적경제 조직의 설립 및 발전, 시장의 조성과 이해관계자의 다양한 참여, 재생산과 재투자 등이 선순환적으로 이루어지는 시스템을 말한다."
    },
    {
      "page": 3,
      "sn": "law1175034sent12769534",
      "source_original": "제2조제3호"
    },
    {
      "page": 3,
      "sn": "law1175034sent12769535",
      "source_original": "5. \"사회서비스\"란"
    },
    {
      "page": 3,
      "sn": "law1175034sent12769536",
      "source_original": "제2조제2호"
    },
    {
      "page": 3,
      "sn": "law1175034sent12769537",
      "source_original": "의 서비스를 말한다."
    },
    {
      "page": 3,
      "sn": "law1175034sent12769538",
      "source_original": "에 따른 단체를 말한다) 등"
    },
    {
      "page": 3,
      "sn": "law1175034sent12769539",
      "source_original": "「비영리민간단체 지원법」"
    },
    {
      "page": 3,
      "sn": "law1175034sent12769540",
      "source_original": "사. 그 밖에 사회적경제 등 당진시장(이하 “시장”이라 한다)이 정하는 기준에 따라 사회적 가치 실현을 주된 목적으로 경제활동을 하는 기업, 비영리법인 및 비영리 민간단체("
    },
    {
      "page": 3,
      "sn": "law1175034sent12769541",
      "source_original": "바. 「농어업인의 삶의 질 향상 및 농어촌지역 개발촉진에 관한 특별법」에 근거해 농림축산식품부장관 및 충청남도지사가 선정한 농어촌공동체회사"
    },
    {
      "page": 3,
      "sn": "law1175034sent12769542",
      "source_original": "4. \"취약계층\"이란"
    },
    {
      "page": 3,
      "sn": "law1175034sent12769543",
      "source_original": "마. 중앙행정기관 또는 지방자치단체와 사회적경제 조직 간의 가교역할, 사회적경제 조직 간의 연계 등 사회적 경제 생태계 조성을 지원하는 중간지원조직"
    },
    {
      "page": 3,
      "sn": "law1175034sent12769544",
      "source_original": "에 따른 자활기업"
    },
    {
      "page": 3,
      "sn": "law1175034sent12769545",
      "source_original": "제18조"
    }
  ]
}