{
  "meta": {
    "doc_no": "law1175031",
    "domain": "금융",
    "category": "규제정보",
    "license": "open",
    "source_language": "ko"
  },
  "doc_info": {
    "source": "법제처",
    "title": "광주광역시 동구 공유재산관리 조례",
    "date": 20221014
  },
  "sents": [
    {
      "page": 34,
      "sn": "law1175031sent12769484",
      "source_original": "제12조제3항의 개정규정은 2023년 1월 1일부터 시행한다."
    },
    {
      "page": 34,
      "sn": "law1175031sent12769485",
      "source_original": "제2조(공유재산관리계획 관련 기준가격 재산 및 기준면적 토지 적용례)"
    },
    {
      "page": 34,
      "sn": "law1175031sent12769486",
      "source_original": "다만, 종전의 규정에 따라 이미 사용료 및 대부료를 납부 연기한 경우에는 이 조례에 따라 적합하게 납부 연기된 것으로 본다."
    },
    {
      "page": 34,
      "sn": "law1175031sent12769487",
      "source_original": "제34조제4항의 개정규정은 이 조례 시행 이후 사용료 및 대부료의 납부 연기를 하는 경우부터 적용한다."
    },
    {
      "page": 34,
      "sn": "law1175031sent12769488",
      "source_original": "제3조(사용료 및 대부료의 납부 연기에 관한 적용례)"
    },
    {
      "page": 34,
      "sn": "law1175031sent12769489",
      "source_original": "제31조제2항 및 제4항의 개정규정은 이 조례 시행 이후 사용료 및 대부료를 납부 고지하는 경우부터 적용한다."
    },
    {
      "page": 34,
      "sn": "law1175031sent12769490",
      "source_original": "제2조(유효기간)"
    },
    {
      "page": 34,
      "sn": "law1175031sent12769491",
      "source_original": "<조례 제1418호, 2020.11.27.>(상위법 개정사항 반영을 위한 광주광역시 동구 공유재산 관리 조례 등 일부개정조례>"
    },
    {
      "page": 34,
      "sn": "law1175031sent12769492",
      "source_original": "생략"
    },
    {
      "page": 34,
      "sn": "law1175031sent12769493",
      "source_original": "이 조례는 공포한 날부터 시행한다."
    },
    {
      "page": 34,
      "sn": "law1175031sent12769494",
      "source_original": "제1조(시행일)"
    },
    {
      "page": 34,
      "sn": "law1175031sent12769495",
      "source_original": "<조례 제 1417호, 2020.11.27.>(어려운 한자어 정비를 위한 광주광역시 동구 공유재산 관리 조례 등 일부개정조례>"
    },
    {
      "page": 34,
      "sn": "law1175031sent12769496",
      "source_original": "[별표] 지방청사 종합회관의 표준 설계면적기준"
    },
    {
      "page": 34,
      "sn": "law1175031sent12769497",
      "source_original": "제2조(사용료 및 대부료 감경에 관한 적용례)"
    },
    {
      "page": 34,
      "sn": "law1175031sent12769498",
      "source_original": "[별지 제1호 서식]공유재산 관리대장"
    }
  ]
}