{
  "meta": {
    "doc_no": "law1175025",
    "domain": "금융",
    "category": "규제정보",
    "license": "open",
    "source_language": "ko"
  },
  "doc_info": {
    "source": "법제처",
    "title": "광주광역시 동구 공유재산관리 조례",
    "date": 20221014
  },
  "sents": [
    {
      "page": 28,
      "sn": "law1175025sent12769389",
      "source_original": "1. 1급 관사 : 구청장 관사"
    },
    {
      "page": 28,
      "sn": "law1175025sent12769390",
      "source_original": "2. 2급 관사 : 부구청장 관사 및 이에 준하는 공무원의 관사"
    },
    {
      "page": 28,
      "sn": "law1175025sent12769391",
      "source_original": "3. 3급 관사 : 시설관리사ㆍ그 밖의 관사 등"
    },
    {
      "page": 28,
      "sn": "law1175025sent12769392",
      "source_original": "관사는 다음과 같이 구분한다."
    },
    {
      "page": 28,
      "sn": "law1175025sent12769393",
      "source_original": "관사의 사용은 관사 사용허가 신청에 따라 구청장이 이를 허가한다."
    },
    {
      "page": 28,
      "sn": "law1175025sent12769394",
      "source_original": "다만, 1급ㆍ2급 관사의 사용은 허가를 필요로 하지 아니한다."
    },
    {
      "page": 28,
      "sn": "law1175025sent12769395",
      "source_original": "제51조(사용책임)"
    },
    {
      "page": 28,
      "sn": "law1175025sent12769396",
      "source_original": "제50조(사용허가)"
    },
    {
      "page": 28,
      "sn": "law1175025sent12769397",
      "source_original": "제49조(관사의 구분)"
    },
    {
      "page": 28,
      "sn": "law1175025sent12769398",
      "source_original": "제7장 관사관리"
    },
    {
      "page": 28,
      "sn": "law1175025sent12769399",
      "source_original": "제48조(정의)"
    },
    {
      "page": 28,
      "sn": "law1175025sent12769400",
      "source_original": "③ 청사등 공용ㆍ공공용건물의 신축시 타당성 조사를 할 때에는 제1항에 따른 별표상의 기준에 적합한가를 조사하여야 한다."
    },
    {
      "page": 28,
      "sn": "law1175025sent12769401",
      "source_original": "제46조(건축위원회의 심의)"
    },
    {
      "page": 28,
      "sn": "law1175025sent12769402",
      "source_original": "청사를 건축하려는 경우에는 시ㆍ구 건축 조례의 규정에 따라 광주광역시 동구 건축위원회의 심의를 거쳐야 한다."
    },
    {
      "page": 28,
      "sn": "law1175025sent12769403",
      "source_original": "② 제1항의 규정에 따라 별표에 규정되지 아니한 다른 지방청사의 신축시 직무관련 1인당 면적기준 등에 대해서는 별표상의 기준을 준용한다."
    },
    {
      "page": 28,
      "sn": "law1175025sent12769404",
      "source_original": "① 청사를 신축하고자 하는 때에는 가급적 예산이 허용하는 범위에서 청사의 종합화를 도모하여야 한다."
    },
    {
      "page": 28,
      "sn": "law1175025sent12769405",
      "source_original": "② 종합청사화를 도모하기 위하여 도시계획사업 등을 추진하는 때에는 종합청사 부지를 우선 확보하여야 한다."
    },
    {
      "page": 28,
      "sn": "law1175025sent12769406",
      "source_original": "제47조(종합청사화의 도모)"
    },
    {
      "page": 28,
      "sn": "law1175025sent12769407",
      "source_original": "이 장에서 “관사”란 구청장ㆍ부구청장 또는 그 밖의 소속 공무원의 사용에 제공하기 위하여 소유하는 공용주택을 말한다."
    }
  ]
}