{
  "meta": {
    "doc_no": "law1175033",
    "domain": "금융",
    "category": "규제정보",
    "license": "open",
    "source_language": "ko"
  },
  "doc_info": {
    "source": "법제처",
    "title": "당진시 사회적경제 육성ㆍ지원에 관한 조례",
    "date": 20221014
  },
  "sents": [
    {
      "page": 2,
      "sn": "law1175033sent12769506",
      "source_original": "제2조제1항제9호"
    },
    {
      "page": 2,
      "sn": "law1175033sent12769507",
      "source_original": "에 따른 마을기업"
    },
    {
      "page": 2,
      "sn": "law1175033sent12769508",
      "source_original": "다. 협동조합 기본법」"
    },
    {
      "page": 2,
      "sn": "law1175033sent12769509",
      "source_original": "제2조"
    },
    {
      "page": 2,
      "sn": "law1175033sent12769510",
      "source_original": "에 따른 협동조합, 협동조합연합회, 사회적협동조합, 사회적협동조합연합회와"
    },
    {
      "page": 2,
      "sn": "law1175033sent12769511",
      "source_original": "<개정 2022.10.14.>"
    },
    {
      "page": 2,
      "sn": "law1175033sent12769512",
      "source_original": "에 따른 생활협동조합"
    },
    {
      "page": 2,
      "sn": "law1175033sent12769513",
      "source_original": "「도시재생 활성화 및 지원에 관한 특별법」"
    },
    {
      "page": 2,
      "sn": "law1175033sent12769514",
      "source_original": "라."
    },
    {
      "page": 2,
      "sn": "law1175033sent12769515",
      "source_original": "「국민기초생활 보장법」"
    },
    {
      "page": 2,
      "sn": "law1175033sent12769516",
      "source_original": "「소비자생활협동조합법」"
    },
    {
      "page": 2,
      "sn": "law1175033sent12769517",
      "source_original": "나."
    },
    {
      "page": 2,
      "sn": "law1175033sent12769518",
      "source_original": "에 따른 사회적기업 및 중앙부처의 장과 충청남도지사가 지정한 예비사회적기업"
    },
    {
      "page": 2,
      "sn": "law1175033sent12769519",
      "source_original": "제2조제1호"
    },
    {
      "page": 2,
      "sn": "law1175033sent12769520",
      "source_original": "충청남도 당진시(공동체새마을과), 041-350-3185"
    },
    {
      "page": 2,
      "sn": "law1175033sent12769521",
      "source_original": "제1조(목적)"
    },
    {
      "page": 2,
      "sn": "law1175033sent12769522",
      "source_original": "제2조(정의)"
    },
    {
      "page": 2,
      "sn": "law1175033sent12769523",
      "source_original": "이 조례에서 사용하는 용어의 뜻은 다음과 같다."
    },
    {
      "page": 2,
      "sn": "law1175033sent12769524",
      "source_original": "이 조례는 당진시 사회적경제 조직의 설립ㆍ운영을 지원하고 사회적경제 생태계를 조성하여 새로운 일자리를 창출하며, 복지ㆍ환경ㆍ문화 등의 다양한 수요가 증가하는 사회적 과제를 해결함으로써 시민의 삶의 질 향상과 지역공동체 활성화에 이바지함을 목적으로 한다."
    },
    {
      "page": 2,
      "sn": "law1175033sent12769525",
      "source_original": "2. \"사회적경제\"란 사회적 가치실현을 위하여 협력과 호혜를 바탕으로 사회적경제 조직의 생산, 분배, 교환, 소비가 이루어지는 경제 시스템을 말한다."
    },
    {
      "page": 2,
      "sn": "law1175033sent12769526",
      "source_original": "3. \"사회적경제 조직\"이란 다음 각 목의 어느 하나에 해당하는 조직을 말한다."
    },
    {
      "page": 2,
      "sn": "law1175033sent12769527",
      "source_original": "가."
    },
    {
      "page": 2,
      "sn": "law1175033sent12769528",
      "source_original": "「사회적기업 육성법」"
    },
    {
      "page": 2,
      "sn": "law1175033sent12769529",
      "source_original": "1. \"사회적 가치\"란 사회적경제활동을 통하여 사회적ㆍ경제적ㆍ문화적ㆍ환경적 영역에서 공공의 이익과 공동체 발전에 기여하는 사회공익적 성과를 말한다."
    }
  ]
}