{
  "meta": {
    "doc_no": "law1175035",
    "domain": "금융",
    "category": "규제정보",
    "license": "open",
    "source_language": "ko"
  },
  "doc_info": {
    "source": "법제처",
    "title": "당진시 사회적경제 육성ㆍ지원에 관한 조례",
    "date": 20221014
  },
  "sents": [
    {
      "page": 4,
      "sn": "law1175035sent12769546",
      "source_original": "5. 그 밖에 사회적경제 생태계 조성에 필요한 사항"
    },
    {
      "page": 4,
      "sn": "law1175035sent12769547",
      "source_original": "4. 사회적경제 활성화를 위한 관련 조례 및 정책 개선에 관한 사항"
    },
    {
      "page": 4,
      "sn": "law1175035sent12769548",
      "source_original": "3. 사회적경제 조직 간의 상호협력 및 관계기관 협력에 관한 사항"
    },
    {
      "page": 4,
      "sn": "law1175035sent12769549",
      "source_original": "2. 사회적경제 발전 전략 및 기반조성에 관한 사항"
    },
    {
      "page": 4,
      "sn": "law1175035sent12769550",
      "source_original": "1. 사회적경제 활성화를 위한 정책 추진 방향"
    },
    {
      "page": 4,
      "sn": "law1175035sent12769551",
      "source_original": "② 기본계획에는 다음 각 호의 사항이 포함되어야 한다."
    },
    {
      "page": 4,
      "sn": "law1175035sent12769552",
      "source_original": "① 시장은 사회적경제 조직의 자율적인 활동을 촉진하고 사회적경제 조직을 체계적으로 지원 및 육성하기 위하여 사회적경제 활성화 기본계획(이하 \"기본계획\"이라 한다)을 매 5년마다 수립하여야 한다."
    },
    {
      "page": 4,
      "sn": "law1175035sent12769553",
      "source_original": "제6조(사회적경제 육성 위원회의 설치)"
    },
    {
      "page": 4,
      "sn": "law1175035sent12769554",
      "source_original": "4. 경영의 투명성을 높이고 경영윤리가 확립되도록 노력하여야 한다."
    },
    {
      "page": 4,
      "sn": "law1175035sent12769555",
      "source_original": "3. 사회적경제 조직 간의 협업과 공유로 지속가능한 사회적경제 생태계 조성을 위하여 노력하여야 한다."
    },
    {
      "page": 4,
      "sn": "law1175035sent12769556",
      "source_original": "2. 사회적경제 활동에 따른 수익 또는 결과물을 구성원이나 사회적 가치 실현에 우선 사용하여야 한다."
    },
    {
      "page": 4,
      "sn": "law1175035sent12769557",
      "source_original": "1. 민주적이고 참여적인 의사결정구조 및 관리 형태를 통하여 개인과 공동체의 역량을 강화하여야 한다."
    },
    {
      "page": 4,
      "sn": "law1175035sent12769558",
      "source_original": "사회적경제 조직은 공공의 이익을 위하여 다음 각 호의 원칙을 준수하도록 노력하여야 한다."
    },
    {
      "page": 4,
      "sn": "law1175035sent12769559",
      "source_original": "제4조(사회적경제 조직의 책무)"
    },
    {
      "page": 4,
      "sn": "law1175035sent12769560",
      "source_original": "② 시장은 취약계층에게 일자리 또는 사회서비스를 제공하거나 지역사회 공헌을 위해 활동하는 법인 또는 단체 등을 사회적경제 조직으로 발굴ㆍ육성하기 위해 노력하여야 한다."
    },
    {
      "page": 4,
      "sn": "law1175035sent12769561",
      "source_original": "제5조(사회적경제 활성화를 위한 기본계획의 수립)"
    }
  ]
}