{
  "meta": {
    "doc_no": "law1175027",
    "domain": "금융",
    "category": "규제정보",
    "license": "open",
    "source_language": "ko"
  },
  "doc_info": {
    "source": "법제처",
    "title": "광주광역시 동구 공유재산관리 조례",
    "date": 20221014
  },
  "sents": [
    {
      "page": 30,
      "sn": "law1175027sent12769426",
      "source_original": "2. 관사를 일시 지키기 위하여 사용하는 경우"
    },
    {
      "page": 30,
      "sn": "law1175027sent12769427",
      "source_original": "① 제53조에 따라 관사의 사용허가가 취소된 때에 사용자는 구청장이 지정하는 기일까지 관사를 인계하여야 한다."
    },
    {
      "page": 30,
      "sn": "law1175027sent12769428",
      "source_original": "제57조(인계 인수 등)"
    },
    {
      "page": 30,
      "sn": "law1175027sent12769429",
      "source_original": "법에 따른 물품관리관은 관사용 비품 대장을 따로 갖추어 놓고 제54조에 따라 예산에서 구입한 비품과 기본 장식물을 이에 등재관리하여야 한다."
    },
    {
      "page": 30,
      "sn": "law1175027sent12769430",
      "source_original": "② 제1항에 따라 관사를 인계하는 때에 사용자는 그 날 현재까지 발생한 관사 운영비 중 사용자가 부담하여야 할 금액을 확인하여 정산하여야 하며, 다음 사용자 또는 관사담당 공무원에게 다음 사항을 인계하여야 한다."
    },
    {
      "page": 30,
      "sn": "law1175027sent12769431",
      "source_original": "제56조(비품의 관리)"
    },
    {
      "page": 30,
      "sn": "law1175027sent12769432",
      "source_original": "3. 시설의 보호ㆍ감시 등을 위하여 해당 공무원이 사용하는 경우"
    },
    {
      "page": 30,
      "sn": "law1175027sent12769433",
      "source_original": "1. 사용대상 공무원이 직접 사용하는 경우"
    },
    {
      "page": 30,
      "sn": "law1175027sent12769434",
      "source_original": "6. 전화요금(1급부터 2급까지 관사에 한한다)"
    },
    {
      "page": 30,
      "sn": "law1175027sent12769435",
      "source_original": "제55조(사용료의 면제)"
    },
    {
      "page": 30,
      "sn": "law1175027sent12769436",
      "source_original": "8. 아파트 관사일 경우의 공동관리비(1급부터 2급까지 관사에 한한다)"
    },
    {
      "page": 30,
      "sn": "law1175027sent12769437",
      "source_original": "7. 수도요금(1급부터 2급까지 관사에 한한다)"
    },
    {
      "page": 30,
      "sn": "law1175027sent12769438",
      "source_original": "5. 전기요금(1급부터 2급까지 관사에 한한다)"
    },
    {
      "page": 30,
      "sn": "law1175027sent12769439",
      "source_original": "4. 응접세트, 커튼 등 기본 장식물의 구입 및 유지관리비에 따른 경비(1급부터 2급까지 관사에 한한다)"
    },
    {
      "page": 30,
      "sn": "law1175027sent12769440",
      "source_original": "3. 보일러 운영비(1급부터 2급까지 관사에 한한다)"
    },
    {
      "page": 30,
      "sn": "law1175027sent12769441",
      "source_original": "제49조에 따른 관사 중 다음 각 호의 어느 하나에 해당하는 경우에는 사용료의 전액을 면제할 수 있다."
    }
  ]
}