{
  "meta": {
    "doc_no": "law100248",
    "domain": "금융",
    "category": "규제정보",
    "license": "open",
    "source_language": "ko"
  },
  "doc_info": {
    "source": "법제처",
    "title": "대부업 등의 등록 및 금융이용자 보호에 관한 법률 시행령 ",
    "date": 20181113
  },
  "sents": [
    {
      "page": 7,
      "sn": "law100248sent1192226",
      "source_original": "3. 그 밖에 법 또는 이 영에 따른 등록요건을 심사하기 위하여 필요한 서류로서 금융위원회가 정하여 고시하는 서류"
    },
    {
      "page": 7,
      "sn": "law100248sent1192227",
      "source_original": "2. 법 제11조의4제2항에 따라 보증금을 예탁하거나 보험 또는 공제에 가입하였음을 증명하는 서류"
    },
    {
      "page": 7,
      "sn": "law100248sent1192228",
      "source_original": "④ 법 제3조제3항 각 호 외의 부분에서 “대통령령으로 정하는 서류”란 다음 각 호의 서류를 말한다."
    },
    {
      "page": 7,
      "sn": "law100248sent1192229",
      "source_original": "2. 제1호에 따른 자산 중 대부계약에 따른 채권(이하 “대부채권”이라 한다) 잔액이 50억원 이상일 것"
    },
    {
      "page": 7,
      "sn": "law100248sent1192230",
      "source_original": "1. 법 제3조의5제1항제1호 또는 같은 조 제2항제2호에 따른 자기자본(법인이 아닌 경우에는 순자산액)을 갖추었음을 증명하는 서류"
    },
    {
      "page": 7,
      "sn": "law100248sent1192231",
      "source_original": "7. 6., 2018."
    },
    {
      "page": 7,
      "sn": "law100248sent1192232",
      "source_original": "<신설 2016."
    },
    {
      "page": 7,
      "sn": "law100248sent1192233",
      "source_original": "③ 법 제3조제2항제5호에서 “대통령령으로 정하는 기준”이란 다음 각 호의 기준을 모두 충족하는 것을 말한다."
    },
    {
      "page": 7,
      "sn": "law100248sent1192234",
      "source_original": "② 제1항에 따라 제출하는 교육이수증 사본은 등록신청일 전 6개월 이내의 교육에 대한 교육이수증[등록하려는 시ㆍ도지사 또는 금융위원회(이하 “시ㆍ도지사등”이라 한다)가 교부한 것에 한정되지 아니한다] 사본이어야 한다."
    },
    {
      "page": 7,
      "sn": "law100248sent1192235",
      "source_original": "1. 직전 사업연도말을 기준으로 자산규모가 100억원을 초과할 것"
    }
  ]
}