{
  "meta": {
    "doc_no": "law100250",
    "domain": "금융",
    "category": "규제정보",
    "license": "open",
    "source_language": "ko"
  },
  "doc_info": {
    "source": "법제처",
    "title": "대부업 등의 등록 및 금융이용자 보호에 관한 법률 시행령 ",
    "date": 20181113
  },
  "sents": [
    {
      "page": 9,
      "sn": "law100250sent1192246",
      "source_original": "② 법 제3조의4제1항 단서에서 “대통령령으로 정하는 기간” 이란 1개월을 말한다."
    },
    {
      "page": 9,
      "sn": "law100250sent1192247",
      "source_original": "3. 교육기관의 인적ㆍ물적 사정 등으로 교육을 받기 어려운 경우"
    },
    {
      "page": 9,
      "sn": "law100250sent1192248",
      "source_original": "③ 법 제3조의4제1항에 따른 대부업등의 준수사항 등에 관한 교육은 시ㆍ도지사등이 다음 각 호의 구분에 따른 대부업자등의 임직원을 대상으로 실시한다."
    },
    {
      "page": 9,
      "sn": "law100250sent1192249",
      "source_original": "2. 본인의 질병ㆍ사고, 업무상 국외 출장 등 부득이한 사유"
    },
    {
      "page": 9,
      "sn": "law100250sent1192250",
      "source_original": "1. 법 제3조제1항에 따라 대부업등의 등록을 하거나 해당 등록을 법 제3조의2제1항에 따라 갱신하려는 경우: 다음 각 목의 구분에 따른 사람"
    },
    {
      "page": 9,
      "sn": "law100250sent1192251",
      "source_original": "가. 법인인 대부업자등의 지점: 해당 지점의 업무를 총괄하는 사용인(이하 “업무총괄 사용인”이라 한다)"
    },
    {
      "page": 9,
      "sn": "law100250sent1192252",
      "source_original": "<개정 2018."
    },
    {
      "page": 9,
      "sn": "law100250sent1192253",
      "source_original": "1. 천재지변"
    },
    {
      "page": 9,
      "sn": "law100250sent1192254",
      "source_original": "① 법 제3조의2제1항에 따라 등록갱신을 신청하려는 자는 금융위원회가 정하여 고시하는 대부업등 등록갱신신청서에 법 제3조제3항제4호에 따른 영업소의 소재지를 증명할 수 있는 서류(등기부등본 또는 임대차 등의 계약서 사본에 한정한다), 교육이수증 사본과 그 밖에 금융위원회가 정하여 고시하는 서류를 첨부하여 현재 등록되어 있는 시ㆍ도지사등에게 제출하여야 한다."
    },
    {
      "page": 9,
      "sn": "law100250sent1192255",
      "source_original": "제2조의8(대부업등의 교육)"
    },
    {
      "page": 9,
      "sn": "law100250sent1192256",
      "source_original": "[제2조의6에서 이동, 종전 제2조의7은 제2조의8로 이동 <2017. 8. 29.>]"
    },
    {
      "page": 9,
      "sn": "law100250sent1192257",
      "source_original": "8. 29.>"
    },
    {
      "page": 9,
      "sn": "law100250sent1192258",
      "source_original": "<개정 2017."
    },
    {
      "page": 9,
      "sn": "law100250sent1192259",
      "source_original": "② 제1항의 경우에는 제2조의6제1항 단서 및 같은 조 제2항을 준용한다."
    },
    {
      "page": 9,
      "sn": "law100250sent1192260",
      "source_original": "4. 20., 2016."
    },
    {
      "page": 9,
      "sn": "law100250sent1192261",
      "source_original": "① 법 제3조의4제1항 단서에서 “대통령령으로 정하는 부득이한 사유”란 다음 각 호의 어느 하나의 사유를 말한다."
    }
  ]
}