{
  "meta": {
    "doc_no": "law100235",
    "domain": "금융",
    "category": "규제정보",
    "license": "open",
    "source_language": "ko"
  },
  "doc_info": {
    "source": "법제처",
    "title": "기술보증기금법 시행규칙",
    "date": 20181113
  },
  "sents": [
    {
      "page": 9,
      "sn": "law100235sent1192005",
      "source_original": "<신설 2005."
    },
    {
      "page": 9,
      "sn": "law100235sent1192006",
      "source_original": "4. 그 밖에 중소벤처기업부장관이 정하여 고시하는 서류"
    },
    {
      "page": 9,
      "sn": "law100235sent1192007",
      "source_original": "8. 26., 2007."
    },
    {
      "page": 9,
      "sn": "law100235sent1192008",
      "source_original": "3. 제3조제1항제2호 각 목 및 제4조제1항제2호 각 목의 어느 하나에 해당하는 대출금의 명세서"
    },
    {
      "page": 9,
      "sn": "law100235sent1192009",
      "source_original": "제5조의2(과오납 출연금의 정산)"
    },
    {
      "page": 9,
      "sn": "law100235sent1192010",
      "source_original": "신기술사업금융업자 또는 금융회사는 제3조부터 제5조까지의 규정에 따라 산정된 출연금보다 많거나 적은 출연금을 납부한 경우에는 다음 달 출연금에 해당 금액을 가감하여 납부하여야 한다."
    },
    {
      "page": 9,
      "sn": "law100235sent1192011",
      "source_original": "[제목개정 2007. 6. 4.]"
    },
    {
      "page": 9,
      "sn": "law100235sent1192012",
      "source_original": "2. 월중 평균잔액 또는 분기중 평균잔액을 증빙하는 서류"
    },
    {
      "page": 9,
      "sn": "law100235sent1192013",
      "source_original": "④제1항 및 제2항에도 불구하고 신기술사업금융업자 또는 금융회사는 기술보증기금이 수납할 출연대상금액, 수납시기, 사후정산방법 등에 대하여 중소벤처기업부장관의 승인을 얻어 요청하는 경우에는 장래에 납부할 출연금을 미리 납부할 수 있다."
    },
    {
      "page": 9,
      "sn": "law100235sent1192014",
      "source_original": "7. 26.>"
    },
    {
      "page": 9,
      "sn": "law100235sent1192015",
      "source_original": "②금융회사는 매 월말 현재 금융회사출연기준융자금의 월중 평균잔액에 대하여 별표 1의 출연요율에 해당하는 금액(이하 “기준금액”이라 한다)에 별표 2에 따라 산출된 금액을 가산하거나 감액하여 다음 달 말일까지 기술보증기금에 출연하여야 한다."
    },
    {
      "page": 9,
      "sn": "law100235sent1192016",
      "source_original": "<신설 2007."
    },
    {
      "page": 9,
      "sn": "law100235sent1192017",
      "source_original": "6. 4., 2015."
    },
    {
      "page": 9,
      "sn": "law100235sent1192018",
      "source_original": "3. 23., 2015."
    },
    {
      "page": 9,
      "sn": "law100235sent1192019",
      "source_original": "1. 출연금계산서"
    },
    {
      "page": 9,
      "sn": "law100235sent1192020",
      "source_original": "③신기술사업금융업자 또는 금융회사는 제1항 또는 제2항에 따라 출연하는 때에는 다음 각 호의 서류를 기술보증기금에 제출하여야 한다."
    },
    {
      "page": 9,
      "sn": "law100235sent1192021",
      "source_original": "6. 4., 2008."
    },
    {
      "page": 9,
      "sn": "law100235sent1192022",
      "source_original": "4. 3., 2016."
    }
  ]
}