{
  "meta": {
    "doc_no": "law100234",
    "domain": "금융",
    "category": "규제정보",
    "license": "open",
    "source_language": "ko"
  },
  "doc_info": {
    "source": "법제처",
    "title": "기술보증기금법 시행규칙",
    "date": 20181113
  },
  "sents": [
    {
      "page": 8,
      "sn": "law100234sent1191996",
      "source_original": "6. 4., 2016."
    },
    {
      "page": 8,
      "sn": "law100234sent1191997",
      "source_original": "<개정 2007."
    },
    {
      "page": 8,
      "sn": "law100234sent1191998",
      "source_original": "①신기술사업금융업자는 매 분기말 현재 신기술사업금융업자출연기준융자금의 분기중 평균잔액에 대하여 연율 1천분의 3에 해당하는 금액을 매 분기 종료 후 다음 달 말일까지 기술보증기금에 출연하여야 한다."
    },
    {
      "page": 8,
      "sn": "law100234sent1191999",
      "source_original": "제5조(출연의 금액ㆍ시기 및 방법)"
    },
    {
      "page": 8,
      "sn": "law100234sent1192000",
      "source_original": "저. 법률 제12663호 한국산업은행법 전부개정법률 부칙 제6조제2항에 따라 합병으로 한국산업은행이 한국정책금융공사로부터 승계한 대출채권의 대출금(합병등기일 전에 한국정책금융공사가 대출계약을 체결한 경우로서 합병등기일 이후 그 대출계약에 따라 한국산업은행이 한 대출금을 포함한다)"
    },
    {
      "page": 8,
      "sn": "law100234sent1192001",
      "source_original": "[전문개정 2007. 6. 4.]"
    },
    {
      "page": 8,
      "sn": "law100234sent1192002",
      "source_original": "②제1항 각 호의 대출금에 대한 판정은 금융회사가 「은행법」 제43조의2, 「한국산업은행법」 제34조 및 제36조, 「중소기업은행법」 제46조 및 제48조, 「한국수출입은행법」 제39조 및 제41조, 그 밖의 관련 법령에 따라 「금융위원회의 설치 등에 관한 법률」에 따른 금융감독원의 원장에게 제출하는 대차대조표 및 그 계정과목을 기준으로 한다."
    },
    {
      "page": 8,
      "sn": "law100234sent1192003",
      "source_original": "처. 「한국수출입은행법」에 따른 한국수출입은행으로부터 대출받은 자금을 재원으로 하는 대출금"
    },
    {
      "page": 8,
      "sn": "law100234sent1192004",
      "source_original": "[제목개정 2015. 3. 23.]"
    }
  ]
}