{
  "meta": {
    "doc_no": "law10",
    "domain": "금융",
    "category": "규제정보",
    "license": "open",
    "source_language": "ko"
  },
  "doc_info": {
    "source": "금융위원회",
    "title": "금융회사_지배구조에_관한_법률_설명서_98",
    "date": 201610
  },
  "sents": [
    {
      "page": 10,
      "sn": "law10sent145",
      "source_original": "1. 금융회사의 국외 현지법인(국외지점을 포함한다)"
    },
    {
      "page": 10,
      "sn": "law10sent146",
      "source_original": "< 관련조문 > 법 제3조(적용범위) ① 다음 각 호의 어느 하나에 해당하는 자에게는 이 법을 적용하지 아니한다."
    },
    {
      "page": 10,
      "sn": "law10sent147",
      "source_original": "□ 따라서, 국외 현지법인은 법 적용대상이 아니므로 겸직 승인ㆍ 보고의무가 없으나, 겸직하려는 회사가 금융회사인 경우에는 그 금융회사는 법 제11조에 따른 겸직 승인ㆍ보고의무가 있습니다."
    },
    {
      "page": 10,
      "sn": "law10sent148",
      "source_original": "6\t 국외 현지법인의 겸직 승인ᆞ보고의무 (법 제3조제1항)"
    },
    {
      "page": 10,
      "sn": "law10sent149",
      "source_original": "□ 겸직하는 임직원은 사실상 원소속 회사(국외 현지법인)와 겸직 하는 회사(국내 금융회사) 양 자의 임직원이므로, 비록 원소 속이 지배구조법 적용을 받지 않는 국외 현지법인이더라도 겸직하는 회사가 국내 금융회사이면 사실상 국내 금융회사의 임직원이 국외 현지법인을 겸직하는 것과 동일합니다."
    },
    {
      "page": 10,
      "sn": "law10sent150",
      "source_original": "◇ 금융회사의 국외 현지법인(국외지점 포함)은 지배구조법을 적용받지 않는다고 명시되어 있는데, 겸직 승인 및 보고 등에 대한 의무도 없는 것인지"
    },
    {
      "page": 10,
      "sn": "law10sent151",
      "source_original": "- 6 -"
    },
    {
      "page": 10,
      "sn": "law10sent152",
      "source_original": "➡ 국외 현지법인은 겸직 승인 및 보고 의무가 없으나, 국외 현지 법인의 임직원이 국내 금융회사의 임직원 등을 겸직하는 경우 에는 그 겸직하는 국내 금융회사는 겸직 승인 및 보고의무가 있습니다."
    }
  ]
}