{
  "meta": {
    "doc_no": "law1001",
    "domain": "금융",
    "category": "규제정보",
    "license": "open",
    "source_language": "ko"
  },
  "doc_info": {
    "source": "법제처",
    "title": "고양시_저소득주민_생활안정자금_융자_조례_시행규칙(경기도_고양시규칙)(제982호)_2",
    "date": 20170929
  },
  "sents": [
    {
      "page": 2,
      "sn": "law1001sent18601",
      "source_original": "1. 저소득주민생활안정융자금 관리대장 “별지 제3호서식”"
    },
    {
      "page": 2,
      "sn": "law1001sent18602",
      "source_original": "2. 저소득주민생활안정융자금 개인별상환카드 “별지 제4호서식”"
    },
    {
      "page": 2,
      "sn": "law1001sent18603",
      "source_original": "부칙 <2012."
    },
    {
      "page": 2,
      "sn": "law1001sent18604",
      "source_original": "2.17."
    },
    {
      "page": 2,
      "sn": "law1001sent18605",
      "source_original": "규칙 제843호>"
    },
    {
      "page": 2,
      "sn": "law1001sent18606",
      "source_original": "제1조(시행일) 이 규칙은 공포한 날부터 시행한다."
    },
    {
      "page": 2,
      "sn": "law1001sent18607",
      "source_original": "제2조(경과조치) 이 규칙 시행 전의 일반융자금 대상자 연대보증인 변상 조치 등의 적용에 있어서는 종전의 규정에 따른다."
    },
    {
      "page": 2,
      "sn": "law1001sent18608",
      "source_original": "부칙 <2017."
    },
    {
      "page": 2,
      "sn": "law1001sent18609",
      "source_original": "9.29."
    },
    {
      "page": 2,
      "sn": "law1001sent18610",
      "source_original": "규칙 제982호>"
    },
    {
      "page": 2,
      "sn": "law1001sent18611",
      "source_original": "이 규칙은 공포한 날부터 시행한다."
    }
  ]
}