{
  "meta": {
    "doc_no": "report12074",
    "domain": "금융",
    "category": "보고서",
    "license": "open",
    "source_language": "ko",
    "target_language": "zh"
  },
  "doc_info": {
    "source": "한국수출입은행",
    "title": "국문판_국제 ODA동향",
    "date": 200912
  },
  "sents": [
    {
      "page": 20,
      "sn": "report12074sent109610",
      "source_original": "◦ 1차 회의에 이어 아부다비에서 개최되었으며, 22개 참가국 및 관련 기구가 참석",
      "source_cleaned": "◦ 1차 회의에 이어 아부다비에서 개최되었으며, 22개 참가국 및 관련 기구가 참석",
      "mt": "◦第一次会议之后在阿布扎比举行，22个参加国及相关机构出席",
      "mtpe": "◦第一次会议之后在阿布扎比举行，22个与会国及相关机构出席。"
    },
    {
      "page": 20,
      "sn": "report12074sent109614",
      "source_original": "◦ 5개 클러스터별 파키스탄 측 정책 구상 또는 구체 프로젝트를 두고 참가국들의 지원을 조율하고, 같은 달 개최예정인 각료회의 의제를 준비",
      "source_cleaned": "◦ 5개 클러스터별 파키스탄 측 정책 구상 또는 구체 프로젝트를 두고 참가국들의 지원을 조율하고, 같은 달 개최 예정인 각료 회의 의제를 준비",
      "mt": "◦就巴基斯坦方面的5个集群的政策构想和具体项目等问题，协调与会国的支援，准备本月内召开的内阁会议议题",
      "mtpe": "◦针对5个集群的巴方政策构想或具体项目，协调与会国的支援，并准备定于同月举行的部长会议议题。"
    },
    {
      "page": 20,
      "sn": "report12074sent109606",
      "source_original": "◦ FoDP의 활동 방향에 대한 구체적인 로드맵을 구상하고자 마련된 자리 였으나, 금융위기의 여파로 인해 참가국들의 원조 재원에 대한 약속",
      "source_cleaned": "◦ FoDP의 활동 방향에 대한 구체적인 로드맵을 구상하고자 마련된 자리였으나, 금융위기의 여파로 인해 참가국들의 원조 재원에 대한 약속",
      "mt": "◦设立该会议是为了制定有关FoDP活动方向的具体发展蓝图，但由于受到金融危机的影响，参加国承诺提供援助",
      "mtpe": "◦会议旨在构思FoDP活动方向的具体发展蓝图，但由于金融危机的影响，与会国对援助财源的承诺。"
    },
    {
      "page": 20,
      "sn": "report12074sent109617",
      "source_original": "◦ 그간 전문가 회의 결과를 승인하고, 5개 클러스터에 대한 국제 공조를 수행하기 위한 메커니즘(follow-up mechanism)을 만들기로 합의",
      "source_cleaned": "◦ 전문가 회의 결과를 승인하고, 5개 클러스터에 대한 국제 공조를 수행하기 위한 메커니즘(follow-up mechanism)을 만들기로 합의",
      "mt": "◦同意专家会议的结果，并同意创建机制(follow-up mechanism)以对5个集群执行国际协作",
      "mtpe": "◦ 双方同意批准专家会议结果，并制定机制（follow-up mechanism），以便对5个集群进行国际合作。"
    },
    {
      "page": 20,
      "sn": "report12074sent109616",
      "source_original": "◦ 파키스탄 안정화 지원을 위한 국제사회의 노력을 결집하는 동시에, 아프가니스탄을 포함한 서남아 지역의 안정화를 위한 국제협력의 새로운 협력 동력을 확보하는 계기로 평가",
      "source_cleaned": "◦ 파키스탄 안정화 지원을 위한 국제사회의 노력을 결집하는 동시에, 아프가니스탄을 포함한 서남아 지역의 안정화를 위한 국제협력의 새로운 협력 동력을 확보하는 계기로 평가",
      "mt": "◦在汇集国际社会努力支持巴基斯坦稳定的同时，为阿富汗等西南亚地区的稳定化确保国际合作的新动力的契机",
      "mtpe": "◦评价认为，这是凝聚国际社会支持巴基斯坦稳定的努力，同时确保包括阿富汗在内的西南亚地区稳定国际合作新动力的契机。"
    },
    {
      "page": 20,
      "sn": "report12074sent109618",
      "source_original": "◦ 파키스탄 자르다리 대통령이 의장을 맡아 도쿄에서 개최되었으며, 31개국, 18개 관련 기구가 참석",
      "source_cleaned": "◦ 파키스탄 자르다리 대통령이 의장을 맡아 도쿄에서 개최되었으며, 31개국, 18개 관련 기구가 참석",
      "mt": "◦巴基斯坦总理贾尔达里担任议长并在东京召开，来自31个国家的18个相关机构出席",
      "mtpe": "◦会议由巴基斯坦总统扎尔达里担任，在东京举行，共有31个国家和18个相关机构参加。"
    },
    {
      "page": 20,
      "sn": "report12074sent109612",
      "source_original": "◦ 파키스탄과 아랍 에미리트가 공동 의장국을 맡아 아부다비에서 개최",
      "source_cleaned": "◦ 파키스탄과 아랍 에미리트가 공동 의장국을 맡아 아부다비에서 개최",
      "mt": "◦由巴基斯坦和阿拉伯联合酋长国担任主席国，在阿布扎比举办",
      "mtpe": "◦由巴基斯坦和阿拉伯联合酋长国共同担任主席国，在阿布扎比举行。"
    }
  ]
}