{
  "meta": {
    "doc_no": "report12073",
    "domain": "금융",
    "category": "보고서",
    "license": "open",
    "source_language": "ko",
    "target_language": "zh"
  },
  "doc_info": {
    "source": "한국수출입은행",
    "title": "국문판_국제 ODA동향",
    "date": 200912
  },
  "sents": [
    {
      "page": 19,
      "sn": "report12073sent109603",
      "source_original": "◦ 미국․영국․아랍 에미리트 및 파키스탄이 공동 의장국이 되어 UN 총회 중간 세션 자리를 통해 장관급 회의를 개최하였으며, 파키스탄 우방국 그룹의 결성을 최초 발표",
      "source_cleaned": "◦ 미국․영국․아랍 에미리트 및 파키스탄이 공동 의장국이 되어 UN 총회 중간 세션 자리를 통해 장관급 회의를 개최하였으며, 파키스탄 우방국 그룹의 결성을 최초 발표",
      "mt": "◦美国、英国、阿拉伯联合酋长国以及巴基斯坦成为共同主席国，通过联合国大会中间会议召开了长官级会议，首次发表了巴基斯坦友邦集团的成立",
      "mtpe": "◦美国、英国、阿拉伯联合酋长国以及巴基斯坦成为共同主席国，通过联合国大会中间会议召开部长级会议，首次宣布成立巴基斯坦友邦集团。"
    },
    {
      "page": 19,
      "sn": "report12073sent109604",
      "source_original": "◦ 서남아시아지역의 평화 정착을 위해서는 파키스탄의 안정과 번영이 중요하다는 점을 국제사회에 널리 알렸으며, 아시프 알리 자르다리",
      "source_cleaned": "◦ 서남아시아 지역의 평화 정착을 위해서는 파키스탄의 안정과 번영이 중요하다는 점을 국제사회에 널리 알렸다.",
      "mt": "◦为了西南亚地区的和平稳定，巴基斯坦的稳定和繁荣是非常重要的。",
      "mtpe": "◦为了西南亚地区的和平稳定，巴基斯坦的稳定和繁荣向国际社会广泛宣传。"
    },
    {
      "page": 19,
      "sn": "report12073sent109599",
      "source_original": "◦ 아프가니스탄 전쟁을 수행하고 있는 미국은 파키스탄과의 협력관계 강화를 뒷받침할 수 있는 동 그룹의 결성을 전폭 지지하면서, 대규모 파키스탄 지원안(5년간 매년 1.5억불)을 추진하고 있는 점을 부각시켰고 국제사회의 동참을 독려",
      "source_cleaned": "◦ 아프가니스탄 전쟁을 수행하고 있는 미국은 파키스탄과의 협력관계 강화를 뒷받침할 수 있는 동 그룹의 결성을 전폭 지지하면서, 대규모 파키스탄 지원안(5년간 매년 1.5억 불)을 추진하고 있는 점을 부각시켰고 국제사회의 동참을 독려",
      "mt": "◦阿富汗战争爆发的美国，在全力支持同盟的成立，加强与巴基斯坦的合作关系。同时，也在推进大规模的巴基斯坦支援案（5年每年投入1.5亿美元），鼓励国际社会的参与",
      "mtpe": "◦ 正在阿富汗战争的美国全力支持成立能够加强同巴基斯坦合作关系的同集团，同时强调正在推进大规模巴基斯坦支援案（5年内每年1.5亿美元），并鼓励国际社会共同参与。"
    },
    {
      "page": 19,
      "sn": "report12073sent109597",
      "source_original": "◦ 또한, 7개) 클러스터별 실무 회의(Working Group)를 비정기 운영하여 분야별 정책 및 프로젝트를 참여국(기구)앞 제시하고, 이를 토대로 협력분야 모색 및 사업 발굴을 시도",
      "source_cleaned": "◦ 클러스터별 실무 회의(Working Group)를 비정기 운영하여 분야별 정책 및 프로젝트를 참여국(기구) 앞 제시하고, 이를 토대로 협력분야 모색 및 사업 발굴을 시도",
      "mt": "◦不定期运营各集群的实务会议(Working Group)，在参与国（机构）前提出各领域的政策及项目，并以此为基础探索合作领域及挖掘事业",
      "mtpe": "◦不定期运营各集群的实务会议(Working Group)，在参与国（机构）前提出各领域的政策及项目，并以此为基础,试图探索合作领域及发掘事业。"
    },
    {
      "page": 19,
      "sn": "report12073sent109600",
      "source_original": "(Asif Ali Zardari) 신임 파키스탄 대통령의 지속적인 대(對)테러전 지원 의사를 확인한 자리였음10)",
      "source_cleaned": "신임 파키스탄 대통령의 지속적인 대 테러전 지원 의사를 확인한 자리였음",
      "mt": "会见了新任巴基斯坦总统对恐怖袭击的支持意向",
      "mtpe": "这是确认新任巴基斯坦总统持续支持反恐战争的意向的场合。"
    },
    {
      "page": 19,
      "sn": "report12073sent109602",
      "source_original": "- 당초 참가국은 총 개국(독일, 미국, 아랍 에미리트, 영국, 이탈리아, 중국, 캐나다, 터키, 프랑스, 호주)이었으며, UN과 EU도 참가",
      "source_cleaned": "참가국은 총 10개국(독일, 미국, 아랍 에미리트, 영국, 이탈리아, 중국, 캐나다, 터키, 프랑스, 호주)이었으며, UN과 EU도 참가",
      "mt": "联合国和欧盟共10个国家（德国、美国、阿拉伯联合酋长国、英国、意大利、中国、加拿大、土耳其、法国、澳大利亚）",
      "mtpe": "参加国共有10个国家（德国、美国、阿拉伯联合酋长国、英国、意大利、中国、加拿大、土耳其、法国和澳大利亚），联合国和欧盟也参加。"
    }
  ]
}