{
  "meta": {
    "doc_no": "report12069",
    "domain": "금융",
    "category": "보고서",
    "license": "open",
    "source_language": "ko",
    "target_language": "zh"
  },
  "doc_info": {
    "source": "한국수출입은행",
    "title": "국문판_국제 ODA동향",
    "date": 200912
  },
  "sents": [
    {
      "page": 15,
      "sn": "report12069sent109569",
      "source_original": "□ 수원국 및 MDB와의 관계에 있어서 정책 레버리지 효과 기대",
      "source_cleaned": "□ 수원국 및 MDB와의 관계에 있어서 정책 레버리지 효과 기대",
      "mt": "·与水源局和MDB的关系有望产生政策杠杆效应",
      "mtpe": "□ 期待与水源国及MDB的关系出现政策杠杆效果"
    },
    {
      "page": 15,
      "sn": "report12069sent109567",
      "source_original": "□ 특정 지역, 공통과제(cross-cutting issues)에 있어서 국제원조사회와 공동보조",
      "source_cleaned": "□ 특정 지역, 공통과제(cross-cutting issues)에 있어서 국제원조사회와 공동보조",
      "mt": "·特定地区与国际援助会共同补助公共课题",
      "mtpe": "·在特定地区，共同课题（cross-cutting issues）上与国际援助社会共同辅助"
    },
    {
      "page": 15,
      "sn": "report12069sent109560",
      "source_original": "◦ 누계를 보면 ADB와의 협조융자 실적이 6건, 177.8백만불로 가장 많음",
      "source_cleaned": "◦ 누계를 보면 ADB와의 협조융자 실적이 6건, 177.8백만 불로 가장 많음",
      "mt": "◦累计分析显示，与ADB的合作融资交易为6件，金额最多，为177.8百万美元",
      "mtpe": "◦ 从累计来看，与ADB的合作融资业绩最多，达6件，达177.8百万美元。"
    },
    {
      "page": 15,
      "sn": "report12069sent109564",
      "source_original": "◦ 사업 발굴, 준비, 실시, 사후관리 등에 대한 업무를 MDB와 분담 또는 일부 위임함으로써 원조업무의 거래비용 및 시간 절감과 동시에 사업의 질적 제고가 가능하며, 수원국 입장에서도 사후관리에 따른 행정적 부담을 경감",
      "source_cleaned": "◦ 사업 발굴, 준비, 실시, 사후관리 등에 대한 업무를 MDB와 분담 또는 일부 위임함으로써 원조 업무의 거래비용 및 시간 절감과 동시에 사업의 질적 제고가 가능하며, 수원국 입장에서도 사후관리에 따른 행정적 부담을 경감",
      "mt": "◦项目挖掘、准备、实施、事后管理等业务和MDB分担或部分委任，可以节省援助业务的交易费用和时间，同时提高项目质量，从水源局的立场上也可以减轻事后管理带来的行政负担",
      "mtpe": "◦通过与MDB分担或部分委托事业发掘、准备、实施、事后管理等业务，在节省援助业务交易费用及时间的同时，可提高事业质量，从水源局的立场来看，也可减轻事后管理带来的行政负担。"
    },
    {
      "page": 15,
      "sn": "report12069sent109566",
      "source_original": "◦ 인프라구축, 녹색성장(기후변화), 민간섹터육성, 성평등(gender equality) 등 각 MDB별 중점지원전략 및 공통이슈들 중 아국 관심 분야에 해당 하는 사업을 선택적으로 지원함으로써 국제원조사회와의 공조를 통한 ODA 정책효과 달성을 촉진",
      "source_cleaned": "◦ 인프라 구축, 녹색성장(기후변화), 민간 섹터 육성, 성 평등(gender equality) 등 각 MDB 별 중점 지원전략 및 공통 이슈들 중 아국 관심 분야에 해당하는 사업을 선택적으로 지원함으로써 국제원조사회와의 공조를 통한 ODA 정책 효과 달성을 촉진",
      "mt": "◦在基础设施建设、绿色增长（气候变化）、民间板块的培养、性别平等(gender equality)等各MDB重点支援战略及共同焦点问题中，选择性地支援亚国关心领域的事业，促进通过与国际调查会的合作，实现ODA政策效果",
      "mtpe": "◦在基础设施建设、绿色增长（气候变化）、民间板块的培养、性别平等(gender equality)等各MDB重点支援战略及共同焦点问题中，选择性地支援相当于我国关心领域的事业，通过与国际援助社会的合作，促进ODA政策效果的实现。"
    },
    {
      "page": 15,
      "sn": "report12069sent109559",
      "source_original": "◦ 최근 AfDB와의 협조융자 증가 추세 (‘09년 중 2건 승인 예정)",
      "source_cleaned": "◦ 최근 AfDB와의 협조융자 증가 추세 (‘09년 중 2건 승인 예정)",
      "mt": "◦最近与AfDB的合作融资呈增加趋势（预计09年内批准两次）",
      "mtpe": "◦ 最近与AfDB的合作融资呈增加趋势（\"预计09年中批准2件\"）"
    },
    {
      "page": 15,
      "sn": "report12069sent109568",
      "source_original": "◦ 특정 수원국 및 MDB와의 협력관계에 있어서 EDCF의 지원목적 및 목표에 일치하는 사업에 우선순위를 부여함으로써 정책적 레버리지 효과를 기대할 수 있으며, 신규 수원국과는 초기부터 유리한 협력관계 설정이 가능",
      "source_cleaned": "◦ 특정 수원국 및 MDB와의 협력관계에 있어서 EDCF의 지원 목적 및 목표에 일치하는 사업에 우선순위를 부여함으로써 정책적 레버리지 효과를 기대할 수 있으며, 신규 수원국과는 초기부터 유리한 협력관계 설정이 가능",
      "mt": "◦在与特定水源局及MDB的合作关系上，优先赋予符合EDCF支援目的及目标的事业优先顺序，可以期待政策性杠杆效果，从初期开始就可以与新水源局设定有利的合作关系",
      "mtpe": "◦在与特定水源局及MDB的合作关系上，优先赋予符合EDCF支援目的及目标的事业优先顺序，可期待政策性杠杆效果，与新水源局从初期开始可设定有利的合作关系。"
    }
  ]
}