{
  "meta": {
    "doc_no": "report12064",
    "domain": "금융",
    "category": "보고서",
    "license": "open",
    "source_language": "ko",
    "target_language": "zh"
  },
  "doc_info": {
    "source": "한국수출입은행",
    "title": "국문판_국제 ODA동향",
    "date": 200912
  },
  "sents": [
    {
      "page": 10,
      "sn": "report12064sent109495",
      "source_original": "◦ WB는 여타 원조기관 및 동국 정부와의 협의를 거쳐 SEDP 달성을 위한 각 연도별 정책과제로 구성된 중기 정책 매트릭스를 작성하고, 차관자금 집행(budget support 형태)의 전제조건으로 사용될 이행 과제를 설정",
      "source_cleaned": "◦ WB는 여타 원조 기관 및 동국 정부와의 협의를 거쳐 SEDP 달성을 위한 각 연도별 정책 과제로 구성된 중기 정책 매트릭스를 작성하고, 차관자금 집행(budget support 형태)의 전제조건으로 사용될 이행 과제를 설정",
      "mt": "◦WB将与其他援助机构和东国政府进行协商，制定中期政策列表，该矩阵包括实现SEDP的各年度政策任务，并设置履行任务，作为执行借款资金(budget support形式)的前提条件",
      "mtpe": "◦WB将与其他援助机构和东国政府进行协商后，为达成SEDP制定由各年度政策课题构成的中期政策矩阵，并设定作为贷款资金执行（budget support形式）前提条件的履行课题。"
    },
    {
      "page": 10,
      "sn": "report12064sent109496",
      "source_original": "◦ WB의 對베트남 PRSC(Poverty Reduction Support Credit)는 동국 정부의 사회경제개발계획(Socio-Economic Development Plan: SEDP)",
      "source_cleaned": "◦ WB의 대 베트남 PRSC(Poverty Reduction Support Credit)는 동국 정부의 사회경제개발계획",
      "mt": "◦ WB对越南PRSC(Poverty Reduction Support Credit)是东国政府的社会经济开发计划",
      "mtpe": "◦ WB对越南PRSC(Poverty Reduction Support Credit)是东国政府的社会经济发展计划。"
    },
    {
      "page": 10,
      "sn": "report12064sent109500",
      "source_original": "◦ 원조공여기관은 동국 정부와의 정책협의 및 기술협의를 거쳐 매년 정책과제 달성 여부를 평가하고, 평가결과를 차기연도 정책 매트릭스 조정 및 이행과제 설정시 반영",
      "source_cleaned": "◦ 원조 공여기관은 동국 정부와의 정책협의 및 기술협의를 거쳐 매년 정책 과제 달성 여부를 평가하고, 평가 결과를 차기 연도 정책 매트릭스 조정 및 이행과제 설정 시 반영",
      "mt": "◦援助捐赠机关与东国政府进行政策协商和技术协商后，每年对是否完成政策课题进行评价，并在下一年度政府的政策结构调整及履行课题设定时反映评价结果",
      "mtpe": "◦援助捐赠机关与东国政府进行政策协商和技术协商后，每年对政策课题完成与否进行评价，并在下年度政策矩阵调整及执行课题设定时反映评价结果。"
    }
  ]
}