{
  "meta": {
    "doc_no": "news10004",
    "domain": "금융",
    "category": "뉴스기사",
    "license": "open",
    "source_language": "ko"
  },
  "sents": [
    {
      "sn": "news10004sent123206",
      "source_original": "\"긴급 대책 회의에 들어갔는데, 내부 분위기는 '패닉'인 듯합니다.\""
    },
    {
      "sn": "news10004sent123207",
      "source_original": "(A 대형 외식업체 관계자)"
    },
    {
      "sn": "news10004sent123208",
      "source_original": "28일 신종 코로나바이러스 감염증(코로나19)에 대응하는 강화된 정부 조치가 발표되자 이에 직접적으로 영향을 받는 외식업계는 큰 충격에 빠진 가운데 대응책 마련에 고심하고 있다."
    },
    {
      "sn": "news10004sent123209",
      "source_original": "정부는 이날 서울 등 수도권을 대상으로 ▲ 일반음식점 오후 9시부터 익일 오전 5시까지 포장·배달만 허용 ▲ 카페는 영업시간 무관 포장·배달만 허용 등을 골자로 하는 '수도권 사회적 거리 두기 2단계 연장 및 방역조치 강화 방안'을 발표했다."
    },
    {
      "sn": "news10004sent123210",
      "source_original": "이날 오후 속보로 이 같은 소식이 전해지자 주요 업체들은 저마다 긴급회의에 들어갔다."
    },
    {
      "sn": "news10004sent123211",
      "source_original": "굵직한 프랜차이즈 브랜드를 여럿 거느린 A 업체 관계자는 \"아직 회사별로 정부의 지침 등이 전달되지는 않아 정확한 내용 전달 후 준비를 해야 할 것\"이라면서도 \"배달 서비스 강화에 초점을 맞춰 대책이 논의될 것\"이라고 말했다."
    },
    {
      "sn": "news10004sent123212",
      "source_original": "햄버거 브랜드 롯데리아와 커피전문점 엔제리너스 등을 운영하는 롯데GRS도 정부 발표 직후 영업 관련 긴급회의에 들어갔다."
    },
    {
      "sn": "news10004sent123213",
      "source_original": "우선 가장 큰 타격이 예상되는 업종은 커피전문점이다."
    },
    {
      "sn": "news10004sent123214",
      "source_original": "이디야·커피빈·파스쿠찌 등 주요 업체들은 이미 배달 서비스를 시행하고 있지만, 아무래도 내점 고객 대상 매출이 크다 보니 충격이 클 수밖에 없다."
    },
    {
      "sn": "news10004sent123215",
      "source_original": "업계에 따르면 브랜드마다 다르지만 대형 커피전문점의 포장·내점 매출 비율은 4대6 혹은 5대5다."
    },
    {
      "sn": "news10004sent123216",
      "source_original": "수도권 매장에서는 이번 조치에 따라 매출의 절반을 잃을 수도 있다는 이야기다."
    },
    {
      "sn": "news10004sent123217",
      "source_original": "커피전문점 업계 관계자는 \"카페 일자리에도 타격이 있을 것\"이라며 \"당장 매출이 감소했는데 아르바이트생을 줄일 수밖에 없지 않겠느냐\"고 말했다."
    },
    {
      "sn": "news10004sent123218",
      "source_original": "매장수 기준 업계 1위인 이디야커피는 현재 전국 3천여개 매장 가운데 1천600여개 매장에서 배달 서비스를 제공하고 있다."
    },
    {
      "sn": "news10004sent123219",
      "source_original": "이디야커피 관계자는 \"테이크아웃(포장) 위주의 매장이 많기는 하지만, 요즘은 내점 고객을 상대하는 대형 매장도 속속 생겨 영향이 있을 수밖에 없다\"며 \"논의를 해야 하지만 배달이 늘어나야 하지 않겠느냐\"고 말했다."
    },
    {
      "sn": "news10004sent123220",
      "source_original": "매출액 기준 커피전문점 업계 부동의 1위인 스타벅스는 주요 업체 가운데에서는 이례적으로 배달 서비스를 하지 않는 곳이다."
    },
    {
      "sn": "news10004sent123221",
      "source_original": "올해 2분기 코로나19 한파 속에서도 영업이익이 54%나 증가하는 등 선전했지만, '포장만 허용' 지침에 영향을 받을 수밖에 없어 긴장하고 있다."
    },
    {
      "sn": "news10004sent123222",
      "source_original": "스타벅스 관계자는 \"방역당국 지침에 적극적으로 협조하며 지속적인 방역 강화를 통해 고객과 파트너(직원)의 안전을 위한 운영해 더욱 집중하겠다\"면서도 \"배달 서비스는 현재까지 검토한 바 없다\"고 말했다."
    },
    {
      "sn": "news10004sent123223",
      "source_original": "스타벅스는 우선 1천400여개 매장 가운데 이번 조치의 영향을 받는 수도권 900여곳을 대상으로 '테이크아웃 전용'으로 전환하기 위한 준비에 들어갔다."
    },
    {
      "sn": "news10004sent123224",
      "source_original": "스타벅스 관계자는 \"혼잡 시간대에 긴 줄이 생기면 이 또한 관리가 필요할 것\"이라며 \"출입자 명부도 준비하고 있다\"고 말했다."
    },
    {
      "sn": "news10004sent123225",
      "source_original": "엔제리너스는 현재 약 절반 정도의 매장에서 배달 서비스를 시행 중이지만, 단기간에 배달 점포를 늘릴 수 없어 향후 운영 방안을 두고 점주들의 의견을 모으기로 했다."
    },
    {
      "sn": "news10004sent123226",
      "source_original": "정부 지침에 따라 배달·포장, 혹은 포장만 하는 게 원칙이지만 수지가 맞지 않는다고 판단되는 매장은 아예 한시적으로 문을 닫을 수 있도록 할 방침이다."
    },
    {
      "sn": "news10004sent123227",
      "source_original": "맥도날드·롯데리아·KFC 등 패스트푸드 업계도 긴급히 상황 파악에 나섰다."
    },
    {
      "sn": "news10004sent123228",
      "source_original": "이들 주요 패스트푸드 업체는 24시간 운영 매장을 운영하고 있는데, 오후 9시 이후 매장 영업이 불가능해지면 상당한 차질이 생길 수밖에 없어서다."
    },
    {
      "sn": "news10004sent123229",
      "source_original": "주점을 운영하는 자영업자들 역시 이번 조치 발표 후 대응 마련에 분주하다."
    },
    {
      "sn": "news10004sent123230",
      "source_original": "'밤 장사'가 사실상 전부이기 때문에 뾰족한 방법이 없다면 문을 닫으라는 것이나 마찬가지이기 때문이다."
    },
    {
      "sn": "news10004sent123231",
      "source_original": "자영업자들이 모인 온라인 공간에서는 이번 조치에 걱정하는 목소리들이 터져 나왔다."
    },
    {
      "sn": "news10004sent123232",
      "source_original": "한 주점 점주는 \"주말 하나 바라보면서 한 팀, 두 팀 받으면서 겨우 버텼다\"며 \"밤 9시(이후 금지)는 죽으라는 것이냐\"고 토로했다."
    },
    {
      "sn": "news10004sent123233",
      "source_original": "또 다른 점주 역시 \"우리는 오후 5시에 오픈해 새벽 2시에 문을 닫는 술 파는 음식점인데, 이러면 죽으라는 것\"이라고 적었다."
    },
    {
      "sn": "news10004sent123234",
      "source_original": "음식 배달 시장은 코로나19에 따른 외식업계 불황 속에서도 '나 홀로 성장'을 구가하고 있다."
    },
    {
      "sn": "news10004sent123235",
      "source_original": "앱 분석업체 와이즈앱·와이즈리테일이 발표한 올해 1∼5월 소매시장 업종별 결제금액 자료를 살펴보면 결제금액이 가장 많이 늘어난 업종은 '배달'이었다."
    },
    {
      "sn": "news10004sent123236",
      "source_original": "배달의민족과 요기요 등 배달 관련 앱의 총 결제금액은 작년 동기 대비 82%나 증가했다."
    }
  ]
}