{
  "meta": {
    "doc_no": "news10014",
    "domain": "금융",
    "category": "뉴스기사",
    "license": "open",
    "source_language": "ko"
  },
  "sents": [
    {
      "sn": "news10014sent123331",
      "source_original": "송철호 울산시장은 일자리 문제로 노사 갈등 중인 자일대우상용차(이하 대우버스) 울산공장을 28일 찾아 사태 해결을 부탁했다."
    },
    {
      "sn": "news10014sent123332",
      "source_original": "송 시장은 이날 오후 울주군 상북면 대우버스 울산공장을 방문해 \"업계 어려움에 공감하나, 현 사태가 지역경제와 노동자 생존권에 관련된 사안이므로 대승적 차원에서 원만하게 해결될 수 있도록 노사 양측이 최선을 다해 달라\"고 당부했다."
    },
    {
      "sn": "news10014sent123333",
      "source_original": "송 시장은 또 대우버스 운영자인 백성학 영안모자 회장에게 코로나19로 국민이 고통을 겪고 있는 상황인 만큼 정리해고 대상을 최소화해 고용 인원을 최대한 유지해 달라고 요청했다."
    },
    {
      "sn": "news10014sent123334",
      "source_original": "송 시장은 앞서 지난 24일 대우버스 노조와 만나 사태 해결을 위한 중재자 역할을 맡겠다는 뜻을 전한 바 있다."
    },
    {
      "sn": "news10014sent123335",
      "source_original": "대우버스 노사는 사측이 경영 악화 등으로 울산공장 사업 개편 계획을 추진하면서 갈등을 빚고 있다."
    },
    {
      "sn": "news10014sent123336",
      "source_original": "노조는 사측이 일방적으로 울산공장을 축소 또는 폐쇄하고 베트남으로 물량 이전을 추진한다며 농성을 벌여왔다."
    },
    {
      "sn": "news10014sent123337",
      "source_original": "노조는 또 사측 계획대로라면 정규직과 비정규직 포함 직원 600명 정도 중 최소 20명에서 최대 150명가량을 제외한 나머지는 모두 일자리를 잃게 된다며 반발해왔다."
    },
    {
      "sn": "news10014sent123338",
      "source_original": "울산공장은 지난 7월부터 8월 말까지 휴업 중이다."
    }
  ]
}