{
  "meta": {
    "doc_no": "dis100061",
    "domain": "금융",
    "category": "공시정보",
    "license": "open",
    "source_language": "ko",
    "target_language": "vi"
  },
  "doc_info": {
    "source": "금융감독원",
    "dis_no": 2022041100228100864,
    "doc_name": "감사보고서",
    "com_name": "주식회사 노벨아이",
    "date": 20220411
  },
  "sents": [
    {
      "sn": "dis100061sent62255412",
      "source_original": "당사의 설립시 자본금은 300,000천원이었고 수차례 유상증자를 거쳐 당기말 현재 납입자본금은 600,000천원입니다.",
      "source_cleaned": "당사의 설립시 자본금은 300,000천 원이었고 수차례 유상증자를 거쳐 당기말 현재 납입자본금은 600,000천 원입니다.",
      "mt": "Khi thành lập công ty chúng tôi, vốn là 300.000 won, và sau nhiều lần tăng vốn, số vốn phải nộp hiện tại là 600.000 won.",
      "mtpe": "Vốn khi thành lập của công ty là 300 triệu won và vốn góp tính đến cuối kỳ hiện tại sau khi trải qua các đợt phát hành chứng quyền là 600 triệu won."
    },
    {
      "sn": "dis100061sent62255468",
      "source_original": "당사의 유형자산은 취득원가에서 아래의 추정내용연수를 적용하여 건물과 차량운반구에 대하여는 정액법, 그 외의 유형자산에 대하여는 정률법으로 산정하고 산정된 감가상각누계액과 감액손실누계액을 차감하는 형식으로 재무상태표에 표시하고 있습니다.",
      "source_cleaned": "당사의 유형자산은 취득원가에서 아래의 추정내용연수를 적용하여 건물과 차량운반구에 대하여는 정액법, 그 외의 유형자산에 대하여는 정률법으로 산정하고 산정된 감가상각누계액과 감액손실누계액을 차감하는 형식으로 재무상태표에 표시하고 있습니다.",
      "mt": "Tài sản hữu hình của công ty chúng tôi áp dụng khóa đào tạo ước tính dưới đây từ nguồn thu để áp dụng cho các tòa nhà và phương tiện giao thông, được tính theo phương pháp tỷ lệ cố định đối với các tòa nhà và tài sản loại khác, và được tính theo hệ số khấu hao giảm thiểu được tính và hệ số tổn thất giảm được tính theo Hệ thống tỷ lệ cố định. Nó được hiển thị trên bảng trạng thái tài chính dưới dạng khấu trừ.",
      "mtpe": "Tài sản hữu hình của công ty được tính khấu hao theo phương pháp khấu hao theo đường thẳng đối với tòa nhà và phương tiện vận chuyển, phương pháp khấu hao theo số dư giảm dần đối với các tài sản hữu hình khác trong giá mua bằng cách áp dụng giá trị tuổi thọ được đo lường dưới đây và được biểu thị trong báo cáo tài chính bằng hình thức khấu trừ số tiền khấu hao lũy kế và lỗ do suy giảm giá trị lũy đã được tính toán."
    }
  ]
}