{
  "meta": {
    "doc_no": "dis100077",
    "domain": "금융",
    "category": "공시정보",
    "license": "open",
    "source_language": "ko",
    "target_language": "vi"
  },
  "doc_info": {
    "source": "금융감독원",
    "dis_no": 2022041100226500864,
    "doc_name": "감사보고서",
    "com_name": "(주)보령바이오파마",
    "date": 20220411
  },
  "sents": [
    {
      "sn": "dis100077sent62267205",
      "source_original": "수 차례의 유상증자 등을 통하여 보고기간말 현재 당사의 자본금은 보통주 4,897백만원이며, 주요 주주현황은 다음과 같습니다.",
      "source_cleaned": "수 차례의 유상증자 등을 통하여 보고기간말 현재 당사의 자본금은 보통주 4,897백만 원이며, 주요 주주현황은 다음과 같습니다.",
      "mt": "Tính đến cuối kỳ báo cáo, thông qua một số đợt tăng vốn, vốn của công ty là 4897 triệu won đối với cổ phiếu phổ thông, và tình trạng cổ đông chính là như sau.",
      "mtpe": "Vốn của công ty tính đến cuối kỳ báo cáo sau nhiều đợt phát hành chứng quyền là 4 897 triệu won chứng khoán phổ thông và hiện trạng cổ đông chính như sau."
    },
    {
      "sn": "dis100077sent62267019",
      "source_original": "우리는 동 조정사항들을 포함하여 회사의 2020년 재무제표에 대해 감사나 검토, 기타 어떠한 계약도 체결하지 않았습니다.",
      "source_cleaned": "우리는 동 조정사항들을 포함하여 회사의 2020년 재무제표에 대해 감사나 검토, 기타 어떠한 계약도 체결하지 않았습니다.",
      "mt": "Chúng tôi đã không ký kết bất kỳ hợp đồng kiểm toán, đánh giá hay hợp đồng nào về báo cáo tài chính năm 2020 của công ty bao gồm những điều khoản trên.",
      "mtpe": "Chúng tôi xem xét hoặc kiểm toán đối với báo cáo tài chính năm 2020 của công ty bao gồm cả các điều khoản điều chỉnh này và không ký bất kỳ hợp đồng nào khác."
    }
  ]
}