{
  "meta": {
    "doc_no": "dis100012",
    "domain": "금융",
    "category": "공시정보",
    "license": "open",
    "source_language": "ko",
    "target_language": "vi"
  },
  "doc_info": {
    "source": "금융감독원",
    "dis_no": 2022041100233200896,
    "doc_name": "감사보고서",
    "com_name": "(주)호승기업",
    "date": 20220411
  },
  "sents": [
    {
      "sn": "dis100012sent62224517",
      "source_original": "우리의 책임은 대한민국의 회계감사기준에 따라 당사의 재무제표를 감사하고 감사보고서를 발행하는데 있습니다.",
      "source_cleaned": "우리의 책임은 대한민국의 회계감사기준에 따라 당사의 재무제표를 감사하고 감사보고서를 발행하는데 있습니다.",
      "mt": "Trách nhiệm của chúng tôi là công bố báo cáo kiểm toán và kiểm toán tài chính của chúng tôi theo các chuẩn mực kiểm toán kế toán của Hàn Quốc.",
      "mtpe": "Trách nhiệm của chúng tôi là kiểm toán báo cáo tài chính của công ty dựa trên Chuẩn mực kiểm toán kế toán Hàn Quốc và phát hành báo cáo kiểm toán."
    }
  ]
}