{
  "meta": {
    "doc_no": "dis100008",
    "domain": "금융",
    "category": "공시정보",
    "license": "open",
    "source_language": "ko",
    "target_language": "vi"
  },
  "doc_info": {
    "source": "금융감독원",
    "dis_no": 2022041100233600768,
    "doc_name": "감사보고서",
    "com_name": "케이브이엠(주)",
    "date": 20220411
  },
  "sents": [
    {
      "sn": "dis100008sent62222141",
      "source_original": "사는 유형자산 등 적격자산의 취득을 위한 자금에 차입금이 포함된다면 이러한 차입금에 대한 차입원가(특정차입금과 일반차입금에 대한 차입원가)는 적격자산의 취득에 소요되는 원가로 처리하고 있습니다.",
      "source_cleaned": "유형자산 등 적격자산의 취득을 위한 자금에 차입금이 포함된다면 이러한 차입금에 대한 차입원가(특정차입금과 일반차입금에 대한 차입원가)는 적격자산의 취득에 소요되는 원가로 처리하고 있습니다.",
      "mt": "Nếu các khoản vay được bao gồm trong quỹ để mua các tài sản đủ điều kiện như tài sản hữu hình, thì khoản vay đối với các khoản vay này (khoản vay cụ thể và khoản vay khấu trừ đối với các khoản vay chung) được coi là chi phí để mua lại các tài sản đủ điều kiện.",
      "mtpe": "Nếu các khoản vay được bao gồm trong quỹ để mua lại tài sản đủ điều kiện vốn hóa lãi vay như tài sản hữu hình thì chi phí vay vốn này (chi phí vay đối với khoản vay đặc biệt và khoản vay chung) được coi là chi phí cần thiết để mua lại tài sản đủ điều kiện vốn hóa lãi vay."
    }
  ]
}