{
  "meta": {
    "doc_no": "dis100029",
    "domain": "금융",
    "category": "공시정보",
    "license": "open",
    "source_language": "ko",
    "target_language": "vi"
  },
  "doc_info": {
    "source": "금융감독원",
    "dis_no": 2022041100231500800,
    "doc_name": "감사보고서",
    "com_name": "주식회사 남일대리조트",
    "date": 20220411
  },
  "sents": [
    {
      "sn": "dis100029sent62234834",
      "source_original": "이에 대한 자구책으로 당사는 여러비용 절감계획을 진행하였지만 매출감소로 인한 적자를 만회하기 어려웠습니다.",
      "source_cleaned": "이에 대한 자구책으로 당사는 여러비용 절감계획을 진행하였지만 매출감소로 인한 적자를 만회하기 어려웠습니다.",
      "mt": "Như một biện pháp tự giải cứu, công ty chúng tôi đã thực hiện nhiều kế hoạch tiết kiệm chi phí khác nhau, nhưng khó có thể bù đắp được thâm hụt do doanh thu giảm.",
      "mtpe": "Công ty đã thực hiện kế hoạch cắt giảm nhiều chi phi như một biện pháp tự cải thiện đối với việc này nhưng rất khó để bù đắp thâm hụt do giảm doanh thu."
    }
  ]
}