{
  "meta": {
    "doc_no": "dis100028",
    "domain": "금융",
    "category": "공시정보",
    "license": "open",
    "source_language": "ko",
    "target_language": "vi"
  },
  "doc_info": {
    "source": "금융감독원",
    "dis_no": 2022041100231600896,
    "doc_name": "감사보고서",
    "com_name": "주식회사 양주메디칼프라자",
    "date": 20220411
  },
  "sents": [
    {
      "sn": "dis100028sent62233749",
      "source_original": "우리는 2021년 4월 30일에 회사의 감사인으로 선임되었으므로, 보고기간 개시일 현재의 재고자산 10,113백만원에 대하여 실사에 입회하지 못하였습니다.",
      "source_cleaned": "우리는 2021년 4월 30일에 회사의 감사인으로 선임되었으므로, 보고기간 개시일 현재의 재고자산 10,113백만 원에 대하여 실사에 입회하지 못하였습니다.",
      "mt": "Chúng tôi được chỉ định làm kiểm toán viên vào ngày 30 tháng 4 năm 2021, và do đó chúng tôi không thể tham gia buổi thẩm định giá trị hiện tại của dự án với giá 10113 triệu won.",
      "mtpe": "Do được bổ nhiệm làm kiểm toán viên của công ty vào ngày 30/4/2021 nên chúng tôi không thể tham gia vào việc kiểm kê đối với 10.113 triệu won tài sản tồn kho tính đến ngày bắt đầu kỳ báo cáo."
    },
    {
      "sn": "dis100028sent62233761",
      "source_original": "주식회사 양주메디칼프라자의 2020년 12월 31일로 종료되는 종료되는 보고기간의 재무제표는 감사받지 않았습니다.",
      "source_cleaned": "주식회사 양주메디칼프라자의 2020년 12월 31일로 종료되는 종료되는 보고기간의 재무제표는 감사받지 않았습니다.",
      "mt": "Báo cáo tài chính trong thời gian báo cáo kết thúc vào ngày 31 tháng 12 năm 2020 của Công ty cổ phần Yangju Medicalpraja không được kiểm toán.",
      "mtpe": "Báo cáo tài chính của kỳ báo cáo kết thúc ngày 31/12/2020 của Công ty Cổ phần Yangju Medical Plaza không được kiểm toán."
    }
  ]
}