{
  "meta": {
    "doc_no": "report100003",
    "domain": "금융",
    "category": "보고서",
    "license": "open",
    "source_language": "ko",
    "target_language": "en"
  },
  "doc_info": {
    "source": "한국은행",
    "title": "저축률 및 금융저축 현황과 도시 직장인의 저축의식(10.27)_10.hwp",
    "date": 19981027
  },
  "sents": [
    {
      "page": 9,
      "sn": "report100003sent1336329",
      "source_original": "ㅇ거래 저축기관을 ‘은행에서 비은행 저축기관’으로 바꾼 응답자(35.7%)가 반대의 경우(31.3%)보다 많아 은행권에서 비은행권으로의 저축자 이탈이 많았던 것으로 조사되었음.",
      "source_cleaned": "거래 저축기관을 ‘은행에서 비은행 저축기관’으로 바꾼 응답자가 반대의 경우보다 많아 은행권에서 비은행권으로의 저축자 이탈이 많았던 것으로 조사되었음.",
      "mt": "The survey found that there were more respondents who changed their trading savings institutions from \"banks to non-bank savings institutions\" than in the opposite case, resulting in more breakaway from the banking sector to the non-banking sector.",
      "mtpe": "The survey found that there were more respondents who changed their trading savings institutions from \"banks to nonbank savings institutions\" than in the opposite case, leading to a greater shift from the banking sector to the nonbanking sector."
    },
    {
      "page": 9,
      "sn": "report100003sent1336328",
      "source_original": "― 한편 응답자의 32.2%가 최근에 거래 저축기관을 바꾼 것으로 나타났으며, 특히 연령층이 높을수록 보유 금융자산도 많아서인지 저축기관의 선택에도 보다 민감하게 대처하고 있는 것으로 나타났음.",
      "source_cleaned": "응답자의 32.2%가 최근에 거래 저축기관을 바꾼 것으로 나타났으며, 특히 연령층이 높을수록 보유 금융자산도 많아서인지 저축기관의 선택에도 보다 민감하게 대처하고 있는 것으로 나타났음.",
      "mt": "32.2% of the respondents recently changed their savings institutions, and in particular, the higher the age group, the more financial assets they have, so they are more sensitive to the choice of savings institutions.",
      "mtpe": "About 32.2% of the respondents have recently changed their savings institutions, and in particular, the higher the age group, the more financial assets they have, making them more sensitive to the choice of savings institutions."
    },
    {
      "page": 9,
      "sn": "report100003sent1336326",
      "source_original": "ㅇ특히 퇴직․전직 등을 대비한 저축동기가 경영자(43.5%) 및 근로자층(30.6%)에서 두드러지게 높은 것으로 나타나 동 계층이 실직불안을 상대적으로 많이 느끼고 있는 것으로 보임.",
      "source_cleaned": "특히 퇴직․전직 등을 대비한 저축동기가 경영자 및 근로자층에서 두드러지게 높은 것으로 나타나 동 계층이 실직불안을 상대적으로 많이 느끼고 있는 것으로 보임.",
      "mt": "In particular, the motivation for savings for retirement and change of occupation was remarkably high in the management and workers, indicating that the class felt relatively more anxious about unemployment.",
      "mtpe": "In particular, the motivation for savings for retirement and changing occupations was remarkably high among the management and workers, indicating that the class felt relatively more anxious about unemployment."
    }
  ]
}