{
  "meta": {
    "doc_no": "report100010",
    "domain": "금융",
    "category": "보고서",
    "license": "open",
    "source_language": "ko",
    "target_language": "en"
  },
  "doc_info": {
    "source": "한국은행",
    "title": "금융통화위원회 의사록(2015년도 제15차)(2015.8.13.)",
    "date": 20150901
  },
  "sents": [
    {
      "page": 2,
      "sn": "report100010sent1336350",
      "source_original": "다른 일부 위원은 최근 국내 경기는 중국경제의 리스크 확대, 국제유가의 하 락, 국내 고용사정의 부진 등으로 불확실성이 다소 높아지기는 하였으나 지난 달 전망경로에서 크게 벗어나지 않는 모습이라는 견해를 제시하였음.",
      "source_cleaned": "다른 일부 위원은 최근 국내 경기는 중국경제의 리스크 확대, 국제유가의 하락, 국내 고용사정의 부진 등으로 불확실성이 다소 높아지기는 하였으나 지난 달 전망경로에서 크게 벗어나지 않는 모습이라는 견해를 제시하였음.",
      "mt": "Some other committee members suggested that the recent domestic economy does not seem to deviate significantly from the forecast path last month, although uncertainties have increased somewhat due to increased risks in the Chinese economy, falling international oil prices, and sluggish domestic employment.",
      "mtpe": "Some other committee members suggested that the recent domestic economy does not seem to deviate significantly from the forecast path last month, although uncertainties get higher somewhat because of increased risks in the Chinese economy, falling international oil prices, and sluggish domestic employment."
    }
  ]
}