{
  "meta": {
    "doc_no": "report100011",
    "domain": "금융",
    "category": "보고서",
    "license": "open",
    "source_language": "ko",
    "target_language": "en"
  },
  "doc_info": {
    "source": "한국은행",
    "title": "금융통화위원회 의사록(2015년도 제15차)(2015.8.13.)",
    "date": 20150901
  },
  "sents": [
    {
      "page": 3,
      "sn": "report100011sent1336355",
      "source_original": "이에 대해 관련부서에서는 ‘불황형 흑자’는 경제학 용어가 아닌데 국내 언론 에서 수년 전부터 사용하고 있으며 외국에서는 사용하지 않는 것으로 알고 있다 고 설명하였음.",
      "source_cleaned": "이에 대해 관련부서에서는 ‘불황형 흑자’는 경제학 용어가 아닌데 국내 언론에서 수년 전부터 사용하고 있으며 외국에서는 사용하지 않는 것으로 알고 있다 고 설명하였음.",
      "mt": "In response, the relevant department explained that 'recession-type surplus' is not an economic term, but it has been used in the domestic media for many years and is not used in foreign countries.",
      "mtpe": "In response, the relevant department explained that although \"recession-type surplus\" is not an economic term, it has been used in the domestic media for many years and is not utilized in foreign countries."
    },
    {
      "page": 3,
      "sn": "report100011sent1336352",
      "source_original": "이와 관련하여 동 위원은 주거비 경감 등 가계부문의 소비를 촉진하기 위한 정책과제를 실행하기 위한 구체적인 방안들을 강구할 것을 당부하였음.",
      "source_cleaned": "이와 관련하여 동 위원은 주거비 경감 등 가계부문의 소비를 촉진하기 위한 정책과제를 실행하기 위한 구체적인 방안들을 강구할 것을 당부하였음.",
      "mt": "In this regard, the member asked for specific measures to implement policy tasks to promote consumption in the household sector, such as reducing housing costs.",
      "mtpe": "In this regard, the member asked for specific measures to implement policy tasks aiming to promote consumption in the household sector, which include reducing housing costs."
    }
  ]
}