{
  "meta": {
    "doc_no": "report100002",
    "domain": "금융",
    "category": "보고서",
    "license": "open",
    "source_language": "ko",
    "target_language": "en"
  },
  "doc_info": {
    "source": "한국은행",
    "title": "저축률 및 금융저축 현황과 도시 직장인의 저축의식(10.27)_10.hwp",
    "date": 19981027
  },
  "sents": [
    {
      "page": 8,
      "sn": "report100002sent1336320",
      "source_original": "ㅇ 과거*에 비해 ‘노후생활자금 마련’이 높게 나타난 것이 특징인데 이는 최근의 어려운 취업사정과 실직에 대한 불안감 등이 반영된 것으로 보임.",
      "source_cleaned": "과거에 비해 ‘노후생활자금 마련’이 높게 나타난 것이 특징인데 이는 최근의 어려운 취업사정과 실직에 대한 불안감 등이 반영된 것으로 보임.",
      "mt": "The characteristic is that the \"provision of funds for old age\" has been higher than in the past, which seems to reflect the recent difficult employment situation and anxiety about unemployment.",
      "mtpe": "The characteristic is that the \"provision of funds for old age\" has been higher than in the past, reflecting the recent challenging employment situation and the anxiety surrounding unemployment."
    },
    {
      "page": 8,
      "sn": "report100002sent1336322",
      "source_original": "ㅇ 이 결과 보유부채의 원리금 상환과 관련해서도 응답자의 51.3%가 소비위축이 불가피하거나 가계에 위협을 줄 정도라고 느끼고 있었으며, 그 외 소비가 위축되지는 않지만 저축은 힘들다고 응답한 비중도 25.2%에 달하였음.",
      "source_cleaned": "이 결과 보유부채의 원리금 상환과 관련해서도 응답자의 51.3%가 소비위축이 불가피하거나 가계에 위협을 줄 정도라고 느끼고 있었으며, 그 외 소비가 위축되지는 않지만 저축은 힘들다고 응답한 비중도 25.2%에 달하였음.",
      "mt": "As a result, 51.3% of the respondents felt that a contraction in consumption was inevitable or threatening households regarding the repayment of the principal and interest of the holding debt, and 25.2% of the respondents said that savings were difficult although consumption was not reduced.",
      "mtpe": "As a result, 51.3% of the respondents felt that a contraction in consumption was inevitable or threatening households regarding the repayment of the principal interest of holding debt, while 25.2% of the respondents stated that although consumption was not reduced, they found it difficult to save."
    },
    {
      "page": 8,
      "sn": "report100002sent1336324",
      "source_original": "ㅇ 특히 소득이 늘어도 소비지출을 늘리지 않겠다고 답변한 비중은 연령이 많을수록 높은 것으로 나타나 최근의 소비위축현상은 실직불안감이 상대적으로 높은 40대 이상의 중장년층에서 더욱 두드러진 것으로 분석됨.",
      "source_cleaned": "특히 소득이 늘어도 소비지출을 늘리지 않겠다고 답변한 비중은 연령이 많을수록 높은 것으로 나타나 최근의 소비위축현상은 실직불안감이 상대적으로 높은 40대 이상의 중장년층에서 더욱 두드러진 것으로 분석됨.",
      "mt": "In particular, the proportion of respondents who said they would not increase consumption expenditure even if their income increased was higher as they were older, and the recent consumption contraction phenomenon was more pronounced among middle-aged people in their 40s and older, who had relatively high job insecurity.",
      "mtpe": "In particular, the proportion of respondents who said they would not increase consumption expenditure despite an increase in their income was higher as they were older, and the recent consumption contraction phenomenon was more pronounced among middle-aged people in their 40s and older, who had relatively high job insecurity."
    }
  ]
}