{
  "meta": {
    "doc_no": "report100006",
    "domain": "금융",
    "category": "보고서",
    "license": "open",
    "source_language": "ko",
    "target_language": "en"
  },
  "doc_info": {
    "source": "한국은행",
    "title": "저축률 및 금융저축 현황과 도시 직장인의 저축의식(10.27)_10.hwp",
    "date": 19981027
  },
  "sents": [
    {
      "page": 12,
      "sn": "report100006sent1336339",
      "source_original": "→ 이는 예금금리 인상 등과 같은「인센티브」부여방식의 저축추진대책보다는 물가안정과 예금자보호제도 확충 등을 통해 안정적인 저축환경을 조성하는 것이 무엇보다 중요한 정책과제임을 시사해 주고 있다 하겠음.",
      "source_cleaned": "이는 예금금리 인상 등과 같은인센티브부여방식의 저축추진대책보다는 물가안정과 예금자보호제도 확충 등을 통해 안정적인 저축환경을 조성하는 것이 무엇보다 중요한 정책과제임을 시사해 주고 있다 하겠음.",
      "mt": "This suggests that creating a stable savings environment through price stabilization and expansion of the depositor protection system is the most important policy task rather than incentive-based savings promotion measures such as raising deposit rates.",
      "mtpe": "This suggests that the most important policy task is to create a stable savings environment through price stabilization and expansion of the depositor protection system, rather than relying on incentive-based savings promotion measures like raising deposit rates."
    }
  ]
}