{
  "meta": {
    "doc_no": "law16205",
    "domain": "금융",
    "category": "규제정보",
    "license": "open",
    "source_language": "ko",
    "target_language": "ja"
  },
  "doc_info": {
    "source": "법제처",
    "title": "자본시장과 금융투자업에 관한 법률 ",
    "date": 20090204
  },
  "sents": [
    {
      "page": 237,
      "sn": "law16205sent264019",
      "source_original": "다만, 집합투자기구의 투자자 전원의 동의를 얻은 경우에는 그 집합투자기구에서 소유하고 있는 집합투자재산으로 지급할 수 있다.",
      "source_cleaned": "집합투자기구의 투자자 전원의 동의를 얻은 경우에는 그 집합투자기구에서 소유하고 있는 집합투자재산으로 지급할 수 있다.",
      "mt": "集合投資機構の投資家全員の同意を得た場合には、その集合投資機構が所有している集合投資財産で支給することができる。",
      "mtpe": "集合投資機構の投資家全員の同意を得た場合にはその集合投資機構が所有している集合投資財産で支給できる。"
    },
    {
      "page": 237,
      "sn": "law16205sent264021",
      "source_original": "⑥ 집합투자증권을 판매한 투자매매업자ㆍ투자중개업자, 집합투자재산을 운용하는 집합투자업자 또는 집합투자재산을 보관ㆍ관리하는 신탁업자는 환매청구를 받거나 환매에 응할 것을 요구받은 집합투자증권을 자기의 계산으로 취득하거나 타인에게 취득하게 하여서는 아니 된다.",
      "source_cleaned": "집합투자증권을 판매한 투자매매업자ㆍ투자중개업자, 집합투자재산을 운용하는 집합투자업자 또는 집합투자재산을 보관ㆍ관리하는 신탁업자는 환매청구를 받거나 환매에 응할 것을 요구받은 집합투자증권을 자기의 계산으로 취득하거나 타인에게 취득하게 하여서는 아니 된다.",
      "mt": "集合投資証券を販売した投資売買業者・投資仲介業者、集合投資財産を運用する集合投資業者または集合投資財産を保管・管理する信託業者は買い戻し請求を受けたり買い戻しに応じることを要求された集合投資証券を自己の計算で取得したり他人に取得したりしてはならない。",
      "mtpe": "集合投資証券を販売した投資売買業者・投資仲介業者、集合投資財産を運用する集合投資業者または集合投資財産を保管・管理する信託業者は買い戻し請求を受けたり買い戻しに応じることを要求された集合投資証券を自己の計算で取得したり他人に取得したりしてはならない。"
    },
    {
      "page": 237,
      "sn": "law16205sent264018",
      "source_original": "다만, 집합투자증권의 원활한 환매를 위하여 필요하거나 투자자의 이익을 해할 우려가 없는 경우로서 대통령령으로 정하는 경우에는 그 투자매매업자ㆍ투자중개업자ㆍ집합투자업자 또는 신탁업자는 환매청구를 받거나 환매에 응할 것을 요구받은 집합투자증권을 자기의 계산으로 취득할 수 있다.",
      "source_cleaned": "집합투자증권의 원활한 환매를 위하여 필요하거나 투자자의 이익을 해할 우려가 없는 경우로서 대통령령으로 정하는 경우에는 그 투자매매업자ㆍ투자중개업자ㆍ집합투자업자 또는 신탁업자는 환매청구를 받거나 환매에 응할 것을 요구받은 집합투자증권을 자기의 계산으로 취득할 수 있다.",
      "mt": "集合投資証券の円滑な転売のために必要だったり、投資家の利益を害する恐れがない場合で、大統領令で定める場合にはその投資売買業者・投資仲介業者・集合投資業者または信託業者は転売請求を受けたり、転売に応じることを要求された集合投資証券を自分の計算で取得することができる。",
      "mtpe": "集合投資証券の円滑な買い戻しのために必要だったり投資家の利益を害する恐れがない場合として大統領令で定める場合にはその投資売買業者・投資仲介業者・集合投資業者または信託業者は買い戻し請求を受けたり、買い戻しに応じることを要求された集合投資証券を自分の計算で取得できる。"
    },
    {
      "page": 237,
      "sn": "law16205sent264017",
      "source_original": "⑦ 투자신탁이나 투자익명조합의 집합투자업자(해당 집합투자재산을 보관ㆍ관리하는 신탁업자를 포함한다.이하 이 장에서 같다) 또는 투자회사등은 이 장에 따라 집합투자증권을 환매한 경우에는 그 집합투자증권을 소각하여야 한다.",
      "source_cleaned": "투자신탁이나 투자 익명조합의 집합투자업자 또는 투자회사 등은 이 장에 따라 집합투자증권을 환매한 경우에는 그 집합투자증권을 소각하여야 한다.",
      "mt": "投資信託や投資匿名組合の集合投資業者または投資会社などは、この場によって集合投資証券を転売した場合には、その集合投資証券を焼却しなければならない。",
      "mtpe": "投資信託や投資匿名組合の集合投資業者または投資会社などはこの場によって集合投資証券を買い戻した場合にはその集合投資証券を焼却しなければならない。"
    },
    {
      "page": 237,
      "sn": "law16205sent264020",
      "source_original": "⑤ 투자신탁이나 투자익명조합의 집합투자업자(해당 집합투자재산을 보관ㆍ관리하는 신탁업자를 포함한다) 또는 투자회사등은 제4항에 따라 환매대금을 지급하는 경우에는 집합투자재산의 범위에서 집합투자재산으로 소유 중인 금전 또는 집합투자재산을 처분하여 조성한 금전으로만 하여야 한다.",
      "source_cleaned": "투자신탁이나 투자 익명조합의 집합투자업자 또는 투자회사 등은 제4항에 따라 환매대금을 지급하는 경우에는 집합투자재산의 범위에서 집합투자재산으로 소유 중인 금전 또는 집합투자재산을 처분하여 조성한 금전으로만 하여야 한다.",
      "mt": "投資信託や投資匿名組合の集合投資業者または投資会社などは、第4項によって買い戻し代金を支給する場合には、集合投資財産の範囲で集合投資財産で所有中の金銭または集合投資財産を処分して造成した金銭だけでなければならない。",
      "mtpe": "投資信託や投資匿名組合の集合投資業者または投資会社などは第4項によって買い戻し代金を支給する場合には、集合投資財産の範囲で集合投資財産で所有中の金銭または集合投資財産を処分して造成した金銭のみで行わなければならない。"
    }
  ]
}