{
  "meta": {
    "doc_no": "law16208",
    "domain": "금융",
    "category": "규제정보",
    "license": "open",
    "source_language": "ko",
    "target_language": "ja"
  },
  "doc_info": {
    "source": "법제처",
    "title": "자본시장과 금융투자업에 관한 법률 ",
    "date": 20090204
  },
  "sents": [
    {
      "page": 240,
      "sn": "law16208sent264040",
      "source_original": "3. 법령 또는 법령에 따른 명령에 따라 환매가 제한되는 경우",
      "source_cleaned": "법령 또는 법령에 따른 명령에 따라 환매가 제한되는 경우",
      "mt": "法令または法令に基づく命令によって転売が制限される場合",
      "mtpe": "法令または法令に基づく命令によって買戻しが制限される場合"
    },
    {
      "page": 240,
      "sn": "law16208sent264047",
      "source_original": "⑦ 제5항에 따른 환매대금의 지급방법 및 제6항에 따른 별도의 집합투자기구의 설정 또는 설립 등에 관하여 필요한 사항은 대통령령으로 정한다.",
      "source_cleaned": "제5항에 따른 환매대금의 지급 방법 및 제6항에 따른 별도의 집합투자기구의 설정 또는 설립 등에 관하여 필요한 사항은 대통령령으로 정한다.",
      "mt": "第5項の規定による買戻し代金の支払い方法および第6項の規定による別途の集合投資機構の設定または設立などに関して必要な事項は、大統領令で定める。",
      "mtpe": "第5項による買戻し代金の支払い方法および第6項による別途の集合投資機構の設定または設立などに関して必要な事項は大統領令で定める。"
    },
    {
      "page": 240,
      "sn": "law16208sent264042",
      "source_original": "⑧ 투자신탁이나 투자익명조합의 집합투자업자 또는 투자회사등은 다음 각 호의 어느 하나에 해당하는 경우에는 제235조제1항에 따른 환매청구에 응하지 아니할 수 있다.",
      "source_cleaned": "투자신탁이나 투자 익명조합의 집합투자업자 또는 투자회사 등은 다음 각 호의 어느 하나에 해당하는 경우에는 제235조 제1항에 따른 환매청구에 응하지 아니할 수 있다.",
      "mt": "投資信託や投資匿名組合の集合投資業者または投資会社などは、次の各号のいずれかに該当する場合には、第235条第1項による買戻し請求に応じないこともある。",
      "mtpe": "投資信託や投資匿名組合の集合投資業者または投資会社などは次の各号のいずれかに該当する場合には、第235条第1項による買戻し請求に応じないこともできる。"
    },
    {
      "page": 240,
      "sn": "law16208sent264045",
      "source_original": "⑥ 투자신탁이나 투자익명조합의 집합투자업자 또는 투자회사등은 제5항에 따라 환매가 연기된 집합투자재산만으로 별도의 집합투자기구를 설정 또는 설립할 수 있다.",
      "source_cleaned": "투자신탁이나 투자 익명조합의 집합투자업자 또는 투자회사 등은 제5항에 따라 환매가 연기된 집합투자재산만으로 별도의 집합투자기구를 설정 또는 설립할 수 있다.",
      "mt": "投資信託や投資匿名組合の集合投資業者または投資会社などは、第5項によって買い戻しが延期された集合投資財産だけで、別途の集合投資機構を設定または設立することができる。",
      "mtpe": "投資信託や投資匿名組合の集合投資業者または投資会社などは第5項によって買い戻しが延期された集合投資財産だけで別途の集合投資機構を設定または設立できる。"
    },
    {
      "page": 240,
      "sn": "law16208sent264041",
      "source_original": "2. 투자회사의 순자산액이 정관이 정하는 최저순자산액에 미달하는 경우",
      "source_cleaned": "투자회사의 순자산액이 정관이 정하는 최저 순자산액에 미달하는 경우",
      "mt": "投資会社の純資産額が定款の定める最低純資産額に達しない場合",
      "mtpe": "投資会社の純資産額が定款で定める最低純資産額に達しない場合"
    }
  ]
}