{
  "meta": {
    "doc_no": "law16198",
    "domain": "금융",
    "category": "규제정보",
    "license": "open",
    "source_language": "ko",
    "target_language": "ja"
  },
  "doc_info": {
    "source": "법제처",
    "title": "자본시장과 금융투자업에 관한 법률 ",
    "date": 20090204
  },
  "sents": [
    {
      "page": 230,
      "sn": "law16198sent263971",
      "source_original": "집합투자기구는 집합투자재산의 운용대상에 따라 다음 각 호와 같이 구분한다.",
      "source_cleaned": "집합투자기구는 집합투자재산의 운용대상에 따라 다음 각 호와 같이 구분한다.",
      "mt": "集合投資機構は集合投資財産の運用対象に応じて次の各号のように区分する。",
      "mtpe": "集合投資機構は集合投資財産の運用対象に応じて次の各号のように区分する。"
    },
    {
      "page": 230,
      "sn": "law16198sent263970",
      "source_original": "3. 특별자산집합투자기구 : 집합투자재산의 100분의 40 이상으로서 대통령령으로 정하는 비율을 초과하여 특별자산(증권 및 부동산을 제외한 투자대상자산을 말한다)에 투자하는 집합투자기구",
      "source_cleaned": "특별자산 집합투자기구 : 집합투자재산의 100분의 40 이상으로서 대통령령으로 정하는 비율을 초과하여 특별자산에 투자하는 집합투자기구",
      "mt": "特別資産集合投資機構：集合投資財産の100分の40以上であって、大統領令で定める比率を超過して特別資産に投資する集合投資機構",
      "mtpe": "特別資産集合投資機構：集合投資財産の100分の40以上として大統領令で定める比率を超過して特別資産に投資する集合投資機構"
    },
    {
      "page": 230,
      "sn": "law16198sent263974",
      "source_original": "4. 혼합자산집합투자기구 : 집합투자재산을 운용함에 있어서 제1호부터 제3호까지의 규정의 제한을 받지 아니하는 집합투자기구",
      "source_cleaned": "혼합자산 집합투자기구 : 집합투자재산을 운용함에 있어서 제1호부터 제3호까지의 규정의 제한을 받지 아니하는 집합투자기구",
      "mt": "混合資産集合投資機構：集合投資財産を運用するにあたって第1号から第3号までの規定の制限を受けない集合投資機構",
      "mtpe": "混合資産集合投資機構：集合投資財産を運用するにあたって、第1号から第3号までの規定の制限を受けない集合投資機構"
    }
  ]
}