{
  "meta": {
    "doc_no": "law16209",
    "domain": "금융",
    "category": "규제정보",
    "license": "open",
    "source_language": "ko",
    "target_language": "ja"
  },
  "doc_info": {
    "source": "법제처",
    "title": "자본시장과 금융투자업에 관한 법률 ",
    "date": 20090204
  },
  "sents": [
    {
      "page": 241,
      "sn": "law16209sent264053",
      "source_original": "① 집합투자업자는 대통령령으로 정하는 방법에 따라 집합투자재산을 시가에 따라 평가하되, 평가일 현재 신뢰할 만한 시가가 없는 경우에는 대통령령으로 정하는 공정가액으로 평가하여야 한다.",
      "source_cleaned": "집합투자업자는 대통령령으로 정하는 방법에 따라 집합투자재산을 시가에 따라 평가하되, 평가일 현재 신뢰할 만한 시가가 없는 경우에는 대통령령으로 정하는 공정가액으로 평가하여야 한다.",
      "mt": "集合投資業者は、大統領令で定める方法に従って集合投資財産を時価に従って評価するが、評価日現在、信頼できる時価がない場合には、大統領令で定める公正価額で評価しなければならない。",
      "mtpe": "集合投資業者は大統領令で定める方法によって集合投資財産を時価に従って評価するものの、評価日現在、信頼できる時価がない場合には、大統領令で定める公正価額で評価しなければならない。"
    },
    {
      "page": 241,
      "sn": "law16209sent264055",
      "source_original": "② 집합투자업자는 제1항에 따른 집합투자재산의 평가업무를 수행하기 위하여 대통령령으로 정하는 방법에 따라 평가위원회를 구성ㆍ운영하여야 한다.",
      "source_cleaned": "집합투자업자는 제1항에 따른 집합투자재산의 평가 업무를 수행하기 위하여 대통령령으로 정하는 방법에 따라 평가위원회를 구성ㆍ운영하여야 한다.",
      "mt": "集合投資業者は第1項にともなう集合投資財産の評価業務を遂行するために大統領令で定める方法に従い評価委員会を構成・運営しなければならない。",
      "mtpe": "集合投資業者は第1項による集合投資財産の評価業務を遂行するために大統領令で定める方法により評価委員会を構成・運営しなければならない。"
    },
    {
      "page": 241,
      "sn": "law16209sent264048",
      "source_original": "③ 집합투자업자는 집합투자재산에 대한 평가가 공정하고 정확하게 이루어질 수 있도록 그 집합투자재산을 보관ㆍ관리하는 신탁업자의 확인을 받아 다음 각 호의 사항이 포함된 집합투자재산의 평가와 절차에 관한 기준(이하 이 조에서 “집합투자재산평가기준”이라 한다)을 마련하여야 한다.",
      "source_cleaned": "집합투자업자는 집합투자재산에 대한 평가가 공정하고 정확하게 이루어질 수 있도록 그 집합투자재산을 보관ㆍ관리하는 신탁업자의 확인을 받아 다음 각 호의 사항이 포함된 집합투자재산의 평가와 절차에 관한 기준을 마련하여야 한다.",
      "mt": "集合投資業者は集合投資財産に対する評価が公正で正確になされるようにその集合投資財産を保管・管理する信託業者の確認を受け、次の各好意事項が含まれた集合投資財産の評価と手続きに関する基準を用意しなければならない。",
      "mtpe": "集合投資業者は集合投資財産に対する評価が公正で正確に行われるようにその集合投資財産を保管・管理する信託業者の確認を受け、次の各好意事項が含まれた集合投資財産の評価と手続きに関する基準を用意しなければならない。"
    },
    {
      "page": 241,
      "sn": "law16209sent264054",
      "source_original": "다만, 투자자가 수시로 변동되는 등 투자자의 이익을 해할 우려가 적은 경우로서 대통령령으로 정하는 경우에는 대통령령으로 정하는 가액으로 평가할 수 있다.",
      "source_cleaned": "투자자가 수시로 변동되는 등 투자자의 이익을 해할 우려가 적은 경우로서 대통령령으로 정하는 경우에는 대통령령으로 정하는 가액으로 평가할 수 있다.",
      "mt": "投資家が随時変動するなど投資家の利益を害する恐れが少ない場合として、大統領令で定める場合には、大統領令で定める価額で評価することができる。",
      "mtpe": "投資家が随時変動するなど投資家の利益を害する恐れが少ない場合として大統領令で定める場合には、大統領令で定める価額で評価できる。"
    }
  ]
}