{
  "meta": {
    "doc_no": "law16200",
    "domain": "금융",
    "category": "규제정보",
    "license": "open",
    "source_language": "ko",
    "target_language": "ja"
  },
  "doc_info": {
    "source": "법제처",
    "title": "자본시장과 금융투자업에 관한 법률 ",
    "date": 20090204
  },
  "sents": [
    {
      "page": 232,
      "sn": "law16200sent263982",
      "source_original": "다만, 제2항에 따라 추가로 집합투자증권을 발행할 수 있는 환매금지형집합투자기구의 경우에는 적용한다.",
      "source_cleaned": "제2항에 따라 추가로 집합투자증권을 발행할 수 있는 환매 금지형 집합투자기구의 경우에는 적용한다.",
      "mt": "第2項に従って追加で集合投資証券を発行できる転売禁止型集合投資機構の場合には適用する。",
      "mtpe": "第2項によって追加で集合投資証券を発行できる買い戻し禁止型の集合投資機構の場合には適用する。"
    },
    {
      "page": 232,
      "sn": "law16200sent263986",
      "source_original": "② 종류형집합투자기구는 집합투자자총회의 결의가 필요한 경우로서 특정 종류의 집합투자증권의 투자자에 대하여만 이해관계가 있는 경우에는 그 종류의 투자자만으로 종류집합투자자총회를 개최할 수 있다.",
      "source_cleaned": "종류형 집합투자기구는 집합투자자총회의 결의가 필요한 경우로서 특정 종류의 집합투자증권의 투자자에 대하여만 이해관계가 있는 경우에는 그 종류의 투자자만으로 종류 집합투자자총회를 개최할 수 있다.",
      "mt": "種類型集合投資機構は集合投資家総会の決議が必要な場合で、特定種類の集合投資証券の投資家に対してだけ利害関係がある場合には、その種類の投資家だけで種類集合投資家総会を開催することができる。",
      "mtpe": "種類型の集合投資機構は集合投資家総会の決議が必要な場合として、特定種類の集合投資証券の投資家に対してだけ利害関係がある場合には、その種類の投資家だけで種類集合投資家総会を開催できる。"
    },
    {
      "page": 232,
      "sn": "law16200sent263987",
      "source_original": "③ 종류형집합투자기구의 설정ㆍ설립, 집합투자증권의 발행ㆍ판매ㆍ환매, 그 밖에 종류형집합투자기구에 관하여 필요한 사항은 대통령령으로 정한다.",
      "source_cleaned": "종류형 집합투자기구의 설정ㆍ설립, 집합투자증권의 발행ㆍ판매ㆍ환매, 그 밖에 종류형 집합투자기구에 관하여 필요한 사항은 대통령령으로 정한다.",
      "mt": "種類型集合投資機構の設定・設立、集合投資証券の発行・販売・買い戻し、その他に種類型集合投資機構に関して必要な事項は大統領令で定める。",
      "mtpe": "種類型の集合投資機構の設定・設立、集合投資証券の発行・販売・買い戻し、その他に種類型の集合投資機構に関して必要な事項は大統領令で定める。"
    },
    {
      "page": 232,
      "sn": "law16200sent263983",
      "source_original": "⑤ 집합투자업자등은 집합투자기구의 투자대상자산의 현금화하기 곤란한 사정 등을 고려하여 대통령령으로 정하는 경우에는 그 집합투자기구를 환매금지형집합투자기구로 설정ㆍ설립하여야 한다.",
      "source_cleaned": "집합투자업자 등은 집합투자기구의 투자대상자산의 현금화하기 곤란한 사정 등을 고려하여 대통령령으로 정하는 경우에는 그 집합투자기구를 환매 금지형 집합투자기구로 설정ㆍ설립하여야 한다.",
      "mt": "集合投資業者などは集合投資機構の投資対象資産の現金化が困難な事情などを考慮して、大統領令で定める場合にはその集合投資機構を転売禁止型集合投資機構に設定・設立しなければならない。",
      "mtpe": "集合投資業者などは集合投資機構の投資対象資産の現金化が困難な事情などを考慮して大統領令で定める場合には、その集合投資機構を買い戻し禁止型の集合投資機構に設定・設立しなければならない。"
    }
  ]
}