{
  "meta": {
    "doc_no": "law16206",
    "domain": "금융",
    "category": "규제정보",
    "license": "open",
    "source_language": "ko",
    "target_language": "ja"
  },
  "doc_info": {
    "source": "법제처",
    "title": "자본시장과 금융투자업에 관한 법률 ",
    "date": 20090204
  },
  "sents": [
    {
      "page": 238,
      "sn": "law16206sent264025",
      "source_original": "③ 제1항에 따른 환매청구일 후의 기준가격의 결정 등 환매가격에 관하여 필요한 사항은 대통령령으로 정한다.",
      "source_cleaned": "제1항에 따른 환매청구일 후의 기준가격의 결정 등 환매가격에 관하여 필요한 사항은 대통령령으로 정한다.",
      "mt": "第1項の規定による転売請求日後の基準価格の決定など、転売価格に関して必要な事項は大統領令で定める。",
      "mtpe": "第1項による買い戻し請求日後の基準価格の決定など買い戻し価格に関して必要な事項は大統領令で定める。"
    },
    {
      "page": 238,
      "sn": "law16206sent264024",
      "source_original": "② 집합투자증권을 환매하는 경우에 부과하는 환매수수료는 대통령령으로 정하는 방법에 따라 집합투자증권의 환매를 청구하는 해당 투자자가 부담하며, 투자자가 부담한 환매수수료는 집합투자재산에 귀속된다.",
      "source_cleaned": "집합투자증권을 환매하는 경우에 부과하는 환매수수료는 대통령령으로 정하는 방법에 따라 집합투자증권의 환매를 청구하는 해당 투자자가 부담하며, 투자자가 부담한 환매수수료는 집합투자재산에 귀속된다.",
      "mt": "集合投資証券を転売する場合に課される転売手数料は、大統領令で定める方法に従って集合投資証券の転売を請求する該当投資家が負担し、投資家が負担した転売手数料は、集合投資財産に帰属する。",
      "mtpe": "集合投資証券を買い戻す場合に課される買い戻し手数料は大統領令で定める方法に従って集合投資証券の買い戻しを請求する該当投資家が負担し、投資家が負担した買い戻し手数料は、集合投資財産に帰属する。"
    },
    {
      "page": 238,
      "sn": "law16206sent264027",
      "source_original": "① 투자신탁이나 투자익명조합의 집합투자업자 또는 투자회사등은 집합투자재산인 자산의 처분이 불가능한 경우 등 대통령령으로 정하는 사유로 인하여 집합투자규약에서 정한 환매일에 집합투자증권을 환매할 수 없게 된 경우에는 그 집합투자증권의 환매를 연기할 수 있다.",
      "source_cleaned": "투자신탁이나 투자 익명조합의 집합투자업자 또는 투자회사 등은 집합투자재산인 자산의 처분이 불가능한 경우 등 대통령령으로 정하는 사유로 인하여 집합투자규약에서 정한 환매일에 집합투자증권을 환매할 수 없게 된 경우에는 그 집합투자증권의 환매를 연기할 수 있다.",
      "mt": "投資信託や投資匿名組合の集合投資業者または投資会社などは、集合投資財産である資産の処分が不可能な場合など、大統領令で定める理由によって集合投資規約で定めた買戻し日に集合投資証券を買戻しできなくなった場合には、その集合投資の買戻しを延期することができる。",
      "mtpe": "投資信託や投資匿名組合の集合投資業者または投資会社などは集合投資財産である資産の処分が不可能な場合など、大統領令で定める理由によって集合投資規約で定めた買戻し日に集合投資証券を買戻しできなくなった場合にはその集合投資の買戻しを延期できる。"
    },
    {
      "page": 238,
      "sn": "law16206sent264022",
      "source_original": "① 투자신탁이나 투자익명조합의 집합투자업자 또는 투자회사등은 집합투자증권을 환매하는 경우 환매청구일 후에 산정되는 기준가격으로 하여야 한다.",
      "source_cleaned": "투자신탁이나 투자 익명조합의 집합투자업자 또는 투자회사 등은 집합투자증권을 환매하는 경우 환매청구일 후에 산정되는 기준가격으로 하여야 한다.",
      "mt": "投資信託や投資匿名組合の集合投資業者または投資会社などは、集合投資証券を転売する場合、転売請求日後に算定される基準価格にしなければならない。",
      "mtpe": "投資信託や投資匿名組合の集合投資業者または投資会社などは集合投資証券を買い戻す場合、買い戻し請求日後に算定される基準価格にしなければならない。"
    },
    {
      "page": 238,
      "sn": "law16206sent264023",
      "source_original": "다만, 투자자의 이익 또는 집합투자재산의 안정적 운용을 해할 우려가 없는 경우로서 대통령령으로 정하는 경우에는 환매청구일 이전에 산정된 기준가격으로 환매할 수 있다.",
      "source_cleaned": "투자자의 이익 또는 집합투자재산의 안정적 운용을 해할 우려가 없는 경우로서 대통령령으로 정하는 경우에는 환매청구일 이전에 산정된 기준가격으로 환매할 수 있다.",
      "mt": "投資家の利益または集合投資財産の安定的な運用を害する恐れがない場合で、大統領令で定める場合には、転売請求日以前に算定された基準価格で転売することができる。",
      "mtpe": "投資家の利益または集合投資財産の安定的な運用を害する恐れがない場合として大統領令で定める場合には、買い戻し請求日以前に算定された基準価格で買い戻すことができる。"
    }
  ]
}