{
  "meta": {
    "doc_no": "law16207",
    "domain": "금융",
    "category": "규제정보",
    "license": "open",
    "source_language": "ko",
    "target_language": "ja"
  },
  "doc_info": {
    "source": "법제처",
    "title": "자본시장과 금융투자업에 관한 법률 ",
    "date": 20090204
  },
  "sents": [
    {
      "page": 239,
      "sn": "law16207sent264038",
      "source_original": "이 경우 투자신탁이나 투자익명조합의 집합투자업자 또는 투자회사등은 환매를 연기한 날부터 6주 이내에 집합투자자총회에서 집합투자증권의 환매에 관한 사항으로서 대통령령으로 정하는 사항을 결의(제190조제5항 본문, 제201조제2항 단서, 제210조제2항 단서, 제215조제3항, 제220조제3항 및 제226조제3항의 결의를 말한다)하여야 한다.",
      "source_cleaned": "이 경우 투자신탁이나 투자 익명조합의 집합투자업자 또는 투자회사 등은 환매를 연기한 날부터 6주 이내에 집합투자자총회에서 집합투자증권의 환매에 관한 사항으로서 대통령령으로 정하는 사항을 결의하여야 한다.",
      "mt": "この場合、投資信託や投資匿名組合の集合投資業者または投資会社などは、転売を延期した日から6週間以内に集合投資家総会で集合投資証券の転売に関する事項であり、大統領令で定める事項を決議しなければならない。",
      "mtpe": "この場合、投資信託や投資匿名組合の集合投資業者または投資会社などは買戻しを延期した日から6週間以内に集合投資家総会で集合投資証券の買戻しに関する事項として大統領令で定める事項を決議しなければならない。"
    },
    {
      "page": 239,
      "sn": "law16207sent264037",
      "source_original": "② 투자신탁이나 투자익명조합의 집합투자업자 또는 투자회사등은 제1항 후단의 집합투자자총회에서 집합투자증권의 환매에 관한 사항을 정하지 아니하거나 환매에 관하여 정한 사항의 실행이 불가능한 경우에는 계속하여 환매를 연기할 수 있다.",
      "source_cleaned": "투자신탁이나 투자 익명조합의 집합투자업자 또는 투자회사 등은 제1항 후단의 집합투자자총회에서 집합투자증권의 환매에 관한 사항을 정하지 아니하거나 환매에 관하여 정한 사항의 실행이 불가능한 경우에는 계속하여 환매를 연기할 수 있다.",
      "mt": "投資信託や投資匿名組合の集合投資業者または投資会社などは、第1項後段の集合投資家総会で集合投資証券の買い戻しに関する事項を定めなかったり、買い戻しに関して定めた事項の実行が不可能な場合には、引き続き買い戻しを延期することができる。",
      "mtpe": "投資信託や投資匿名組合の集合投資業者または投資会社などは第1項後段の集合投資家総会で集合投資証券の買い戻しに関する事項を定めなかったり買い戻しに関して定めた事項の実行が不可能な場合には、引き続き買い戻しを延期できる。"
    },
    {
      "page": 239,
      "sn": "law16207sent264036",
      "source_original": "③ 투자신탁이나 투자익명조합의 집합투자업자 또는 투자회사등은 제1항 후단의 집합투자자총회에서 환매에 관한 사항이 결의되거나 제2항에 따라 환매의 연기를 계속하는 경우 지체 없이 다음 각 호의 구분에 따라 정한 사항을 투자자에게 통지하여야 한다.",
      "source_cleaned": "투자신탁이나 투자 익명조합의 집합투자업자 또는 투자회사 등은 제1항 후단의 집합투자자총회에서 환매에 관한 사항이 결의되거나 제2항에 따라 환매의 연기를 계속하는 경우 지체 없이 다음 각 호의 구분에 따라 정한 사항을 투자자에게 통지하여야 한다.",
      "mt": "投資信託や投資匿名組合の集合投資業者または投資会社などは、第1項後段の集合投資家総会で買い戻しに関する事項が決議されたり、第2項に従って買い戻しの延期を続ける場合、遅滞なく次の各号の区分によって定めた事項を投資家に通知しなければならない。",
      "mtpe": "投資信託や投資匿名組合の集合投資業者または投資会社などは第1項後段の集合投資家総会で買い戻しに関する事項が決議されたり第2項に従って買い戻しの延期を続ける場合、遅滞なく次の各号の区分によって定めた事項を投資家に通知しなければならない。"
    },
    {
      "page": 239,
      "sn": "law16207sent264028",
      "source_original": "④ 투자신탁이나 투자익명조합의 집합투자업자 또는 투자회사등은 환매연기사유의 전부 또는 일부가 해소된 경우에는 환매가 연기된 투자자에 대하여 환매한다는 뜻을 통지하고 대통령령으로 정하는 방법에 따라 환매대금을 지급하여야 한다.",
      "source_cleaned": "투자신탁이나 투자 익명조합의 집합투자업자 또는 투자회사 등은 환매 연기 사유의 전부 또는 일부가 해소된 경우에는 환매가 연기된 투자자에 대하여 환매한다는 뜻을 통지하고 대통령령으로 정하는 방법에 따라 환매대금을 지급하여야 한다.",
      "mt": "投資信託や投資匿名組合の集合投資業者または投資会社などは、転売延期事由の全部または一部が解消された場合には、転売が延期された投資家に対して転売するという旨を通知し、大統領令で定める方法に従って転売代金を支給しなければならない。",
      "mtpe": "投資信託や投資匿名組合の集合投資業者または投資会社などは、買い戻し延期事由の全部または一部が解消された場合には、買い戻しが延期された投資家に対して買い戻すという旨を通知して大統領令で定める方法に従って買い戻し代金を支給しなければならない。"
    }
  ]
}