{
  "meta": {
    "doc_no": "law16211",
    "domain": "금융",
    "category": "규제정보",
    "license": "open",
    "source_language": "ko",
    "target_language": "ja"
  },
  "doc_info": {
    "source": "법제처",
    "title": "자본시장과 금융투자업에 관한 법률 ",
    "date": 20090204
  },
  "sents": [
    {
      "page": 243,
      "sn": "law16211sent264071",
      "source_original": "다만, 기준가격을 매일 공고ㆍ게시하기 곤란한 경우 등 대통령령으로 정하는 경우에는 해당 집합투자규약에서 기준가격의 공고ㆍ게시주기를 15일 이내의 범위에서 별도로 정할 수 있다.",
      "source_cleaned": "기준가격을 매일 공고ㆍ게시하기 곤란한 경우 등 대통령령으로 정하는 경우에는 해당 집합투자규약에서 기준가격의 공고ㆍ게시주기를 15일 이내의 범위에서 별도로 정할 수 있다.",
      "mt": "基準価格を毎日公告・掲示することが困難な場合など大統領令で定める場合には、該当集合投資規約で基準価格の公告・掲示周期を15日以内の範囲で別途に定めることができる。",
      "mtpe": "基準価格を毎日公告・掲示することが困難な場合など大統領令で定める場合には該当集合投資規約で基準価格の公告・掲示周期を15日以内の範囲で別途に定めることができる。"
    },
    {
      "page": 243,
      "sn": "law16211sent264069",
      "source_original": "이 경우 해당 집합투자업자 및 그 집합투자업자의 계열회사, 투자회사ㆍ투자유한회사ㆍ투자합자회사의 계열회사는 그 수탁대상에서 제외된다.",
      "source_cleaned": "이 경우 해당 집합투자업자 및 그 집합투자업자의 계열회사, 투자회사ㆍ투자유한회사ㆍ투자 합자회사의 계열회사는 그 수탁 대상에서 제외된다.",
      "mt": "この場合、該当集合投資業者およびその集合投資業者の系列会社、投資会社・投資有限会社・投資合資会社の系列会社はその受託対象から除外される。",
      "mtpe": "この場合、該当集合投資業者およびその集合投資業者の系列会社、投資会社・投資有限会社・投資合資会社の系列会社はその受託対象から除外される。"
    },
    {
      "page": 243,
      "sn": "law16211sent264067",
      "source_original": "① 투자신탁이나 투자익명조합의 집합투자업자 또는 투자회사등은 집합투자기구의 결산기마다 다음 각 호의 서류 및 부속명세서(이하 이 조에서 “결산서류”라 한다)를 작성하여야 한다.",
      "source_cleaned": "투자신탁이나 투자 익명조합의 집합투자업자 또는 투자회사 등은 집합투자기구의 결산기마다 다음 각 호의 서류 및 부속명세서를 작성하여야 한다.",
      "mt": "投資信託や投資匿名組合の集合投資業者または投資会社などは、集合投資機構の決算期ごとに次の各号の書類および付属明細書を作成しなければならない。",
      "mtpe": "投資信託や投資匿名組合の集合投資業者または投資会社などは集合投資機構の決算期ごとに次の各号の書類および付属明細書を作成しなければならない。"
    },
    {
      "page": 243,
      "sn": "law16211sent264064",
      "source_original": "② 투자회사의 법인이사는 결산서류의 승인을 위하여 이사회 개최 1주 전까지 그 결산서류를 이사회에 제출하여 그 승인을 받아야 한다.",
      "source_cleaned": "투자회사의 법인 이사는 결산 서류의 승인을 위하여 이사회 개최 1주 전까지 그 결산 서류를 이사회에 제출하여 그 승인을 받아야 한다.",
      "mt": "投資会社の法人取締役は、決算書類の承認のために、取締役会の開催1週間前までに、その決算書類を取締役会に提出し、その承認を受けなければならない。",
      "mtpe": "投資会社の法人取締役は決算書類の承認のために取締役会の開催1週間前までにその決算書類を取締役会に提出してその承認を受けなければならない。"
    }
  ]
}