{
  "meta": {
    "doc_no": "dis100003",
    "domain": "금융",
    "category": "공시정보",
    "license": "open",
    "source_language": "ko"
  },
  "doc_info": {
    "source": "금융감독원",
    "dis_no": 2022041100234100761,
    "doc_name": "연결감사보고서",
    "com_name": "(주)동아홀딩스",
    "date": 20220411
  },
  "sents": [
    {
      "sn": "dis100003sent62218154",
      "source_original": "연결감사보고서"
    },
    {
      "sn": "dis100003sent62218156",
      "source_original": "주식회사동아홀딩스 및 그 종속기업"
    },
    {
      "sn": "dis100003sent62218158",
      "source_original": "감 사 보 고 서"
    },
    {
      "sn": "dis100003sent62218160",
      "source_original": "2021년 01월 01일"
    },
    {
      "sn": "dis100003sent62218162",
      "source_original": "2021년 12월 31일"
    },
    {
      "sn": "dis100003sent62218164",
      "source_original": "제 11 기"
    },
    {
      "sn": "dis100003sent62218168",
      "source_original": "목 차"
    },
    {
      "sn": "dis100003sent62218169",
      "source_original": "독립된 감사인의 감사보고서 - - - - - - - - - - - - - - - - - - - -"
    },
    {
      "sn": "dis100003sent62218172",
      "source_original": "연결손익계산서 - - - - - - - - - - - - - - - - - - - - - - - - - - -"
    },
    {
      "sn": "dis100003sent62218173",
      "source_original": "연결자본변동표 - - - - - - - - - - - - - - - - - - - - - - - - - - -"
    },
    {
      "sn": "dis100003sent62218175",
      "source_original": "주석 - - - - - - - - - - - - - - - - - - - - - - - - - - - - - - - - -"
    },
    {
      "sn": "dis100003sent62218176",
      "source_original": "독립된 감사인의 감사보고서"
    },
    {
      "sn": "dis100003sent62218177",
      "source_original": "주식회사동아홀딩스"
    },
    {
      "sn": "dis100003sent62218178",
      "source_original": "주주 및 이사회 귀중"
    },
    {
      "sn": "dis100003sent62218180",
      "source_original": "감사의견"
    },
    {
      "sn": "dis100003sent62218183",
      "source_original": "유의적인"
    },
    {
      "sn": "dis100003sent62218186",
      "source_original": "포함한 주석으로 구성되어 있습니다."
    },
    {
      "sn": "dis100003sent62218189",
      "source_original": "우리는 대한민국의 회계감사기준에 따라 감사를 수행하였습니다."
    },
    {
      "sn": "dis100003sent62218192",
      "source_original": "우리가 입수한 감사증거가 감사의견을 위한 근거로서 충분하고 적합하다고 우리는 믿습니다."
    },
    {
      "sn": "dis100003sent62218194",
      "source_original": "연"
    },
    {
      "sn": "dis100003sent62218195",
      "source_original": "결회사의 종속기업인 디아이개발(주)는"
    },
    {
      "sn": "dis100003sent62218196",
      "source_original": "2021년 12월 31일로 종료되는 회계연도에영업손실이 2,084백만원이며 당기순손실이 6,847백만원입니다."
    },
    {
      "sn": "dis100003sent62218197",
      "source_original": "그리고 동일자 현재로 유동부채가 유동자산을 11,867백만원 초과하고 있으며, 총부채가 총자산을 42,997백만원 초과하고 있습니다."
    },
    {
      "sn": "dis100003sent62218199",
      "source_original": "그 결과"
    },
    {
      "sn": "dis100003sent62218200",
      "source_original": "2022년 2월 20일"
    },
    {
      "sn": "dis100003sent62218201",
      "source_original": "자 감사보고서에의견이 표명되지 아니하였으며, 해당 감사의견 및 종속기업의 상황이 연결회사의 연결재무제표에 미치는 영향은 없습니다."
    },
    {
      "sn": "dis100003sent62218202",
      "source_original": "연결재무제표에 대한 경영진과 지배기구의 책임"
    },
    {
      "sn": "dis100003sent62218203",
      "source_original": "경영진은 일반기업회계기준에 따라 이 연결재무제표를 작성하고 공정하게 표시할 책임이있으며, 부정이나 오류로 인한 중요한 왜곡표시가 없는 연결재무제표를 작성하는데 필요하다고 결정한 내부통제에 대해서도 책임이 있습니다."
    },
    {
      "sn": "dis100003sent62218204",
      "source_original": "경영진은 연결재무제표를 작성할 때, 연결회사의 계속기업으로서의 존속능력을 평가하고 해당되는 경우, 계속기업 관련 사항을 공시할 책임이 있습니다."
    },
    {
      "sn": "dis100003sent62218209",
      "source_original": "합리적인 확신은 높은 수준의 확신을 의미하나, 감사기준에 따라수행된 감사가 항상 중요한 왜곡표시를 발견한다는 것을 보장하지는 않습니다."
    },
    {
      "sn": "dis100003sent62218212",
      "source_original": "또한, 우리는:"
    },
    {
      "sn": "dis100003sent62218213",
      "source_original": "- 부정이나 오류로 인한 연결재무제표의 중요왜곡표시위험을 식별하고 평가하며 그러한 위험에 대응하는 감사절차를 설계하고 수행합니다."
    },
    {
      "sn": "dis100003sent62218214",
      "source_original": "그리고 감사의견의 근거로서 충분하고 적합한 감사증거를 입수합니다."
    },
    {
      "sn": "dis100003sent62218217",
      "source_original": "그러나 이는 내부통제의 효과성에 대한 의견을 표명하기 위한 것이 아닙니다."
    },
    {
      "sn": "dis100003sent62218218",
      "source_original": "- 연결재무제표를 작성하기 위하여 경영진이 적용한 회계정책의 적합성과 경영진이 도출한 회계추정치와 관련 공시의 합리성에 대하여 평가합니다."
    },
    {
      "sn": "dis100003sent62218223",
      "source_original": "- 연결재무제표에 대한 의견을 표명하기 위해 기업의 재무정보 또는 그룹 내의 사업활동과 관련된 충분하고 적합한 감사증거를 입수합니다."
    },
    {
      "sn": "dis100003sent62218227",
      "source_original": "대경회계법인 대표이사 이균발"
    },
    {
      "sn": "dis100003sent62218229",
      "source_original": "따라서 감사보고서일 후 이"
    },
    {
      "sn": "dis100003sent62218232",
      "source_original": "\"첨부된 연결재무제표는 회사가 작성한 것입니다.\""
    },
    {
      "sn": "dis100003sent62218234",
      "source_original": "본점 소재지 :"
    },
    {
      "sn": "dis100003sent62218235",
      "source_original": "(도로명주소)"
    },
    {
      "sn": "dis100003sent62218236",
      "source_original": "대구광역시 달성군 논공읍 논공로 562"
    },
    {
      "sn": "dis100003sent62218237",
      "source_original": "(전 화)"
    },
    {
      "sn": "dis100003sent62218240",
      "source_original": "제 11 기 2020년 12월 31일 현재"
    },
    {
      "sn": "dis100003sent62218242",
      "source_original": "과 목"
    },
    {
      "sn": "dis100003sent62218244",
      "source_original": "제 11(전) 기말"
    },
    {
      "sn": "dis100003sent62218245",
      "source_original": "자 산"
    },
    {
      "sn": "dis100003sent62218246",
      "source_original": "Ⅰ.유동자산"
    },
    {
      "sn": "dis100003sent62218248",
      "source_original": "현금및현금성자산(주11)"
    },
    {
      "sn": "dis100003sent62218250",
      "source_original": "단기대여금"
    },
    {
      "sn": "dis100003sent62218251",
      "source_original": "대손충당금"
    },
    {
      "sn": "dis100003sent62218253",
      "source_original": "미수수익"
    },
    {
      "sn": "dis100003sent62218255",
      "source_original": "선급금"
    },
    {
      "sn": "dis100003sent62218258",
      "source_original": "(2)재고자산"
    },
    {
      "sn": "dis100003sent62218259",
      "source_original": "제품"
    },
    {
      "sn": "dis100003sent62218260",
      "source_original": "원재료"
    },
    {
      "sn": "dis100003sent62218262",
      "source_original": "Ⅱ. 비유동자산"
    },
    {
      "sn": "dis100003sent62218263",
      "source_original": "(1)투자자산"
    },
    {
      "sn": "dis100003sent62218265",
      "source_original": "장기대여금"
    },
    {
      "sn": "dis100003sent62218267",
      "source_original": "(2)유형자산(주5,6,7,10)"
    },
    {
      "sn": "dis100003sent62218268",
      "source_original": "토지"
    },
    {
      "sn": "dis100003sent62218269",
      "source_original": "건물"
    },
    {
      "sn": "dis100003sent62218272",
      "source_original": "기계장치"
    },
    {
      "sn": "dis100003sent62218273",
      "source_original": "정부보조금"
    },
    {
      "sn": "dis100003sent62218274",
      "source_original": "차량운반구"
    },
    {
      "sn": "dis100003sent62218275",
      "source_original": "공구와기구"
    },
    {
      "sn": "dis100003sent62218278",
      "source_original": "시설장치"
    },
    {
      "sn": "dis100003sent62218279",
      "source_original": "기타의유형자산"
    },
    {
      "sn": "dis100003sent62218280",
      "source_original": "(3)무형자산"
    },
    {
      "sn": "dis100003sent62218281",
      "source_original": "소프트웨어"
    },
    {
      "sn": "dis100003sent62218284",
      "source_original": "자 산 총 계"
    },
    {
      "sn": "dis100003sent62218285",
      "source_original": "부 채"
    },
    {
      "sn": "dis100003sent62218287",
      "source_original": "매입채무(주15)"
    },
    {
      "sn": "dis100003sent62218290",
      "source_original": "예수금"
    },
    {
      "sn": "dis100003sent62218291",
      "source_original": "부가세예수금"
    },
    {
      "sn": "dis100003sent62218292",
      "source_original": "선수금"
    },
    {
      "sn": "dis100003sent62218296",
      "source_original": "유동성장기부채(주7,8,12)"
    },
    {
      "sn": "dis100003sent62218297",
      "source_original": "수입보증금"
    },
    {
      "sn": "dis100003sent62218300",
      "source_original": "장기미지급금"
    },
    {
      "sn": "dis100003sent62218304",
      "source_original": "입회보증금"
    },
    {
      "sn": "dis100003sent62218305",
      "source_original": "퇴직급여충당부채(주9)"
    },
    {
      "sn": "dis100003sent62218306",
      "source_original": "부 채 총 계"
    },
    {
      "sn": "dis100003sent62218307",
      "source_original": "자 본"
    },
    {
      "sn": "dis100003sent62218309",
      "source_original": "(1) 자본금(주13)"
    },
    {
      "sn": "dis100003sent62218310",
      "source_original": "보통주자본금"
    },
    {
      "sn": "dis100003sent62218311",
      "source_original": "(2)자본잉여금"
    },
    {
      "sn": "dis100003sent62218313",
      "source_original": "(3)기타포괄손익누계액(주13)"
    },
    {
      "sn": "dis100003sent62218318",
      "source_original": "Ⅱ.비지배지분"
    },
    {
      "sn": "dis100003sent62218319",
      "source_original": "자 본 총 계"
    },
    {
      "sn": "dis100003sent62218320",
      "source_original": "부 채 및 자 본 총 계"
    },
    {
      "sn": "dis100003sent62218321",
      "source_original": "\"첨부된 주석은 본 연결재무제표의 일부입니다.\""
    },
    {
      "sn": "dis100003sent62218322",
      "source_original": "연 결 손 익 계 산 서"
    },
    {
      "sn": "dis100003sent62218327",
      "source_original": "Ⅰ.매출액(주15)"
    },
    {
      "sn": "dis100003sent62218329",
      "source_original": "Ⅲ.매출총이익"
    },
    {
      "sn": "dis100003sent62218332",
      "source_original": "급여"
    },
    {
      "sn": "dis100003sent62218335",
      "source_original": "여비교통비"
    },
    {
      "sn": "dis100003sent62218340",
      "source_original": "감가상각비(주5)"
    },
    {
      "sn": "dis100003sent62218341",
      "source_original": "지급임차료"
    },
    {
      "sn": "dis100003sent62218342",
      "source_original": "수선비"
    },
    {
      "sn": "dis100003sent62218343",
      "source_original": "보험료"
    },
    {
      "sn": "dis100003sent62218344",
      "source_original": "차량유지비"
    },
    {
      "sn": "dis100003sent62218345",
      "source_original": "경상연구개발비"
    },
    {
      "sn": "dis100003sent62218346",
      "source_original": "운반비"
    },
    {
      "sn": "dis100003sent62218348",
      "source_original": "도서인쇄비"
    },
    {
      "sn": "dis100003sent62218349",
      "source_original": "협회비"
    },
    {
      "sn": "dis100003sent62218350",
      "source_original": "소모품비"
    },
    {
      "sn": "dis100003sent62218351",
      "source_original": "지급수수료"
    },
    {
      "sn": "dis100003sent62218352",
      "source_original": "광고선전비"
    },
    {
      "sn": "dis100003sent62218353",
      "source_original": "대손상각비"
    },
    {
      "sn": "dis100003sent62218354",
      "source_original": "건물관리비"
    },
    {
      "sn": "dis100003sent62218355",
      "source_original": "행사장식비"
    },
    {
      "sn": "dis100003sent62218356",
      "source_original": "세탁비"
    },
    {
      "sn": "dis100003sent62218359",
      "source_original": "Ⅴ.영업이익"
    },
    {
      "sn": "dis100003sent62218360",
      "source_original": "Ⅵ.영업외수익"
    },
    {
      "sn": "dis100003sent62218362",
      "source_original": "외환차익"
    },
    {
      "sn": "dis100003sent62218363",
      "source_original": "외화환산이익"
    },
    {
      "sn": "dis100003sent62218364",
      "source_original": "유형자산처분이익"
    },
    {
      "sn": "dis100003sent62218365",
      "source_original": "정부보조금수익(주10)"
    },
    {
      "sn": "dis100003sent62218366",
      "source_original": "잡이익"
    },
    {
      "sn": "dis100003sent62218367",
      "source_original": "Ⅶ.영업외비용"
    },
    {
      "sn": "dis100003sent62218368",
      "source_original": "이자비용"
    },
    {
      "sn": "dis100003sent62218371",
      "source_original": "외화환산손실"
    },
    {
      "sn": "dis100003sent62218373",
      "source_original": "유형자산처분손실"
    },
    {
      "sn": "dis100003sent62218376",
      "source_original": "Ⅷ.법인세차감전순이익"
    },
    {
      "sn": "dis100003sent62218379",
      "source_original": "지배기업지분순이익"
    },
    {
      "sn": "dis100003sent62218381",
      "source_original": "연 결 자 본 변 동 표"
    },
    {
      "sn": "dis100003sent62218382",
      "source_original": "자본금"
    },
    {
      "sn": "dis100003sent62218388",
      "source_original": "비지배지분"
    },
    {
      "sn": "dis100003sent62218390",
      "source_original": "2020.01.01(전기초)"
    },
    {
      "sn": "dis100003sent62218395",
      "source_original": "연결당기순이익(손실)"
    },
    {
      "sn": "dis100003sent62218397",
      "source_original": "연 결 현 금 흐 름 표"
    },
    {
      "sn": "dis100003sent62218401",
      "source_original": "퇴직급여"
    },
    {
      "sn": "dis100003sent62218402",
      "source_original": "감가상각비"
    },
    {
      "sn": "dis100003sent62218403",
      "source_original": "무형자산상각비"
    },
    {
      "sn": "dis100003sent62218406",
      "source_original": "매출채권의 감소(증가)"
    },
    {
      "sn": "dis100003sent62218407",
      "source_original": "미수수익의 감소(증가)"
    },
    {
      "sn": "dis100003sent62218409",
      "source_original": "선급금의 감소(증가)"
    },
    {
      "sn": "dis100003sent62218412",
      "source_original": "재고자산의 감소(증가)"
    },
    {
      "sn": "dis100003sent62218414",
      "source_original": "미지급금의 증가(감소)"
    },
    {
      "sn": "dis100003sent62218418",
      "source_original": "미지급비용의 증가(감소)"
    },
    {
      "sn": "dis100003sent62218420",
      "source_original": "당기법인세부채의 증가(감소)"
    },
    {
      "sn": "dis100003sent62218421",
      "source_original": "퇴직금의 지급"
    },
    {
      "sn": "dis100003sent62218423",
      "source_original": "(1)투자활동으로 인한 현금유입액"
    },
    {
      "sn": "dis100003sent62218424",
      "source_original": "단기금융상품의 감소"
    },
    {
      "sn": "dis100003sent62218426",
      "source_original": "장기대여금의 감소"
    },
    {
      "sn": "dis100003sent62218428",
      "source_original": "매도가능증권의 감소"
    },
    {
      "sn": "dis100003sent62218430",
      "source_original": "유형자산의 처분"
    },
    {
      "sn": "dis100003sent62218431",
      "source_original": "(2)투자활동으로 인한 현금유출액"
    },
    {
      "sn": "dis100003sent62218432",
      "source_original": "단기금융상품의 증가"
    },
    {
      "sn": "dis100003sent62218434",
      "source_original": "장기대여금의 증가"
    },
    {
      "sn": "dis100003sent62218436",
      "source_original": "매도가능증권의 증가"
    },
    {
      "sn": "dis100003sent62218438",
      "source_original": "유형자산의 취득"
    },
    {
      "sn": "dis100003sent62218439",
      "source_original": "보증금의 증가"
    },
    {
      "sn": "dis100003sent62218441",
      "source_original": "(1)재무활동으로 인한 현금유입액"
    },
    {
      "sn": "dis100003sent62218443",
      "source_original": "주임종장기차입금의 차입"
    },
    {
      "sn": "dis100003sent62218448",
      "source_original": "(2)재무활동으로 인한 현금유출액"
    },
    {
      "sn": "dis100003sent62218450",
      "source_original": "주임종단기차입금의 상환"
    },
    {
      "sn": "dis100003sent62218453",
      "source_original": "임대보증금의 감소"
    },
    {
      "sn": "dis100003sent62218454",
      "source_original": "Ⅳ. 연결실체의변동으로 인한 현금의 증감"
    },
    {
      "sn": "dis100003sent62218455",
      "source_original": "Ⅴ. 현금의 증가(감소) (Ⅰ+Ⅱ＋Ⅲ＋IV)"
    },
    {
      "sn": "dis100003sent62218456",
      "source_original": "Ⅵ. 기초의 현금"
    },
    {
      "sn": "dis100003sent62218457",
      "source_original": "Ⅶ. 기말의 현금"
    },
    {
      "sn": "dis100003sent62218458",
      "source_original": "주석"
    },
    {
      "sn": "dis100003sent62218459",
      "source_original": "제 12(당)기 2021년 12월 31일 현재"
    },
    {
      "sn": "dis100003sent62218461",
      "source_original": "1. 일반적 사항"
    },
    {
      "sn": "dis100003sent62218464",
      "source_original": "한편, 회사는 2018년 1월 2일자로 영업부문인 볼트사업부를 물적분할하여 분할신설회사인 주식회사동아를 설립하였습니다."
    },
    {
      "sn": "dis100003sent62218465",
      "source_original": "이에 따라 기존의 투자부문은 회사의 상호를 주식회사동아홀딩스로 변경하고 분할신설회사인 주식회사동아의 지분 100%를 보유하는 지주회사 체제로 전환하였습니다."
    },
    {
      "sn": "dis100003sent62218466",
      "source_original": "보고기간말 현재의 연결재무제표는 회사와 회사의 종속기업(이하 '연결회사')에 대한 지분으로 구성되어 있습니다."
    },
    {
      "sn": "dis100003sent62218467",
      "source_original": "회사의 대표이사는 박춘영이며, 당기말 현재 주주 및 지분율은 다음과 같습니다."
    },
    {
      "sn": "dis100003sent62218469",
      "source_original": "소유주식수"
    },
    {
      "sn": "dis100003sent62218472",
      "source_original": "88,893주"
    },
    {
      "sn": "dis100003sent62218475",
      "source_original": "박유빈"
    },
    {
      "sn": "dis100003sent62218476",
      "source_original": "박민재"
    },
    {
      "sn": "dis100003sent62218477",
      "source_original": "113,971주"
    },
    {
      "sn": "dis100003sent62218481",
      "source_original": "335,070주"
    },
    {
      "sn": "dis100003sent62218484",
      "source_original": "회사명"
    },
    {
      "sn": "dis100003sent62218485",
      "source_original": "소재지"
    },
    {
      "sn": "dis100003sent62218487",
      "source_original": "회사개요"
    },
    {
      "sn": "dis100003sent62218490",
      "source_original": "골프장운영업"
    },
    {
      "sn": "dis100003sent62218491",
      "source_original": "(주)동아"
    },
    {
      "sn": "dis100003sent62218492",
      "source_original": "볼트 및 너트 제조업"
    },
    {
      "sn": "dis100003sent62218495",
      "source_original": "구 분"
    },
    {
      "sn": "dis100003sent62218497",
      "source_original": "전 기"
    },
    {
      "sn": "dis100003sent62218500",
      "source_original": "동아(주)"
    },
    {
      "sn": "dis100003sent62218502",
      "source_original": "부채총액"
    },
    {
      "sn": "dis100003sent62218503",
      "source_original": "매출액"
    },
    {
      "sn": "dis100003sent62218504",
      "source_original": "당기순이익(손실)"
    },
    {
      "sn": "dis100003sent62218506",
      "source_original": "연결재무제표의 작성에 적용된 중요한 회계정책은 아래에 제시되어 있습니다."
    },
    {
      "sn": "dis100003sent62218511",
      "source_original": "2.2 회계정책과 공시의 변경"
    },
    {
      "sn": "dis100003sent62218512",
      "source_original": "(1) 연결회사가 채택한 개정 기준서"
    },
    {
      "sn": "dis100003sent62218513",
      "source_original": "연결회사는 2021년 1월 1일로 개시하는 회계기간부터 다음의 제ㆍ개정 기준서를 신규로 적용하였습니다."
    },
    {
      "sn": "dis100003sent62218514",
      "source_original": "- 일반기업회계기준 제25장 '특수관계자 공시' 개정"
    },
    {
      "sn": "dis100003sent62218515",
      "source_original": "개정된 기준은 주요 경영진 보상에 관한 공시 규정을 명확히 하였습니다."
    },
    {
      "sn": "dis100003sent62218516",
      "source_original": "이에 따라 기존 공시 생략 가능 문구에서 공시를 허용하는 방식으로 문구를 수정하였습니다."
    },
    {
      "sn": "dis100003sent62218517",
      "source_original": "동개정이 재"
    },
    {
      "sn": "dis100003sent62218519",
      "source_original": "일반기업회계기준 제29장 '중간재무제표' 개정"
    },
    {
      "sn": "dis100003sent62218521",
      "source_original": "이에 따라 직전 연도의 동일한 기간에 대한 현금흐름표 및 자본변동표가 작성되지 않은 경우, 비교 표시 면제 규정이 적용될 수 있음을 명확히 하였습니다."
    },
    {
      "sn": "dis100003sent62218522",
      "source_original": "동 개정이 재무제표에 미치는 중요한 영향은 없습니다."
    },
    {
      "sn": "dis100003sent62218525",
      "source_original": "이에 따라 관계기업, 공동지배기업에 지분법을 적용하지 아니할 경우원가법과 공정가치법 중 하나의 방법으로 측정합니다."
    },
    {
      "sn": "dis100003sent62218527",
      "source_original": "2.3 사업결합 회계처리"
    },
    {
      "sn": "dis100003sent62218528",
      "source_original": "연결회사의 사업결합은 취득법으로 회계처리 되며, 취득관련 원가는 발생 시 당기비용으로 인식됩니다."
    },
    {
      "sn": "dis100003sent62218530",
      "source_original": "이전대가는 조건부 대가 지급 약정으로부터 발생하는 자산 및 부채의 공정가치를 포함하고 있습니다."
    },
    {
      "sn": "dis100003sent62218531",
      "source_original": "사업결합으로 취득한 식별가능자산ㆍ부채 및 우발부채는 취득일의 공정가치로 최초 측정하고 있습니다."
    },
    {
      "sn": "dis100003sent62218533",
      "source_original": "그 외의 모든 비지배지분의 요소는 일반기업회계기준에서 측정방법을 달리 요구하는 경우를 제외하고는 공정가치로 측정합니다."
    },
    {
      "sn": "dis100003sent62218535",
      "source_original": "연결회사가 지불할 조건부대가는 취득일에 공정가치로 인식됩니다."
    },
    {
      "sn": "dis100003sent62218537",
      "source_original": "2.4 외화환산"
    },
    {
      "sn": "dis100003sent62218538",
      "source_original": "(1) 기능통화와 표시통화"
    },
    {
      "sn": "dis100003sent62218542",
      "source_original": "연결회사는 기능통화 이외의 다른 통화(\"외화\")로 이루어진 거래를 기능통화로 인식하는 경우에 거래일의 외화와 기능통화 사이의 현물환율을 외화금액에 적용하여 기록하고 있으며, 화폐성 외화자산과 부채는 보고기간종료일 현재의 환율로 환산하여 이로 인한 외화환산손익을 당기손익으로 처리하고 있습니다."
    },
    {
      "sn": "dis100003sent62218544",
      "source_original": "비화폐성 금융자산ㆍ부채로부터 발생하는 외환차이는 공정가치 변동손익의 일부로 보고하고 있습니다."
    },
    {
      "sn": "dis100003sent62218546",
      "source_original": "2.5 현금및현금성자산"
    },
    {
      "sn": "dis100003sent62218547",
      "source_original": "연결회사는 통화 및 타인발행수표 등 통화대용증권과 당좌예금, 보통예금 및 큰 거래비용없이 현금으로 전환이 용이하고 이자율 변동에 따른 가치변동의 위험이 경미한 금융상품으로서 취득 당시 만기일(또는 상환일)이 3개월 이내인 것을 현금및현금성자산으로 처리하고 있습니다."
    },
    {
      "sn": "dis100003sent62218548",
      "source_original": "2.6 유가증권"
    },
    {
      "sn": "dis100003sent62218552",
      "source_original": "단기매매증권과 매도가능증권은 공정가치로 평가하고 있습니다."
    },
    {
      "sn": "dis100003sent62218554",
      "source_original": "시장성있는 유가증권의 평가는 시장가격을 공정가치로 보며 시장가격은 보고기간말 현재의 종가로 하고 있습니다."
    },
    {
      "sn": "dis100003sent62218555",
      "source_original": "시장가격이 없는 채무증권의 경우에는 미래현금흐름을 합리적으로 추정하고, 공신력 있는 독립된 신용평가기관이 평가한 신용등급이 있는 경우에는 신용평가등급을 적절히 감안한 할인율을 사용하여 평가한 금액을 공정가치로 하고 있습니다."
    },
    {
      "sn": "dis100003sent62218559",
      "source_original": "손상차손의 회복이 손상차손 인식 후에 발생한 사건과 객관적으로 관련되는 경우, 만기보유증권 또는 원가로 평가하는 매도가능증권의 경우 당초에 손상차손을 인식하지 않았다면 회복일 현재의 상각후원가(매도가능증권의 경우 취득원가)를 한도로 당기이익을 인식하며, 공정가치로 평가하는 매도가능증권의 경우에는 이전에 인식하였던 손상차손 금액을 한도로 하여 회복된 금액을 당기이익으로 인식하고 있습니다."
    },
    {
      "sn": "dis100003sent62218561",
      "source_original": "단기매매증권과 보고기간말로부터 1년 내에 만기가 도래하거나 매도 등에 의하여 처분할 것이 거의 확실한 매도가능증권과 보고기간말로부터 1년 내에 만기가 도래하는만기보유증권은 유동자산으로 분류하고 있습니다."
    },
    {
      "sn": "dis100003sent62218562",
      "source_original": "2.7 대손충당금"
    },
    {
      "sn": "dis100003sent62218563",
      "source_original": "연결회사는 회수가 불확실한 매출채권 등은 합리적이고 객관적인 기준에 따라 산출한 대손추산액을 대손충당금으로 설정하고 있습니다."
    },
    {
      "sn": "dis100003sent62218564",
      "source_original": "대손추산액에서 대손충당금 잔액을 차감한 금액을 대손상각비로 인식하며, 상거래에서 발생한 매출채권에 대한 대손상각비는 판매비와 관리비로 계상하고, 기타 채권에 대한 대손상각비는 영업외비용으로 계상하고 있습니다."
    },
    {
      "sn": "dis100003sent62218565",
      "source_original": "회수가 불가능한 채권은 대손충당금과 상계하고, 대손충당금이 부족한 경우에는 그 부족액을 대손상각비로 인식하고 있습니다."
    },
    {
      "sn": "dis100003sent62218568",
      "source_original": "또한, 재고자산의 시가가 취득원가 보다 하락한 경우에는 시가(제품, 재공품의 시가는 순실현가능가치, 원재료의 시가는 현행대체원가)를 재무상태표가액으로 하고 있습니다."
    },
    {
      "sn": "dis100003sent62218569",
      "source_original": "다만, 재고자산의 평가손실을 초래했던 상황이 해소되어 새로운 시가가 장부금액보다 상승한 경우에는 최초의 장부금액을 초과하지 않는 범위 내에서 평가손실을 환입하고 있으며, 재고자산평가손실의 환입은 매출원가에서 차감하여 표시하고 있습니다."
    },
    {
      "sn": "dis100003sent62218572",
      "source_original": "유형자산의 취득원가는 구입원가 또는 제작원가 및 경영진이 의도하는 방식으로 자산을 가동하는 데 필요한 장소와 상태에 이르게 하는 데 직접 관련되는 지출 등으로 구성되어 있습니다."
    },
    {
      "sn": "dis100003sent62218573",
      "source_original": "연결회사는 토지, 조경 및 입목자산(기타의유형자산)은 감가상각을 하지 않으며, 그 외 유형자산은 취득원가에서 아래의 추정내용연수와 감가상각방법에 따"
    },
    {
      "sn": "dis100003sent62218574",
      "source_original": "라 산정된 감가상각누계액"
    },
    {
      "sn": "dis100003sent62218576",
      "source_original": "을 차감한 금액으로 표시하고 있습니다."
    },
    {
      "sn": "dis100003sent62218577",
      "source_original": "추정내용연수"
    },
    {
      "sn": "dis100003sent62218580",
      "source_original": "정액법"
    },
    {
      "sn": "dis100003sent62218581",
      "source_original": "구축물"
    },
    {
      "sn": "dis100003sent62218583",
      "source_original": "기계장치, 시설장치"
    },
    {
      "sn": "dis100003sent62218587",
      "source_original": "5년"
    },
    {
      "sn": "dis100003sent62218588",
      "source_original": "유형자산의 취득 또는 완성 후의 지출이 생산능력 증대, 내용연수 연장, 상당한 원가절감 또는 품질향상을 가져오는 등 미래경제적효익의 유입 가능성이 매우 높고, 원가를 신뢰성 있게 측정할 수 있는 경우에는 자본적 지출로 인식하고, 그렇지 않은 경우에는 발생한 기간의 비용으로 인식하고 있습니다."
    },
    {
      "sn": "dis100003sent62218589",
      "source_original": "토지와 건물은 주기적으로 외부 독립된 평가기관에 의하여 공정가치로 평가되며,공정가치가"
    },
    {
      "sn": "dis100003sent62218590",
      "source_original": "장부금액과 중요하게"
    },
    {
      "sn": "dis100003sent62218594",
      "source_original": "수행합니다."
    },
    {
      "sn": "dis100003sent62218595",
      "source_original": "건물은 재평가일의 공정가치에서 이후의 감가상각누계액과 손상차손누계액을 차감하여 표시하며, 건물을 재평가할 때, 재평가시점의 총장부금액에서 기존의 감가상각누계액을 제거하여 건물의 순장부금액이 재평가금액이 되도록 수정합니다."
    },
    {
      "sn": "dis100003sent62218596",
      "source_original": "그 외의 모든 유형자산은 취득원가에서 감가상각누계액을 차감하여 표시하고 있습니다."
    },
    {
      "sn": "dis100003sent62218597",
      "source_original": "유형자산의 취득원가는 구입원가 또는 제작원가 및 경영진이 의도하는 방식으로 자산을 가동하는 데 필요한 장소와 상태에 이르게 하는 데 직접 관련되는 지출로 구성되어 있습니다."
    },
    {
      "sn": "dis100003sent62218598",
      "source_original": "유형자산의 경제적 사용이 종료된 후에 원상회복을 위하여 그 자산을 제거, 해체하거나 또는 부지를 복원하는데 소요될 것으로 추정되는 원가가 충당부채의 인식요건을 충족하는 경우 그 지출의 현재가치도 취득원가에 포함하고 있습니다."
    },
    {
      "sn": "dis100003sent62218599",
      "source_original": "토지와 건물의 재평가로 인한 장부금액의 증가액은 기타포괄손익으로 인식하고 있습니다."
    },
    {
      "sn": "dis100003sent62218601",
      "source_original": "또한, 유형자산의 재평가와 관련하여 인식한 기타포괄손익의 잔액이 있다면, 그 유형자산을 폐기하거나 처분할 때 당기손익으로 인식합니다."
    },
    {
      "sn": "dis100003sent62218603",
      "source_original": "리스는 리스자산의 소유에 따른 위험과 효익이 실질적으로 회사에 이전되는 경우에는 금융리스로 분류하고 그 외의 경우에는 운용리스로 분류합니다."
    },
    {
      "sn": "dis100003sent62218604",
      "source_original": "금융리스의 경우 연결회사는 리스자산의 공정가치와 최소리스료를 리스제공자의 내재이자율로 할인하여 계산된 금액중 작은 금액을 리스자산과 부채로 각각 계상하고 있습니다."
    },
    {
      "sn": "dis100003sent62218607",
      "source_original": "2.11 비금융자산의 손상"
    },
    {
      "sn": "dis100003sent62218610",
      "source_original": "감가상각 또는"
    },
    {
      "sn": "dis100003sent62218611",
      "source_original": "상각하는 자산의 경우는 장부금액이 회수가능하지 않을 수도 있음을 나타내는 환경의 변화나 사건과 같이 자산손상을 시사하는 징후가 있다면 손상검사를 수행하고 있습니다."
    },
    {
      "sn": "dis100003sent62218612",
      "source_original": "단, 유형자산의 경우에는 이러한 손상징후가 있다고 판단되고, 당해 유형자산(개별 자산 또는 유형자산만으로 구성된 현금창출단위 포함)의 사용 및 처분으로부터 기대되는 미래의 현금흐름총액의 추정액이 장부금액에 미달하는 경우에 손상검사를 수행하고 있습니다."
    },
    {
      "sn": "dis100003sent62218613",
      "source_original": "손상차손은 회수가능액을 초과하는 장부금액으로 인식하고 있습니다."
    },
    {
      "sn": "dis100003sent62218614",
      "source_original": "회수가능액은 순공정가치와 사용가치 중 큰 금액으로 결정하고 있습니다."
    },
    {
      "sn": "dis100003sent62218615",
      "source_original": "손상차손이 인식된 영업권 이외의 비금융자산은 매 보고일에 손상차손의 환입가능성을 검토하고 있으"
    },
    {
      "sn": "dis100003sent62218616",
      "source_original": "며, 손상된 영업권은 추후 회복될 수 없습니다."
    },
    {
      "sn": "dis100003sent62218618",
      "source_original": "연결회사는 과거사건이나 거래의 결과로 존재하는 현재 의무의 이행을 위하여 자원이 유출될 가능성이 매우 높고 동 손실의 금액을 신뢰성 있게 추정할 수 있는 경우에 그 손실금액을 충당부채로 계상하고 있습니다."
    },
    {
      "sn": "dis100003sent62218621",
      "source_original": "또한, 충당부채는 보고기간말마다 그 잔액을 검토하고, 보고기간말 현재 최선의 추정치를 반영하여 증감조정하며,"
    },
    {
      "sn": "dis100003sent62218622",
      "source_original": "이때 현재가치 평가에 사용한 할인율은 변동되지 않는 것으로 보고 당초에 사용한 할인율로 평가하고 있습니다."
    },
    {
      "sn": "dis100003sent62218624",
      "source_original": "연결회사는 재화의 판매, 용역의 제공이나 자산의 사용에 대하여 받았거나 또는 받을대가의 공정가치로 수익을 측정하고 있으며, 부가가치세, 매출에누리와 할인 및 환입은수익에서 차감하고 있습니다."
    },
    {
      "sn": "dis100003sent62218625",
      "source_original": "회사는 수익을 신뢰성 있게 측정할 수 있으며 관련된경제적 효익의 유입 가능성이 매우 높은 경우에 수익을 인식합니다."
    },
    {
      "sn": "dis100003sent62218630",
      "source_original": "용역의 제공으로 인한 수익은 거래 전체의 수익금액과 진행률을 신뢰성있게 측정할 수 있고, 경제적효익의 유입가능성이 매우 높고, 이미 발생한 원가 및 거래의 완료를 위하여 투입하여야 할 원가를 신뢰성 있게 측정할 수 있을 때 진행기준에 따라 인식하고"
    },
    {
      "sn": "dis100003sent62218634",
      "source_original": "중 연결회사가 진행기준에 따라 인식한 수익은 없습니다."
    },
    {
      "sn": "dis100003sent62218635",
      "source_original": "(3) 이자수익"
    },
    {
      "sn": "dis100003sent62218636",
      "source_original": "이자수익은 시간의 경과에 따라 유효이자율법에 의하여 인식하고 있습니다."
    },
    {
      "sn": "dis100003sent62218637",
      "source_original": "채권 손상이 발생하는 경우 채권금액의 장부금액을 회수가능액까지 손상차손을 인식하며, 시간의 경과에 따라 증가하는 부분은 이자수익으로 인식하고 있습니다."
    },
    {
      "sn": "dis100003sent62218638",
      "source_original": "손상채권에 대한 이자수익은 최초 유효이자율에 의하여 인식하고 있습니다."
    },
    {
      "sn": "dis100003sent62218639",
      "source_original": "종업원급여"
    },
    {
      "sn": "dis100003sent62218642",
      "source_original": "사는"
    },
    {
      "sn": "dis100003sent62218645",
      "source_original": "고 있습니다."
    },
    {
      "sn": "dis100003sent62218647",
      "source_original": "종업원이 퇴직하기 전에는 보고기간말 현재 종업원이 퇴직할 경우 지급하여야 할퇴직일시금에 상당하는 금액을 퇴직급여충당부채로 계상하고 있으며, 퇴직연금제도에서 운용되는 자산은 퇴직연금운용자산의 과목으로 하여 퇴직급여 관련 부채, 즉 퇴직급여충당부채에서 차감하는 형식으로 표시하고 있습니다."
    },
    {
      "sn": "dis100003sent62218648",
      "source_original": "다만, 퇴직연금운용자산이 퇴직급여 관련 부채의 합계액을 초과하는 경우에는 초과액을 투자자산으로 처리하고 있습니다."
    },
    {
      "sn": "dis100003sent62218651",
      "source_original": "연결회사는 종업원이 미래의 연차유급휴가에 대한 권리를 발생시키는 근무용역을 제공하는 회계기간에 연차유급휴가와 관련된 비용과 부채를 인식하고 있습니다."
    },
    {
      "sn": "dis100003sent62218656",
      "source_original": "연결회사는 금융자산과 금융부채의 최초인식시 공정가치로 측정하고 있으며, 이 때의 공정가치는 일반적으로 거래가격(금융자산의 경우에는 제공한 대가의 공정가치, 금융부채의 경우에는 수취한 대가의 공정가치)입니다."
    },
    {
      "sn": "dis100003sent62218657",
      "source_original": "그러나 장기연불조건의 매매거래, 장기금전대차거래 또는 이와 유사한 거래에서 발생하는 채권ㆍ채무로서 명목금액과 공정가치의 차이가 유의적인 경우에는 공정가치로 평가합니다."
    },
    {
      "sn": "dis100003sent62218659",
      "source_original": "다만, 제공하거나 수취한 대가에 금융상품이 아닌 다른 것에 대한 대가가 포함되었더라도, 자금의 사용에 따른 반대 급부(예를 들어 생산물 공급가액의 제약 등)를 부과하거나 제공하는 자금의 조달과 사용의 연계성이 확실한 경우 및 임대차보증금에 대하여는 거래가격 전체를 금융상품의 최초인식액으로 하고 있습니다."
    },
    {
      "sn": "dis100003sent62218665",
      "source_original": "당기손익인식지정항목의 후속측정은 단기매매증권의 후속측정방법을 준용하고 있습니다."
    },
    {
      "sn": "dis100003sent62218668",
      "source_original": "한편, 자본거래 비용 중 자본거래가 없었다면 회피가능하고 자본거래에 직접 관련되어 발생한 추가비용에 대해서는 관련된 법인세효과를 차감한 금액을 주식발행초과금에서 차감하거나 주식할인발행차금에 가산하고 있습니다."
    },
    {
      "sn": "dis100003sent62218672",
      "source_original": "받는 경우에는 관련 자산을 취득하기 전까지는 받은 자산 또는 받은 자산을 일시적으로 운용하기 위하여 취득하는 다른 자산의 차감계정으로 회계처리하고, 관련자산을 취득하는 시점에서 관련 자산의 차감계정으로 회계처리하고 있습니다."
    },
    {
      "sn": "dis100003sent62218673",
      "source_original": "한편,"
    },
    {
      "sn": "dis100003sent62218674",
      "source_original": "정부보조금을"
    },
    {
      "sn": "dis100003sent62218676",
      "source_original": "기타의 정부보조금을"
    },
    {
      "sn": "dis100003sent62218677",
      "source_original": "받은 경우에는 주된 영업활동과 직접적인 관련성이 있다면 영업수익으로, 그렇지 않다면 영업외수익으로 회계처리하고 있으며, 대응되는 비용이 있는 경우에는 특정 비용과 상계처리하고 당기손익에 반영하고 있습니다."
    },
    {
      "sn": "dis100003sent62218678",
      "source_original": "2.19 지배회사의 투자계정과 종속회사의 자본계정 상계"
    },
    {
      "sn": "dis100003sent62218685",
      "source_original": "전기말"
    },
    {
      "sn": "dis100003sent62218694",
      "source_original": "당기말 및 전기말 현재 매도가능증권의 내역은 다음과 같습니다."
    },
    {
      "sn": "dis100003sent62218695",
      "source_original": "취득금액"
    },
    {
      "sn": "dis100003sent62218701",
      "source_original": "진성롤테크(주)"
    },
    {
      "sn": "dis100003sent62218702",
      "source_original": "상기 주식은 시장성이 없고, 공정가액을 신뢰성 있게 측정할 수 없어 취득원가를 장부금액으로 계상하였습니다."
    },
    {
      "sn": "dis100003sent62218703",
      "source_original": "5. 유형자산"
    },
    {
      "sn": "dis100003sent62218706",
      "source_original": "취득(자본적"
    },
    {
      "sn": "dis100003sent62218707",
      "source_original": "지출 포함)액"
    },
    {
      "sn": "dis100003sent62218711",
      "source_original": "(2) 전기 중 유형자산의 증감내역은 다음과 같습니다."
    },
    {
      "sn": "dis100003sent62218713",
      "source_original": "당기말 현재 연결회사가 보험에 가입한 자산의 내역은 다음과 같습니다."
    },
    {
      "sn": "dis100003sent62218714",
      "source_original": "보험종류"
    },
    {
      "sn": "dis100003sent62218715",
      "source_original": "부보액"
    },
    {
      "sn": "dis100003sent62218716",
      "source_original": "보험회사명"
    },
    {
      "sn": "dis100003sent62218717",
      "source_original": "매출채권보험"
    },
    {
      "sn": "dis100003sent62218718",
      "source_original": "매출채권"
    },
    {
      "sn": "dis100003sent62218719",
      "source_original": "신용보증기금"
    },
    {
      "sn": "dis100003sent62218720",
      "source_original": "화재보험"
    },
    {
      "sn": "dis100003sent62218722",
      "source_original": "(주)KB손해보험"
    },
    {
      "sn": "dis100003sent62218723",
      "source_original": "재산종합위험담보"
    },
    {
      "sn": "dis100003sent62218725",
      "source_original": "(동산포함)"
    },
    {
      "sn": "dis100003sent62218726",
      "source_original": "DB손해보험주식회사"
    },
    {
      "sn": "dis100003sent62218729",
      "source_original": "담보제공자산"
    },
    {
      "sn": "dis100003sent62218730",
      "source_original": "담보설정금액"
    },
    {
      "sn": "dis100003sent62218731",
      "source_original": "담보권자"
    },
    {
      "sn": "dis100003sent62218733",
      "source_original": "합계"
    },
    {
      "sn": "dis100003sent62218736",
      "source_original": "물건 또는 내용"
    },
    {
      "sn": "dis100003sent62218737",
      "source_original": "금액"
    },
    {
      "sn": "dis100003sent62218739",
      "source_original": "지급보증"
    },
    {
      "sn": "dis100003sent62218741",
      "source_original": "서울보증보험"
    },
    {
      "sn": "dis100003sent62218743",
      "source_original": "8. 장ㆍ단기차입금"
    },
    {
      "sn": "dis100003sent62218745",
      "source_original": "(1) 단기차입금"
    },
    {
      "sn": "dis100003sent62218746",
      "source_original": "차입처"
    },
    {
      "sn": "dis100003sent62218747",
      "source_original": "내 역"
    },
    {
      "sn": "dis100003sent62218748",
      "source_original": "이자율"
    },
    {
      "sn": "dis100003sent62218749",
      "source_original": "KEB하나은행"
    },
    {
      "sn": "dis100003sent62218754",
      "source_original": "시설자금대출"
    },
    {
      "sn": "dis100003sent62218755",
      "source_original": "유동성장기부채"
    },
    {
      "sn": "dis100003sent62218756",
      "source_original": "차감계"
    },
    {
      "sn": "dis100003sent62218760",
      "source_original": "당기지급액"
    },
    {
      "sn": "dis100003sent62218763",
      "source_original": "10. 정부보조금"
    },
    {
      "sn": "dis100003sent62218765",
      "source_original": "지급처"
    },
    {
      "sn": "dis100003sent62218768",
      "source_original": "경남테크노파크"
    },
    {
      "sn": "dis100003sent62218769",
      "source_original": "자산관련보조금"
    },
    {
      "sn": "dis100003sent62218774",
      "source_original": "경상연구개발비"
    },
    {
      "sn": "dis100003sent62218778",
      "source_original": "무형자산상각비"
    },
    {
      "sn": "dis100003sent62218780",
      "source_original": "당기말 및 전기말 현재 외화자산 및 부채의 내역은 다음과 같습니다."
    },
    {
      "sn": "dis100003sent62218781",
      "source_original": "(1) 당기말"
    },
    {
      "sn": "dis100003sent62218782",
      "source_original": "(원화단위 : 원)"
    },
    {
      "sn": "dis100003sent62218785",
      "source_original": "원화환산액"
    },
    {
      "sn": "dis100003sent62218786",
      "source_original": "현금및현금성자산"
    },
    {
      "sn": "dis100003sent62218788",
      "source_original": "외화자산 합계"
    },
    {
      "sn": "dis100003sent62218790",
      "source_original": "12. 우발부채와 약정사항"
    },
    {
      "sn": "dis100003sent62218792",
      "source_original": "약정내용"
    },
    {
      "sn": "dis100003sent62218793",
      "source_original": "한도금액"
    },
    {
      "sn": "dis100003sent62218795",
      "source_original": "실행 후 잔액"
    },
    {
      "sn": "dis100003sent62218798",
      "source_original": "신용장개설"
    },
    {
      "sn": "dis100003sent62218800",
      "source_original": "13. 자본"
    },
    {
      "sn": "dis100003sent62218801",
      "source_original": "(1) 지배회사가 발행할 주식의 총수, 발행한 주식의수 및 1주당 금액은 각각 1,200,000주, 335,070주 및 10,000원입니다."
    },
    {
      "sn": "dis100003sent62218803",
      "source_original": "재평가기준일"
    },
    {
      "sn": "dis100003sent62218805",
      "source_original": "재평가모형금액"
    },
    {
      "sn": "dis100003sent62218806",
      "source_original": "재평가방법"
    },
    {
      "sn": "dis100003sent62218808",
      "source_original": "(3) 당기말 및 전기말 현재 이익잉여금 내역은 다음과 같습니다."
    },
    {
      "sn": "dis100003sent62218809",
      "source_original": "미처분이익잉여금(결손금)"
    },
    {
      "sn": "dis100003sent62218810",
      "source_original": "- 이익준비금"
    },
    {
      "sn": "dis100003sent62218811",
      "source_original": "상법상 자본금의 50%에 달할 때까지 매결산기에 금전에 의한 이익배당액의 10% 이상을 이익준비금으로 적립하도록 규정되어 있습니다."
    },
    {
      "sn": "dis100003sent62218812",
      "source_original": "동 이익준비금은 현금으로 배당할 수 없으며, 주주총회의 결의에 의하여 이월결손금의 보전과 자본전입에만 사용될 수 있습니다."
    },
    {
      "sn": "dis100003sent62218813",
      "source_original": "(3) 지배회사의 당기와 전기의 이익잉여금처분계산서는 다음과 같습니다."
    },
    {
      "sn": "dis100003sent62218816",
      "source_original": "처분확정일 :"
    },
    {
      "sn": "dis100003sent62218817",
      "source_original": "2021년 3월 31일"
    },
    {
      "sn": "dis100003sent62218818",
      "source_original": "Ⅰ.미처분이익잉여금"
    },
    {
      "sn": "dis100003sent62218820",
      "source_original": "당기순이익(손실)"
    },
    {
      "sn": "dis100003sent62218821",
      "source_original": "Ⅱ.이익잉여금처분액"
    },
    {
      "sn": "dis100003sent62218823",
      "source_original": "이익준비금"
    },
    {
      "sn": "dis100003sent62218824",
      "source_original": "Ⅲ.차기이월미처분이익잉여금"
    },
    {
      "sn": "dis100003sent62218833",
      "source_original": "특수관계 구분"
    },
    {
      "sn": "dis100003sent62218836",
      "source_original": "진성개발(주), 진성씨앤아이(주), 동아준설산업(주),"
    },
    {
      "sn": "dis100003sent62218843",
      "source_original": "(3) 당기와 전기 중 특수관계자와의 자금거래내역은 다음과 같습니다."
    },
    {
      "sn": "dis100003sent62218847",
      "source_original": "자금대여거래"
    },
    {
      "sn": "dis100003sent62218848",
      "source_original": "자금차입거래"
    },
    {
      "sn": "dis100003sent62218850",
      "source_original": "회 수"
    },
    {
      "sn": "dis100003sent62218851",
      "source_original": "차 입"
    },
    {
      "sn": "dis100003sent62218852",
      "source_original": "상 환"
    },
    {
      "sn": "dis100003sent62218855",
      "source_original": "2) 전기"
    },
    {
      "sn": "dis100003sent62218857",
      "source_original": "1) 당기말"
    },
    {
      "sn": "dis100003sent62218858",
      "source_original": "채 권"
    },
    {
      "sn": "dis100003sent62218859",
      "source_original": "채 무"
    },
    {
      "sn": "dis100003sent62218863",
      "source_original": "차입금"
    },
    {
      "sn": "dis100003sent62218866",
      "source_original": "매입채무"
    },
    {
      "sn": "dis100003sent62218867",
      "source_original": "(5) 당기말 현재 연결회사가 특수관계자로부터 제공받고 있는 담보 및 지급보증의 내역은 다음과 같습니다."
    },
    {
      "sn": "dis100003sent62218868",
      "source_original": "(단위: 원)"
    },
    {
      "sn": "dis100003sent62218869",
      "source_original": "특수관계구분"
    },
    {
      "sn": "dis100003sent62218870",
      "source_original": "제공한 자"
    },
    {
      "sn": "dis100003sent62218871",
      "source_original": "금 액"
    },
    {
      "sn": "dis100003sent62218874",
      "source_original": "제공받는 자"
    },
    {
      "sn": "dis100003sent62218875",
      "source_original": "담보제공"
    },
    {
      "sn": "dis100003sent62218878",
      "source_original": "당기와 전기의 매출원가 또는 판매비와관리비에 포함된 부가가치 계산에 필요한 자료는 다음과 같습니다."
    },
    {
      "sn": "dis100003sent62218880",
      "source_original": "연결회사는 일반기업회계기준 제31장(중소기업회계처리특례)에 의하여 법인세비용은 법인세법 등의 법령에 의하여 납부하여야 할 금액으로 하며, 법인세비용차감전순이익과 법인세비용은 각각 법인세차감전순이익과 법인세비용의 계정과목으로 기재하고 있습니다."
    },
    {
      "sn": "dis100003sent62218881",
      "source_original": "연결회사의 법인세는 기업회계와 세무회계의 차이 등으로 인하여 법인세차감전순이익에 법인세율을 적용하여 산출한 세액과는 일치하지 않습니다."
    },
    {
      "sn": "dis100003sent62218883",
      "source_original": "당기와 전기 중 회사의 배당금 산정내역은 다음과 같습니다."
    },
    {
      "sn": "dis100003sent62218885",
      "source_original": "배당금총액"
    },
    {
      "sn": "dis100003sent62218886",
      "source_original": "발행주식수"
    },
    {
      "sn": "dis100003sent62218888",
      "source_original": "1주당 액면가액"
    },
    {
      "sn": "dis100003sent62218889",
      "source_original": "배당률"
    },
    {
      "sn": "dis100003sent62218890",
      "source_original": "19. 연결재무제표 확정일"
    },
    {
      "sn": "dis100003sent62218893",
      "source_original": "「주식회사 등의 외부감사에 관한 법률」제18조제3항의 규정에 의하여 외부감사 실시내용을 첨부합니다."
    },
    {
      "sn": "dis100003sent62218898",
      "source_original": "(단위 : 명, 시간)"
    },
    {
      "sn": "dis100003sent62218902",
      "source_original": "검토자"
    },
    {
      "sn": "dis100003sent62218903",
      "source_original": "(심리실 등)"
    },
    {
      "sn": "dis100003sent62218906",
      "source_original": "세무ㆍ가치평가"
    },
    {
      "sn": "dis100003sent62218907",
      "source_original": "등 전문가"
    },
    {
      "sn": "dis100003sent62218908",
      "source_original": "건설계약 등"
    },
    {
      "sn": "dis100003sent62218910",
      "source_original": "전문가"
    },
    {
      "sn": "dis100003sent62218911",
      "source_original": "담당이사"
    },
    {
      "sn": "dis100003sent62218912",
      "source_original": "(업무수행이사)"
    },
    {
      "sn": "dis100003sent62218913",
      "source_original": "등록"
    },
    {
      "sn": "dis100003sent62218914",
      "source_original": "공인회계사"
    },
    {
      "sn": "dis100003sent62218915",
      "source_original": "수습"
    },
    {
      "sn": "dis100003sent62218917",
      "source_original": "전기"
    },
    {
      "sn": "dis100003sent62218918",
      "source_original": "투입 인원수"
    },
    {
      "sn": "dis100003sent62218919",
      "source_original": "투입시간"
    },
    {
      "sn": "dis100003sent62218920",
      "source_original": "분ㆍ반기검토"
    },
    {
      "sn": "dis100003sent62218921",
      "source_original": "감사"
    },
    {
      "sn": "dis100003sent62218922",
      "source_original": "3. 주요 감사실시내용"
    },
    {
      "sn": "dis100003sent62218923",
      "source_original": "전반감사계획"
    },
    {
      "sn": "dis100003sent62218924",
      "source_original": "(감사착수단계)"
    },
    {
      "sn": "dis100003sent62218925",
      "source_original": "수행시기"
    },
    {
      "sn": "dis100003sent62218926",
      "source_original": "일"
    },
    {
      "sn": "dis100003sent62218928",
      "source_original": "2021년 외부감사계획 수립"
    },
    {
      "sn": "dis100003sent62218935",
      "source_original": "중간감사-내부통제 이해와 평가"
    },
    {
      "sn": "dis100003sent62218937",
      "source_original": "재고자산실사(입회)"
    },
    {
      "sn": "dis100003sent62218940",
      "source_original": "실사(입회)대상"
    },
    {
      "sn": "dis100003sent62218941",
      "source_original": "금융자산실사(입회)"
    },
    {
      "sn": "dis100003sent62218951",
      "source_original": "커뮤니케이션"
    },
    {
      "sn": "dis100003sent62218954",
      "source_original": "외부전문가 활용"
    },
    {
      "sn": "dis100003sent62218955",
      "source_original": "감사 활용 내용"
    },
    {
      "sn": "dis100003sent62218956",
      "source_original": "4. 감사(감사위원회)와의 커뮤니케이션"
    },
    {
      "sn": "dis100003sent62218957",
      "source_original": "일자"
    },
    {
      "sn": "dis100003sent62218960",
      "source_original": "주요 논의 내용"
    },
    {
      "sn": "dis100003sent62218964",
      "source_original": "(회의내용 문서화)"
    },
    {
      "sn": "dis100003sent62218966",
      "source_original": "미치는 영향 분석에 관한 회사의 진행상황 점검"
    },
    {
      "sn": "dis100003sent62218969",
      "source_original": "4. 입증감사 시기, 방법 등 감사계획에 대한 설명"
    },
    {
      "sn": "dis100003sent62218972",
      "source_original": "해당사항 없음을 설명"
    },
    {
      "sn": "dis100003sent62218973",
      "source_original": "1)유의적인 내부통제에 대한 미비점"
    }
  ]
}