{
  "meta": {
    "doc_no": "dis100005",
    "domain": "금융",
    "category": "공시정보",
    "license": "open",
    "source_language": "ko"
  },
  "doc_info": {
    "source": "금융감독원",
    "dis_no": 2022041100233900760,
    "doc_name": "감사보고서",
    "com_name": "해비치컨트리클럽",
    "date": 20220411
  },
  "sents": [
    {
      "sn": "dis100005sent62219456",
      "source_original": "감사보고서"
    },
    {
      "sn": "dis100005sent62219458",
      "source_original": "해비치컨트리클럽 주식회사"
    },
    {
      "sn": "dis100005sent62219461",
      "source_original": "제 33(당) 기"
    },
    {
      "sn": "dis100005sent62219462",
      "source_original": "2021년 01월 01일"
    },
    {
      "sn": "dis100005sent62219465",
      "source_original": "까지"
    },
    {
      "sn": "dis100005sent62219467",
      "source_original": "2020년 01월 01일"
    },
    {
      "sn": "dis100005sent62219468",
      "source_original": "2020년 12월 31일"
    },
    {
      "sn": "dis100005sent62219469",
      "source_original": "삼정회계법인"
    },
    {
      "sn": "dis100005sent62219470",
      "source_original": "목 차"
    },
    {
      "sn": "dis100005sent62219473",
      "source_original": "재"
    },
    {
      "sn": "dis100005sent62219475",
      "source_original": "재무"
    },
    {
      "sn": "dis100005sent62219476",
      "source_original": "상태표"
    },
    {
      "sn": "dis100005sent62219478",
      "source_original": "계산서"
    },
    {
      "sn": "dis100005sent62219479",
      "source_original": "자본변동표"
    },
    {
      "sn": "dis100005sent62219481",
      "source_original": "주석"
    },
    {
      "sn": "dis100005sent62219482",
      "source_original": "내부회계관리제도 검토의견"
    },
    {
      "sn": "dis100005sent62219486",
      "source_original": "감사의견"
    },
    {
      "sn": "dis100005sent62219488",
      "source_original": "해당 재무제표는 2021년 12월 31일과 2020년 12월 31일 현재의 재무상태표, 동일로 종료되는 양 보고기간의 포괄손익계산서, 자본변동표, 현금흐름표 그리고 유의적인 회계정책의 요약을 포함한 재무제표의 주석으로 구성되어 있습니다."
    },
    {
      "sn": "dis100005sent62219490",
      "source_original": "감사의견근거"
    },
    {
      "sn": "dis100005sent62219491",
      "source_original": "우리는 대한민국의 회계감사기준에 따라 감사를 수행하였습니다."
    },
    {
      "sn": "dis100005sent62219492",
      "source_original": "이 기준에 따른 우리의 책임은 이 감사보고서의 재무제표감사에 대한 감사인의 책임 단락에 기술되어 있습니다."
    },
    {
      "sn": "dis100005sent62219494",
      "source_original": "우리가 입수한 감사증거가 감사의견을 위한 근거로서 충분하고 적합하다고 우리는 믿습니다."
    },
    {
      "sn": "dis100005sent62219500",
      "source_original": "재무제표감사에 대한 감사인의 책임"
    },
    {
      "sn": "dis100005sent62219509",
      "source_original": "- 상황에 적합한 감사절차를 설계하기 위하여 감사와 관련된 내부통제를 이해합니 다."
    },
    {
      "sn": "dis100005sent62219510",
      "source_original": "그러나 이는 내부통제의 효과성에 대한 의견을 표명하기 위한 것이 아닙니다."
    },
    {
      "sn": "dis100005sent62219511",
      "source_original": "- 재무제표를 작성하기 위하여 경영진이 적용한 회계정책의 적합성과 경영진이 도출한 회계추정치와 관련 공시의 합리성에 대하여 평가합니다."
    },
    {
      "sn": "dis100005sent62219514",
      "source_original": "우리의 결론은 감사보고서일까지 입수된 감사증거에 기초하나, 미래의 사건이나 상황이 회사의 계속기업으로서 존속을 중단시킬 수 있습니다."
    },
    {
      "sn": "dis100005sent62219515",
      "source_original": "- 공시를 포함한 재무제표의 전반적인 표시와 구조 및 내용을 평가하고, 재무제표의 기초가 되는 거래와 사건을 재무제표가 공정한 방식으로 표시하고 있는지 여부를 평가합니다."
    },
    {
      "sn": "dis100005sent62219518",
      "source_original": "삼정회계법인 대표이사 김교태"
    },
    {
      "sn": "dis100005sent62219521",
      "source_original": "로 유효한 것입니다."
    },
    {
      "sn": "dis100005sent62219523",
      "source_original": "(첨부)재 무 제 표"
    },
    {
      "sn": "dis100005sent62219525",
      "source_original": "해비치컨트리클럽 주식회사 대표이사 김민수"
    },
    {
      "sn": "dis100005sent62219526",
      "source_original": "본점 소재지 :"
    },
    {
      "sn": "dis100005sent62219527",
      "source_original": "(도로명주소)"
    },
    {
      "sn": "dis100005sent62219528",
      "source_original": "경기도 남양주시 화도읍 재재기로 190번길 160"
    },
    {
      "sn": "dis100005sent62219529",
      "source_original": "(전 화)"
    },
    {
      "sn": "dis100005sent62219531",
      "source_original": "제 33(당) 기 2021년 12월 31일 현재"
    },
    {
      "sn": "dis100005sent62219533",
      "source_original": "(단위 : 원)"
    },
    {
      "sn": "dis100005sent62219534",
      "source_original": "과 목"
    },
    {
      "sn": "dis100005sent62219539",
      "source_original": "현금및현금성자산(주4,27)"
    },
    {
      "sn": "dis100005sent62219540",
      "source_original": "매출채권및기타채권(주5,25,27)"
    },
    {
      "sn": "dis100005sent62219543",
      "source_original": "기타유동자산(주8,27)"
    },
    {
      "sn": "dis100005sent62219544",
      "source_original": "Ⅱ.비유동자산"
    },
    {
      "sn": "dis100005sent62219545",
      "source_original": "유형자산(주9,25)"
    },
    {
      "sn": "dis100005sent62219546",
      "source_original": "무형자산(주10,25)"
    },
    {
      "sn": "dis100005sent62219549",
      "source_original": "확정급여자산(주14)"
    },
    {
      "sn": "dis100005sent62219550",
      "source_original": "자산총계"
    },
    {
      "sn": "dis100005sent62219551",
      "source_original": "부채"
    },
    {
      "sn": "dis100005sent62219554",
      "source_original": "미지급법인세(주24)"
    },
    {
      "sn": "dis100005sent62219558",
      "source_original": "이연법인세부채(주24)"
    },
    {
      "sn": "dis100005sent62219559",
      "source_original": "부채총계"
    },
    {
      "sn": "dis100005sent62219561",
      "source_original": "Ⅰ.자본금(주16)"
    },
    {
      "sn": "dis100005sent62219565",
      "source_original": "부채 및 자본총계"
    },
    {
      "sn": "dis100005sent62219567",
      "source_original": "포괄손익계산서"
    },
    {
      "sn": "dis100005sent62219568",
      "source_original": "제 33(당) 기 2021년 1월 1일부터 2021년 12월 31일까지"
    },
    {
      "sn": "dis100005sent62219569",
      "source_original": "제 32(전) 기 2020년 1월 1일부터 2020년 12월 31일까지"
    },
    {
      "sn": "dis100005sent62219571",
      "source_original": "Ⅱ.영업비용(주2,21,25)"
    },
    {
      "sn": "dis100005sent62219572",
      "source_original": "Ⅲ.영업이익(손실)"
    },
    {
      "sn": "dis100005sent62219573",
      "source_original": "Ⅳ.영업외손익"
    },
    {
      "sn": "dis100005sent62219581",
      "source_original": "Ⅷ.기타포괄손익"
    },
    {
      "sn": "dis100005sent62219582",
      "source_original": "당기손익으로 재분류되지 않는 항목:"
    },
    {
      "sn": "dis100005sent62219584",
      "source_original": "Ⅸ.총포괄이익"
    },
    {
      "sn": "dis100005sent62219587",
      "source_original": "자 본 변 동 표"
    },
    {
      "sn": "dis100005sent62219588",
      "source_original": "자 본 금"
    },
    {
      "sn": "dis100005sent62219591",
      "source_original": "총 계"
    },
    {
      "sn": "dis100005sent62219595",
      "source_original": "2021년 1월 1일"
    },
    {
      "sn": "dis100005sent62219596",
      "source_original": "현 금 흐 름 표"
    },
    {
      "sn": "dis100005sent62219598",
      "source_original": "영업에서 창출된 현금흐름(주26)"
    },
    {
      "sn": "dis100005sent62219599",
      "source_original": "이자의 수취"
    },
    {
      "sn": "dis100005sent62219600",
      "source_original": "법인세의 환급(납부)"
    },
    {
      "sn": "dis100005sent62219603",
      "source_original": "기타금융자산의 감소"
    },
    {
      "sn": "dis100005sent62219609",
      "source_original": "보증금의 감소"
    },
    {
      "sn": "dis100005sent62219612",
      "source_original": "Ⅴ. 기초의 현금및현금성자산"
    },
    {
      "sn": "dis100005sent62219615",
      "source_original": "1. 회사의 개요"
    },
    {
      "sn": "dis100005sent62219617",
      "source_original": "2003년 11월 1일에 한국남용개발주식회사에서 주식회사 록인으로 상호를 변경하였으며, 2005년 12월에 해비치컨트리클럽이 당사의 주식 100%를 인수하여 2006년 7월 13일에 해비치컨트리클럽 주식회사로 상호를 변경하였고, 2007년 6월 1일 18홀 규모의 골프장 건설을 완료하고 정식 개장을 하였습니다."
    },
    {
      "sn": "dis100005sent62219619",
      "source_original": "주 주 명"
    },
    {
      "sn": "dis100005sent62219621",
      "source_original": "지 분 율"
    },
    {
      "sn": "dis100005sent62219622",
      "source_original": "현대엔지니어링(주)"
    },
    {
      "sn": "dis100005sent62219629",
      "source_original": "당사는 주식회사 등의 외부감사에 관한 법률 제5조 1항 1호에서 규정하고 있는 국제회계기준위원회의 국제회계기준을 채택하여 정한 회계처리기준인 한국채택국제회계기준에 따라 재무제표를 작성하였습니다."
    },
    {
      "sn": "dis100005sent62219631",
      "source_original": "재무제표는 주석에서 별도로 언급하고 있는 사항을 제외하고는 역사적원가를 기준으로 작성되었습니다."
    },
    {
      "sn": "dis100005sent62219634",
      "source_original": "(4) 추정과 판단"
    },
    {
      "sn": "dis100005sent62219636",
      "source_original": "보고기간말 현재 경영진의 최선의 판단을 기준으로 한 추정치와 가정이 실제 환경과 다를 경우 이러한 추정치와 실제 결과는 다를 수 있습니다."
    },
    {
      "sn": "dis100005sent62219638",
      "source_original": "다음 보고기간 이내에 중요한 조정이 발행할 수 있는 유의한 위험이 있는 가정과 추정의 불확실성에 대한 정보는 다음의 주석사항에 포함되어 있습니다."
    },
    {
      "sn": "dis100005sent62219641",
      "source_original": "(5) 재무제표의 발행승인일"
    },
    {
      "sn": "dis100005sent62219642",
      "source_original": "당사의 재무제"
    },
    {
      "sn": "dis100005sent62219643",
      "source_original": "표는"
    },
    {
      "sn": "dis100005sent62219644",
      "source_original": "2022년 3월 15일 이사회에서 승인되었으며,"
    },
    {
      "sn": "dis100005sent62219646",
      "source_original": "3. 유의적인 회계정책"
    },
    {
      "sn": "dis100005sent62219647",
      "source_original": "당사가 한국채택국제회계기준에 따른 재무제표 작성에 적용한 유의적인 회계정책은 아래에 기술되어 있으며, 당기 및 비교표시된 전기의 재무제표는 동일한 회계정책을 적용하여 작성되었습니다."
    },
    {
      "sn": "dis100005sent62219648",
      "source_original": "(1) 현금 및 현금성자산"
    },
    {
      "sn": "dis100005sent62219649",
      "source_original": "당사는 취득일로부터 만기일이 3개월 이내인 투자자산을 현금 및 현금성자산으로 분류하고 있습니다."
    },
    {
      "sn": "dis100005sent62219650",
      "source_original": "지분상품은 현금성자산에서 제외되나, 상환일이 정해져 있고 취득일로부터 상환일까지의 기간이 단기인 우선주와 같이 실질적으로 현금성자산인 경우에는 현금성자산에 포함됩니다."
    },
    {
      "sn": "dis100005sent62219651",
      "source_original": "(2) 재고자산"
    },
    {
      "sn": "dis100005sent62219652",
      "source_original": "재고자산의 단위원가는"
    },
    {
      "sn": "dis100005sent62219653",
      "source_original": "이동평균법"
    },
    {
      "sn": "dis100005sent62219655",
      "source_original": "있으며, 취득원가는 매입원가, 전환원가 및 재고자산을 이용가능한 상태로 준비하는데 필요한 기타 원가를 포함하고 있습니다."
    },
    {
      "sn": "dis100005sent62219657",
      "source_original": "수익을 인식하는 기간에 재고자산의 장부금액을 영업비용으로 인식하고 있습니다."
    },
    {
      "sn": "dis100005sent62219661",
      "source_original": "1) 인식 및 최초 측정"
    },
    {
      "sn": "dis100005sent62219666",
      "source_original": "2) 분류 및 후속측정"
    },
    {
      "sn": "dis100005sent62219671",
      "source_original": "- 계약상 현금흐름을 수취하기 위해 보유하는 것이 목적인 사업모형 하에서 보유합니다."
    },
    {
      "sn": "dis100005sent62219672",
      "source_original": "- 금융자산의 계약 조건에 따라 특정일에 원금과 원금잔액에 대한 이자지급만으로 구성되어 있는 현금흐름이 발생합니다."
    },
    {
      "sn": "dis100005sent62219681",
      "source_original": "최초 인식시점에 당사는 상각후원가나 기타포괄손익-당기손익으로 측정되는 금융자산을 당기손익-공정가치 측정항목으로 지정한다면 회계불일치를 제거하거나 유의적으로 줄이는 경우에는 해당 금융자산을 당기손익-공정가치 측정 항목으로 지정할 수 있습니다."
    },
    {
      "sn": "dis100005sent62219682",
      "source_original": "다만 한번 지정하면 이를 취소할 수 없습니다."
    },
    {
      "sn": "dis100005sent62219683",
      "source_original": "금융자산: 사업모형"
    },
    {
      "sn": "dis100005sent62219686",
      "source_original": "- 포트폴리오에 대해 명시된 회계정책과 목적 및 실제 이러한 정책의 운영."
    },
    {
      "sn": "dis100005sent62219689",
      "source_original": "- 사업모형(그리고 사업모형에서 보유하는 금융자산)의 성과에 영향을 미치는 위험과 그 위험을 관리하는 방식"
    },
    {
      "sn": "dis100005sent62219692",
      "source_original": "이러한 목적을 위해 제거요건을 충족하지 않는 거래에서 제3자에게 금융자산을 이전하는 거래는 매도로 간주되지 않습니다."
    },
    {
      "sn": "dis100005sent62219693",
      "source_original": "단기매매의 정의를 충족하거나 포트폴리오의 성과가 공정가치 기준으로 평가되는 금융자산 포트폴리오는 당기손익-공정가치로 측정됩니다."
    },
    {
      "sn": "dis100005sent62219694",
      "source_original": "금융자산: 계약상 현금흐름이 원금과 이자로만 이루어져 있는지에 대한 평가"
    },
    {
      "sn": "dis100005sent62219696",
      "source_original": "이자는 화폐의 시간가치에 대한 대가, 특정기간에 원금 잔액과 관련된 신용위험에 대한 대가, 그 밖에 기본적인 대여위험과 원가에 대한 대가(예: 유동성위험과 운영원가)뿐만 아니라 이윤으로구성됩니다."
    },
    {
      "sn": "dis100005sent62219698",
      "source_original": "금융자산이 계약상 현금흐름의 시기나 금액을 변경시키는 계약조건을 포함하고 있다면, 그 계약조건 때문에 해당 금융상품의 존속기간에 걸쳐 생길 수 있는 계약상 현금흐름이 원리금 지급만으로 구성되는지를 판단해야 합니다."
    },
    {
      "sn": "dis100005sent62219699",
      "source_original": "이를 평가할 때 당사는 다음을 고려합니다."
    },
    {
      "sn": "dis100005sent62219702",
      "source_original": "- 중도상환특성과 만기연장특성"
    },
    {
      "sn": "dis100005sent62219703",
      "source_original": "- 특정 자산으로부터 발생하는 현금흐름에 대한 당사의 청구권을 제한하는 계약조건(예: 비소구특징)"
    },
    {
      "sn": "dis100005sent62219705",
      "source_original": "또한, 계약상 액면금액을 유의적으로 할인하거나 할증하여 취득한 금융자산에 대해서, 중도상환금액이 실질적으로 계약상 액면금액과 계약상 이자 발생액(그러나 미지급된)을 나타내며 (이 경우 계약의 조기 청산에 대한 합리적인 추가 보상이 포함될 수있는), 중도상환특성이 금융자산의 최초 인식시점에 해당 특성의 공정가치가 경미한 경우에는 이러한 조건을 충족한다고 판단합니다."
    },
    {
      "sn": "dis100005sent62219708",
      "source_original": "설명"
    },
    {
      "sn": "dis100005sent62219712",
      "source_original": "상각후원가로 측정하는 금융자산"
    },
    {
      "sn": "dis100005sent62219713",
      "source_original": "이러한 자산은 후속적으로 유효이자율법을 사용하여 상각후원가로 측정합니다."
    },
    {
      "sn": "dis100005sent62219715",
      "source_original": "이자수익, 외화환산손익 및 손상차손은 당기손익으로 인식합니다."
    },
    {
      "sn": "dis100005sent62219716",
      "source_original": "제거에서 발생하는 손익은 당기손익으로 인식합니다."
    },
    {
      "sn": "dis100005sent62219717",
      "source_original": "기타포괄손익-공정가치로 측정하는 채무상품"
    },
    {
      "sn": "dis100005sent62219719",
      "source_original": "이자수익은 유효이자율법을 사용하여 계산되고, 외화환산손익과 손상차손은 당기손익으로 인식합니다."
    },
    {
      "sn": "dis100005sent62219721",
      "source_original": "제거시의 손익은 기타포괄손익누계액에서 당기손익으로 재분류합니다."
    },
    {
      "sn": "dis100005sent62219723",
      "source_original": "배당금은 명확하게 투자원가의 회수를 나타내지 않는다면 당기손익으로 인식합니다."
    },
    {
      "sn": "dis100005sent62219724",
      "source_original": "다른 순손익은 기타포괄손익으로 인식하고 당기손익으로 절대 재분류하지 않습니다."
    },
    {
      "sn": "dis100005sent62219727",
      "source_original": "당사가 재무상태표에 인식된 자산을 이전하는 거래를 하였지만, 이전되는 자산의 소유에 따른 대부분의 위험과 보상을 보유하고 있는 경우에는 이전된 자산을 제거하지 않습니다."
    },
    {
      "sn": "dis100005sent62219729",
      "source_original": "당사는 당사가 인식한 자산과 부채에 대해 법적으로 집행가능한 상계권리를 현재 갖고 있고, 차액으로 결제하거나, 자산을 실현하는 동시에 부채를 결제할 의도가 있는 경우에만 금융자산과 금융부채를 상계하고 재무상태표에 순액으로 표시합니다."
    },
    {
      "sn": "dis100005sent62219730",
      "source_original": "(4) 금융자산의 손상"
    },
    {
      "sn": "dis100005sent62219731",
      "source_original": "당사는 다음 자산의 기대신용손실에 대해 손실충당금을 인식합니다."
    },
    {
      "sn": "dis100005sent62219732",
      "source_original": "- 상각후원가로 측정하는 금융자산"
    },
    {
      "sn": "dis100005sent62219734",
      "source_original": "1) 신용이 손상된 금융자산"
    },
    {
      "sn": "dis100005sent62219737",
      "source_original": "금융자산의 신용이 손상된 증거는 다음과 같은 관측 가능한 정보를 포함합니다."
    },
    {
      "sn": "dis100005sent62219738",
      "source_original": "- 발행자나 차입자의 유의적인 재무적 어려움"
    },
    {
      "sn": "dis100005sent62219739",
      "source_original": "- 채무불이행이나 90일 이상 연체와 같은 계약위반"
    },
    {
      "sn": "dis100005sent62219742",
      "source_original": "- 재무적 어려움으로 인해 해당 금융자산에 대한 활성시장 소멸"
    },
    {
      "sn": "dis100005sent62219744",
      "source_original": "상각후원가로 측정하는 금융자산에 대한 손실충당금은 해당 자산의 장부금액에서 차감합니다."
    },
    {
      "sn": "dis100005sent62219745",
      "source_original": "기타포괄손익-공정가치로 측정하는 채무상품에 대해서는 손실충당금은 당기손익에 포함하고 기타포괄손익에 인식합니다."
    },
    {
      "sn": "dis100005sent62219747",
      "source_original": "금융자산의 계약상 현금흐름 전체 또는 일부의 회수에 대한 합리적인 기대가 없는 경우 해당 자산을 제거합니다."
    },
    {
      "sn": "dis100005sent62219748",
      "source_original": "개인고객 및 기업고객에 대해서는 회수에 대한 합리적인기대가 있는지를 평가하여 제각의 시기와 금액을 개별적으로 평가합니다."
    },
    {
      "sn": "dis100005sent62219749",
      "source_original": "당사는 제각한 금액이 유의적으로 회수할 것이라는 기대를 갖고 있지 않습니다."
    },
    {
      "sn": "dis100005sent62219751",
      "source_original": "(5) 유형자산"
    },
    {
      "sn": "dis100005sent62219752",
      "source_original": "유형자산은 최초에 원가로 측정하여 인식하고 있습니다."
    },
    {
      "sn": "dis100005sent62219754",
      "source_original": "유형자산은 최초 인식"
    },
    {
      "sn": "dis100005sent62219757",
      "source_original": "이때 대체된 부분의 장부금액은 제거하고 있습니다."
    },
    {
      "sn": "dis100005sent62219760",
      "source_original": "당기 및 전기의 추정 내용연수는 다음과 같습니다."
    },
    {
      "sn": "dis100005sent62219763",
      "source_original": "건물"
    },
    {
      "sn": "dis100005sent62219765",
      "source_original": "구축물"
    },
    {
      "sn": "dis100005sent62219766",
      "source_original": "25년"
    },
    {
      "sn": "dis100005sent62219767",
      "source_original": "차량운반구 등"
    },
    {
      "sn": "dis100005sent62219768",
      "source_original": "5년"
    },
    {
      "sn": "dis100005sent62219769",
      "source_original": "유형자산을 구성하는 일부의 원가가 당해 유형자산의 전체원가와 비교하여 유의적이라면, 해당 유형자산을 감가상각할 때 그 부분은 별도로 구분하여 감가상각하고 있습니다."
    },
    {
      "sn": "dis100005sent62219770",
      "source_original": "유형자산의 제거로 인하여 발생하는 손익은 순매각금액과 장부금액의 차이로 결정되고 유형자산처분손익으로 인식합니다."
    },
    {
      "sn": "dis100005sent62219771",
      "source_original": "당사는 매 보고기간말에 자산의 잔존가치와 내용연수 및 감가상각방법을 재검토하고재검토 결과 이를 변경하는 것이 적절하다고 판단되는 경우 회계추정의 변경으로 처리하고 있습니다."
    },
    {
      "sn": "dis100005sent62219772",
      "source_original": "(6) 무형자산"
    },
    {
      "sn": "dis100005sent62219773",
      "source_original": "무형자산은 최초 인식할 때 원가로 측정하며, 최초 인식 후에 원가에서 상각누계액과손상차손누계액을 차감한 금액을 장부금액으로 인식하고 있습니다."
    },
    {
      "sn": "dis100005sent62219774",
      "source_original": "영업권을 제외한 무형자산은 사용 가능한 시점부터 잔존가치를 영(\"0\")으로 하여 아래의 내용연수 동안 정액법으로 상각하고 있습니다."
    },
    {
      "sn": "dis100005sent62219779",
      "source_original": "영업권은 상각하지 않으며 손상차손누계액을 차감한 금액을 장부금액으로 인식하고 있습니다."
    },
    {
      "sn": "dis100005sent62219780",
      "source_original": "후속지출은 관련되는 특정자산에 속하는 미래의 경제적 효익이 증가하는 경우에만 자본화하며, 내부적으로 창출한 영업권 및 상표명 등을 포함한 다른 지출들은 발생 즉시 비용화하고 있습니다."
    },
    {
      "sn": "dis100005sent62219781",
      "source_original": "(7) 투자부동산"
    },
    {
      "sn": "dis100005sent62219784",
      "source_original": "자가사용의 개시나 정상적인 영업과정에서 판매를 위한 개발의 시작으로 공정가치로평가한 투자부동산을 유형자산이나 재고자산으로 대체하는 경우에는 사용목적 변경시점의 공정가치를 간주원가로 평가하고 있습니다."
    },
    {
      "sn": "dis100005sent62219786",
      "source_original": "한편, 일상적인 수선ㆍ유지와 관련하여 발생하는 원가는발생시점에 당기손익으로 인식하고 있습니다."
    },
    {
      "sn": "dis100005sent62219787",
      "source_original": "(8) 비금융자산의 손상"
    },
    {
      "sn": "dis100005sent62219789",
      "source_original": "단, 사업결합으로 취득한 영업권 및 내용연수가 비한정인 무형자산, 아직 사용할 수 없는 무형자산에 대해서는 자산손상을 시사하는 징후와 관계없이 매년 회수가능액과 장부금액을 비교하여 손상검사를 하고 있습니다."
    },
    {
      "sn": "dis100005sent62219792",
      "source_original": "사용가치는 자산이나 현금창출단위에서 창출될 것으로 기대되는 미래현금흐름을 화폐의 시간가치 및 미래현금흐름을 추정할 때 조정되지 아니한 자산의 특유위험에 대한 현행 시장의 평가를 반영한 적절한 할인율로 할인하여 추정합니다."
    },
    {
      "sn": "dis100005sent62219795",
      "source_original": "현금창출단위에 대한 손상차손은 우선, 현금창출단위에 배분된 영업권의 장부금액을 감소시키고, 그 다음 현금창출단위에 속하는 다른 자산 각각의 장부금액에 비례하여 자산의 장부금액을 감소시키고 있습니다."
    },
    {
      "sn": "dis100005sent62219796",
      "source_original": "영업권에 대해 인식한 손상차손은 후속기간에 환입할 수 없습니다."
    },
    {
      "sn": "dis100005sent62219797",
      "source_original": "매 보고기간말에 영업권을 제외한 자산에 대해 과거기간에 인식한 손상차손이 더 이상 존재하지 않거나 감소된 것을 시사하는 징후가 있는지를 검토하고 직전 손상차손의 인식시점 이후 회수가능액을 결정하는 데 사용된 추정치에 변화가 있는 경우에만 환입합니다."
    },
    {
      "sn": "dis100005sent62219800",
      "source_original": "당사는 계약상 내용의 실질과 금융부채의 정의에 따라 금융부채를 당기손익인식금융부채와 기타금융부채로 분류하고 계약의 당사자가 되는 때에 재무상태표에 인식하고있습니다."
    },
    {
      "sn": "dis100005sent62219803",
      "source_original": "당기손익인식금융부채는 최초인식 후 공정가치로 측정하며, 공정가치의 변동은 당기손익으로 인식하고 있습니다."
    },
    {
      "sn": "dis100005sent62219804",
      "source_original": "한편, 최초 인식시점에 발행과 관련하여 발생한 거래비용은 발생 즉시 당기손익으로 인식하고 있습니다."
    },
    {
      "sn": "dis100005sent62219806",
      "source_original": "당기손익인식금융부채로 분류되지 않은 비파생금융부채는 기타금융부채로 분류하고 있습니다."
    },
    {
      "sn": "dis100005sent62219809",
      "source_original": "3) 금융부채의 제거"
    },
    {
      "sn": "dis100005sent62219812",
      "source_original": "금융부채의 제거 시에, 장부금액과 지급한 대가(양도한 비현금자산이나 부담한 부채를 포함)의 차액은 당기손익으로 인식합니다."
    },
    {
      "sn": "dis100005sent62219814",
      "source_original": "1) 단기종업원급여"
    },
    {
      "sn": "dis100005sent62219815",
      "source_original": "종업원이 관련 근무용역을 제공한 보고기간말부터 12개월 이내에 결제될 단기종업원급여는 근무용역과 교환하여 지급이 예상되는 금액을 근무용역이 제공된 때에 당기손익으로 인식하고 있습니다."
    },
    {
      "sn": "dis100005sent62219817",
      "source_original": "2) 퇴직급여: 확정급여제도"
    },
    {
      "sn": "dis100005sent62219826",
      "source_original": "(11) 납입자본"
    },
    {
      "sn": "dis100005sent62219830",
      "source_original": "고객과의 계약에서 당사는 재화나 용역의 통제가 고객에 이전되었을 때, 해당 재화나 용역의 대가로 받을 권리를 갖게 될 것으로 예상하는 대가를 반영하는 금액으로 수익을 인식합니다."
    },
    {
      "sn": "dis100005sent62219834",
      "source_original": "용역의 제공"
    },
    {
      "sn": "dis100005sent62219836",
      "source_original": "당사는 용역의 제공으로 인한 수익은 투입법에 따른 진행률로 기간에 걸쳐 인식하고 있습니다."
    },
    {
      "sn": "dis100005sent62219838",
      "source_original": "계약잔액"
    },
    {
      "sn": "dis100005sent62219841",
      "source_original": "왜냐하면 시간만 경과하면 대가를 지급받을 수 있기 때문입니다."
    },
    {
      "sn": "dis100005sent62219843",
      "source_original": "계약부채는 당사가 고객에게서 이미 받은 대가(또는 지급기일이 된 대가)에 상응하여고객에게 재화나 용역을 이전하여야 하는 기업의 의무입니다."
    },
    {
      "sn": "dis100005sent62219844",
      "source_original": "만약 당사가 재화나 용역을 고객에 이전하기 전에 고객이 대가를 지불한다면, 지급이 되었거나 지급기일 중이른 시점에 계약부채를 인식합니다."
    },
    {
      "sn": "dis100005sent62219847",
      "source_original": "법인세비용은 당기법인세와 이연법인세로 구성되어 있으며, 기타포괄손익이나 자본에 직접 인식되는 거래나 사건 또는 사업결합에서 발생하는 세액을 제외하고는 당기손익으로 인식하고 있습니다."
    },
    {
      "sn": "dis100005sent62219848",
      "source_original": "1) 당기법인세"
    },
    {
      "sn": "dis100005sent62219851",
      "source_original": "당사의 당기법인세와 관련된 미지급법인세는 제정되었거나 실질적으로 제정된 세율을 사용하여 계산하고 있습니다."
    },
    {
      "sn": "dis100005sent62219852",
      "source_original": "2) 이연법인세"
    },
    {
      "sn": "dis100005sent62219854",
      "source_original": "또한, 차감할 일시적차이로 인하여 발생하는 이연법인세자산은 일시적차이가 예측가능한 미래에 소멸할 가능성이 높고, 일시적차이가 사용될 수 있는 기간에 과세소득이 발생할 가능성이 높은 경우에 인식하고 있습니다."
    },
    {
      "sn": "dis100005sent62219856",
      "source_original": "이연법인세자산과 부채는 보고기간말 제정되었거나 실질적으로 제정된 세법에 근거하여 당해 자산이 실현되거나 부채가 지급될 보고기간에 적용될 것으로 기대되는 세율을 사용하여 측정하고 있습니다."
    },
    {
      "sn": "dis100005sent62219857",
      "source_original": "이연법인세자산과 이연법인세부채를 측정할 때에는 보고기간 말 현재 당사가 관련 자산과 부채의 장부금액을 회수하거나 결제할 것으로 예상되는 방식에 따라 법인세효과를 반영하였습니다."
    },
    {
      "sn": "dis100005sent62219858",
      "source_original": "이연법인세자산과 부채는 동일 과세당국이 부과하는 법인세이고, 당사가 인식된 금액을 상계할 수 있는 법적 권한을 가지고 있으며 당기 법인세부채와 자산을 순액으로결제할 의도가 있는 경우에만 상계하고 있습니다."
    },
    {
      "sn": "dis100005sent62219863",
      "source_original": "(16) 영업부문"
    },
    {
      "sn": "dis100005sent62219864",
      "source_original": "당기와 전기 중 외부 고객으로부터의 수익이 당사 총 수익의 10% 이상인 주요 고객의 수익 내역은 다음과 같습니다."
    },
    {
      "sn": "dis100005sent62219865",
      "source_original": "A사"
    },
    {
      "sn": "dis100005sent62219866",
      "source_original": "(17) 미적용 제ㆍ개정 기준서"
    },
    {
      "sn": "dis100005sent62219869",
      "source_original": "다음의 제ㆍ개정 기준서는 당사에 중요한 영향을 미치지 않을 것으로 판단됩니다."
    },
    {
      "sn": "dis100005sent62219871",
      "source_original": "- 단일거래에서 생기는 자산과 부채 관련 이연법인세 (기업회계기준서 제1012호 '법인세')"
    },
    {
      "sn": "dis100005sent62219873",
      "source_original": "- 2021년 6월 30일을 초과하는 기간에 대한 COVID-19 관련 임차료 면제/할인/유 예 (기업회계기준서 제 1116호 '리스')"
    },
    {
      "sn": "dis100005sent62219875",
      "source_original": "- 개념체계 참조 (기업회계기준서 제1103호 '사업결합')"
    },
    {
      "sn": "dis100005sent62219878",
      "source_original": "- 회계정책의 공시 (기업회계기준서 제1001호 '재무제표 표시')"
    },
    {
      "sn": "dis100005sent62219879",
      "source_original": "- 회계추정의 정의 (기업회계기준서 제1008호 '회계정책, 회계추정의 변경 및 오류)"
    },
    {
      "sn": "dis100005sent62219880",
      "source_original": "4. 현금및현금성자산"
    },
    {
      "sn": "dis100005sent62219881",
      "source_original": "당기말과 전기말 현재 현금및현금성자산의 내역은 다음과 같습니다."
    },
    {
      "sn": "dis100005sent62219883",
      "source_original": "요구불예금"
    },
    {
      "sn": "dis100005sent62219884",
      "source_original": "5. 매출채권및기타채권"
    },
    {
      "sn": "dis100005sent62219886",
      "source_original": "매출채권"
    },
    {
      "sn": "dis100005sent62219887",
      "source_original": "미수금"
    },
    {
      "sn": "dis100005sent62219888",
      "source_original": "기"
    },
    {
      "sn": "dis100005sent62219889",
      "source_original": "타금융자산"
    },
    {
      "sn": "dis100005sent62219891",
      "source_original": "상각후원가 측정 금융자산"
    },
    {
      "sn": "dis100005sent62219893",
      "source_original": "재고자산"
    },
    {
      "sn": "dis100005sent62219894",
      "source_original": "당기말과 전기말 현재 재고자산의 내역은 다음과 같습니다."
    },
    {
      "sn": "dis100005sent62219897",
      "source_original": "충당금"
    },
    {
      "sn": "dis100005sent62219902",
      "source_original": "8. 기타자산"
    },
    {
      "sn": "dis100005sent62219903",
      "source_original": "당기말과 전기말 현재 기타자산의 내역은 다음과 같습니다."
    },
    {
      "sn": "dis100005sent62219904",
      "source_original": "유동"
    },
    {
      "sn": "dis100005sent62219906",
      "source_original": "선급금"
    },
    {
      "sn": "dis100005sent62219908",
      "source_original": "미수수익"
    },
    {
      "sn": "dis100005sent62219912",
      "source_original": "(1) 당기말과 전기말 현재 유형자산의 장부금액은 다음과 같습니다."
    },
    {
      "sn": "dis100005sent62219915",
      "source_original": "토지"
    },
    {
      "sn": "dis100005sent62219917",
      "source_original": "기계장치"
    },
    {
      "sn": "dis100005sent62219918",
      "source_original": "차량운반구"
    },
    {
      "sn": "dis100005sent62219919",
      "source_original": "공구기구비품"
    },
    {
      "sn": "dis100005sent62219921",
      "source_original": "건설중인자산"
    },
    {
      "sn": "dis100005sent62219923",
      "source_original": "① 제 33(당) 기"
    },
    {
      "sn": "dis100005sent62219925",
      "source_original": "취득액"
    },
    {
      "sn": "dis100005sent62219928",
      "source_original": "(폐기 포함)"
    },
    {
      "sn": "dis100005sent62219929",
      "source_original": "감가상각비"
    },
    {
      "sn": "dis100005sent62219933",
      "source_original": "② 제 32(전) 기"
    },
    {
      "sn": "dis100005sent62219935",
      "source_original": "(3) 당기말 현재 회사가 타인을 위하여 제공하고 있는 담보는 없습니다."
    },
    {
      "sn": "dis100005sent62219938",
      "source_original": "부보금액"
    },
    {
      "sn": "dis100005sent62219939",
      "source_original": "보험회사명"
    },
    {
      "sn": "dis100005sent62219943",
      "source_original": "재산종합보험"
    },
    {
      "sn": "dis100005sent62219945",
      "source_original": "손해보험"
    },
    {
      "sn": "dis100005sent62219947",
      "source_original": "당사는 상기 보험가입 이외에 현대해상화재보험(주)를 통하여 생산물배상책임보험 및 단체상해보험등에 가입하고 있으며, 차량운반구에 대하여 자동차종합보험에 가입하고 있습니다."
    },
    {
      "sn": "dis100005sent62219950",
      "source_original": "(단위: 천원)"
    },
    {
      "sn": "dis100005sent62219951",
      "source_original": "상각 및"
    },
    {
      "sn": "dis100005sent62219953",
      "source_original": "영업권"
    },
    {
      "sn": "dis100005sent62219955",
      "source_original": "(2) 당기와 전기 중 무형자산의 변동내역은 다음과 같습니다."
    },
    {
      "sn": "dis100005sent62219958",
      "source_original": "상각"
    },
    {
      "sn": "dis100005sent62219959",
      "source_original": "폐기"
    },
    {
      "sn": "dis100005sent62219960",
      "source_original": "기말금액"
    },
    {
      "sn": "dis100005sent62219961",
      "source_original": "취득"
    },
    {
      "sn": "dis100005sent62219962",
      "source_original": "(3) 영업권 손상 검사"
    },
    {
      "sn": "dis100005sent62219963",
      "source_original": "당사는 매년 영업권에 대한 손상검사를 수행하고 있습니다."
    },
    {
      "sn": "dis100005sent62219964",
      "source_original": "당사가 현금창출단위에 배분한 영업권은 영업권 전체의 금액이며, 현금창출단위의 회수가능액은 처분부대원가를 뺀 공정가치를 기초로 산정되었습니다."
    },
    {
      "sn": "dis100005sent62219967",
      "source_original": "- 토지의 가격 산정"
    },
    {
      "sn": "dis100005sent62219968",
      "source_original": "① 표준지 공시지가 기준 가격수준 검토 - 토지가격 산정 시 인근지역 또는 유사지역내 표준지를 선정하여 이를 기준으로 가격을 산정하였습니다."
    },
    {
      "sn": "dis100005sent62219970",
      "source_original": "- 건물의 가격 산정"
    },
    {
      "sn": "dis100005sent62219972",
      "source_original": "2) 비교방식 (Sales Comp Approach)"
    },
    {
      "sn": "dis100005sent62219973",
      "source_original": "유사 거래 사례를 이용하되, 사정보정, 시점수정, 요인비교치를 감안하였으며, 다수의 거래사례를 이용하여 산정하였습니다."
    },
    {
      "sn": "dis100005sent62219975",
      "source_original": "11. 투자부동산"
    },
    {
      "sn": "dis100005sent62219976",
      "source_original": "(1) 당기말과 전기말 현재 투자부동산의 내역은 다음과 같습니다."
    },
    {
      "sn": "dis100005sent62219977",
      "source_original": "(2) 당기와 전기 중 투자부동산의 변동내역은 다음과 같습니다."
    },
    {
      "sn": "dis100005sent62219978",
      "source_original": "처 분 액"
    },
    {
      "sn": "dis100005sent62219983",
      "source_original": "당기말과 전기말 현재 매입채무및기타채무의 내역은 다음과 같습니다."
    },
    {
      "sn": "dis100005sent62219984",
      "source_original": "매입채무"
    },
    {
      "sn": "dis100005sent62219987",
      "source_original": "13. 기타유동부채"
    },
    {
      "sn": "dis100005sent62219988",
      "source_original": "당기말과 전기말 현재 기타유동부채의 내역은 다음과 같습니다."
    },
    {
      "sn": "dis100005sent62219989",
      "source_original": "예수금"
    },
    {
      "sn": "dis100005sent62219990",
      "source_original": "선수금"
    },
    {
      "sn": "dis100005sent62219991",
      "source_original": "선수수익"
    },
    {
      "sn": "dis100005sent62219992",
      "source_original": "14. 종업원급여"
    },
    {
      "sn": "dis100005sent62219993",
      "source_original": "(1) 당기말과 전기말 현재 확정급여제도와 관련하여 재무상태표에 인식된 금액은 다음과 같습니다."
    },
    {
      "sn": "dis100005sent62219998",
      "source_original": "기초 확정급여채무"
    },
    {
      "sn": "dis100005sent62220000",
      "source_original": "이자원가"
    },
    {
      "sn": "dis100005sent62220002",
      "source_original": "재측정요소 :"
    },
    {
      "sn": "dis100005sent62220003",
      "source_original": "인구통계적가정의 변동으로 인한 보험수리적손익"
    },
    {
      "sn": "dis100005sent62220004",
      "source_original": "재무적가정의 변동으로 인한 보험수리적손익"
    },
    {
      "sn": "dis100005sent62220006",
      "source_original": "기말 확정급여채무"
    },
    {
      "sn": "dis100005sent62220008",
      "source_original": "기초 사외적립자산의 공정가치"
    },
    {
      "sn": "dis100005sent62220014",
      "source_original": "정기예금 등"
    },
    {
      "sn": "dis100005sent62220016",
      "source_original": "순이자원가"
    },
    {
      "sn": "dis100005sent62220017",
      "source_original": "(6) 당기와 전기 중 확정급여제도와 관련하여 발생한 확정급여제도의 재측정요소의 내역은 다음과 같습니다."
    },
    {
      "sn": "dis100005sent62220021",
      "source_original": "기대임금상승률"
    },
    {
      "sn": "dis100005sent62220022",
      "source_original": "당사는 확정급여채무의 현재가치를 계산하기 위한 할인율로 확정급여채무의 통화 및예상지급시기와 일관성이 있는 우량 회사채(AA0)의 수익률을 적용하고 있습니다."
    },
    {
      "sn": "dis100005sent62220023",
      "source_original": "사외적립자산에 대한 기대수익률은 확정급여채무의 현재가치 계산에 사용한 할인율과 동일하게 적용하였습니다."
    },
    {
      "sn": "dis100005sent62220025",
      "source_original": "당기말 현재 주요 보험수리적 가정의 변동이 확정급여채무에 미치게 될 영향은 다음과 같습니다."
    },
    {
      "sn": "dis100005sent62220031",
      "source_original": "(1) 당사의 회원보증금은 전액 회원권 분양에 따른 보증금이며, 동 입회금에 대해 회원은 체육시설의설치및이용에관한법률 제20조 및 동법 시행령 제19조에 의거하여 회원의 운영 및 관리사항을 규정하고 있는 당사의 회칙에 따라 입회일로부터 5년이 경과한 후에는 반환을 요구할 수 있으며, 이 경우 당사는 운영위원회와 이사회의 승인으로 회원보증금의 원금만을 반환하도록 되어 있습니다."
    },
    {
      "sn": "dis100005sent62220033",
      "source_original": "(단위: 좌,천원)"
    },
    {
      "sn": "dis100005sent62220035",
      "source_original": "계정과목"
    },
    {
      "sn": "dis100005sent62220036",
      "source_original": "금액"
    },
    {
      "sn": "dis100005sent62220038",
      "source_original": "260좌"
    },
    {
      "sn": "dis100005sent62220040",
      "source_original": "당사의 회원은 모두 법인 회원으로 당사와 특수관계자입니다."
    },
    {
      "sn": "dis100005sent62220044",
      "source_original": "17. 미처분이익잉여금"
    },
    {
      "sn": "dis100005sent62220047",
      "source_original": "(2) 당기와 전기의 이익잉여금처분계산서는 다음과 같습니다."
    },
    {
      "sn": "dis100005sent62220048",
      "source_original": "처분확정일: 2022년 3월 30일"
    },
    {
      "sn": "dis100005sent62220049",
      "source_original": "처분확정일: 2021년 3월 30일"
    },
    {
      "sn": "dis100005sent62220054",
      "source_original": "III. 차기이월미처분이익잉여금"
    },
    {
      "sn": "dis100005sent62220056",
      "source_original": "당기말 현재 당사는 서울보증보험으로부터 인허가와 관련하여 78,739천원의 보증을제공받고 있습니다."
    },
    {
      "sn": "dis100005sent62220057",
      "source_original": "19. 영업의 계절적 특성"
    },
    {
      "sn": "dis100005sent62220061",
      "source_original": "당기와 전기의 영업수익 내역은 다음과 같습니다."
    },
    {
      "sn": "dis100005sent62220063",
      "source_original": "그린피수입"
    },
    {
      "sn": "dis100005sent62220070",
      "source_original": "재료비"
    },
    {
      "sn": "dis100005sent62220073",
      "source_original": "복리후생비"
    },
    {
      "sn": "dis100005sent62220076",
      "source_original": "여비교통비"
    },
    {
      "sn": "dis100005sent62220078",
      "source_original": "전산비"
    },
    {
      "sn": "dis100005sent62220081",
      "source_original": "외주세탁비"
    },
    {
      "sn": "dis100005sent62220083",
      "source_original": "교육훈련비"
    },
    {
      "sn": "dis100005sent62220086",
      "source_original": "수선비"
    },
    {
      "sn": "dis100005sent62220087",
      "source_original": "차량유지비"
    },
    {
      "sn": "dis100005sent62220088",
      "source_original": "보험료"
    },
    {
      "sn": "dis100005sent62220089",
      "source_original": "제세공과금"
    },
    {
      "sn": "dis100005sent62220093",
      "source_original": "협회비"
    },
    {
      "sn": "dis100005sent62220096",
      "source_original": "무형자산상각비"
    },
    {
      "sn": "dis100005sent62220097",
      "source_original": "22. 기타수익 및 기타비용"
    },
    {
      "sn": "dis100005sent62220099",
      "source_original": "유형자산처분이익"
    },
    {
      "sn": "dis100005sent62220100",
      "source_original": "투자부동산처분이익"
    },
    {
      "sn": "dis100005sent62220101",
      "source_original": "잡이익"
    },
    {
      "sn": "dis100005sent62220105",
      "source_original": "기부금"
    },
    {
      "sn": "dis100005sent62220108",
      "source_original": "(1) 당기와 전기의 금융수익 및 금융비용의 내역은 다음과 같습니다."
    },
    {
      "sn": "dis100005sent62220110",
      "source_original": "당기손익-공정가치 측정 금융자산 평가이익"
    },
    {
      "sn": "dis100005sent62220111",
      "source_original": "당기손익-공정가치 측정 금융자산 처분이익"
    },
    {
      "sn": "dis100005sent62220113",
      "source_original": "(2) 당기와 전기 중 금융수익 및 금융비용의 범주별분류는 다음과 같습니다."
    },
    {
      "sn": "dis100005sent62220115",
      "source_original": "당기손익-공정가치"
    },
    {
      "sn": "dis100005sent62220117",
      "source_original": "정 금융자산"
    },
    {
      "sn": "dis100005sent62220120",
      "source_original": "(1) 당기와 전기의 법인세비용의 구성요소는 다음과 같습니다."
    },
    {
      "sn": "dis100005sent62220122",
      "source_original": "일시적차이로 인한 이연법인세 변동액"
    },
    {
      "sn": "dis100005sent62220123",
      "source_original": "자본에 직접 반영된 법인세비용"
    },
    {
      "sn": "dis100005sent62220126",
      "source_original": "(3) 당기와 전기 중 법인세비용과 회계이익의 관계는 다음과 같습니다."
    },
    {
      "sn": "dis100005sent62220127",
      "source_original": "법인세비용차감전순이익"
    },
    {
      "sn": "dis100005sent62220128",
      "source_original": "적용세율에 따른 세부담액"
    },
    {
      "sn": "dis100005sent62220133",
      "source_original": "평균유효세율"
    },
    {
      "sn": "dis100005sent62220134",
      "source_original": "(4) 당기와 전기 중 일시적차이 및 이연법인세자산(부채)의 증감내역은 다음과 같습니다."
    },
    {
      "sn": "dis100005sent62220136",
      "source_original": "이연법인세자산(부채)"
    },
    {
      "sn": "dis100005sent62220138",
      "source_original": "증가액"
    },
    {
      "sn": "dis100005sent62220141",
      "source_original": "증감액"
    },
    {
      "sn": "dis100005sent62220145",
      "source_original": "감가상각누계액"
    },
    {
      "sn": "dis100005sent62220148",
      "source_original": "소 계"
    },
    {
      "sn": "dis100005sent62220152",
      "source_original": "금융자산"
    },
    {
      "sn": "dis100005sent62220153",
      "source_original": "퇴직연금예치금"
    },
    {
      "sn": "dis100005sent62220154",
      "source_original": "토지"
    },
    {
      "sn": "dis100005sent62220155",
      "source_original": "코스"
    },
    {
      "sn": "dis100005sent62220157",
      "source_original": "구축물"
    },
    {
      "sn": "dis100005sent62220158",
      "source_original": "투자부동산"
    },
    {
      "sn": "dis100005sent62220159",
      "source_original": "영업권"
    },
    {
      "sn": "dis100005sent62220160",
      "source_original": "회원보증금 현재가치할인차금"
    },
    {
      "sn": "dis100005sent62220161",
      "source_original": "Ⅲ. 합 계"
    },
    {
      "sn": "dis100005sent62220163",
      "source_original": "(5) 당기 및 전기 중에 자본에 직접 부가되거나 차감된 법인세 효과는 다음과 같습니다."
    },
    {
      "sn": "dis100005sent62220164",
      "source_original": "금 액"
    },
    {
      "sn": "dis100005sent62220166",
      "source_original": "(6) 당기와 전기의 상계 전 총액기준에 의한 이연법인세자산과 이연법인세부채 및 미지급법인세와 선급법인세의 내역은 다음과 같습니다."
    },
    {
      "sn": "dis100005sent62220167",
      "source_original": "이연법인세부채"
    },
    {
      "sn": "dis100005sent62220168",
      "source_original": "미지급법인세"
    },
    {
      "sn": "dis100005sent62220169",
      "source_original": "선급법인세"
    },
    {
      "sn": "dis100005sent62220170",
      "source_original": "25. 특수관계자"
    },
    {
      "sn": "dis100005sent62220172",
      "source_original": "특수관계구분"
    },
    {
      "sn": "dis100005sent62220173",
      "source_original": "특수관계자명"
    },
    {
      "sn": "dis100005sent62220174",
      "source_original": "유의적인 영향력을 행사하는 기업"
    },
    {
      "sn": "dis100005sent62220176",
      "source_original": "계열회사"
    },
    {
      "sn": "dis100005sent62220177",
      "source_original": "공정거래법상 현대자동차 대규모기업집단에 포함되는 계열회사"
    },
    {
      "sn": "dis100005sent62220180",
      "source_original": "자산매각"
    },
    {
      "sn": "dis100005sent62220182",
      "source_original": "자산취득"
    },
    {
      "sn": "dis100005sent62220183",
      "source_original": "현대제철(주)"
    },
    {
      "sn": "dis100005sent62220184",
      "source_original": "현대건설(주)"
    },
    {
      "sn": "dis100005sent62220186",
      "source_original": "(주)이노션"
    },
    {
      "sn": "dis100005sent62220187",
      "source_original": "해비치호텔앤드리조트(주)"
    },
    {
      "sn": "dis100005sent62220188",
      "source_original": "기타 계열회사"
    },
    {
      "sn": "dis100005sent62220192",
      "source_original": "채 무"
    },
    {
      "sn": "dis100005sent62220193",
      "source_original": "미지급금 등"
    },
    {
      "sn": "dis100005sent62220194",
      "source_original": "현대카드(주)"
    },
    {
      "sn": "dis100005sent62220197",
      "source_original": "현대로템"
    },
    {
      "sn": "dis100005sent62220200",
      "source_original": "현대오토에버"
    },
    {
      "sn": "dis100005sent62220203",
      "source_original": "해비치호텔앤드리조트"
    },
    {
      "sn": "dis100005sent62220206",
      "source_original": "② 제 32(전) 기말"
    },
    {
      "sn": "dis100005sent62220207",
      "source_original": "(4) 당기와 전기 중 경영진(임원)에 대한 보상을 위해 비용으로 반영한 금액은 없습니다."
    },
    {
      "sn": "dis100005sent62220208",
      "source_original": "당기말과 전기말 현재 특수관계자에 대한 담보 및 보증의 내역은 없습니다."
    },
    {
      "sn": "dis100005sent62220210",
      "source_original": "(1) 당기와 전기 중 영업에서 창출된 현금흐름의 내역은 다음과 같습니다."
    },
    {
      "sn": "dis100005sent62220212",
      "source_original": "2. 조정항목 :"
    },
    {
      "sn": "dis100005sent62220213",
      "source_original": "퇴직급여"
    },
    {
      "sn": "dis100005sent62220214",
      "source_original": "감가상각비"
    },
    {
      "sn": "dis100005sent62220216",
      "source_original": "지급수수료"
    },
    {
      "sn": "dis100005sent62220217",
      "source_original": "법인세비용"
    },
    {
      "sn": "dis100005sent62220218",
      "source_original": "3. 영업활동으로 인한 자산 및 부채의 변동 :"
    },
    {
      "sn": "dis100005sent62220219",
      "source_original": "매출채권및기타채권의 감소(증가)"
    },
    {
      "sn": "dis100005sent62220220",
      "source_original": "재고자산의 감소(증가)"
    },
    {
      "sn": "dis100005sent62220222",
      "source_original": "매입채무및기타채무의 증가(감소)"
    },
    {
      "sn": "dis100005sent62220223",
      "source_original": "기타유동부채의 증가(감소)"
    },
    {
      "sn": "dis100005sent62220225",
      "source_original": "사외적립자산의 감소(증가)"
    },
    {
      "sn": "dis100005sent62220226",
      "source_original": "4. 합계(1+2+3)"
    },
    {
      "sn": "dis100005sent62220227",
      "source_original": "(2) 당기와 전기의 투자활동 및 재무활동 중 현금의 유입과 유출이 없는 중요한 거래내역은 다음과 같습니다."
    },
    {
      "sn": "dis100005sent62220231",
      "source_original": "입회보증금의 유동성 대체"
    },
    {
      "sn": "dis100005sent62220233",
      "source_original": "(1) 금융위험관리"
    },
    {
      "sn": "dis100005sent62220236",
      "source_original": "당사는 이러한 위험요소들을 관리하기 위하여 각각의 위험요인에 대해 면밀하게 모니터링하고 대응하는 위험관리정책 및 프로그램을 운용하고 있습니다."
    },
    {
      "sn": "dis100005sent62220237",
      "source_original": "금융위험관리의 대상이 되는 당사의 금융자산은 현금및현금성자산, 매출채권및기타채권 등으로 구성되어 있으며 금융부채는 매입채무및기타채무, 회원보증금 등으로 구성되어 있습니다."
    },
    {
      "sn": "dis100005sent62220239",
      "source_original": "시장위험이란 시장가격의 변동으로 인하여 금융상품의 공정가치나 미래현금흐름이 변동할 위험을 의미합니다."
    },
    {
      "sn": "dis100005sent62220243",
      "source_original": "② 가격위험"
    },
    {
      "sn": "dis100005sent62220247",
      "source_original": "이자율위험은 미래 시장 이자율 변동에 따라 예금 또는 차입금 등에서 발생하는 이자수익 및 이자비용이 변동될 위험으로서 이는 주로 변동 금리부 조건의 차입금과 예금에서 발생하고 있습니다."
    },
    {
      "sn": "dis100005sent62220248",
      "source_original": "당사는 고정이자율 금융상품을 취급함으로 인하여 이자율위험을 관리하고 있으며, 이자율의 변동은 손익에 영향을 주지 않습니다."
    },
    {
      "sn": "dis100005sent62220249",
      "source_original": "2) 신용위험"
    },
    {
      "sn": "dis100005sent62220250",
      "source_original": "신용위험은 당사의 통상적인 거래 및 투자활동에서 발생하며 고객 또는 거래상대방이 계약조건상 의무사항을 지키지 못하였을 때 발생합니다."
    },
    {
      "sn": "dis100005sent62220257",
      "source_original": "기타금융자산"
    },
    {
      "sn": "dis100005sent62220258",
      "source_original": "기타유동자산"
    },
    {
      "sn": "dis100005sent62220259",
      "source_original": "기타비유동자산"
    },
    {
      "sn": "dis100005sent62220261",
      "source_original": "당기말 현재 매출채권의 연령별 내역은 다음과 같습니다."
    },
    {
      "sn": "dis100005sent62220266",
      "source_original": "유동성위험은 당사의 경영환경 또는 금융시장의 악화로 인하여 당사가 부담하고 있는 단기 채무를 적기에 이행하지 못할 수 있는 위험으로 정의하며, 당사는 주기적인 자금수지 예측, 조정을 통해 유동성위험을 관리하고 있습니다."
    },
    {
      "sn": "dis100005sent62220269",
      "source_original": "1년 이내"
    },
    {
      "sn": "dis100005sent62220270",
      "source_original": "1년~5년"
    },
    {
      "sn": "dis100005sent62220271",
      "source_original": "5년 초과"
    },
    {
      "sn": "dis100005sent62220273",
      "source_original": "매입채무및기타채무"
    },
    {
      "sn": "dis100005sent62220276",
      "source_original": "(2) 자본위험관리"
    },
    {
      "sn": "dis100005sent62220278",
      "source_original": "당사는 자본관리지표로 부채비율을 이용하고 있습니다."
    },
    {
      "sn": "dis100005sent62220280",
      "source_original": "당기말과 전기말 현재 당사의 부채비율은 다음과 같습니다."
    },
    {
      "sn": "dis100005sent62220281",
      "source_original": "부 채"
    },
    {
      "sn": "dis100005sent62220286",
      "source_original": "공정가치"
    },
    {
      "sn": "dis100005sent62220287",
      "source_original": "당기손익-공정가치로 인식된 금융자산"
    },
    {
      "sn": "dis100005sent62220291",
      "source_original": "매출채권및기타채권"
    },
    {
      "sn": "dis100005sent62220297",
      "source_original": "기본주당이익은 보통주에 귀속되는 당기순이익을 당기의 가중평균유통보통주식수로 나누어 산출하며, 그 내용은 다음과 같습니다."
    },
    {
      "sn": "dis100005sent62220301",
      "source_original": "(*) 기중 주식수 변동으로 인한 발행주식수를 고려하여 가중평균한 주식수입니다."
    },
    {
      "sn": "dis100005sent62220305",
      "source_original": "대표이사 귀하 2022년 3월 29일"
    },
    {
      "sn": "dis100005sent62220306",
      "source_original": "우리는 첨부된 해비치컨트리클럽 주식회사(이하 \"회사\")의 2021년 12월 31일 현재의내부회계관리제도의 운영실태보고서에 대하여 검토를 실시하였습니다."
    },
    {
      "sn": "dis100005sent62220309",
      "source_original": "우리는 내부회계관리제도 검토기준에 따라 검토를 실시하였습니다."
    },
    {
      "sn": "dis100005sent62220310",
      "source_original": "이 기준은 우리가 중요성의 관점에서 경영자가 제시한 내부회계관리제도의 운영실태보고서에 대하여 회계감사보다는 낮은 수준의 확신을 얻을 수 있도록 검토절차를 계획하고 실시할 것을 요구하고 있습니다."
    },
    {
      "sn": "dis100005sent62220311",
      "source_original": "검토는 회사의 내부회계관리제도를 이해하고 경영자의 내부회계관리제도의 운영실태보고내용에 대한 질문 및 필요하다고 판단되는 경우 제한적 범위 내에서 관련 문서의 확인 등의 절차를 포함하고 있습니다."
    },
    {
      "sn": "dis100005sent62220314",
      "source_original": "중소기업 등에 대한 검토특례'에 따라 검토를실시하였습니다."
    },
    {
      "sn": "dis100005sent62220315",
      "source_original": "회사의 내부회계관리제도는 신뢰할 수 있는 회계정보의 작성 및 공시를 위하여 한국채택국제회계 기준에 따라 작성한 재무제표의 신뢰성에 대한 합리적인 확신을 줄 수 있도록 제정한 내부회계관리규정과 이를 관리·운영하는 조직을 의미합니다."
    },
    {
      "sn": "dis100005sent62220323",
      "source_original": "「주식회사 등의 외부감사에 관한 법률」제18조제3항의 규정에 의하여 외부감사 실시내용을 첨부합니다."
    },
    {
      "sn": "dis100005sent62220325",
      "source_original": "회 사 명"
    },
    {
      "sn": "dis100005sent62220326",
      "source_original": "감사대상 사업연도"
    },
    {
      "sn": "dis100005sent62220327",
      "source_original": "2. 감사참여자 구분별 인원수 및 감사시간"
    },
    {
      "sn": "dis100005sent62220329",
      "source_original": "감사참여자"
    },
    {
      "sn": "dis100005sent62220331",
      "source_original": "품질관리"
    },
    {
      "sn": "dis100005sent62220332",
      "source_original": "검토자"
    },
    {
      "sn": "dis100005sent62220334",
      "source_original": "감사업무 담당 회계사"
    },
    {
      "sn": "dis100005sent62220337",
      "source_original": "등 전문가"
    },
    {
      "sn": "dis100005sent62220339",
      "source_original": "수주산업"
    },
    {
      "sn": "dis100005sent62220341",
      "source_original": "합계"
    },
    {
      "sn": "dis100005sent62220342",
      "source_original": "담당이사"
    },
    {
      "sn": "dis100005sent62220343",
      "source_original": "(업무수행이사)"
    },
    {
      "sn": "dis100005sent62220346",
      "source_original": "수습"
    },
    {
      "sn": "dis100005sent62220349",
      "source_original": "투입 인원수"
    },
    {
      "sn": "dis100005sent62220355",
      "source_original": "전반감사계획"
    },
    {
      "sn": "dis100005sent62220357",
      "source_original": "수행시기"
    },
    {
      "sn": "dis100005sent62220359",
      "source_original": "일"
    },
    {
      "sn": "dis100005sent62220360",
      "source_original": "주요내용"
    },
    {
      "sn": "dis100005sent62220361",
      "source_original": "위험평가 및 감사절차 계획"
    },
    {
      "sn": "dis100005sent62220365",
      "source_original": "상주"
    },
    {
      "sn": "dis100005sent62220366",
      "source_original": "비상주"
    },
    {
      "sn": "dis100005sent62220367",
      "source_original": "2021년 10월 18일 ~"
    },
    {
      "sn": "dis100005sent62220369",
      "source_original": "명"
    },
    {
      "sn": "dis100005sent62220371",
      "source_original": "2022년 02월 16일 ~"
    },
    {
      "sn": "dis100005sent62220377",
      "source_original": "실사(입회)장소"
    },
    {
      "sn": "dis100005sent62220379",
      "source_original": "금융자산실사(입회)"
    },
    {
      "sn": "dis100005sent62220380",
      "source_original": "2021년 12월 28일"
    },
    {
      "sn": "dis100005sent62220381",
      "source_original": "해비치컨트리클럽 본사"
    },
    {
      "sn": "dis100005sent62220382",
      "source_original": "회원권"
    },
    {
      "sn": "dis100005sent62220385",
      "source_original": "채권채무조회"
    },
    {
      "sn": "dis100005sent62220386",
      "source_original": "변호사조회"
    },
    {
      "sn": "dis100005sent62220389",
      "source_original": "커뮤니케이션"
    },
    {
      "sn": "dis100005sent62220391",
      "source_original": "회"
    },
    {
      "sn": "dis100005sent62220393",
      "source_original": "외부전문가 활용"
    },
    {
      "sn": "dis100005sent62220394",
      "source_original": "감사 활용 내용"
    },
    {
      "sn": "dis100005sent62220395",
      "source_original": "4. 감사(감사위원회)와의 커뮤니케이션"
    },
    {
      "sn": "dis100005sent62220396",
      "source_original": "일자"
    },
    {
      "sn": "dis100005sent62220397",
      "source_original": "참석자"
    },
    {
      "sn": "dis100005sent62220399",
      "source_original": "주요 논의 내용"
    },
    {
      "sn": "dis100005sent62220400",
      "source_original": "2021년 12월 06일"
    },
    {
      "sn": "dis100005sent62220401",
      "source_original": "서면회의"
    }
  ]
}