{
  "meta": {
    "doc_no": "dis100009",
    "domain": "금융",
    "category": "공시정보",
    "license": "open",
    "source_language": "ko"
  },
  "doc_info": {
    "source": "금융감독원",
    "dis_no": 2022041100233500760,
    "doc_name": "감사보고서",
    "com_name": "주식회사플로우텍",
    "date": 20220411
  },
  "sents": [
    {
      "sn": "dis100009sent62222384",
      "source_original": "주식회사플로우텍"
    },
    {
      "sn": "dis100009sent62222387",
      "source_original": "감 사 보 고 서"
    },
    {
      "sn": "dis100009sent62222390",
      "source_original": "부터"
    },
    {
      "sn": "dis100009sent62222391",
      "source_original": "2021년 12월 31일"
    },
    {
      "sn": "dis100009sent62222393",
      "source_original": "제 13 기"
    },
    {
      "sn": "dis100009sent62222394",
      "source_original": "2020년 01월 01일"
    },
    {
      "sn": "dis100009sent62222395",
      "source_original": "2020년 12월 31일"
    },
    {
      "sn": "dis100009sent62222396",
      "source_original": "신승회계법인"
    },
    {
      "sn": "dis100009sent62222397",
      "source_original": "목 차"
    },
    {
      "sn": "dis100009sent62222400",
      "source_original": "재무상태표 -----------------------------------------------"
    },
    {
      "sn": "dis100009sent62222403",
      "source_original": "현금흐름표 -----------------------------------------------"
    },
    {
      "sn": "dis100009sent62222406",
      "source_original": "독립된 감사인의 감사보고서"
    },
    {
      "sn": "dis100009sent62222407",
      "source_original": "주주 및 이사회 귀중"
    },
    {
      "sn": "dis100009sent62222410",
      "source_original": "해당 재무제표는 2021년 12월 31일과 2020년 12월 31일 현재의 재무상태표, 동일로 종료되는 양 보고기간의 손익계산서, 자본변동표, 현금흐름표 그리고 유의적인 회계정책의 요약을 포함한 재무제표의 주석으로 구성되어 있습니다."
    },
    {
      "sn": "dis100009sent62222412",
      "source_original": "감사의견근거"
    },
    {
      "sn": "dis100009sent62222415",
      "source_original": "우리는 재무제표감사와 관련된 대한민국의 윤리적 요구사항에 따라 회사로부터 독립적이며, 그러한 요구사항에 따른 기타의 윤리적 책임들을 이행하였습니다."
    },
    {
      "sn": "dis100009sent62222416",
      "source_original": "우리가 입수한 감사증거가 감사의견을 위한 근거로서 충분하고 적합하다고 우리는 믿습니다."
    },
    {
      "sn": "dis100009sent62222417",
      "source_original": "재무제표에 대한 경영진과 지배기구의 책임"
    },
    {
      "sn": "dis100009sent62222419",
      "source_original": "경영진은 재무제표를 작성할 때, 회사의 계속기업으로서의 존속능력을 평가하고 해당되는 경우, 계속기업 관련 사항을 공시할 책임이 있습니다."
    },
    {
      "sn": "dis100009sent62222420",
      "source_original": "그리고 경영진이 기업을 청산하거나 영업을 중단할 의도가 없는 한, 회계의 계속기업전제의 사용에 대해서도 책임이 있습니다."
    },
    {
      "sn": "dis100009sent62222421",
      "source_original": "지배기구는 회사의 재무보고절차의 감시에 대한 책임이 있습니다."
    },
    {
      "sn": "dis100009sent62222422",
      "source_original": "재무제표감사에 대한 감사인의 책임"
    },
    {
      "sn": "dis100009sent62222425",
      "source_original": "왜곡표시는 부정이나 오류로부터 발생할 수 있으며, 왜곡표시가 재무제표를 근거로 하는 이용자의 경제적 의사결정에 개별적으로 또는 집합적으로 영향을 미칠 것이 합리적으로 예상되면, 그 왜곡표시는 중요하다고 간주됩니다."
    },
    {
      "sn": "dis100009sent62222427",
      "source_original": "또한, 우리는:"
    },
    {
      "sn": "dis100009sent62222429",
      "source_original": "그리고 감사의견의 근거로서 충분하고 적합한 감사증거를 입수합니다."
    },
    {
      "sn": "dis100009sent62222430",
      "source_original": "부정은 공모, 위조, 의도적인 누락, 허위진술 또는 내부통제 무력화가 개입될 수 있기 때문에 부정으로 인한 중요한 왜곡표시를 발견하지 못할 위험은 오류로 인한 위험보다 큽니다."
    },
    {
      "sn": "dis100009sent62222432",
      "source_original": "그러나 이는 내부통제의 효과성에 대한 의견을 표명하기 위한 것이 아닙니다."
    },
    {
      "sn": "dis100009sent62222433",
      "source_original": "ㆍ재무제표를 작성하기 위하여 경영진이 적용한 회계정책의 적합성과 경영진이 도출한 회계추정치와 관련 공시의 합리성에 대하여 평가합니다."
    },
    {
      "sn": "dis100009sent62222435",
      "source_original": "중요한 불확실성이 존재한다고 결론을 내리는 경우, 우리는 재무제표의 관련 공시에 대하여 감사보고서에 주의를 환기시키고, 이들 공시가 부적절한 경우 의견을 변형시킬 것을 요구받고 있습니다."
    },
    {
      "sn": "dis100009sent62222440",
      "source_original": "신 승 회 계 법 인"
    },
    {
      "sn": "dis100009sent62222446",
      "source_original": "\"첨부된 재무제표는 당사가 작성한 것입니다.\""
    },
    {
      "sn": "dis100009sent62222448",
      "source_original": "본점 소재지 :"
    },
    {
      "sn": "dis100009sent62222450",
      "source_original": "충남 천안시 동남구 풍세면 풍세산단3로 79"
    },
    {
      "sn": "dis100009sent62222451",
      "source_original": "(전 화)"
    },
    {
      "sn": "dis100009sent62222452",
      "source_original": "재 무 상 태 표"
    },
    {
      "sn": "dis100009sent62222453",
      "source_original": "제 14(당) 기 2021년 12월 31일 현재"
    },
    {
      "sn": "dis100009sent62222454",
      "source_original": "제 13(전) 기 2020년 12월 31일 현재"
    },
    {
      "sn": "dis100009sent62222456",
      "source_original": "과 목"
    },
    {
      "sn": "dis100009sent62222458",
      "source_original": "제 13(전) 기"
    },
    {
      "sn": "dis100009sent62222459",
      "source_original": "자 산"
    },
    {
      "sn": "dis100009sent62222460",
      "source_original": "I.유동자산"
    },
    {
      "sn": "dis100009sent62222462",
      "source_original": "1.현금및현금성자산(주석3,17,18)"
    },
    {
      "sn": "dis100009sent62222464",
      "source_original": "3.매출채권(주석4,17)"
    },
    {
      "sn": "dis100009sent62222467",
      "source_original": "5.미수수익"
    },
    {
      "sn": "dis100009sent62222468",
      "source_original": "6.미수금"
    },
    {
      "sn": "dis100009sent62222469",
      "source_original": "7.선급금"
    },
    {
      "sn": "dis100009sent62222473",
      "source_original": "1.제품"
    },
    {
      "sn": "dis100009sent62222474",
      "source_original": "2.원재료"
    },
    {
      "sn": "dis100009sent62222475",
      "source_original": "II.비유동자산"
    },
    {
      "sn": "dis100009sent62222478",
      "source_original": "2.장기대여금"
    },
    {
      "sn": "dis100009sent62222491",
      "source_original": "(3)기타비유동자산"
    },
    {
      "sn": "dis100009sent62222492",
      "source_original": "1.보증금"
    },
    {
      "sn": "dis100009sent62222494",
      "source_original": "3.회원권"
    },
    {
      "sn": "dis100009sent62222495",
      "source_original": "자 산 총 계"
    },
    {
      "sn": "dis100009sent62222496",
      "source_original": "부 채"
    },
    {
      "sn": "dis100009sent62222497",
      "source_original": "I.유동부채"
    },
    {
      "sn": "dis100009sent62222498",
      "source_original": "1.매입채무(주석10)"
    },
    {
      "sn": "dis100009sent62222499",
      "source_original": "2.미지급금(주석10)"
    },
    {
      "sn": "dis100009sent62222500",
      "source_original": "3.예수금"
    },
    {
      "sn": "dis100009sent62222502",
      "source_original": "5.선수금"
    },
    {
      "sn": "dis100009sent62222505",
      "source_original": "8.당기법인세부채"
    },
    {
      "sn": "dis100009sent62222507",
      "source_original": "10.유동성장기부채(주석10,22)"
    },
    {
      "sn": "dis100009sent62222509",
      "source_original": "1.장기차입금(주석10,22)"
    },
    {
      "sn": "dis100009sent62222512",
      "source_original": "부 채 총 계"
    },
    {
      "sn": "dis100009sent62222513",
      "source_original": "자 본"
    },
    {
      "sn": "dis100009sent62222516",
      "source_original": "II. 기타포괄손익누계액(주석5,14)"
    },
    {
      "sn": "dis100009sent62222517",
      "source_original": "1.매도가능증권평가손실"
    },
    {
      "sn": "dis100009sent62222520",
      "source_original": "1.미처분이익잉여금(주석13)"
    },
    {
      "sn": "dis100009sent62222523",
      "source_original": "\"첨부된 주석은 본 재무제표의 일부입니다.\""
    },
    {
      "sn": "dis100009sent62222524",
      "source_original": "손 익 계 산 서"
    },
    {
      "sn": "dis100009sent62222526",
      "source_original": "제 13(전)기 2020년 01월 01일부터 2020년 12월 31일까지"
    },
    {
      "sn": "dis100009sent62222530",
      "source_original": "1.제품매출원가"
    },
    {
      "sn": "dis100009sent62222531",
      "source_original": "(1)기초제품재고액"
    },
    {
      "sn": "dis100009sent62222532",
      "source_original": "(2)당기제품제조원가"
    },
    {
      "sn": "dis100009sent62222533",
      "source_original": "(3)기말제품재고액"
    },
    {
      "sn": "dis100009sent62222537",
      "source_original": "2.퇴직급여(주석24)"
    },
    {
      "sn": "dis100009sent62222538",
      "source_original": "3.복리후생비(주석24,25)"
    },
    {
      "sn": "dis100009sent62222539",
      "source_original": "4.여비교통비"
    },
    {
      "sn": "dis100009sent62222543",
      "source_original": "8.세금과공과(주석24)"
    },
    {
      "sn": "dis100009sent62222545",
      "source_original": "10.무형자산상각비(주석8)"
    },
    {
      "sn": "dis100009sent62222547",
      "source_original": "12.수선비"
    },
    {
      "sn": "dis100009sent62222549",
      "source_original": "14.차량유지비"
    },
    {
      "sn": "dis100009sent62222556",
      "source_original": "21.지급수수료"
    },
    {
      "sn": "dis100009sent62222557",
      "source_original": "22.대손상각비"
    },
    {
      "sn": "dis100009sent62222561",
      "source_original": "VI.영업외수익"
    },
    {
      "sn": "dis100009sent62222563",
      "source_original": "2.유형자산처분이익"
    },
    {
      "sn": "dis100009sent62222564",
      "source_original": "3.임대료수익"
    },
    {
      "sn": "dis100009sent62222566",
      "source_original": "5.외화환산이익"
    },
    {
      "sn": "dis100009sent62222568",
      "source_original": "VII.영업외비용"
    },
    {
      "sn": "dis100009sent62222570",
      "source_original": "2.외환차손"
    },
    {
      "sn": "dis100009sent62222572",
      "source_original": "4.외화환산손실"
    },
    {
      "sn": "dis100009sent62222574",
      "source_original": "6.잡손실(주석22)"
    },
    {
      "sn": "dis100009sent62222575",
      "source_original": "VIII.법인세차감전순이익(손실)"
    },
    {
      "sn": "dis100009sent62222579",
      "source_original": "1.기본주당순이익(손실)"
    },
    {
      "sn": "dis100009sent62222580",
      "source_original": "자 본 변 동 표"
    },
    {
      "sn": "dis100009sent62222585",
      "source_original": "잉여금"
    },
    {
      "sn": "dis100009sent62222586",
      "source_original": "총 계"
    },
    {
      "sn": "dis100009sent62222587",
      "source_original": "2020.01.01 (전기초)"
    },
    {
      "sn": "dis100009sent62222595",
      "source_original": "I.영업활동으로 인한 현금흐름"
    },
    {
      "sn": "dis100009sent62222599",
      "source_original": "2.무형자산상각비"
    },
    {
      "sn": "dis100009sent62222601",
      "source_original": "4.대손상각비"
    },
    {
      "sn": "dis100009sent62222602",
      "source_original": "5.외화환산손실"
    },
    {
      "sn": "dis100009sent62222604",
      "source_original": "(3)현금의 유입이 없는 수익등의 차감"
    },
    {
      "sn": "dis100009sent62222605",
      "source_original": "1.외화환산이익"
    },
    {
      "sn": "dis100009sent62222606",
      "source_original": "(4)영업활동으로 인한 자산부채의 변동"
    },
    {
      "sn": "dis100009sent62222607",
      "source_original": "1.매출채권의 감소(증가)"
    },
    {
      "sn": "dis100009sent62222609",
      "source_original": "3.미수수익의 감소(증가)"
    },
    {
      "sn": "dis100009sent62222611",
      "source_original": "5.선급비용의 감소(증가)"
    },
    {
      "sn": "dis100009sent62222615",
      "source_original": "9.미지급금의 증가(감소)"
    },
    {
      "sn": "dis100009sent62222617",
      "source_original": "11.부가세예수금의 증가(감소)"
    },
    {
      "sn": "dis100009sent62222618",
      "source_original": "12.선수금의 증가(감소)"
    },
    {
      "sn": "dis100009sent62222619",
      "source_original": "13.선수수익의 증가(감소)"
    },
    {
      "sn": "dis100009sent62222621",
      "source_original": "15.미지급비용의 증가(감소)"
    },
    {
      "sn": "dis100009sent62222623",
      "source_original": "17.퇴직금의 지급"
    },
    {
      "sn": "dis100009sent62222624",
      "source_original": "II.투자활동으로 인한 현금 흐름"
    },
    {
      "sn": "dis100009sent62222626",
      "source_original": "1.단기금융상품의 감소"
    },
    {
      "sn": "dis100009sent62222632",
      "source_original": "7.보증금의 감소"
    },
    {
      "sn": "dis100009sent62222636",
      "source_original": "3.장기대여금의 증가"
    },
    {
      "sn": "dis100009sent62222637",
      "source_original": "4.기계장치의 취득"
    },
    {
      "sn": "dis100009sent62222639",
      "source_original": "6.시설장치의 취득"
    },
    {
      "sn": "dis100009sent62222641",
      "source_original": "III.재무활동으로 인한 현금 흐름"
    },
    {
      "sn": "dis100009sent62222646",
      "source_original": "1.단기차입금의 상환"
    },
    {
      "sn": "dis100009sent62222647",
      "source_original": "2.유동성장기부채의 상환"
    },
    {
      "sn": "dis100009sent62222648",
      "source_original": "3.장기차입금의 상환"
    },
    {
      "sn": "dis100009sent62222650",
      "source_original": "IV.현금의 증가(감소)"
    },
    {
      "sn": "dis100009sent62222652",
      "source_original": "VI.기말의 현금"
    },
    {
      "sn": "dis100009sent62222653",
      "source_original": "주석"
    },
    {
      "sn": "dis100009sent62222654",
      "source_original": "1. 일반사항"
    },
    {
      "sn": "dis100009sent62222656",
      "source_original": "당사는 2014년 2월 27일 벤처기업육성에 관한 특별조치법에 의해 벤처기업으로 지정되었으며, 2013년 4월 2일 기술개발촉진법에 의거 한국 산업기술진흥협회로부터 기업부설연구소 인정을 받았습니다."
    },
    {
      "sn": "dis100009sent62222657",
      "source_original": "한편, 당사의 보고기간종료일 현재 납입자본금은 300백만원(액면가 5천원, 60,000주)이며, 주요주주 현황은 다음과 같습니다."
    },
    {
      "sn": "dis100009sent62222659",
      "source_original": "소유주식수(주)"
    },
    {
      "sn": "dis100009sent62222660",
      "source_original": "지분율(%)"
    },
    {
      "sn": "dis100009sent62222661",
      "source_original": "공 도 경"
    },
    {
      "sn": "dis100009sent62222662",
      "source_original": "김 점 선"
    },
    {
      "sn": "dis100009sent62222663",
      "source_original": "공 준 현"
    },
    {
      "sn": "dis100009sent62222664",
      "source_original": "공 수 현"
    },
    {
      "sn": "dis100009sent62222667",
      "source_original": "당사의 재무제표는 대한민국의 일반기업회계기준에 따라 작성되었으며, 그 중요한 회계처리 방침은 다음과 같습니다."
    },
    {
      "sn": "dis100009sent62222669",
      "source_original": "당사는 당기부터 시행되는 일반기업회계기준 연차개선의 개정사항을 적용하였습니다."
    },
    {
      "sn": "dis100009sent62222670",
      "source_original": "(2) 수익의 인식기준"
    },
    {
      "sn": "dis100009sent62222671",
      "source_original": "수익은 회사의 통상적인 활동에서 발생하는 재화의 판매 및 용역의 제공에 대하여 받았거나 받을 대가의 공정가치로 구성되어 있습니다."
    },
    {
      "sn": "dis100009sent62222672",
      "source_original": "수익은 부가가치세, 반품, 리베이트 및 할인액을 차감한 순액으로 표시하고 있습니다."
    },
    {
      "sn": "dis100009sent62222673",
      "source_original": "수익금액을 신뢰성 있게 측정할 수 있고, 미래의 경제적 효익이 기업에 유입될 가능성이 높으며, 다음에서 설명하고 있는 회사의 활동별 특정 요건을 충족하는 경우에 수익을 인식하고 있습니다."
    },
    {
      "sn": "dis100009sent62222675",
      "source_original": "1) 재화의 판매"
    },
    {
      "sn": "dis100009sent62222679",
      "source_original": "용역의 제공으로 인한 수익은 용역제공거래의 성과를 신뢰성 있게 추정할 수 있는 경우에는 진행기준에 따라 수익을 인식하고, 용역제공거래의 성과를 신뢰성 있게 추정할 수 없는 경우에는 회수가능성이 높은 발생원가의 범위 내에서만 수익을 인식하고 있습니다."
    },
    {
      "sn": "dis100009sent62222680",
      "source_original": "(3) 현금성자산"
    },
    {
      "sn": "dis100009sent62222681",
      "source_original": "당사는 큰 거래비용 없이 현금으로 전환이 용이하고 이자율변동에 따른 가치변동의 위험이 중요하지 않은 유가증권 및 단기금융상품으로서 취득당시 만기(또는 상환일)가 3개월 이내에 도래하는 것을 현금성자산으로 분류하고 있습니다."
    },
    {
      "sn": "dis100009sent62222683",
      "source_original": "당사는 단기적 자금운용목적으로 소유하거나 기한이 1년이내에 도래하는 금융기관의 정기예금, 정기적금 등을 단기금융상품으로 분류하고, 유동자산에 속하지 아니하는 금융상품을 장기금융상품으로 분류하고 있습니다."
    },
    {
      "sn": "dis100009sent62222688",
      "source_original": "다만, 재고자산의 시가가 취득원가보다 하락한 경우에는 시가를 장부금액으로 하고 있으며, 재고자산 중 제품,재공품의 시가는 순실현가능가액을, 원재료의 시가는 현행대체원가를 적용하고 있습니다."
    },
    {
      "sn": "dis100009sent62222689",
      "source_original": "한편,재고자산의 시가가 장부금액보다 하락하여 발생한 평가손실 및 정상적으로 발생한 감모손실은 매출원가에 가산하는 형식으로 표시하고 있습니다."
    },
    {
      "sn": "dis100009sent62222691",
      "source_original": "(7) 유가증권"
    },
    {
      "sn": "dis100009sent62222694",
      "source_original": "만기보유증권은 취득원가와 만기액면가액의 차이를 상환기간에 걸쳐 유효이자율법으로 상각하여 취득원가와 이자수익에 가감하고 있으며, 이러한 상각 후 원가를 재무상태표가액으로 계상하고 있습니다."
    },
    {
      "sn": "dis100009sent62222696",
      "source_original": "시장성있는 유가증권은 시장가격을 공정가치로 보며 시장가격은 보고기간종료일 현재의 종가로 하고 있습니다."
    },
    {
      "sn": "dis100009sent62222697",
      "source_original": "다만, 매도가능증권 중 시장성이 없는 지분증권의 공정가치를 신뢰성 있게측정할 수 없는 경우에는 취득원가로 평가하고 있습니다."
    },
    {
      "sn": "dis100009sent62222698",
      "source_original": "공정가치 평가에 따라 발생하는 단기매매증권에 대한 미실현보유손익은 당기손익으로 처리하고 있으며, 매도가능증권에 대한 미실현보유 손익은 매도가능증권평가손익(기타포괄손익누계액)으로 처리하고 매도가능증권평가손익의 누적금액은 매도가능증권을 처분하거나 손상차손을 인식하는 시점에 일괄하여 당기손익으로 처리하고 있습니다."
    },
    {
      "sn": "dis100009sent62222703",
      "source_original": "한편, 유형자산에 대한 감가상각비는 아래의 내용연수와 상각방법에 의하여 계상되고 있습니다."
    },
    {
      "sn": "dis100009sent62222704",
      "source_original": "구 분"
    },
    {
      "sn": "dis100009sent62222705",
      "source_original": "내용연수"
    },
    {
      "sn": "dis100009sent62222706",
      "source_original": "상각방법"
    },
    {
      "sn": "dis100009sent62222707",
      "source_original": "건물"
    },
    {
      "sn": "dis100009sent62222710",
      "source_original": "구축물"
    },
    {
      "sn": "dis100009sent62222714",
      "source_original": "5 년"
    },
    {
      "sn": "dis100009sent62222715",
      "source_original": "차량운반구"
    },
    {
      "sn": "dis100009sent62222716",
      "source_original": "공구와기구,비품"
    },
    {
      "sn": "dis100009sent62222717",
      "source_original": "(9) 차입원가 자본화"
    },
    {
      "sn": "dis100009sent62222718",
      "source_original": "당사는 유형자산, 무형자산, 투자부동산 및 제조, 매입, 건설, 또는 개발이 개시된 날부터 의도된 용도로 사용하거나 판매할 수 있는 상태가 될 때까지 1년 이상의 기간이소요되는 유형자산 등 적격자산의 취득을 위한 자금에 차입금이 포함된다면 이러한 차입금에 대한 차입원가(특정차입금과 일반차입금에 대한 차입원가)는 적격자산의 취득에 소요되는 원가로 처리하고 있습니다."
    },
    {
      "sn": "dis100009sent62222719",
      "source_original": "(10) 퇴직급여"
    },
    {
      "sn": "dis100009sent62222720",
      "source_original": "당사는 확정급여제도를 운영하고 있으며 임직원 퇴직금 지급규정에 따라 보고기간말현재 1년이상 근속한 전임직원이 일시에 퇴직할 경우에 지급하여야 할 퇴직금 총 추계액을 퇴직급여충당부채로 설정하고 있습니다."
    },
    {
      "sn": "dis100009sent62222721",
      "source_original": "(11) 충당부채와 우발부채"
    },
    {
      "sn": "dis100009sent62222722",
      "source_original": "당사는 지출의 시기 또는 금액이 불확실한 부채 중 과거사건이나 거래의 결과로 존재하는 현재의무를 이행하기 위하여 자원이 유출될 가능성이 매우 높고, 그 의무의 이행에 소요되는 금액을 신뢰성 있게 추정할 수 있는 경우 충당부채로 계상하고 있습니다."
    },
    {
      "sn": "dis100009sent62222723",
      "source_original": "또한, 당사는 과거사건은 생겼으나 불확실한 미래사건의 발생여부로만 그 존재유무를 확인할 수 있는 잠재적인 의무 또는 과거사건으로 생긴 현재의무이지만, 자원을 유출할 가능성이 매우 높지 않거나, 해당의무 이행에 필요한 금액을 신뢰성있게 측정할 수 없는 경우 우발부채로 주석기재하고 있습니다."
    },
    {
      "sn": "dis100009sent62222725",
      "source_original": "(12) 중소기업의 회계처리특례"
    },
    {
      "sn": "dis100009sent62222729",
      "source_original": "2) 장기연불조건의 매매거래 등"
    },
    {
      "sn": "dis100009sent62222734",
      "source_original": "(1) 보고기간종료일 현재 현금및현금성자산 내역은 다음과 같습니다."
    },
    {
      "sn": "dis100009sent62222735",
      "source_original": "(단위 : 천원)"
    },
    {
      "sn": "dis100009sent62222738",
      "source_original": "현금"
    },
    {
      "sn": "dis100009sent62222739",
      "source_original": "보통예금"
    },
    {
      "sn": "dis100009sent62222742",
      "source_original": "4. 매출채권의 양도"
    },
    {
      "sn": "dis100009sent62222743",
      "source_original": "당기와 전기 중 타인에게 매출채권을 양도하였으나 당기말과 전기말 현재 만기가 미도래한 내역은 다음과 같습니다."
    },
    {
      "sn": "dis100009sent62222746",
      "source_original": "배서양도"
    },
    {
      "sn": "dis100009sent62222750",
      "source_original": "(2) 보고기간종료일 현재 매도가능증권의 평가내역은 다음과 같습니다."
    },
    {
      "sn": "dis100009sent62222751",
      "source_original": "회사명"
    },
    {
      "sn": "dis100009sent62222753",
      "source_original": "취득가액"
    },
    {
      "sn": "dis100009sent62222754",
      "source_original": "공정가치"
    },
    {
      "sn": "dis100009sent62222755",
      "source_original": "장부금액"
    },
    {
      "sn": "dis100009sent62222756",
      "source_original": "미실현"
    },
    {
      "sn": "dis100009sent62222757",
      "source_original": "보유손익"
    },
    {
      "sn": "dis100009sent62222758",
      "source_original": "비케이탑스(주)"
    },
    {
      "sn": "dis100009sent62222759",
      "source_original": "주식수"
    },
    {
      "sn": "dis100009sent62222760",
      "source_original": "(3) 당기 중 미실현손익 변동내역은 다음과 같습니다."
    },
    {
      "sn": "dis100009sent62222762",
      "source_original": "처분"
    },
    {
      "sn": "dis100009sent62222767",
      "source_original": "보고기간종료일 현재 당사가 보유하고 있는 토지의 공시지가는 다음과 같습니다."
    },
    {
      "sn": "dis100009sent62222769",
      "source_original": "내역"
    },
    {
      "sn": "dis100009sent62222774",
      "source_original": "7. 유형자산의 변동내역"
    },
    {
      "sn": "dis100009sent62222777",
      "source_original": "취득"
    },
    {
      "sn": "dis100009sent62222778",
      "source_original": "감가상각비"
    },
    {
      "sn": "dis100009sent62222779",
      "source_original": "대체"
    },
    {
      "sn": "dis100009sent62222781",
      "source_original": "토지(*1)"
    },
    {
      "sn": "dis100009sent62222782",
      "source_original": "건물(*1)"
    },
    {
      "sn": "dis100009sent62222783",
      "source_original": "구축물(*1)"
    },
    {
      "sn": "dis100009sent62222784",
      "source_original": "기계장치(*1)"
    },
    {
      "sn": "dis100009sent62222785",
      "source_original": "차량운반구(*1)"
    },
    {
      "sn": "dis100009sent62222786",
      "source_original": "공구와기구"
    },
    {
      "sn": "dis100009sent62222787",
      "source_original": "비품"
    },
    {
      "sn": "dis100009sent62222789",
      "source_original": "8. 무형자산"
    },
    {
      "sn": "dis100009sent62222792",
      "source_original": "누계액"
    },
    {
      "sn": "dis100009sent62222795",
      "source_original": "9. 연구개발비"
    },
    {
      "sn": "dis100009sent62222796",
      "source_original": "당기 및 전기 중 연구개발비에 관한 사항은 다음과 같습니다."
    },
    {
      "sn": "dis100009sent62222797",
      "source_original": "당 기"
    },
    {
      "sn": "dis100009sent62222801",
      "source_original": "(1) 보고기간종료일 현재 단기차입금의 내역은 다음과 같습니다."
    },
    {
      "sn": "dis100009sent62222802",
      "source_original": "차 입 처"
    },
    {
      "sn": "dis100009sent62222808",
      "source_original": "(2) 보고기간종료일 현재 장기차입금의 내역은 다음과 같습니다."
    },
    {
      "sn": "dis100009sent62222811",
      "source_original": "일반자금대출"
    },
    {
      "sn": "dis100009sent62222814",
      "source_original": "신한카드"
    },
    {
      "sn": "dis100009sent62222817",
      "source_original": "알씨아이파이낸셜"
    },
    {
      "sn": "dis100009sent62222818",
      "source_original": "미래에셋캐피탈"
    },
    {
      "sn": "dis100009sent62222819",
      "source_original": "차감:유동성대체"
    },
    {
      "sn": "dis100009sent62222822",
      "source_original": "(3) 당기말 현재 차입금 등의 금융부채 만기분석 내역은 다음과 같습니다."
    },
    {
      "sn": "dis100009sent62222824",
      "source_original": "2023년"
    },
    {
      "sn": "dis100009sent62222825",
      "source_original": "2024년"
    },
    {
      "sn": "dis100009sent62222826",
      "source_original": "2025년 이후"
    },
    {
      "sn": "dis100009sent62222829",
      "source_original": "미지급금"
    },
    {
      "sn": "dis100009sent62222832",
      "source_original": "(1) 보고기간종료일 현재 당사의 퇴직급여충당부채의 내역은 다음과 같습니다."
    },
    {
      "sn": "dis100009sent62222834",
      "source_original": "차감:퇴직연금운용자산"
    },
    {
      "sn": "dis100009sent62222835",
      "source_original": "잔 액"
    },
    {
      "sn": "dis100009sent62222836",
      "source_original": "(2) 당기 및 전기 중 퇴직급여충당부채의 변동내역은 다음과 같습니다."
    },
    {
      "sn": "dis100009sent62222844",
      "source_original": "당기말 현재 퇴직연금운용자산 508,373천원은 퇴직급여충당부채 차감계정으로 표시되었습니다."
    },
    {
      "sn": "dis100009sent62222845",
      "source_original": "한편, 퇴직연금운용자산의 공정가치는 장부금액과 동일합니다."
    },
    {
      "sn": "dis100009sent62222849",
      "source_original": "발행할주식의총수"
    },
    {
      "sn": "dis100009sent62222850",
      "source_original": "1주의금액(원)"
    },
    {
      "sn": "dis100009sent62222852",
      "source_original": "자본금"
    },
    {
      "sn": "dis100009sent62222853",
      "source_original": "보통주"
    },
    {
      "sn": "dis100009sent62222854",
      "source_original": "(2) 당기 및 전기 중 자본금의 변동내역은 없습니다."
    },
    {
      "sn": "dis100009sent62222856",
      "source_original": "당기 및 전기의 이익잉여금처분계산서는 다음과 같습니다."
    },
    {
      "sn": "dis100009sent62222858",
      "source_original": "제 14(당)기"
    },
    {
      "sn": "dis100009sent62222859",
      "source_original": "제 13(전)기"
    },
    {
      "sn": "dis100009sent62222861",
      "source_original": "2022년 03월 31일"
    },
    {
      "sn": "dis100009sent62222862",
      "source_original": "처분확정일"
    },
    {
      "sn": "dis100009sent62222863",
      "source_original": "2021년 03월 31일"
    },
    {
      "sn": "dis100009sent62222864",
      "source_original": "I. 미처분이익잉여금"
    },
    {
      "sn": "dis100009sent62222866",
      "source_original": "2.중간배당"
    },
    {
      "sn": "dis100009sent62222868",
      "source_original": "전기: 8,333원(166.7%))"
    },
    {
      "sn": "dis100009sent62222870",
      "source_original": "II. 이익잉여금처분액"
    },
    {
      "sn": "dis100009sent62222874",
      "source_original": "매도가능증권평가이익(손실)"
    },
    {
      "sn": "dis100009sent62222875",
      "source_original": "포괄손익"
    },
    {
      "sn": "dis100009sent62222877",
      "source_original": "보통주 1주에 대한 기본주당순손익의 산출한 내역은 다음과 같습니다."
    },
    {
      "sn": "dis100009sent62222878",
      "source_original": "가중평균 유통보통주식수(*1)"
    },
    {
      "sn": "dis100009sent62222880",
      "source_original": "(*1) 가중평균 유통보통주식수"
    },
    {
      "sn": "dis100009sent62222885",
      "source_original": "365일"
    },
    {
      "sn": "dis100009sent62222889",
      "source_original": "17. 외화자산 및 외화부채"
    },
    {
      "sn": "dis100009sent62222890",
      "source_original": "당기말 현재 외화자산의 주요내역은 다음과 같습니다."
    },
    {
      "sn": "dis100009sent62222896",
      "source_original": "환산이익"
    },
    {
      "sn": "dis100009sent62222897",
      "source_original": "(손실)"
    },
    {
      "sn": "dis100009sent62222899",
      "source_original": "매출채권"
    },
    {
      "sn": "dis100009sent62222900",
      "source_original": "외상매출금"
    },
    {
      "sn": "dis100009sent62222901",
      "source_original": "한편, 당기 및 전기 중 외환차익으로 인식한 금액은 각각 66,313천원과 6,776천원이며, 외환차손으로 인식한 금액은 각각 13,406천원과 11,455천원입니다."
    },
    {
      "sn": "dis100009sent62222902",
      "source_original": "18. 현금흐름표"
    },
    {
      "sn": "dis100009sent62222903",
      "source_original": "당사는 현금흐름표상의 영업활동으로 인한 현금흐름을 간접법으로 작성하였으며, 현금의 유입과 유출이 없는 중요한 사항은 다음과 같습니다."
    },
    {
      "sn": "dis100009sent62222904",
      "source_original": "장기차입금의 유동성 대체"
    },
    {
      "sn": "dis100009sent62222905",
      "source_original": "유동성장기부채의 단기차입금 대체"
    },
    {
      "sn": "dis100009sent62222907",
      "source_original": "(1) 당기말 현재 당사는 주요 경영진 이외 특수관계자가 존재하지 않습니다."
    },
    {
      "sn": "dis100009sent62222911",
      "source_original": "당기초"
    },
    {
      "sn": "dis100009sent62222914",
      "source_original": "대표이사"
    },
    {
      "sn": "dis100009sent62222915",
      "source_original": "대여금"
    },
    {
      "sn": "dis100009sent62222917",
      "source_original": "20. 보험가입자산"
    },
    {
      "sn": "dis100009sent62222920",
      "source_original": "보험회사"
    },
    {
      "sn": "dis100009sent62222923",
      "source_original": "건물·기계장치·재고자산 등"
    },
    {
      "sn": "dis100009sent62222925",
      "source_original": "상기 화재보험의 부보금액 중 기업은행 등에 7,456,171천원의 질권이 설정되어 있습니다."
    },
    {
      "sn": "dis100009sent62222926",
      "source_original": "또한, 당사는 상기 보험 이외에 환경책임보험(부보액: 50억원)을 가입하고 있으며, 당사의 임직원에 대한 업무상 상해종합보험, 가스사고배상책임보험 및 당사의 차량운반구에 대하여는 차량보험을 가입하고 있습니다."
    },
    {
      "sn": "dis100009sent62222929",
      "source_original": "금융기관명"
    },
    {
      "sn": "dis100009sent62222930",
      "source_original": "담보제공자산"
    },
    {
      "sn": "dis100009sent62222931",
      "source_original": "설정금액"
    },
    {
      "sn": "dis100009sent62222936",
      "source_original": "한편, 상기 당사의 담보제공자산 이외에 대표이사가 당사의 차입금과 관련하여 지급보증을 제공하고 있습니다."
    },
    {
      "sn": "dis100009sent62222937",
      "source_original": "22. 우발채무와 약정사항"
    },
    {
      "sn": "dis100009sent62222938",
      "source_original": "(1) 당기말 현재 당사의 금융기관 약정사항은 다음과 같습니다."
    },
    {
      "sn": "dis100009sent62222941",
      "source_original": "실행액"
    },
    {
      "sn": "dis100009sent62222943",
      "source_original": "(2) 당기말 현재 당사는 원고로 1건의 소송사건(소송가액: 742,714천원)에 대해 소송을 제기하고 있으며, 1건의 소송사건(소송가액: 793,600천원)에 반소피고로 제소되어 있습니다."
    },
    {
      "sn": "dis100009sent62222944",
      "source_original": "당기말 현재 동 소송 결과를 예측할 수 없으므로 충당부채를 인식하지 않았습니다."
    },
    {
      "sn": "dis100009sent62222949",
      "source_original": "보증내용"
    },
    {
      "sn": "dis100009sent62222952",
      "source_original": "서울보증보험"
    },
    {
      "sn": "dis100009sent62222957",
      "source_original": "제조원가"
    },
    {
      "sn": "dis100009sent62222958",
      "source_original": "판매비와 관리비"
    },
    {
      "sn": "dis100009sent62222960",
      "source_original": "퇴직급여"
    },
    {
      "sn": "dis100009sent62222961",
      "source_original": "복리후생비"
    },
    {
      "sn": "dis100009sent62222963",
      "source_original": "세금과공과"
    },
    {
      "sn": "dis100009sent62222966",
      "source_original": "26. 회계추정의 변경"
    },
    {
      "sn": "dis100009sent62222968",
      "source_original": "변경된 상각방법은 동종산업이 일반적으로 적용하고 있는 방법이며, 경제적 실질을 적절히 반영하고 있다고 판단하고 있습니다."
    },
    {
      "sn": "dis100009sent62222970",
      "source_original": "27. 재무제표가 사실상 확정된 날과 승인기관"
    },
    {
      "sn": "dis100009sent62222974",
      "source_original": "외부감사 실시내용"
    },
    {
      "sn": "dis100009sent62222976",
      "source_original": "1. 감사대상업무"
    },
    {
      "sn": "dis100009sent62222978",
      "source_original": "감사대상 사업연도"
    },
    {
      "sn": "dis100009sent62222980",
      "source_original": "(단위 : 명, 시간)"
    },
    {
      "sn": "dis100009sent62222983",
      "source_original": "품질관리"
    },
    {
      "sn": "dis100009sent62222988",
      "source_original": "세무ㆍ가치평가"
    },
    {
      "sn": "dis100009sent62222990",
      "source_original": "건설계약 등"
    },
    {
      "sn": "dis100009sent62222991",
      "source_original": "수주산업"
    },
    {
      "sn": "dis100009sent62222992",
      "source_original": "전문가"
    },
    {
      "sn": "dis100009sent62222994",
      "source_original": "(업무수행이사)"
    },
    {
      "sn": "dis100009sent62222996",
      "source_original": "공인회계사"
    },
    {
      "sn": "dis100009sent62222998",
      "source_original": "당기"
    },
    {
      "sn": "dis100009sent62223003",
      "source_original": "감사"
    },
    {
      "sn": "dis100009sent62223004",
      "source_original": "3. 주요 감사실시내용"
    },
    {
      "sn": "dis100009sent62223005",
      "source_original": "내 역"
    },
    {
      "sn": "dis100009sent62223007",
      "source_original": "(감사착수단계)"
    },
    {
      "sn": "dis100009sent62223008",
      "source_original": "수행시기"
    },
    {
      "sn": "dis100009sent62223009",
      "source_original": "일"
    },
    {
      "sn": "dis100009sent62223011",
      "source_original": "감사 계획 수립 및 감사 절차의 범위와 시기 들을 결정"
    },
    {
      "sn": "dis100009sent62223012",
      "source_original": "현장감사"
    },
    {
      "sn": "dis100009sent62223013",
      "source_original": "투입인원"
    },
    {
      "sn": "dis100009sent62223016",
      "source_original": "비상주"
    },
    {
      "sn": "dis100009sent62223017",
      "source_original": "명"
    },
    {
      "sn": "dis100009sent62223020",
      "source_original": "재고자산실사(입회)"
    },
    {
      "sn": "dis100009sent62223021",
      "source_original": "실사(입회)시기"
    },
    {
      "sn": "dis100009sent62223022",
      "source_original": "실사(입회)장소"
    },
    {
      "sn": "dis100009sent62223023",
      "source_original": "본사 공장"
    },
    {
      "sn": "dis100009sent62223024",
      "source_original": "실사(입회)대상"
    },
    {
      "sn": "dis100009sent62223025",
      "source_original": "상품, 제품, 재공품, 원재료"
    },
    {
      "sn": "dis100009sent62223027",
      "source_original": "본사 사무실"
    },
    {
      "sn": "dis100009sent62223029",
      "source_original": "금융거래조회"
    },
    {
      "sn": "dis100009sent62223031",
      "source_original": "변호사조회"
    },
    {
      "sn": "dis100009sent62223032",
      "source_original": "기타조회"
    },
    {
      "sn": "dis100009sent62223035",
      "source_original": "커뮤니케이션 횟수"
    },
    {
      "sn": "dis100009sent62223039",
      "source_original": "4. 감사(감사위원회)와의 커뮤니케이션"
    },
    {
      "sn": "dis100009sent62223040",
      "source_original": "일자"
    },
    {
      "sn": "dis100009sent62223043",
      "source_original": "주요 논의 내용"
    },
    {
      "sn": "dis100009sent62223046",
      "source_original": "감사 김점선"
    },
    {
      "sn": "dis100009sent62223047",
      "source_original": "회사 결산자료 및 관련 자료 검토 , 면담"
    },
    {
      "sn": "dis100009sent62223048",
      "source_original": "기말감사 계획 수립 관련"
    },
    {
      "sn": "dis100009sent62223051",
      "source_original": "감사 김점선"
    }
  ]
}