{
  "meta": {
    "doc_no": "dis100006",
    "domain": "금융",
    "category": "공시정보",
    "license": "open",
    "source_language": "ko"
  },
  "doc_info": {
    "source": "금융감독원",
    "dis_no": 2022041100233800760,
    "doc_name": "감사보고서",
    "com_name": "이슬림코리아",
    "date": 20220411
  },
  "sents": [
    {
      "sn": "dis100006sent62220406",
      "source_original": "이슬림코리아"
    },
    {
      "sn": "dis100006sent62220407",
      "source_original": "주식회사 이슬림코리아"
    },
    {
      "sn": "dis100006sent62220408",
      "source_original": "재 무 제 표 에 대 한"
    },
    {
      "sn": "dis100006sent62220410",
      "source_original": "제 20(당) 기"
    },
    {
      "sn": "dis100006sent62220412",
      "source_original": "부터"
    },
    {
      "sn": "dis100006sent62220413",
      "source_original": "2021년 12월 31일"
    },
    {
      "sn": "dis100006sent62220414",
      "source_original": "까지"
    },
    {
      "sn": "dis100006sent62220415",
      "source_original": "제 19(전) 기"
    },
    {
      "sn": "dis100006sent62220416",
      "source_original": "2020년 01월 01일"
    },
    {
      "sn": "dis100006sent62220417",
      "source_original": "2020년 12월 31일"
    },
    {
      "sn": "dis100006sent62220423",
      "source_original": "2. 손익계산서"
    },
    {
      "sn": "dis100006sent62220425",
      "source_original": "4. 현금흐름표"
    },
    {
      "sn": "dis100006sent62220426",
      "source_original": "5. 주석"
    },
    {
      "sn": "dis100006sent62220427",
      "source_original": "Ⅲ. 외부감사 실시내용"
    },
    {
      "sn": "dis100006sent62220428",
      "source_original": "독립된 감사인의 감사보고서"
    },
    {
      "sn": "dis100006sent62220429",
      "source_original": "주식회사 이슬림코리아"
    },
    {
      "sn": "dis100006sent62220432",
      "source_original": "감사의견"
    },
    {
      "sn": "dis100006sent62220435",
      "source_original": "해당 재무제표는 2021년 12월 31일과 2020년 12월 31일 현재의 재무상태표, 동일로 종료되는 양 보고기간의 손익계산서, 자본변동표, 현금흐름표 그리고 유의적인 회계정책의 요약을 포함한 재무제표의 주석으로 구성되어 있습니다."
    },
    {
      "sn": "dis100006sent62220437",
      "source_original": "과 2020년 12월 31일 현재의"
    },
    {
      "sn": "dis100006sent62220440",
      "source_original": "우리는 대한민국의 회계감사기준에 따라 감사를 수행하였습니다."
    },
    {
      "sn": "dis100006sent62220441",
      "source_original": "이 기준에 따른 우리의 책임은 이 감사보고서의 재무제표감사에 대한 감사인의 책임 단락에 기술되어 있습니다."
    },
    {
      "sn": "dis100006sent62220443",
      "source_original": "우리가 입수한 감사증거가 감사의견을 위한 근거로서 충분하고 적합하다고 우리는 믿습니다."
    },
    {
      "sn": "dis100006sent62220445",
      "source_original": "경영진은 일반기업회계기준에 따라 이 재무제표를 작성하고 공정하게 표시할 책임이 있으며, 부정이나 오류로 인한 중요한 왜곡표시가 없는 재무제표를 작성하는데 필요하다고 결정한 내부통제에 대해서도 책임이 있습니다."
    },
    {
      "sn": "dis100006sent62220446",
      "source_original": "경영진은 재무제표를 작성할 때, 회사의 계속기업으로서의 존속능력을 평가하고 해당되는 경우, 계속기업 관련 사항을 공시할 책임이 있습니다."
    },
    {
      "sn": "dis100006sent62220447",
      "source_original": "그리고 경영진이 기업을 청산하거나 영업을 중단할 의도가 없는 한, 회계의 계속기업전제의 사용에 대해서도 책임이 있습니다."
    },
    {
      "sn": "dis100006sent62220449",
      "source_original": "재무제표감사에 대한 감사인의 책임"
    },
    {
      "sn": "dis100006sent62220451",
      "source_original": "합리적인 확신은 높은 수준의 확신을 의미하나, 감사기준에 따라 수행된 감사가 항상 중요한 왜곡표시를 발견한다는 것을 보장하지는 않습니다."
    },
    {
      "sn": "dis100006sent62220452",
      "source_original": "왜곡표시는 부정이나 오류로부터 발생할 수 있으며, 왜곡표시가 재무제표를 근거로 하는 이용자의 경제적 의사결정에 개별적으로 또는 집합적으로 영향을 미칠 것이 합리적으로 예상되면, 그 왜곡표시는 중요하다고 간주됩니다."
    },
    {
      "sn": "dis100006sent62220455",
      "source_original": "- 부정이나 오류로 인한 재무제표의 중요왜곡표시위험을 식별하고 평가하며 그러한 위험에 대응하는 감사절차를 설계하고 수행합니다."
    },
    {
      "sn": "dis100006sent62220458",
      "source_original": "- 상황에 적합한 감사절차를 설계하기 위하여 감사와 관련된 내부통제를 이해합니다."
    },
    {
      "sn": "dis100006sent62220459",
      "source_original": "그러나 이는 내부통제의 효과성에 대한 의견을 표명하기 위한 것이 아닙니다."
    },
    {
      "sn": "dis100006sent62220466",
      "source_original": "서울특별시 영등포구 양산로 107(당산동3가, 인곡빌딩)"
    },
    {
      "sn": "dis100006sent62220467",
      "source_original": "대 표 이 사 김 택 수"
    },
    {
      "sn": "dis100006sent62220469",
      "source_original": "따라서 감사보고서일 후 이 보고서를 열람하는 시점 사이에 첨부된 회사의 재무제표에 중요한 영향을 미칠 수 있는 사건이나 상황이 발생할 수도 있으며 이로 인하여 이 감사보고서가 수정될 수도 있습니다."
    },
    {
      "sn": "dis100006sent62220470",
      "source_original": "(첨부)재 무 제 표"
    },
    {
      "sn": "dis100006sent62220472",
      "source_original": "제 19 기"
    },
    {
      "sn": "dis100006sent62220474",
      "source_original": "주식회사 이슬림코리아 대표이사 윤영태"
    },
    {
      "sn": "dis100006sent62220478",
      "source_original": "(전 화)"
    },
    {
      "sn": "dis100006sent62220480",
      "source_original": "제 20 기 2021년 12월 31일 현재"
    },
    {
      "sn": "dis100006sent62220481",
      "source_original": "제 19 기 2020년 12월 31일 현재"
    },
    {
      "sn": "dis100006sent62220482",
      "source_original": "회사명 : 주식회사 이슬림코리아"
    },
    {
      "sn": "dis100006sent62220483",
      "source_original": "(단위 : 원)"
    },
    {
      "sn": "dis100006sent62220484",
      "source_original": "과 목"
    },
    {
      "sn": "dis100006sent62220486",
      "source_original": "제 19 (전) 기"
    },
    {
      "sn": "dis100006sent62220487",
      "source_original": "자 산"
    },
    {
      "sn": "dis100006sent62220488",
      "source_original": "Ⅰ.유동자산"
    },
    {
      "sn": "dis100006sent62220489",
      "source_original": "(1)당좌자산"
    },
    {
      "sn": "dis100006sent62220492",
      "source_original": "대손충당금"
    },
    {
      "sn": "dis100006sent62220497",
      "source_original": "이연법인세자산(주석14)"
    },
    {
      "sn": "dis100006sent62220499",
      "source_original": "상품"
    },
    {
      "sn": "dis100006sent62220501",
      "source_original": "원재료"
    },
    {
      "sn": "dis100006sent62220505",
      "source_original": "(1)투자자산"
    },
    {
      "sn": "dis100006sent62220511",
      "source_original": "감가상각누계액"
    },
    {
      "sn": "dis100006sent62220513",
      "source_original": "비품"
    },
    {
      "sn": "dis100006sent62220515",
      "source_original": "시설장치"
    },
    {
      "sn": "dis100006sent62220517",
      "source_original": "상표권"
    },
    {
      "sn": "dis100006sent62220522",
      "source_original": "회원권"
    },
    {
      "sn": "dis100006sent62220525",
      "source_original": "Ⅰ.유동부채"
    },
    {
      "sn": "dis100006sent62220526",
      "source_original": "매입채무(주석10,12)"
    },
    {
      "sn": "dis100006sent62220528",
      "source_original": "미지급금(주석10)"
    },
    {
      "sn": "dis100006sent62220531",
      "source_original": "미지급비용(주석10)"
    },
    {
      "sn": "dis100006sent62220532",
      "source_original": "Ⅱ.비유동부채"
    },
    {
      "sn": "dis100006sent62220534",
      "source_original": "퇴직급여충당부채(주석11)"
    },
    {
      "sn": "dis100006sent62220536",
      "source_original": "부 채 총 계"
    },
    {
      "sn": "dis100006sent62220537",
      "source_original": "자 본"
    },
    {
      "sn": "dis100006sent62220538",
      "source_original": "Ⅰ.자본금(주석13)"
    },
    {
      "sn": "dis100006sent62220542",
      "source_original": "자 본 총 계"
    },
    {
      "sn": "dis100006sent62220546",
      "source_original": "제 20 기 2021년 01월 01일부터 2021년 12월 31일까지"
    },
    {
      "sn": "dis100006sent62220548",
      "source_original": "회사명 :주식회사 이슬림코리아"
    },
    {
      "sn": "dis100006sent62220550",
      "source_original": "상품매출"
    },
    {
      "sn": "dis100006sent62220551",
      "source_original": "제품매출"
    },
    {
      "sn": "dis100006sent62220552",
      "source_original": "기타매출"
    },
    {
      "sn": "dis100006sent62220554",
      "source_original": "Ⅱ.매출원가"
    },
    {
      "sn": "dis100006sent62220555",
      "source_original": "상품매출원가"
    },
    {
      "sn": "dis100006sent62220556",
      "source_original": "제품매출원가"
    },
    {
      "sn": "dis100006sent62220558",
      "source_original": "Ⅲ.매출총이익"
    },
    {
      "sn": "dis100006sent62220559",
      "source_original": "Ⅳ.판매비와관리비"
    },
    {
      "sn": "dis100006sent62220562",
      "source_original": "복리후생비(주석18)"
    },
    {
      "sn": "dis100006sent62220563",
      "source_original": "여비교통비"
    },
    {
      "sn": "dis100006sent62220564",
      "source_original": "접대비"
    },
    {
      "sn": "dis100006sent62220565",
      "source_original": "통신비"
    },
    {
      "sn": "dis100006sent62220568",
      "source_original": "감가상각비(주석18)"
    },
    {
      "sn": "dis100006sent62220573",
      "source_original": "사무용품비"
    },
    {
      "sn": "dis100006sent62220576",
      "source_original": "광고선전비"
    },
    {
      "sn": "dis100006sent62220580",
      "source_original": "Ⅴ.영업이익"
    },
    {
      "sn": "dis100006sent62220581",
      "source_original": "Ⅵ.영업외수익"
    },
    {
      "sn": "dis100006sent62220582",
      "source_original": "이자수익"
    },
    {
      "sn": "dis100006sent62220585",
      "source_original": "단기매매증권처분이익"
    },
    {
      "sn": "dis100006sent62220586",
      "source_original": "외환차익"
    },
    {
      "sn": "dis100006sent62220588",
      "source_original": "유형자산처분이익"
    },
    {
      "sn": "dis100006sent62220592",
      "source_original": "외환차손"
    },
    {
      "sn": "dis100006sent62220594",
      "source_original": "유형자산처분손실"
    },
    {
      "sn": "dis100006sent62220600",
      "source_original": "자 본 변 동 표"
    },
    {
      "sn": "dis100006sent62220601",
      "source_original": "자 본 금"
    },
    {
      "sn": "dis100006sent62220604",
      "source_original": "총 계"
    },
    {
      "sn": "dis100006sent62220606",
      "source_original": "당기순이익"
    },
    {
      "sn": "dis100006sent62220608",
      "source_original": "당기초(2021.01.01)"
    },
    {
      "sn": "dis100006sent62220609",
      "source_original": "당기말(2021.12.31)"
    },
    {
      "sn": "dis100006sent62220610",
      "source_original": "현 금 흐 름 표"
    },
    {
      "sn": "dis100006sent62220611",
      "source_original": "Ⅰ.영업활동으로 인한 현금흐름"
    },
    {
      "sn": "dis100006sent62220614",
      "source_original": "감가상각비"
    },
    {
      "sn": "dis100006sent62220615",
      "source_original": "무형자산상각비"
    },
    {
      "sn": "dis100006sent62220616",
      "source_original": "재고자산평가손실"
    },
    {
      "sn": "dis100006sent62220617",
      "source_original": "3.현금의유입이없는수익등의차감"
    },
    {
      "sn": "dis100006sent62220619",
      "source_original": "4.영업활동으로인한자산부채의변동"
    },
    {
      "sn": "dis100006sent62220620",
      "source_original": "매출채권의감소(증가)"
    },
    {
      "sn": "dis100006sent62220622",
      "source_original": "미수금의감소(증가)"
    },
    {
      "sn": "dis100006sent62220624",
      "source_original": "선급비용의감소(증가)"
    },
    {
      "sn": "dis100006sent62220625",
      "source_original": "이연법인세자산의감소(증가)"
    },
    {
      "sn": "dis100006sent62220631",
      "source_original": "미지급비용의증가(감소)"
    },
    {
      "sn": "dis100006sent62220632",
      "source_original": "장기미지급금의증가(감소)"
    },
    {
      "sn": "dis100006sent62220634",
      "source_original": "Ⅱ.투자활동으로 인한 현금흐름"
    },
    {
      "sn": "dis100006sent62220635",
      "source_original": "1.투자활동으로인한현금유입액"
    },
    {
      "sn": "dis100006sent62220636",
      "source_original": "유형자산의처분"
    },
    {
      "sn": "dis100006sent62220637",
      "source_original": "단기금융상품의처분"
    },
    {
      "sn": "dis100006sent62220639",
      "source_original": "장기금융상품의감소"
    },
    {
      "sn": "dis100006sent62220644",
      "source_original": "단기매매증권의취득"
    },
    {
      "sn": "dis100006sent62220646",
      "source_original": "임차보증금의증가"
    },
    {
      "sn": "dis100006sent62220647",
      "source_original": "Ⅲ.재무활동으로 인한 현금흐름"
    },
    {
      "sn": "dis100006sent62220648",
      "source_original": "1.재무활동으로인한현금유입액"
    },
    {
      "sn": "dis100006sent62220649",
      "source_original": "단기차입금의차입"
    },
    {
      "sn": "dis100006sent62220650",
      "source_original": "2.재무활동으로인한현금유출액"
    },
    {
      "sn": "dis100006sent62220653",
      "source_original": "Ⅴ.기초의 현금"
    },
    {
      "sn": "dis100006sent62220656",
      "source_original": "제 20 (당) 기 : 2021년 12월 31일로 종료되는 회계연도"
    },
    {
      "sn": "dis100006sent62220657",
      "source_original": "제 19 (전) 기 : 2020년 12월 31일로 종료되는 회계연도"
    },
    {
      "sn": "dis100006sent62220658",
      "source_original": "1. 당사의 개요"
    },
    {
      "sn": "dis100006sent62220660",
      "source_original": "당사명"
    },
    {
      "sn": "dis100006sent62220661",
      "source_original": "설립일"
    },
    {
      "sn": "dis100006sent62220662",
      "source_original": "2002년 2월 22일"
    },
    {
      "sn": "dis100006sent62220665",
      "source_original": "본점소재지"
    },
    {
      "sn": "dis100006sent62220666",
      "source_original": "대표이사"
    },
    {
      "sn": "dis100006sent62220670",
      "source_original": "당기말 자본금"
    },
    {
      "sn": "dis100006sent62220671",
      "source_original": "600,000,000원"
    },
    {
      "sn": "dis100006sent62220672",
      "source_original": "주주"
    },
    {
      "sn": "dis100006sent62220673",
      "source_original": "주식수"
    },
    {
      "sn": "dis100006sent62220675",
      "source_original": "윤 영 태"
    },
    {
      "sn": "dis100006sent62220676",
      "source_original": "이 홍 장"
    },
    {
      "sn": "dis100006sent62220677",
      "source_original": "가 두 진"
    },
    {
      "sn": "dis100006sent62220681",
      "source_original": "박 학 선"
    },
    {
      "sn": "dis100006sent62220684",
      "source_original": "재무제표의 작성에 적용된 중요한 회계정책은 아래에 제시되어 있습니다."
    },
    {
      "sn": "dis100006sent62220687",
      "source_original": "당사는 일반기업회계기준을 적용하고 있습니다."
    },
    {
      "sn": "dis100006sent62220689",
      "source_original": "(2) 추정과 판단"
    },
    {
      "sn": "dis100006sent62220690",
      "source_original": "일반기업회계기준에서는 재무제표를 작성함에 있어서 회계정책의 적용이나, 보고기간말 현재 자산, 부채 및 수익, 비용의 보고금액에 영향을 미치는 사항에 대하여 경영진의 최선의 판단을 기준으로 한 추정치와 가정의 사용을 요구하고 있습니다."
    },
    {
      "sn": "dis100006sent62220691",
      "source_original": "보고기간말 현재 경영진의 최선의 판단을 기준으로 한 추정치와 가정이 실제 환경과 다를 경우 이러한 추정치와 실제 결과는 다를 수 있습니다."
    },
    {
      "sn": "dis100006sent62220695",
      "source_original": "당사는 재무제표에 포함되는 항목들을 영업활동이 이루어지는 주된 경제환경에서의 통화(\"기능통화\")를 적용하여 측정하고 있습니다."
    },
    {
      "sn": "dis100006sent62220699",
      "source_original": "다만, 요건을 충족하는 현금흐름위험회피에 대한 위험회피금액과 외화표시 매도가능채무증권의 경우 동 금액을 기타포괄손익으로 인식하고 있습니다."
    },
    {
      "sn": "dis100006sent62220700",
      "source_original": "비화폐성 금융자산ㆍ부채로부터 발생하는 외환차이는 공정가치 변동손익의 일부로 보고하고 있습니다."
    },
    {
      "sn": "dis100006sent62220701",
      "source_original": "당기손익인식지분상품으로부터 발생하는 외환차이는 공정가치 변동손익의 일부로 보아 당기손익으로, 매도가능지분상품의 외환차이는 공정가치 변동에 대한 기타포괄손익에 포함하여 인식하고 있습니다."
    },
    {
      "sn": "dis100006sent62220703",
      "source_original": "당사는 제품의 판매로 인한 수익은 제품이 인도되는 시점을 기준으로 인식하고 있으며, 기타의 수익에 대해서는 수익가득과정이 완료되고 수익금액을 신뢰성 있게 측정할 수 있으며 경제적 효익의 유입가능성이 매우 높을 때 인식하고 있습니다."
    },
    {
      "sn": "dis100006sent62220704",
      "source_original": "3.3 현금및현금성자산"
    },
    {
      "sn": "dis100006sent62220706",
      "source_original": "3.4 장ㆍ단기금융상품"
    },
    {
      "sn": "dis100006sent62220707",
      "source_original": "당사는 금융기관이 취급하는 정기예금, 정기적금, 사용이 제한되어 있는 예금 및 기타 정형화된 상품들 중 단기적 자금운용목적으로 소유하거나 만기가 1년 이내에 도래하는 것을 단기금융상품으로 계상하고 있으며, 현금및현금성자산 또는 단기금융상품에 속하지 아니하는 것을 장기금융상품에 계상하고 있습니다."
    },
    {
      "sn": "dis100006sent62220708",
      "source_original": "3.5 대손충당금"
    },
    {
      "sn": "dis100006sent62220709",
      "source_original": "당사는 회수가 불확실한 매출채권 등은 합리적이고 객관적인 기준에 따라 산출한 대손추산액을 대손충당금으로 설정하고 있습니다."
    },
    {
      "sn": "dis100006sent62220711",
      "source_original": "회수가 불가능한 채권은 대손충당금과 상계하고, 대손충당금이 부족한 경우에는 그 부족액을 대손상각비로 인식하고 있습니다."
    },
    {
      "sn": "dis100006sent62220712",
      "source_original": "3.6 재고자산"
    },
    {
      "sn": "dis100006sent62220713",
      "source_original": "당사의 재고자산의 수량은 계속기록법과 정기적으로 실시하는 실지재고조사에 의하여 확정되며, 이동평균법(미착품은 개별법)을 적용하여 산정한 원가로 평가되고 있습니다."
    },
    {
      "sn": "dis100006sent62220716",
      "source_original": "다만, 재고자산의 평가손실을 초래했던 상황이 해소되어 새로운 시가가 장부금액보다 상승한 경우에는 최초의 장부금액을 초과하지 않는 범위 내에서 평가손실을 환입하고 있으며, 재고자산평가손실의 환입은 매출원가에서차감하여 표시하고 있습니다."
    },
    {
      "sn": "dis100006sent62220717",
      "source_original": "3.7 유가증권"
    },
    {
      "sn": "dis100006sent62220718",
      "source_original": "당사는 유가증권(지분법적용투자주식은 제외) 중 재무제표일 현재 만기가 확정된 채무증권으로서 상환금액이 확정되었거나 확정이 가능한 채무증권을 만기까지 보유할 목적으로 취득하여 보유하고 있는 경우에는 만기보유증권으로, 주로 단기간 내의 매매차익을 목적으로 취득한 유가증권은 단기매매증권으로, 그 이외의 것은 매도가능증권으로 분류하고 있습니다."
    },
    {
      "sn": "dis100006sent62220721",
      "source_original": "공정가액과 취득원가의 차이로 인하여 발생하는 미실현보유손익에 대하여, 단기매매증권은 당기손익(단기매매증권평가손익)으로 처리하고 매도가능증권은 자본항목(매도가능증권평가손익)으로 처리하며 동 자본항목의 누적금액은 유가증권을 처분하거나 손상차손을 인식하는 시점에 일괄하여 당기손익에 반영하고 있습니다."
    },
    {
      "sn": "dis100006sent62220722",
      "source_original": "유가증권으로부터 회수할 수 있을 것으로 추정되는 금액이 채무증권의 상각후 취득원가 또는 지분증권의 취득원가보다 작은 경우에는 손상차손을 인식하고 당기손익에 반영하고 있으며 향후 손상차손이 회복된 경우에는 손상전 장부가액을 한도로 하여 회복된 금액을 손상차손환입으로 처리하고 있습니다."
    },
    {
      "sn": "dis100006sent62220725",
      "source_original": "유형자산의 내용연수를 연장하거나 가치를 실질적으로 증가시키는 지출은 당해 자산의 원가에 가산하고 당해 자산의 원상을 회복시키거나 능률유지를 위한 지출은 당기 비용으로 회계처리하고 있습니다."
    },
    {
      "sn": "dis100006sent62220727",
      "source_original": "한편, 유형자산의 감가상각은 경제적 내용연수를 기준으로 다음의 방법에 따라 상각하고 있습니다."
    },
    {
      "sn": "dis100006sent62220728",
      "source_original": "계정과목"
    },
    {
      "sn": "dis100006sent62220732",
      "source_original": "40년"
    },
    {
      "sn": "dis100006sent62220733",
      "source_original": "정률법"
    },
    {
      "sn": "dis100006sent62220736",
      "source_original": "5년"
    },
    {
      "sn": "dis100006sent62220740",
      "source_original": "한편 개발활동 관련 비용 중 일정요건을 충족하는 미래 경제적 효익이 확실한 비용은 개발비의 과목으로 무형자산으로 처리하며 이외의 경우에는 경상개발비의 과목으로 제조원가 또는 판매비와관리비로 처리하고 있습니다."
    },
    {
      "sn": "dis100006sent62220741",
      "source_original": "또한 연구활동과 관련된 비용은 연구비의 과목으로 판매비와관리비로 처리하고 있습니다."
    },
    {
      "sn": "dis100006sent62220745",
      "source_original": "당사는 정부보조금에 부수되는 조건을 준수할 것이며, 보조금을 수취할 것으로 합리적인 확신이 있을 때 정부보조금을 인식합니다."
    },
    {
      "sn": "dis100006sent62220746",
      "source_original": "자산관련보조금(공정가치로 측정되는 비화폐성 보조금 포함)을 받는 경우에는 관련 자산을 취득하기 전까지 받은 자산 또는 받은 자산을 일시적으로 운용하기 위하여 취득하는 다른 자산의 차감계정으로 회계처리하고, 관련 자산을 취득하는 시점에서 관련 자산의 차감계정으로 회계처리합니다."
    },
    {
      "sn": "dis100006sent62220749",
      "source_original": "반면, 대응되는 비용이 없는 경우 회사의 주된 영업활동과 직접적인관련성이 있다면 영업수익으로, 그렇지 않다면 영업외수익으로 회계처리합니다."
    },
    {
      "sn": "dis100006sent62220751",
      "source_original": "3.12 리스거래"
    },
    {
      "sn": "dis100006sent62220752",
      "source_original": "당사는 리스자산의 소유에 따른 위험과 효익이 회사에 대부분 이전된 리스의 경우에는 금융리스로 분류하며, 일반적으로 리스기간 종료시 또는 그 이전에 리스자산의 소유권을 회사에 이전하기로 약정한 경우이거나 리스실행일 현재 리스자산의 염가매수선택권을 가지고 있고 이를 행사할 것이 확실한 경우 또는 리스기간이 리스자산의 내용연수의 상당부분을 차지하는 경우, 리스실행일 현재 최소리스료를 내재이자율로 할인한 현재가치가 리스자산의 공정가치의 대부분을 차지하는 경우 또는 리스자산의범용성이 없는 경우의 리스거래를 금융리스로, 기타의 리스거래는 운용리스로 분류하여 다음과 같이 회계처리하고 있습니다."
    },
    {
      "sn": "dis100006sent62220754",
      "source_original": "매기 지급되는 최소리스료는 금융원가와 리스부채의 상환액으로 나누고, 금융원가는 매기부채의 잔액에 대하여 일정한 기간이자율이 산출되도록 리스기간의 각 회계기간에 배분하고 있으며, 조정리스료는 발생한 기간의 비용으로 회계처리하고 있습니다.금융리스자산의 감가상각대상금액은 회사가 소유한 다른 감가상각대상자산에 대하여 채택한 감가상각정책과 일관된 체계적인 기준으로 매 회계기간에 배분하고 있으며, 리스기간 종료시점까지 자산의 소유권을 획득할 것이 확실시 된다면 기대사용기간이자산의 내용연수가 되며, 그러하지 않은 경우에는 리스기간과 자산의 내용연수 중 짧은 기간에 걸쳐 감가상각하고 있습니다."
    },
    {
      "sn": "dis100006sent62220755",
      "source_original": "한편, 운용리스에서 리스료는 리스기간에 걸쳐 정액기준으로 비용을 인식하고 있으며, 신규 또는 갱신되는 운용리스 계약에 따른 모든 인센티브는 총효익을 리스기간에걸쳐 정액기준에 따라 리스비용에서 차감하여 인식하고 있습니다."
    },
    {
      "sn": "dis100006sent62220756",
      "source_original": "3.13 충당부채와 우발부채"
    },
    {
      "sn": "dis100006sent62220758",
      "source_original": "또한, 당사는 과거사건은 발생하였으나 불확실한 미래사건의 발생여부에 의해서 존재여부가 확인되는 잠재적인 의무가 있는 경우 또는 과거사건이나 거래의 결과 현재의무가 존재하나 자원이 유출될 가능성이 매우 높지 않거나 당해 의무를 이행하여야 할 금액을 신뢰성 있게 추정할 수 없는 경우 우발부채로 주석기재하고 있습니다."
    },
    {
      "sn": "dis100006sent62220759",
      "source_original": "충당부채는 의무를 이행하기 위하여 예상되는 지출액의 현재가치로 측정하며, 현재가치 평가에 사용하는 할인율은 그 부채의 고유한 위험과 화폐의 시간가치에 대한 현행 시장의 평가를 반영한 세전 이자율입니다."
    },
    {
      "sn": "dis100006sent62220762",
      "source_original": "당사는 보고기간말 현재 1년 이상 근속한 임직원에 대해서는 확정기여형퇴직연금제도를 운영하고 있으며 당해 회계기간 중에 회사가 납부하여야 할 부담금을 퇴직급여의 과목으로 당기비용으로 인식하고 있습니다."
    },
    {
      "sn": "dis100006sent62220763",
      "source_original": "보고기간말 현재 확정기여형퇴직연금제도에 가입되지 않은 일부 임직원에 대하여 일시에 퇴직할 경우에 지급하여야 할 퇴직금추계액을 퇴직급여충당부채로 설정하고 있"
    },
    {
      "sn": "dis100006sent62220764",
      "source_original": "습니다."
    },
    {
      "sn": "dis100006sent62220765",
      "source_original": "3.15 중소기업의 회계처리에 대한 특례"
    },
    {
      "sn": "dis100006sent62220766",
      "source_original": "당사는 중소기업기본법에 의한 중소기업에 해당하는 바, 다음의 사항에 대하여 일반기업회계기준 제31장 \"중소기업 회계처리 특례\"에 따라 회계처리하고 있습니다."
    },
    {
      "sn": "dis100006sent62220767",
      "source_original": "특례 적용 항목"
    },
    {
      "sn": "dis100006sent62220772",
      "source_original": "있는 지분증권"
    },
    {
      "sn": "dis100006sent62220774",
      "source_original": "현재가치 평가"
    },
    {
      "sn": "dis100006sent62220776",
      "source_original": "중단사업부문의 정보"
    },
    {
      "sn": "dis100006sent62220778",
      "source_original": "4. 사용이 제한된 금융상품"
    },
    {
      "sn": "dis100006sent62220782",
      "source_original": "당기말"
    },
    {
      "sn": "dis100006sent62220785",
      "source_original": "현금 및 현금성자산"
    },
    {
      "sn": "dis100006sent62220786",
      "source_original": "보통예금"
    },
    {
      "sn": "dis100006sent62220788",
      "source_original": "정부보조금"
    },
    {
      "sn": "dis100006sent62220791",
      "source_original": "구분"
    },
    {
      "sn": "dis100006sent62220792",
      "source_original": "회사명"
    },
    {
      "sn": "dis100006sent62220793",
      "source_original": "지분율"
    },
    {
      "sn": "dis100006sent62220795",
      "source_original": "출자금"
    },
    {
      "sn": "dis100006sent62220796",
      "source_original": "소프트웨어공제조합"
    },
    {
      "sn": "dis100006sent62220798",
      "source_original": "(*1) 상기 비상장주식은 공정가액 평가를 위한 신뢰성 있는 기초자료를 입수할 수 없어 공정가액으로 평가하지 않고 취득원가로 평가하였습니다."
    },
    {
      "sn": "dis100006sent62220803",
      "source_original": "부보기간"
    },
    {
      "sn": "dis100006sent62220804",
      "source_original": "부보금액"
    },
    {
      "sn": "dis100006sent62220806",
      "source_original": "화재보험"
    },
    {
      "sn": "dis100006sent62220812",
      "source_original": "가. 당기말과 전기말 현재 당사가 보유하고 있는 토지의 내용은 다음과 같습니다."
    },
    {
      "sn": "dis100006sent62220813",
      "source_original": "지번"
    },
    {
      "sn": "dis100006sent62220819",
      "source_original": "당사의 유형자산의 변동내역은 다음과 같습니다."
    },
    {
      "sn": "dis100006sent62220820",
      "source_original": "[ 당 기 ] (단위 : 천원)"
    },
    {
      "sn": "dis100006sent62220821",
      "source_original": "구 분"
    },
    {
      "sn": "dis100006sent62220822",
      "source_original": "기 초"
    },
    {
      "sn": "dis100006sent62220826",
      "source_original": "[ 전 기 ] (단위 : 천원)"
    },
    {
      "sn": "dis100006sent62220828",
      "source_original": "(단위: 천원)"
    },
    {
      "sn": "dis100006sent62220829",
      "source_original": "담보제공자산"
    },
    {
      "sn": "dis100006sent62220831",
      "source_original": "설정내용"
    },
    {
      "sn": "dis100006sent62220832",
      "source_original": "당기말"
    },
    {
      "sn": "dis100006sent62220835",
      "source_original": "차입금지급보증"
    },
    {
      "sn": "dis100006sent62220836",
      "source_original": "8. 무형자산"
    },
    {
      "sn": "dis100006sent62220838",
      "source_original": "당사의 무형자산의 변동내역은 다음과 같습니다."
    },
    {
      "sn": "dis100006sent62220839",
      "source_original": "증 가"
    },
    {
      "sn": "dis100006sent62220840",
      "source_original": "감 소"
    },
    {
      "sn": "dis100006sent62220842",
      "source_original": "9. 단기차입금"
    },
    {
      "sn": "dis100006sent62220845",
      "source_original": "기업은행"
    },
    {
      "sn": "dis100006sent62220847",
      "source_original": "국민은행"
    },
    {
      "sn": "dis100006sent62220852",
      "source_original": "주식담보대출"
    },
    {
      "sn": "dis100006sent62220853",
      "source_original": "10. 유동성 위험"
    },
    {
      "sn": "dis100006sent62220854",
      "source_original": "가. 유동성위험관리"
    },
    {
      "sn": "dis100006sent62220855",
      "source_original": "유동성위험이란 당사가 금융부채에 관련된 의무를 충족하는 데 어려움을 겪게 될 위험을 의미합니다."
    },
    {
      "sn": "dis100006sent62220856",
      "source_original": "당사의 유동성 관리방법은 재무적으로 어려운 상황에서도 받아들일 수 없는 손실이 발생하거나, 당사의 평판에 손상을 입힐 위험 없이, 만기일에 부채를 상환할 수 있는 충분한 유동성을 유지하도록 하는 것입니다."
    },
    {
      "sn": "dis100006sent62220857",
      "source_original": "당사는 부채 상환을 포함한 유동성 위험과 관련하여 적정규모의 현금및현금성자산을보유하고 있습니다."
    },
    {
      "sn": "dis100006sent62220859",
      "source_original": "당기말 현재 금융부채의 계약상 만기는 다음과 같습니다."
    },
    {
      "sn": "dis100006sent62220861",
      "source_original": "장부금액"
    },
    {
      "sn": "dis100006sent62220864",
      "source_original": "2년 이상"
    },
    {
      "sn": "dis100006sent62220866",
      "source_original": "미지급금"
    },
    {
      "sn": "dis100006sent62220867",
      "source_original": "예수금"
    },
    {
      "sn": "dis100006sent62220868",
      "source_original": "미지급비용"
    },
    {
      "sn": "dis100006sent62220870",
      "source_original": "차입금"
    },
    {
      "sn": "dis100006sent62220872",
      "source_original": "상기 현금흐름은 이자금액이 포함되지 아니한 명목금액입니다."
    },
    {
      "sn": "dis100006sent62220873",
      "source_original": "11. 퇴직급여충당부채"
    },
    {
      "sn": "dis100006sent62220875",
      "source_original": "(단위: 천원)"
    },
    {
      "sn": "dis100006sent62220876",
      "source_original": "기초잔액"
    },
    {
      "sn": "dis100006sent62220877",
      "source_original": "기중증가"
    },
    {
      "sn": "dis100006sent62220878",
      "source_original": "기중감소"
    },
    {
      "sn": "dis100006sent62220880",
      "source_original": "당 기"
    },
    {
      "sn": "dis100006sent62220890",
      "source_original": "원화 환산액"
    },
    {
      "sn": "dis100006sent62220892",
      "source_original": "단기차입금"
    },
    {
      "sn": "dis100006sent62220893",
      "source_original": "[ 전기말 ] (단위 : 천원)"
    },
    {
      "sn": "dis100006sent62220895",
      "source_original": "당기말 및 전기말 현재 당사의 자본금에 관한 사항은 다음과 같습니다."
    },
    {
      "sn": "dis100006sent62220897",
      "source_original": "수권주식수"
    },
    {
      "sn": "dis100006sent62220898",
      "source_original": "발행주식수"
    },
    {
      "sn": "dis100006sent62220899",
      "source_original": "주당액면가액"
    },
    {
      "sn": "dis100006sent62220900",
      "source_original": "자본금"
    },
    {
      "sn": "dis100006sent62220901",
      "source_original": "보통주"
    },
    {
      "sn": "dis100006sent62220903",
      "source_original": "1,200,000주"
    },
    {
      "sn": "dis100006sent62220905",
      "source_original": "600,000천원"
    },
    {
      "sn": "dis100006sent62220906",
      "source_original": "14. 법인세 비용"
    },
    {
      "sn": "dis100006sent62220907",
      "source_original": "가. 법인세비용은 법인세법 등의 법령에 의한 법인세부담액에 이연법인세 변동액을 가감하여 계상하있으며 당기와 전기의 법인세 유효세율은 다음과 같습니다."
    },
    {
      "sn": "dis100006sent62220909",
      "source_original": "전기"
    },
    {
      "sn": "dis100006sent62220912",
      "source_original": "일시적차이로 인한 이연법인세 변동액"
    },
    {
      "sn": "dis100006sent62220913",
      "source_original": "법인세비용(수익)"
    },
    {
      "sn": "dis100006sent62220915",
      "source_original": "나.당기와 전기 일시적차이 및 이연법인세자산(부채)의 증감내용은 다음과 같습니다"
    },
    {
      "sn": "dis100006sent62220916",
      "source_original": "[ 당기 ] (단위: 천원)"
    },
    {
      "sn": "dis100006sent62220918",
      "source_original": "이연법인세자산(부채)"
    },
    {
      "sn": "dis100006sent62220922",
      "source_original": "기타의대손상각비"
    },
    {
      "sn": "dis100006sent62220923",
      "source_original": "[ 전기 ] (단위: 천원)"
    },
    {
      "sn": "dis100006sent62220928",
      "source_original": "기간"
    },
    {
      "sn": "dis100006sent62220929",
      "source_original": "가중치(일수)"
    },
    {
      "sn": "dis100006sent62220931",
      "source_original": "당기 :"
    },
    {
      "sn": "dis100006sent62220934",
      "source_original": "전기 :"
    },
    {
      "sn": "dis100006sent62220936",
      "source_original": "손익계산서상 당기순이익"
    },
    {
      "sn": "dis100006sent62220937",
      "source_original": "2,393,261,734원"
    },
    {
      "sn": "dis100006sent62220939",
      "source_original": "가중평균유통보통주식수"
    },
    {
      "sn": "dis100006sent62220940",
      "source_original": "기본주당이익"
    },
    {
      "sn": "dis100006sent62220941",
      "source_original": "1,994원/주"
    },
    {
      "sn": "dis100006sent62220942",
      "source_original": "1686원/주"
    },
    {
      "sn": "dis100006sent62220943",
      "source_original": "16. 우발채무와 주요 약정사항"
    },
    {
      "sn": "dis100006sent62220949",
      "source_original": "보증내용"
    },
    {
      "sn": "dis100006sent62220951",
      "source_original": "대출보증"
    },
    {
      "sn": "dis100006sent62220953",
      "source_original": "기타"
    },
    {
      "sn": "dis100006sent62220954",
      "source_original": "원화지급보증"
    },
    {
      "sn": "dis100006sent62220956",
      "source_original": "서울보증보험"
    },
    {
      "sn": "dis100006sent62220957",
      "source_original": "이행보증"
    },
    {
      "sn": "dis100006sent62220958",
      "source_original": "나. 당기말 현재 당사가 금융기관과 맺고 있는 주요 약정사항은 다음과 같습니다."
    },
    {
      "sn": "dis100006sent62220960",
      "source_original": "내 용"
    },
    {
      "sn": "dis100006sent62220962",
      "source_original": "실행액"
    },
    {
      "sn": "dis100006sent62220963",
      "source_original": "하나은행"
    },
    {
      "sn": "dis100006sent62220964",
      "source_original": "매출채권담보대출"
    },
    {
      "sn": "dis100006sent62220966",
      "source_original": "수입신용장"
    },
    {
      "sn": "dis100006sent62220968",
      "source_original": "운전자금대출"
    },
    {
      "sn": "dis100006sent62220969",
      "source_original": "연지급수입"
    },
    {
      "sn": "dis100006sent62220971",
      "source_original": "구매자금대출"
    },
    {
      "sn": "dis100006sent62220972",
      "source_original": "산업은행"
    },
    {
      "sn": "dis100006sent62220973",
      "source_original": "운영자금대출"
    },
    {
      "sn": "dis100006sent62220976",
      "source_original": "연 도"
    },
    {
      "sn": "dis100006sent62220978",
      "source_original": "2023년"
    },
    {
      "sn": "dis100006sent62220980",
      "source_original": "계"
    },
    {
      "sn": "dis100006sent62220981",
      "source_original": "리스료"
    },
    {
      "sn": "dis100006sent62220985",
      "source_original": "매출 등"
    },
    {
      "sn": "dis100006sent62220986",
      "source_original": "매입 등"
    },
    {
      "sn": "dis100006sent62220987",
      "source_original": "와이티커머스"
    },
    {
      "sn": "dis100006sent62220988",
      "source_original": "나. 당기말과 전기말 현재 당사의 특수관계자와의 주요 채권, 채무내역은 다음과 같습니다."
    },
    {
      "sn": "dis100006sent62220989",
      "source_original": "채권"
    },
    {
      "sn": "dis100006sent62220991",
      "source_original": "다. 당기말 현재 당사가 장ㆍ단기차입금 등과 관련하여 특수관계자로부터 제공받은 지급보증 등의 내역은 아래와 같습니다."
    },
    {
      "sn": "dis100006sent62220995",
      "source_original": "당기 중 당사의 판매비와관리비 및 제조원가에 포함된 부가가치의 계산에 필요한 내용은 다음과 같습니다."
    },
    {
      "sn": "dis100006sent62220996",
      "source_original": "(단위 : 천원)"
    },
    {
      "sn": "dis100006sent62220998",
      "source_original": "판관비"
    },
    {
      "sn": "dis100006sent62221000",
      "source_original": "급 여"
    },
    {
      "sn": "dis100006sent62221004",
      "source_original": "지급임차료"
    },
    {
      "sn": "dis100006sent62221007",
      "source_original": "거래내역"
    },
    {
      "sn": "dis100006sent62221008",
      "source_original": "장기미지급금의 유동성대체"
    },
    {
      "sn": "dis100006sent62221010",
      "source_original": "20. 이익잉여금처분계산서"
    },
    {
      "sn": "dis100006sent62221012",
      "source_original": "처분예정일"
    },
    {
      "sn": "dis100006sent62221013",
      "source_original": "2022년 03월 31일"
    },
    {
      "sn": "dis100006sent62221017",
      "source_original": "Ⅰ.미처분이익잉여금"
    },
    {
      "sn": "dis100006sent62221018",
      "source_original": "전기이월미처분이익잉여금"
    },
    {
      "sn": "dis100006sent62221019",
      "source_original": "당기순이익"
    },
    {
      "sn": "dis100006sent62221020",
      "source_original": "Ⅱ.임의적립금등의이입액"
    },
    {
      "sn": "dis100006sent62221025",
      "source_original": "2022년 03월31"
    },
    {
      "sn": "dis100006sent62221028",
      "source_original": "되었습니다."
    },
    {
      "sn": "dis100006sent62221030",
      "source_original": "「주식회사 등의 외부감사에 관한 법률」제18조제3항의 규정에 의하여 외부감사 실시내용을 첨부합니다."
    },
    {
      "sn": "dis100006sent62221031",
      "source_original": "1. 감사대상업무"
    },
    {
      "sn": "dis100006sent62221034",
      "source_original": "2. 감사참여자 구분별 인원수 및 감사시간"
    },
    {
      "sn": "dis100006sent62221035",
      "source_original": "(단위 : 명, 시간)"
    },
    {
      "sn": "dis100006sent62221038",
      "source_original": "품질관리"
    },
    {
      "sn": "dis100006sent62221039",
      "source_original": "검토자"
    },
    {
      "sn": "dis100006sent62221041",
      "source_original": "감사업무 담당 회계사"
    },
    {
      "sn": "dis100006sent62221042",
      "source_original": "전산감사ㆍ"
    },
    {
      "sn": "dis100006sent62221046",
      "source_original": "수주산업"
    },
    {
      "sn": "dis100006sent62221050",
      "source_original": "등록"
    },
    {
      "sn": "dis100006sent62221053",
      "source_original": "투입 인원수"
    },
    {
      "sn": "dis100006sent62221054",
      "source_original": "투입시간"
    },
    {
      "sn": "dis100006sent62221056",
      "source_original": "감사"
    },
    {
      "sn": "dis100006sent62221058",
      "source_original": "전반감사계획"
    },
    {
      "sn": "dis100006sent62221061",
      "source_original": "주요내용"
    },
    {
      "sn": "dis100006sent62221062",
      "source_original": "회사와 산업에 대한 전반적인 이해를 바탕으로 감사절차의 성격, 범위와 시기를 결정함."
    },
    {
      "sn": "dis100006sent62221065",
      "source_original": "주요 감사업무 수행내용"
    },
    {
      "sn": "dis100006sent62221066",
      "source_original": "상주"
    },
    {
      "sn": "dis100006sent62221073",
      "source_original": "재고자산실사(입회)"
    },
    {
      "sn": "dis100006sent62221074",
      "source_original": "실사(입회)시기"
    },
    {
      "sn": "dis100006sent62221077",
      "source_original": "실사(입회)대상"
    },
    {
      "sn": "dis100006sent62221078",
      "source_original": "상품 및 원재료"
    },
    {
      "sn": "dis100006sent62221079",
      "source_original": "금융자산실사(입회)"
    },
    {
      "sn": "dis100006sent62221080",
      "source_original": "사무실"
    },
    {
      "sn": "dis100006sent62221082",
      "source_original": "외부조회"
    },
    {
      "sn": "dis100006sent62221083",
      "source_original": "금융거래조회"
    },
    {
      "sn": "dis100006sent62221084",
      "source_original": "채권채무조회"
    },
    {
      "sn": "dis100006sent62221086",
      "source_original": "기타조회"
    },
    {
      "sn": "dis100006sent62221090",
      "source_original": "회"
    },
    {
      "sn": "dis100006sent62221092",
      "source_original": "감사 활용 내용"
    },
    {
      "sn": "dis100006sent62221095",
      "source_original": "참석자"
    },
    {
      "sn": "dis100006sent62221096",
      "source_original": "방식"
    },
    {
      "sn": "dis100006sent62221098",
      "source_original": "회사측: 감사, 재무담당이사 2인"
    },
    {
      "sn": "dis100006sent62221100",
      "source_original": "대면회의"
    }
  ]
}