{
  "meta": {
    "doc_no": "dis100014",
    "domain": "금융",
    "category": "공시정보",
    "license": "open",
    "source_language": "ko"
  },
  "doc_info": {
    "source": "금융감독원",
    "dis_no": 2022041100233000760,
    "doc_name": "감사보고서",
    "com_name": "신호인터내셔날",
    "date": 20220411
  },
  "sents": [
    {
      "sn": "dis100014sent62224648",
      "source_original": "감사보고서"
    },
    {
      "sn": "dis100014sent62224651",
      "source_original": "재 무 제 표 에 대 한"
    },
    {
      "sn": "dis100014sent62224653",
      "source_original": "제12 기"
    },
    {
      "sn": "dis100014sent62224654",
      "source_original": "2021년 01월 01일"
    },
    {
      "sn": "dis100014sent62224655",
      "source_original": "부터"
    },
    {
      "sn": "dis100014sent62224658",
      "source_original": "한미회계법인"
    },
    {
      "sn": "dis100014sent62224659",
      "source_original": "목 차"
    },
    {
      "sn": "dis100014sent62224660",
      "source_original": "I. 독립된 감사인의 감사보고서"
    },
    {
      "sn": "dis100014sent62224662",
      "source_original": "재무상태표"
    },
    {
      "sn": "dis100014sent62224663",
      "source_original": "손익계산서"
    },
    {
      "sn": "dis100014sent62224670",
      "source_original": "주주 및 이사회 귀중"
    },
    {
      "sn": "dis100014sent62224671",
      "source_original": "2022년 3월 30일"
    },
    {
      "sn": "dis100014sent62224672",
      "source_original": "감사의견"
    },
    {
      "sn": "dis100014sent62224673",
      "source_original": "우리는 주식회사 신호인터내셔널(이하 “회사”)의 재무제표를 감사하였습니다."
    },
    {
      "sn": "dis100014sent62224674",
      "source_original": "해당 재무제표는 2021년 12월 31일 현재의 재무상태표, 동일로 종료되는 보고기간의 손익계산서, 자본변동표, 현금흐름표 그리고 유의적인 회계정책의 요약을 포함한 재무제표의 주석으로 구성되어 있습니다."
    },
    {
      "sn": "dis100014sent62224675",
      "source_original": "우리의 의견으로는 별첨된 회사의 재무제표는 회사의 2021년 12월 31일 현재의 재무상태와 동일로 종료되는 보고기간의 재무성과 및 현금흐름을 일반기업회계기준에 따라, 중요성의 관점에서 공정하게 표시하고 있습니다."
    },
    {
      "sn": "dis100014sent62224677",
      "source_original": "우리는 대한민국의 회계감사기준에 따라 감사를 수행하였습니다."
    },
    {
      "sn": "dis100014sent62224680",
      "source_original": "우리가 입수한 감사증거가 감사의견을 위한 근거로서 충분하고 적합하다고 우리는 믿습니다."
    },
    {
      "sn": "dis100014sent62224681",
      "source_original": "기타사항"
    },
    {
      "sn": "dis100014sent62224683",
      "source_original": "재무제표에 대한 경영진과 지배기구의 책임"
    },
    {
      "sn": "dis100014sent62224684",
      "source_original": "경영진은 일반기업회계기준에 따라 이 재무제표를 작성하고 공정하게 표시할 책임이 있으며, 부정이나 오류로 인한 중요한 왜곡표시가 없는 재무제표를 작성하는데 필요하다고 결정한 내부통제에 대해서도 책임이 있습니다."
    },
    {
      "sn": "dis100014sent62224685",
      "source_original": "경영진은 재무제표를 작성할 때, 회사의 계속기업으로서의 존속능력을 평가하고 해당되는 경우, 계속기업 관련 사항을 공시할 책임이 있습니다."
    },
    {
      "sn": "dis100014sent62224686",
      "source_original": "그리고 경영진이 기업을 청산하거나 영업을 중단할 의도가 없는 한, 회계의 계속기업전제의 사용에 대해서도 책임이 있습니다."
    },
    {
      "sn": "dis100014sent62224687",
      "source_original": "지배기구는 회사의 재무보고절차의 감시에 대한 책임이 있습니다."
    },
    {
      "sn": "dis100014sent62224689",
      "source_original": "우리의 목적은 회사의 재무제표에 전체적으로 부정이나 오류로 인한 중요한 왜곡표시가 없는지에 대하여 합리적인 확신을 얻어 우리의 의견이 포함된 감사보고서를 발행하는데 있습니다."
    },
    {
      "sn": "dis100014sent62224690",
      "source_original": "합리적인 확신은 높은 수준의 확신을 의미하나, 감사기준에 따라 수행된 감사가 항상 중요한 왜곡표시를 발견한다는 것을 보장하지는 않습니다."
    },
    {
      "sn": "dis100014sent62224691",
      "source_original": "왜곡표시는 부정이나 오류로부터 발생할 수 있으며, 왜곡표시가 재무제표를 근거로 하는 이용자의 경제적 의사결정에 개별적으로 또는 집합적으로 영향을 미칠 것이 합리적으로 예상되면, 그 왜곡표시는 중요하다고 간주됩니다."
    },
    {
      "sn": "dis100014sent62224697",
      "source_original": "- 상황에 적합한 감사절차를 설계하기 위하여 감사와 관련된 내부통제를 이해합니다."
    },
    {
      "sn": "dis100014sent62224702",
      "source_original": "우리의 결론은 감사보고서일까지 입수된 감사증거에 기초하나, 미래의 사건이나 상황이 회사의 계속기업으로서 존속을 중단시킬 수 있습니다."
    },
    {
      "sn": "dis100014sent62224703",
      "source_original": "- 공시를 포함한 재무제표의 전반적인 표시와 구조 및 내용을 평가하고, 재무제표의 기초가 되는 거래와 사건을 재무제표가 공정한 방식으로 표시하고 있는지 여부를 평가합니다."
    },
    {
      "sn": "dis100014sent62224704",
      "source_original": "우리는 여러 가지 사항들 중에서 계획된 감사범위와 시기 그리고 감사 중 식별된 유의적 내부통제 미비점 등 유의적인 감사의 발견사항에 대하여 지배기구와 커뮤니케이션합니다."
    },
    {
      "sn": "dis100014sent62224705",
      "source_original": "서울특별시 강남구 테헤란로 77길 13"
    },
    {
      "sn": "dis100014sent62224706",
      "source_original": "한 미 회 계 법 인"
    },
    {
      "sn": "dis100014sent62224707",
      "source_original": "대 표 이 사 신 기 동"
    },
    {
      "sn": "dis100014sent62224708",
      "source_original": "이 독립된 감사인의 감사보고서는 감사보고서일"
    },
    {
      "sn": "dis100014sent62224711",
      "source_original": "(첨부)재 무 제 표"
    },
    {
      "sn": "dis100014sent62224713",
      "source_original": "제 11 기"
    },
    {
      "sn": "dis100014sent62224714",
      "source_original": "2020년 01월 01일"
    },
    {
      "sn": "dis100014sent62224716",
      "source_original": "\"첨부된 재무제표는 당사가 작성한 것입니다.\""
    },
    {
      "sn": "dis100014sent62224717",
      "source_original": "주식회사 신호인터내셔널 대표이사 이수호"
    },
    {
      "sn": "dis100014sent62224718",
      "source_original": "본점 소재지 :"
    },
    {
      "sn": "dis100014sent62224719",
      "source_original": "(도로명주소)"
    },
    {
      "sn": "dis100014sent62224720",
      "source_original": "서울특별시 강남구 테해란로 534"
    },
    {
      "sn": "dis100014sent62224721",
      "source_original": "(전 화)"
    },
    {
      "sn": "dis100014sent62224722",
      "source_original": "재 무 상 태 표"
    },
    {
      "sn": "dis100014sent62224724",
      "source_original": "제 11 기 2020년 12월 31일 현재"
    },
    {
      "sn": "dis100014sent62224726",
      "source_original": "과 목"
    },
    {
      "sn": "dis100014sent62224727",
      "source_original": "제 12(당) 기"
    },
    {
      "sn": "dis100014sent62224728",
      "source_original": "제11(전)기(감사받지 않은 재무제표)"
    },
    {
      "sn": "dis100014sent62224729",
      "source_original": "자 산"
    },
    {
      "sn": "dis100014sent62224730",
      "source_original": "Ⅰ.유동자산"
    },
    {
      "sn": "dis100014sent62224731",
      "source_original": "(1)당좌자산"
    },
    {
      "sn": "dis100014sent62224732",
      "source_original": "현금및현금성자산"
    },
    {
      "sn": "dis100014sent62224736",
      "source_original": "미수수익(주석 11)"
    },
    {
      "sn": "dis100014sent62224737",
      "source_original": "미수금(주석 11)"
    },
    {
      "sn": "dis100014sent62224738",
      "source_original": "선급금"
    },
    {
      "sn": "dis100014sent62224741",
      "source_original": "Ⅱ.비유동자산"
    },
    {
      "sn": "dis100014sent62224742",
      "source_original": "(1)투자자산"
    },
    {
      "sn": "dis100014sent62224748",
      "source_original": "감가상각누계액"
    },
    {
      "sn": "dis100014sent62224750",
      "source_original": "비품"
    },
    {
      "sn": "dis100014sent62224753",
      "source_original": "임차보증금"
    },
    {
      "sn": "dis100014sent62224755",
      "source_original": "자 산 총 계"
    },
    {
      "sn": "dis100014sent62224761",
      "source_original": "예수금"
    },
    {
      "sn": "dis100014sent62224765",
      "source_original": "임대보증금"
    },
    {
      "sn": "dis100014sent62224767",
      "source_original": "자 본"
    },
    {
      "sn": "dis100014sent62224768",
      "source_original": "Ⅰ.자본금(주석 7)"
    },
    {
      "sn": "dis100014sent62224769",
      "source_original": "보통주자본금"
    },
    {
      "sn": "dis100014sent62224772",
      "source_original": "미처분이익잉여금"
    },
    {
      "sn": "dis100014sent62224774",
      "source_original": "부 채 및 자 본 총 계"
    },
    {
      "sn": "dis100014sent62224775",
      "source_original": "\"첨부된 재무제표에 대한 주석은 본 재무제표의 일부입니다.\""
    },
    {
      "sn": "dis100014sent62224776",
      "source_original": "손 익 계 산 서"
    },
    {
      "sn": "dis100014sent62224778",
      "source_original": "제 11 기 2020년 1월 1일부터 2020년 12월 31일까지"
    },
    {
      "sn": "dis100014sent62224779",
      "source_original": "Ⅰ.매출액"
    },
    {
      "sn": "dis100014sent62224782",
      "source_original": "임대료수입(주석 11)"
    },
    {
      "sn": "dis100014sent62224783",
      "source_original": "Ⅱ.매출원가"
    },
    {
      "sn": "dis100014sent62224785",
      "source_original": "Ⅲ.매출총이익"
    },
    {
      "sn": "dis100014sent62224786",
      "source_original": "Ⅳ.판매비와관리비(주석14)"
    },
    {
      "sn": "dis100014sent62224787",
      "source_original": "임원급여"
    },
    {
      "sn": "dis100014sent62224790",
      "source_original": "퇴직급여"
    },
    {
      "sn": "dis100014sent62224791",
      "source_original": "복리후생비"
    },
    {
      "sn": "dis100014sent62224792",
      "source_original": "여비교통비"
    },
    {
      "sn": "dis100014sent62224796",
      "source_original": "감가상각비"
    },
    {
      "sn": "dis100014sent62224797",
      "source_original": "임차료"
    },
    {
      "sn": "dis100014sent62224799",
      "source_original": "보험료"
    },
    {
      "sn": "dis100014sent62224800",
      "source_original": "차량유지비"
    },
    {
      "sn": "dis100014sent62224803",
      "source_original": "도서인쇄비"
    },
    {
      "sn": "dis100014sent62224804",
      "source_original": "포장비"
    },
    {
      "sn": "dis100014sent62224805",
      "source_original": "소모품비"
    },
    {
      "sn": "dis100014sent62224806",
      "source_original": "지급수수료"
    },
    {
      "sn": "dis100014sent62224807",
      "source_original": "대손상각비"
    },
    {
      "sn": "dis100014sent62224809",
      "source_original": "수출제비용"
    },
    {
      "sn": "dis100014sent62224813",
      "source_original": "이자수익(주석 11)"
    },
    {
      "sn": "dis100014sent62224814",
      "source_original": "배당금수익"
    },
    {
      "sn": "dis100014sent62224819",
      "source_original": "잡이익"
    },
    {
      "sn": "dis100014sent62224820",
      "source_original": "Ⅶ.영업외비용"
    },
    {
      "sn": "dis100014sent62224824",
      "source_original": "유형자산처분손실"
    },
    {
      "sn": "dis100014sent62224825",
      "source_original": "투자자산처분손실"
    },
    {
      "sn": "dis100014sent62224827",
      "source_original": "Ⅷ.법인세차감전순이익"
    },
    {
      "sn": "dis100014sent62224828",
      "source_original": "Ⅸ.법인세비용"
    },
    {
      "sn": "dis100014sent62224829",
      "source_original": "법인세 등"
    },
    {
      "sn": "dis100014sent62224831",
      "source_original": "자 본 변 동 표"
    },
    {
      "sn": "dis100014sent62224832",
      "source_original": "제 11 기 2020년 1월 1일부터 2020년 12월 31일까지(감사받지 않은 재무제표)"
    },
    {
      "sn": "dis100014sent62224834",
      "source_original": "기타포괄"
    },
    {
      "sn": "dis100014sent62224835",
      "source_original": "손익누계액"
    },
    {
      "sn": "dis100014sent62224836",
      "source_original": "이 익"
    },
    {
      "sn": "dis100014sent62224839",
      "source_original": "2020.01.01(전기초)"
    },
    {
      "sn": "dis100014sent62224841",
      "source_original": "기타포괄이익(손실)"
    },
    {
      "sn": "dis100014sent62224845",
      "source_original": "2021.12.31(당기말)"
    },
    {
      "sn": "dis100014sent62224848",
      "source_original": "1. 당기순이익"
    },
    {
      "sn": "dis100014sent62224849",
      "source_original": "2. 현금의유출이없는비용등의가산"
    },
    {
      "sn": "dis100014sent62224850",
      "source_original": "3. 현금의유입이없는수익등의차감"
    },
    {
      "sn": "dis100014sent62224852",
      "source_original": "매출채권의 감소(증가)"
    },
    {
      "sn": "dis100014sent62224853",
      "source_original": "미수수익의 감소(증가)"
    },
    {
      "sn": "dis100014sent62224854",
      "source_original": "미수금의 감소(증가)"
    },
    {
      "sn": "dis100014sent62224855",
      "source_original": "선급금의 감소(증가)"
    },
    {
      "sn": "dis100014sent62224856",
      "source_original": "선급비용의 감소(증가)"
    },
    {
      "sn": "dis100014sent62224857",
      "source_original": "매입채무의 감소(증가)"
    },
    {
      "sn": "dis100014sent62224859",
      "source_original": "미지급비용의 증가(감소)"
    },
    {
      "sn": "dis100014sent62224861",
      "source_original": "미지급법인세의 증가(감소)"
    },
    {
      "sn": "dis100014sent62224862",
      "source_original": "Ⅱ. 투자활동으로 인한 현금흐름"
    },
    {
      "sn": "dis100014sent62224865",
      "source_original": "단기금융상품의 감소"
    },
    {
      "sn": "dis100014sent62224866",
      "source_original": "유형자산의 처분"
    },
    {
      "sn": "dis100014sent62224867",
      "source_original": "단기매매증권의 처분"
    },
    {
      "sn": "dis100014sent62224868",
      "source_original": "기타보증금의 감소"
    },
    {
      "sn": "dis100014sent62224869",
      "source_original": "2. 투자활동으로 인한 현금유출액"
    },
    {
      "sn": "dis100014sent62224870",
      "source_original": "단기매매증권의 취득"
    },
    {
      "sn": "dis100014sent62224872",
      "source_original": "유형자산의 취득"
    },
    {
      "sn": "dis100014sent62224873",
      "source_original": "단기대여금의 증가"
    },
    {
      "sn": "dis100014sent62224876",
      "source_original": "Ⅲ. 재무활동으로 인한 현금흐름"
    },
    {
      "sn": "dis100014sent62224877",
      "source_original": "1. 재무활동으로 인한 현금유입액"
    },
    {
      "sn": "dis100014sent62224878",
      "source_original": "단기차입금의 증가"
    },
    {
      "sn": "dis100014sent62224880",
      "source_original": "배당금의 지급"
    },
    {
      "sn": "dis100014sent62224884",
      "source_original": "Ⅵ. 기말의 현금"
    },
    {
      "sn": "dis100014sent62224885",
      "source_original": "\"첨부된 재무제표에 대한 주석은 본 재무제표의 일부입니다.\""
    },
    {
      "sn": "dis100014sent62224886",
      "source_original": "주석"
    },
    {
      "sn": "dis100014sent62224888",
      "source_original": "1.회사의 개요"
    },
    {
      "sn": "dis100014sent62224889",
      "source_original": "주식회사 신호인터내셔널(이하 \"회사\")은 2010년 2월 26일에 설립되었으며, 철강제품의 수출 및 수입을 사업의 주목적으로 하고 있습니다."
    },
    {
      "sn": "dis100014sent62224890",
      "source_original": "회사의 본점은 서울특별시 강남구 테헤란로 534에 소재하고 있습니다."
    },
    {
      "sn": "dis100014sent62224894",
      "source_original": "(단위: 주, 천원, %)"
    },
    {
      "sn": "dis100014sent62224896",
      "source_original": "주식수"
    },
    {
      "sn": "dis100014sent62224898",
      "source_original": "지분율"
    },
    {
      "sn": "dis100014sent62224899",
      "source_original": "이 수 호"
    },
    {
      "sn": "dis100014sent62224901",
      "source_original": "이 남 옥"
    },
    {
      "sn": "dis100014sent62224902",
      "source_original": "합 계"
    },
    {
      "sn": "dis100014sent62224904",
      "source_original": "회사의 재무제표는 일반기업회계기준에 따라 작성되었으며, 2021년 1월 1일 이후 최초로 시작하는 회계연도부터 적용되는 다음의 개정 기준서를 신규로 적용한 것을 제외하고는 전기재무제표 작성시 채택한 회계정책과 동일하게 적용되었습니다."
    },
    {
      "sn": "dis100014sent62224905",
      "source_original": "- 일반기업회계기준 제25장 '특수관계자 공시' (개정)"
    },
    {
      "sn": "dis100014sent62224906",
      "source_original": "개정된 기준은 주요 경영진 보상에 관한 공시 규정을 수정하여 주요 경영진 보상 총액과 분류별 금액에 관한 공시 모두가 생략 범위에 포함됨을 명확히 하였습니다."
    },
    {
      "sn": "dis100014sent62224910",
      "source_original": "(1) 금융상품"
    },
    {
      "sn": "dis100014sent62224912",
      "source_original": "금융자산이나 금융부채는 당사가 금융상품의 계약당사자가 되는 때에만 재무상태표에 인식하고, 최초 인식시 공정가치로 측정하며, 공정가치의 변동을 당기손익으로 인식하는 금융자산이나 금융부채가 아닌 경우 당해 금융자산(금융부채)의 취득(발행)과직접 관련되는 거래원가는 최초 인식하는 공정가치에 가산(차감)하고 있습니다."
    },
    {
      "sn": "dis100014sent62224913",
      "source_original": "최초 인식 후 금융자산이나 금융부채는 유가증권, 파생상품 및 당기손익인식지정항목을 제외하고 상각후원가로 측정하고 있습니다."
    },
    {
      "sn": "dis100014sent62224914",
      "source_original": "당사는 상각후원가로 측정하는 금융자산의 손상 발생에 대한 객관적인 증거가 있는지를 매 보고기간말에 평가하고, 그러한 증거가 있는 경우, 그러한 금융자산에 대한 손상차손의 인식, 측정 및 환입은 아래 유가증권의 손상에 대한 회계정책을 준용하여회계처리하고 있습니다."
    },
    {
      "sn": "dis100014sent62224916",
      "source_original": "유가증권을 제외한 금융자산의 양도의 경우에, 당사가 금융자산 양도후 양도자산에 대한 권리를 행사할 수 없고, 양도후에 효율적인 통제권을 행사할 수 없으며 양수인이 양수한 금융자산을 처분할 자유로운 권리가 있을 때에 한하여 금융자산을 제거하고 있으며, 이외의 경우에는 금융자산을 담보로 한 차입거래로 회계처리하고 있습니다."
    },
    {
      "sn": "dis100014sent62224919",
      "source_original": "만기가 확정된 채무증권으로서 상환금액이 확정되었거나 확정이 가능한 채무증권을 만기까지 보유할 적극적인 의도와 능력이 있는 경우에는 만기보유증권으로, 주로 단기간 내의 매매차익을 목적으로 취득한 유가증권은 단기매매증권으로, 그리고 단기매매증권이나 만기보유증권으로 분류되지 아니하는 유가증권은 매도가능증권으로 분류하고 있습니다."
    },
    {
      "sn": "dis100014sent62224921",
      "source_original": "후속 측정시"
    },
    {
      "sn": "dis100014sent62224923",
      "source_original": "상각후원가로"
    },
    {
      "sn": "dis100014sent62224924",
      "source_original": "평가하고, 만기보유증권의 만기액면금액과 취득원가의 차이를 상환기간에 걸쳐 유효이자율법에 의하여 상각하여 취득원가와 이자수익에 가감하고 있습니다."
    },
    {
      "sn": "dis100014sent62224926",
      "source_original": "다만, 매도가능증권중 시장성이 없는 지분증권의 공정가치를 신뢰성있게 측정할 수 없는 경우에는 취득원가로 평가하고 있습니다."
    },
    {
      "sn": "dis100014sent62224928",
      "source_original": "시장성 없는 지분증권에 대해서 공정가치로 평가한 경우 해당 출자지분가액에"
    },
    {
      "sn": "dis100014sent62224930",
      "source_original": "시장가격이 없는 채무증권의 경우에는 미래현금흐름을 합리적으로 추정하고, 공신력 있는 독립된 신용평가기관이 평가한 신용등급이 있는 경우에는 신용평가등급을 적절히 감안한 할인율을 사용하여 평가한 금액을 공정가치로하고 있습니다."
    },
    {
      "sn": "dis100014sent62224933",
      "source_original": "당사는 손상차손의 발생에 대한 객관적인 증거가 있는지 매 보고기간말마다 평가하여 유가증권의 회수가능액이 채무증권의 상각후원가 또는 지분증권의 취득원가보다 작은 경우에는 손상차손이 불필요하다는 명백한 반증이 없는 한 손상차손을 인식하여 당기손익에 반영하고 있습니다."
    },
    {
      "sn": "dis100014sent62224934",
      "source_original": "손상차손의 회복이 손상차손 인식 후에 발생한 사건과 객관적으로 관련되는 경우, 만기보유증권 또는 원가로 평가하는 매도가능증권의 경우 당초에 손상차손을 인식하지 않았다면 회복일 현재의 상각후원가(매도가능증권의 경우 취득원가)를 한도로 당기이익을 인식하며, 공정가치로 평가하는 매도가능증권의 경우에는 이전에 인식하였던 손상차손 금액을 한도로 하여 회복된 금액을 당기이익으로 인식하고 있습니다."
    },
    {
      "sn": "dis100014sent62224936",
      "source_original": "단기매매증권과 보고기간말로부터 1년 내에 만기가 도래하거나 매도 등에 의하여 처분할 것이 거의 확실한 매도가능증권과 보고기간말로부터 1년 내에 만기가 도래하는만기보유증권은 유동자산으로 분류하고 있습니다."
    },
    {
      "sn": "dis100014sent62224937",
      "source_original": "(2) 재고자산"
    },
    {
      "sn": "dis100014sent62224939",
      "source_original": "재고자산의 순실현가능가치(원재료는 현행대체원가)가 취득원가보다 하락한 경우 항목별로 저가법을 사용하여 장부금액을 결정하고 있습니다."
    },
    {
      "sn": "dis100014sent62224941",
      "source_original": "재고자산의 시가가 장부금액이하로 하락하여 발생한 평가손실은 재고자산의 차감계정으로 표시하고 매출원가에 가산하고 있으며, 이후 저가법의 적용에 따른 평가손실을 초래하였던 상황이 해소되어 새로운 시가가 장부금액보다 상승한 경우에는 최초의 장부금액을 초과하지 않는 범위 내에서 평가손실을 환입하고, 동 환입액은 매출원가에서 차감하고 있습니다.재고자산의 장부상수량과 실제 수량과의 차이에서 발생하는 감모손실의 경우 정상적으로 발생한 감모손실은 매출원가에 가산하고, 비정상적으로 발생한 감모손실은 영업외비용으로 분류하고 있습니다."
    },
    {
      "sn": "dis100014sent62224942",
      "source_original": "(3) 지분법적용투자주식"
    },
    {
      "sn": "dis100014sent62224943",
      "source_original": "지분법적용투자주식은 최초의 취득원가로 인식하며, 지분법을 적용하여 회계처리합니다."
    },
    {
      "sn": "dis100014sent62224945",
      "source_original": "취득 후 누적변동액은 투자금액의 장부금액에서 조정합니다."
    },
    {
      "sn": "dis100014sent62224946",
      "source_original": "당사는 매보고기간마다 관계회사 투자에 대한 객관적인 손상의 징후가 있는지를 결정하여야 합니다."
    },
    {
      "sn": "dis100014sent62224949",
      "source_original": "당사는 유형자산의 취득원가 산정시, 당해 자산의 제작원가 또는 구입원가 및 경영진이 의도하는 방식으로 가동하는데 필요한 장소와 상태에 이르게 하는 데 직접 관련되는 원가를 가산하고 있습니다."
    },
    {
      "sn": "dis100014sent62224951",
      "source_original": "하고,"
    },
    {
      "sn": "dis100014sent62224952",
      "source_original": "동일한 업종 내에서 유사한 용도로 사용되고 공정가치가 비슷한 동종자산과의 교환으로 받은 유형자산의 취득원가는 교환으로 제공한 자산의 장부금액으로 인식합니다."
    },
    {
      "sn": "dis100014sent62224953",
      "source_original": "한편, 다른 종류의 자산과의 교환으로 취득한 자산의 취득원가는 교환을 위하여 제공한 자산의 공정가치로 측정하고, 제공한 자산의 공정가치가 불확실한 경우에는 교환으로 취득한 자산의 공정가치로 측정하고 있습니다."
    },
    {
      "sn": "dis100014sent62224956",
      "source_original": "유형자산은 자산이 사용가능한 때부터 상각하고 있습니다."
    },
    {
      "sn": "dis100014sent62224958",
      "source_original": "추정내용연수"
    },
    {
      "sn": "dis100014sent62224959",
      "source_original": "감가상각방법"
    },
    {
      "sn": "dis100014sent62224960",
      "source_original": "40년"
    },
    {
      "sn": "dis100014sent62224961",
      "source_original": "정액법"
    },
    {
      "sn": "dis100014sent62224962",
      "source_original": "5년"
    },
    {
      "sn": "dis100014sent62224963",
      "source_original": "정률법"
    },
    {
      "sn": "dis100014sent62224965",
      "source_original": "한편, 유형자산의 재평가와 관련하여 인식한 기타포괄손익의 잔액이 있을 경우 당해 유형자산을 처분할 때 당기손익으로 인식하고 있습니다."
    },
    {
      "sn": "dis100014sent62224967",
      "source_original": "무형자산의 취득원가는 구입원가와 자산을 사용할 수 있도록 준비하는데 직접 관련된 지출로 구성되어 있습니다."
    },
    {
      "sn": "dis100014sent62224968",
      "source_original": "회사는 취득한 회원권은 감가상각하고 있지 않으며, 개별 자산이나 현금창출단위의 회수가능액이 장부금액에 미달하는 경우 자산의 장부금액을 감소시키며 이러한 장부금액의 감소는 손상차손(당기손익)으로 인식하고 있습니다."
    },
    {
      "sn": "dis100014sent62224969",
      "source_original": "(6) 리스"
    },
    {
      "sn": "dis100014sent62224972",
      "source_original": "또한 최소리스료의 지급은 리스부채의 원금상환액과 리스이자비용으로 구분하고, 리스이자비용은 유효이자율법에 의하여 배분하고 있습니다."
    },
    {
      "sn": "dis100014sent62224973",
      "source_original": "운용리스의 경우에는 최소리스료를 리스기간에 걸쳐 균등하게 배분한 금액을 비용으로 계상하고 있습니다."
    },
    {
      "sn": "dis100014sent62224974",
      "source_original": "(7) 충당부채, 우발부채 및 우발자산"
    },
    {
      "sn": "dis100014sent62224977",
      "source_original": "2) 우발부채"
    },
    {
      "sn": "dis100014sent62224978",
      "source_original": "당사는 다음의 경우를 우발부채로 보아 부채로 인식하지 않고 있습니다."
    },
    {
      "sn": "dis100014sent62224979",
      "source_original": "① 과거사건은 발생하였으나 기업이 전적으로 통제할 수 없는 하나 또는 그 이상의 불확실한 미래사건의 발생 여부에 의하여서만 그 존재여부가 확인되는 잠재적인 의무인 경우"
    },
    {
      "sn": "dis100014sent62224987",
      "source_original": "수익은 재화의 판매, 용역의 제공이나 자산의 사용에 대하여 받았거나 또는 받을 대가 (이하 \"판매대가\"라 한다)의 공정가치로 측정하며 판매자에 의해 제공된 매출에누리와 할인 및 환입은 수익에서 차감하고 있습니다."
    },
    {
      "sn": "dis100014sent62224990",
      "source_original": "2) 용역의 제공"
    },
    {
      "sn": "dis100014sent62224991",
      "source_original": "수익금액을 신뢰성 있게 측정할 수 있고, 거래와 관련된 경제적효익의 유입가능성이 높으며, 보고기간말에 그 거래의 진행률을 신뢰성 있게 측정할 수 있고, 이미 발생한 원가 및 거래의 완료를 위한 원가를 신뢰성 있게 측정할 수 있을 때 용역제공거래의 결과를 신뢰성 있게 추정할 수 있는 것으로 보아 보고기간말에 그 거래의 진행률에 따라 용역의 제공으로 인한 수익을 인식하고 있습니다."
    },
    {
      "sn": "dis100014sent62224994",
      "source_original": "자산을 타인에게 사용하게 함으로써 창출되는 이자수익, 로열티수익 및 배당수익은거래와 관련된 경제적효익의 유입가능성이 높으며, 수익금액을 신뢰성 있게 측정할 수 있을 때 수익을 인식하며, 이자수익은 원칙적으로 유효이자율법으로 인식하고, 로열티수익은 관련된 계약의 경제적 실질을 반영하여 발생기준에 따라 인식하며, 배당수익은 주주로서 배당을 받을 권리와 금액이 확정되는 시점에 수익을 인식하고 있습니다."
    },
    {
      "sn": "dis100014sent62224995",
      "source_original": "(10) 자산손상"
    },
    {
      "sn": "dis100014sent62224996",
      "source_original": "금융자산, 건설형공사계약에서 발생한 자산, 재고자산, 이연법인세자산, 및 중단사업에 속하는 자산을 제외한 당사의 모든 자산에 대해서는 매 보고기간말마다 자산손상을 시사하는 징후가 있는지를 검토하며, 만약 그러한 징후가 있다면 당해자산의 회수가능액을 추정하고 있습니다."
    },
    {
      "sn": "dis100014sent62224997",
      "source_original": "또한, 아직 사용할 수 없는 무형자산에 대해서는 자산손상을 시사하는 징후와 관계없이 매년 회수가능액과 장부금액을 비교하여 손상검사를 하고 있습니다."
    },
    {
      "sn": "dis100014sent62224998",
      "source_original": "회수가능가액은 개별자산별로 추정합니다."
    },
    {
      "sn": "dis100014sent62224999",
      "source_original": "만약, 개별 자산의 회수가능액을 추정할 수 없다면 그 자산이 속하는 현금창출단위별로 회수가능액을 추정하고 있습니다."
    },
    {
      "sn": "dis100014sent62225002",
      "source_original": "개별 자산이나 현금창출단위의회수가능액이 장부금액에 미달하는 경우 자산의 장부금액을 감소시키며 이러한 장부금액의 감소는 손상차손(당기손익)으로 인식하고 있습니다."
    },
    {
      "sn": "dis100014sent62225007",
      "source_original": "2) 연차유급휴가"
    },
    {
      "sn": "dis100014sent62225012",
      "source_original": "당기말 및 전기말 현재 당사의 매도가능증권의 평가 내역은 다음과 같습니다."
    },
    {
      "sn": "dis100014sent62225015",
      "source_original": "회사(종목명)"
    },
    {
      "sn": "dis100014sent62225016",
      "source_original": "주식수(주)"
    },
    {
      "sn": "dis100014sent62225017",
      "source_original": "취득원가"
    },
    {
      "sn": "dis100014sent62225018",
      "source_original": "공정가치"
    },
    {
      "sn": "dis100014sent62225021",
      "source_original": "이오테크닉스"
    },
    {
      "sn": "dis100014sent62225022",
      "source_original": "신라젠"
    },
    {
      "sn": "dis100014sent62225023",
      "source_original": "SK하이닉스"
    },
    {
      "sn": "dis100014sent62225026",
      "source_original": "(전기말)"
    },
    {
      "sn": "dis100014sent62225028",
      "source_original": "지분법피투자기업에 대한 지분율 현황 등은 다음과 같습니다."
    },
    {
      "sn": "dis100014sent62225030",
      "source_original": "회사명"
    },
    {
      "sn": "dis100014sent62225031",
      "source_original": "지분율"
    },
    {
      "sn": "dis100014sent62225032",
      "source_original": "피투자회사순자산"
    },
    {
      "sn": "dis100014sent62225033",
      "source_original": "당사지분액"
    },
    {
      "sn": "dis100014sent62225034",
      "source_original": "주식회사 신호"
    },
    {
      "sn": "dis100014sent62225035",
      "source_original": "신호정보기술"
    },
    {
      "sn": "dis100014sent62225037",
      "source_original": "기초"
    },
    {
      "sn": "dis100014sent62225041",
      "source_original": "기말"
    },
    {
      "sn": "dis100014sent62225043",
      "source_original": "자산"
    },
    {
      "sn": "dis100014sent62225044",
      "source_original": "부채"
    },
    {
      "sn": "dis100014sent62225045",
      "source_original": "순자산"
    },
    {
      "sn": "dis100014sent62225046",
      "source_original": "매출"
    },
    {
      "sn": "dis100014sent62225050",
      "source_original": "(1) 당기"
    },
    {
      "sn": "dis100014sent62225053",
      "source_original": "처분"
    },
    {
      "sn": "dis100014sent62225054",
      "source_original": "(2) 전기"
    },
    {
      "sn": "dis100014sent62225055",
      "source_original": "6. 장단기차입금"
    },
    {
      "sn": "dis100014sent62225056",
      "source_original": "(1) 당기말 현재 당사의 단기차입금 내역은 다음과 같습니다."
    },
    {
      "sn": "dis100014sent62225057",
      "source_original": "차입처"
    },
    {
      "sn": "dis100014sent62225061",
      "source_original": "단기차입금"
    },
    {
      "sn": "dis100014sent62225062",
      "source_original": "신한은행"
    },
    {
      "sn": "dis100014sent62225063",
      "source_original": "기업운영대출"
    },
    {
      "sn": "dis100014sent62225064",
      "source_original": "(2) 전기말 현재 당사의 단기차입금 내역은 다음과 같습니다."
    },
    {
      "sn": "dis100014sent62225066",
      "source_original": "기업우대대출"
    },
    {
      "sn": "dis100014sent62225067",
      "source_original": "(3) 회사의 당기말 현재 단기차입금과 관련하여 회사건물 및 대표이사 소유 부동산을 담보로 제공하고 있습니다."
    },
    {
      "sn": "dis100014sent62225069",
      "source_original": "(1) 당사가 발행할 주식의 총수, 발행한 주식의 수 및 1주당 금액은 각각 10,000,000주, 300,000주 및 5,000원 입니다."
    },
    {
      "sn": "dis100014sent62225070",
      "source_original": "(2) 당사의 자본금의 변동내역은 다음과 같습니다."
    },
    {
      "sn": "dis100014sent62225071",
      "source_original": "일자"
    },
    {
      "sn": "dis100014sent62225074",
      "source_original": "자본금"
    },
    {
      "sn": "dis100014sent62225077",
      "source_original": "8. 이익잉여금처분계산서"
    },
    {
      "sn": "dis100014sent62225078",
      "source_original": "당기말 및 전기말의 이익잉여금처분계산서는 다음과 같습니다."
    },
    {
      "sn": "dis100014sent62225079",
      "source_original": "구 분"
    },
    {
      "sn": "dis100014sent62225080",
      "source_original": "처분예정일: 2022년 3월 31일"
    },
    {
      "sn": "dis100014sent62225082",
      "source_original": "Ⅰ.미처분이익잉여금"
    },
    {
      "sn": "dis100014sent62225083",
      "source_original": "전기이월미처분이익잉여금(결손금)"
    },
    {
      "sn": "dis100014sent62225087",
      "source_original": "Ⅲ.차기이월미처분이익잉여금"
    },
    {
      "sn": "dis100014sent62225091",
      "source_original": "전 기"
    },
    {
      "sn": "dis100014sent62225093",
      "source_original": "매도가능증권평가이익(손실)"
    },
    {
      "sn": "dis100014sent62225096",
      "source_original": "(1) 당기말 현재 담보로 제공된 당사의 자산은 다음과 같습니다(단위: 천원)."
    },
    {
      "sn": "dis100014sent62225097",
      "source_original": "거래처"
    },
    {
      "sn": "dis100014sent62225099",
      "source_original": "감정금액"
    },
    {
      "sn": "dis100014sent62225102",
      "source_original": "우리은행"
    },
    {
      "sn": "dis100014sent62225105",
      "source_original": "금융기관"
    },
    {
      "sn": "dis100014sent62225107",
      "source_original": "내용"
    },
    {
      "sn": "dis100014sent62225108",
      "source_original": "신용보증기금"
    },
    {
      "sn": "dis100014sent62225110",
      "source_original": "대표이사"
    },
    {
      "sn": "dis100014sent62225111",
      "source_original": "연대보증"
    },
    {
      "sn": "dis100014sent62225112",
      "source_original": "담보(아파트)"
    },
    {
      "sn": "dis100014sent62225113",
      "source_original": "11. 특수관계자"
    },
    {
      "sn": "dis100014sent62225115",
      "source_original": "특수관계자구분"
    },
    {
      "sn": "dis100014sent62225116",
      "source_original": "관계기업"
    },
    {
      "sn": "dis100014sent62225117",
      "source_original": "㈜신호"
    },
    {
      "sn": "dis100014sent62225118",
      "source_original": "㈜신호정보기술"
    },
    {
      "sn": "dis100014sent62225119",
      "source_original": "주요경영진"
    },
    {
      "sn": "dis100014sent62225121",
      "source_original": "(2) 당기말 및 전기말 현재 특수관계자에게 대한 채권·채무내역은 다음과 같습니다(단위: 천원)."
    },
    {
      "sn": "dis100014sent62225122",
      "source_original": "특수관계"
    },
    {
      "sn": "dis100014sent62225123",
      "source_original": "전기말"
    },
    {
      "sn": "dis100014sent62225125",
      "source_original": "단기대여금"
    },
    {
      "sn": "dis100014sent62225126",
      "source_original": "미수금"
    },
    {
      "sn": "dis100014sent62225130",
      "source_original": "임대료수입"
    },
    {
      "sn": "dis100014sent62225131",
      "source_original": "(4) 당기 중 특수관계자와의 자금거래 내역은 다음과 같습니다(단위: 천원)."
    },
    {
      "sn": "dis100014sent62225132",
      "source_original": "특관자구분"
    },
    {
      "sn": "dis100014sent62225133",
      "source_original": "대여"
    },
    {
      "sn": "dis100014sent62225135",
      "source_original": "12. 우발부채와 약정사항"
    },
    {
      "sn": "dis100014sent62225137",
      "source_original": "약정한도액"
    },
    {
      "sn": "dis100014sent62225139",
      "source_original": "대출한도"
    },
    {
      "sn": "dis100014sent62225140",
      "source_original": "무역금융한도"
    },
    {
      "sn": "dis100014sent62225142",
      "source_original": "(1) 유동성위험 관리 방법"
    },
    {
      "sn": "dis100014sent62225145",
      "source_original": "당사는 부채 상환을 포함하여, 60일에 대한 예상 운영비용을 충당할 수 있는 충분한 요구불예금을 보유하고 있다고 확신하고 있습니다."
    },
    {
      "sn": "dis100014sent62225147",
      "source_original": "(2) 당기말 현재 주요 금융부채의 계약상 만기는 다음과 같습니다."
    },
    {
      "sn": "dis100014sent62225148",
      "source_original": "6개월이내"
    },
    {
      "sn": "dis100014sent62225149",
      "source_original": "6-12개월"
    },
    {
      "sn": "dis100014sent62225150",
      "source_original": "1-2년"
    },
    {
      "sn": "dis100014sent62225153",
      "source_original": "미지급금"
    },
    {
      "sn": "dis100014sent62225154",
      "source_original": "미지급세금"
    },
    {
      "sn": "dis100014sent62225156",
      "source_original": "14. 부가가치 관련자료"
    },
    {
      "sn": "dis100014sent62225159",
      "source_original": "당기"
    },
    {
      "sn": "dis100014sent62225160",
      "source_original": "전기"
    },
    {
      "sn": "dis100014sent62225161",
      "source_original": "급 여"
    },
    {
      "sn": "dis100014sent62225163",
      "source_original": "상 여 금"
    },
    {
      "sn": "dis100014sent62225164",
      "source_original": "퇴 직 급 여"
    },
    {
      "sn": "dis100014sent62225166",
      "source_original": "세금과공과"
    },
    {
      "sn": "dis100014sent62225172",
      "source_original": "1. 감사대상업무"
    },
    {
      "sn": "dis100014sent62225175",
      "source_original": "2. 감사참여자 구분별 인원수 및 감사시간"
    },
    {
      "sn": "dis100014sent62225176",
      "source_original": "(단위 : 명, 시간)"
    },
    {
      "sn": "dis100014sent62225178",
      "source_original": "인원수 및 시간"
    },
    {
      "sn": "dis100014sent62225179",
      "source_original": "품질관리"
    },
    {
      "sn": "dis100014sent62225185",
      "source_original": "등 전문가"
    },
    {
      "sn": "dis100014sent62225186",
      "source_original": "건설계약 등"
    },
    {
      "sn": "dis100014sent62225187",
      "source_original": "수주산업"
    },
    {
      "sn": "dis100014sent62225188",
      "source_original": "전문가"
    },
    {
      "sn": "dis100014sent62225189",
      "source_original": "담당이사"
    },
    {
      "sn": "dis100014sent62225190",
      "source_original": "(업무수행이사)"
    },
    {
      "sn": "dis100014sent62225191",
      "source_original": "등록"
    },
    {
      "sn": "dis100014sent62225194",
      "source_original": "투입 인원수"
    },
    {
      "sn": "dis100014sent62225196",
      "source_original": "분ㆍ반기검토"
    },
    {
      "sn": "dis100014sent62225197",
      "source_original": "감사"
    },
    {
      "sn": "dis100014sent62225198",
      "source_original": "3. 주요 감사실시내용"
    },
    {
      "sn": "dis100014sent62225207",
      "source_original": "주요 감사업무 수행내용"
    },
    {
      "sn": "dis100014sent62225211",
      "source_original": "중간감사"
    },
    {
      "sn": "dis100014sent62225214",
      "source_original": "실사(입회)시기"
    },
    {
      "sn": "dis100014sent62225215",
      "source_original": "실사(입회)장소"
    },
    {
      "sn": "dis100014sent62225216",
      "source_original": "실사(입회)대상"
    },
    {
      "sn": "dis100014sent62225218",
      "source_original": "외부조회"
    },
    {
      "sn": "dis100014sent62225219",
      "source_original": "금융거래조회"
    },
    {
      "sn": "dis100014sent62225223",
      "source_original": "지배기구와의"
    },
    {
      "sn": "dis100014sent62225229",
      "source_original": "4. 감사(감사위원회)와의 커뮤니케이션"
    },
    {
      "sn": "dis100014sent62225231",
      "source_original": "방식"
    },
    {
      "sn": "dis100014sent62225234",
      "source_original": "감사, 감사인"
    },
    {
      "sn": "dis100014sent62225238",
      "source_original": "기말감사 이슈 논의"
    }
  ]
}