{
  "meta": {
    "doc_no": "dis221185",
    "domain": "금융",
    "category": "공시정보",
    "license": "open",
    "source_language": "ko",
    "target_language": "en"
  },
  "doc_info": {
    "source": "금융감독원",
    "dis_no": 20211029000106,
    "doc_name": "동일인등출자계열회사와의상품ㆍ용역거래변경",
    "com_name": "(주)신세계엘앤비",
    "date": 20211029
  },
  "sents": [
    {
      "sn": "dis221185sent138826028",
      "source_original": "동일인 등 출자 계열회사와의 상품ㆍ용역 거래금액 변경' 분기합계액 공시 매출액이 20%이상 감소되어 변경 공시함.",
      "source_cleaned": "동일인 등 출자 계열회사와의 상품ㆍ용역 거래금액 변경' 분기합계액 공시 매출액이 20%이상 감소되어 변경 공시한다.",
      "mt": "Change of the transaction amount of goods and services with subsidiaries invested by the same person, etc. The quarterly total amount disclosure sales decrease by more than 20%, and the change is disclosed.",
      "mtpe": "The revised disclosure is made due to a decrease of more than 20% in the total quarterly disclosed sales, regarding the change in the transaction amount of goods and services with subsidiaries invested by the same person or related parties."
    }
  ]
}