{
  "meta": {
    "doc_no": "dis221147",
    "domain": "금융",
    "category": "공시정보",
    "license": "open",
    "source_language": "ko",
    "target_language": "en"
  },
  "doc_info": {
    "source": "금융감독원",
    "dis_no": 20211029000175,
    "doc_name": "일괄신고추가서류(파생결합사채-주가연계파생결합사채)",
    "com_name": "메리츠증권주식회사",
    "date": 20211029
  },
  "sents": [
    {
      "sn": "dis221147sent138805274",
      "source_original": "기초자산의 만기평가가격이 최초기준가격의 200.00% 미만인 경우, 발행인은 본 증권의 보유자에게 액면금액의 [100%+(1.60%×n/365)]를 지급합니다.",
      "source_cleaned": "기초자산의 만기평가가격이 최초기준가격의 200.00% 미만인 경우, 발행인은 본 증권의 보유자에게 액면금액의 [100%+(1.60%×n/365)]를 지급합니다.",
      "mt": "If the maturity valuation of the underlying asset is less than 200.00% of the initial base price, the issuer will pay the holder of this security the face value [100%+(1.60%×n/365)].",
      "mtpe": "If the maturity valuation of the underlying asset is less than 200.00% of the initial base price, the issuer will pay the holder of this security an amount equal to the face value (100% + [1.60% × n/365])."
    }
  ]
}