{
  "meta": {
    "doc_no": "dis221093",
    "domain": "금융",
    "category": "공시정보",
    "license": "open",
    "source_language": "ko",
    "target_language": "en"
  },
  "doc_info": {
    "source": "금융감독원",
    "dis_no": 20211029000237,
    "doc_name": "일괄신고추가서류(파생결합증권-주가연계증권)",
    "com_name": "삼성증권",
    "date": 20211029
  },
  "sents": [
    {
      "sn": "dis221093sent138773839",
      "source_original": "<1> 상기 자동조기상환 이행의무가 발생하지 않은 경우 기초자산의 최종기준가격이 만기행사가격보다 크거나 같게 되면, 발행회사는 [액면가액 x (100% + [14.88%])]를 만기상환금액으로 지급합니다.",
      "source_cleaned": "상기 자동조기상환 이행의무가 발생하지 않은 경우 기초자산의 최종기준가격이 만기행사가격보다 크거나 같게 되면, 발행회사는 [액면가액 x (100% + [14.88%])]를 만기상환금액으로 지급합니다.",
      "mt": "If the obligation to perform the automatic early repayment above does not occur, and the final base price of the underlying asset is greater than or equal to the maturity exercise price, the issuing company pays [par value x (100% + [14.88%])] as the maturity repayment amount.",
      "mtpe": "If the obligation to carry out the aforementioned automatic early repayment does not arise, and the final benchmark price of the underlying asset is equal to or greater than the maturity exercise price, the issuing company will pay the maturity repayment amount as (par value × [100% + {14.88%}])."
    }
  ]
}