{
  "meta": {
    "doc_no": "dis221221",
    "domain": "금융",
    "category": "공시정보",
    "license": "open",
    "source_language": "ko",
    "target_language": "en"
  },
  "doc_info": {
    "source": "금융감독원",
    "dis_no": 20211029000059,
    "doc_name": "투자설명서(집합투자증권)",
    "com_name": "한화자산운용",
    "date": 20211029
  },
  "sents": [
    {
      "sn": "dis221221sent138842645",
      "source_original": "이 투자설명서는 한화 Lifeplus TDF 2050 증권 투자신탁(혼합-재간접형)에 대한 자세한 내용을 담고 있습니다.",
      "source_cleaned": "이 투자설명서는 한화 Lifeplus TDF 2050 증권 투자신탁(혼합-재간접형)에 대한 자세한 내용을 담고 있습니다.",
      "mt": "This investment manual contains details on Hanwha Lifeplus TDF 2050 Securities Investment Trust (mixed-re-indirect).",
      "mtpe": "This investment prospectus contains detailed information about Hanwha Lifeplus TDF 2050 Securities Investment Trust (mixed-re-indirect type)."
    }
  ]
}