{
  "meta": {
    "doc_no": "dis221084",
    "domain": "금융",
    "category": "공시정보",
    "license": "open",
    "source_language": "ko",
    "target_language": "en"
  },
  "doc_info": {
    "source": "금융감독원",
    "dis_no": 20211029000246,
    "doc_name": "동일인등출자계열회사와의상품ㆍ용역거래변경",
    "com_name": "(주)영풍이앤이",
    "date": 20211029
  },
  "sents": [
    {
      "sn": "dis221084sent138771969",
      "source_original": "- 동일인 등 출자 계열회사와의 상품ㆍ용역 거래금액의 분기합계액이 최초 공시 매출액의 20% 이상 초과되어 이사회의결 후 공시함.",
      "source_cleaned": "동일인 등 출자 계열회사와의 상품ㆍ용역 거래금액의 분기합계액이 최초 공시 매출액의 20% 이상 초과되어 이사회의결 후 공시한다.",
      "mt": "The quarterly total amount of transactions of goods and services with subsidiaries invested by the same person, etc. exceeds 20% or more of the initial public sale, and it is disclosed after a resolution of the board of directors.",
      "mtpe": "After the board of directors' resolution, the total quarterly amount of transactions for goods and services with subsidiaries invested by the same individual or related parties exceeds 20% of the initial public sales and will be disclosed."
    }
  ]
}