{
  "meta": {
    "doc_no": "paper13989",
    "domain": "금융",
    "category": "학술논문",
    "license": "open",
    "source_language": "ko",
    "target_language": "ja"
  },
  "doc_info": {
    "source": "법조협회",
    "journal_name": "법조",
    "vol_info": "2009, vol.58,no.7, 통권 634호pp. 134-169 (36 pages)",
    "doi": "10.17007/klaj.2009.58.7.004",
    "title": "자본시장법상 인수인과 ｢상속세 및 증여세법｣ 제40조 제1항의 해석  - 대법원 2019. 5. 30. 선고 2017두49560 판결 및 대법원 2019. 4. 11. 선고 2017두55268 판결을 중심으로 -",
    "date": 202304
  },
  "sents": [
    {
      "page": 20,
      "sn": "paper13989sent154438",
      "source_original": "위에서 보았듯이 개정 조항의 문구와 입법 자 료는 ‘금융위원회 인가를 받지 않았더라도 제3자 취득 목적으로 자본시장법상 인수행위를 한 자’를 상 증세법 제40조 제1항의 적용 대상으로 명확히 정하였기 때문이다.",
      "source_cleaned": "위에서 보았듯이 개정 조항의 문구와 입법 자 료는 ‘금융위원회 인가를 받지 않았더라도 제3자 취득 목적으로 자본시장법상 인수행위를 한 자’를 상 증세법 제40조 제1항의 적용 대상으로 명확히 정하였기 때문이다.",
      "mt": "上で見たように改正条項の文句と立法者料は「金融委員会認可を受けなくても第3者取得目的で資本市場法上の買収行為をした者」を商増税法第40条第1項の適用対象に明確に定めたためだ。",
      "mtpe": "上で見たように改正条項の文句と立法資料は「金融委員会認可を受けなくても第3者取得目的で資本市場法上の買収行為をした者」を常増税法第40条第1項の適用対象に明確に定めたためだ。"
    },
    {
      "page": 20,
      "sn": "paper13989sent154441",
      "source_original": "이는 주요 주주의 경영권을 유지함과 동시에 도덕적 해이를 막기 위한 법적 장치이다.",
      "source_cleaned": "이는 주요 주주의 경영권을 유지함과 동시에 도덕적 해이를 막기 위한 법적 장치이다.",
      "mt": "これは主要株主の経営権を維持すると同時にモラルハザードを防ぐための法的装置だ。",
      "mtpe": "これは主要株主の経営権を維持すると同時にモラルハザードを防ぐための法的装置だ。"
    },
    {
      "page": 20,
      "sn": "paper13989sent154431",
      "source_original": "게다가 제3자 취득 목적은 여전히 자본시장법상 인수인의 핵심 요 건이자, 2016년 개정 상증세법 제40조 제1항에 관한 과세요건이다.",
      "source_cleaned": "제3자 취득 목적은 여전히 자본시장법상 인수인의 핵심 요 건이자, 2016년 개정 상증세법 제40조 제1항에 관한 과세요건이다.",
      "mt": "第3者取得の目的は、依然として資本市場法上の買収人の核心要件であり、2016年改正相増税法第40条第1項に関する課税要件だ。",
      "mtpe": "第3者取得の目的は、依然として資本市場法上の買収人の核心要件であり、2016年改正常増税法第40条第1項に関する課税要件だ。"
    }
  ]
}