{
  "meta": {
    "doc_no": "paper139880",
    "domain": "금융",
    "category": "학술논문",
    "license": "open",
    "source_language": "ko",
    "target_language": "ja"
  },
  "doc_info": {
    "source": "한국무역보험학회",
    "journal_name": "무역금융보험연구",
    "vol_info": "2019, vol.20,no.3, pp. 1-25 (25 pages)",
    "doi": "10.22875/jiti.2019.20.3.001",
    "title": "수출중소기업의 대금 결제방식 변화에 따른 리스크 관리에 관한 연구",
    "date": 201803
  },
  "sents": [
    {
      "page": 8,
      "sn": "paper139880sent1425362",
      "source_original": "4) 수출거래형태 및 거래시장 환경변화 수출거래형태에 따라 대금결제방식이 변화의 요인이 될 수도 있다.",
      "source_cleaned": "수출거래형태 및 거래시장 환경변화 수출거래형태에 따라 대금결제방식이 변화의 요인이 될 수도 있다.",
      "mt": "輸出取引の形態と取引市場の環境変化、輸出取引の形態によって、代金決済方式が変化の要因になることもありうる。",
      "mtpe": "輸出取引の形態と取引市場の環境変化、輸出取引の形態によって、代金決済の方式が変化の要因になることもありうる。"
    },
    {
      "page": 8,
      "sn": "paper139880sent1425356",
      "source_original": "신용장방식에 의한 거래의 경우에 서류의 불일치에 따른 비용과 인력의 소 모가 많고, 신용장의 발행과 매입에 따르는 부대비용도 적지 않아서 이에 따른 신용장거래의 비효율성이 지적되고 있다.",
      "source_cleaned": "신용장방식에 의한 거래의 경우에 서류의 불일치에 따른 비용과 인력의 소 모가 많고, 신용장의 발행과 매입에 따르는 부대비용도 적지 않아서 이에 따른 신용장거래의 비효율성이 지적되고 있다.",
      "mt": "信用状方式による取引の場合、書類の不一致による費用と人材の牛の毛が多く、信用状の発行と買入にともなう付帯費用も少なくなく、これにともなう信用状取引の非効率性が指摘されている。",
      "mtpe": "信用状方式による取引の場合、書類の不一致による費用と人材の消耗が多く、信用状の発行と買入にともなう付帯費用も少なくなく、これにともなう信用状取引の非効率性が指摘されている。"
    },
    {
      "page": 8,
      "sn": "paper139880sent1425361",
      "source_original": "직접수출 의 경우 거래상대방의 신용위험을 고려하여 신용장방식을 사용하는 것이 안전 하지만 본·지사간의 거래에는 신용위험이 낮기 때문에 거래비용의 절감을 위 해 무신용장방식을 선호하고 있는 것을 볼 수 있다.",
      "source_cleaned": "직접수출 의 경우 거래상대방의 신용위험을 고려하여 신용장방식을 사용하는 것이 안전 하지만 본·지사간의 거래에는 신용위험이 낮기 때문에 거래비용의 절감을 위 해 무신용장방식을 선호하고 있는 것을 볼 수 있다.",
      "mt": "直接輸出の場合、取引相手の信用危険を考慮して信用状方式を使うことが安全だが、本・支社間の取引には信用危険が低いために取引費用の節減のため、無信用状方式を好んでいることが分かる。",
      "mtpe": "直接輸出の場合、取引相手の信用危険を考慮して信用状方式を使うことが安全だが、本・支社間の取引には信用危険が低いために取引費用の節減のために無信用状方式を好んでいることが分かる。"
    }
  ]
}