{
  "meta": {
    "doc_no": "paper139889",
    "domain": "금융",
    "category": "학술논문",
    "license": "open",
    "source_language": "ko",
    "target_language": "ja"
  },
  "doc_info": {
    "source": "한국무역보험학회",
    "journal_name": "무역금융보험연구",
    "vol_info": "2019, vol.20,no.3, pp. 1-25 (25 pages)",
    "doi": "10.22875/jiti.2019.20.3.001",
    "title": "수출중소기업의 대금 결제방식 변화에 따른 리스크 관리에 관한 연구",
    "date": 201803
  },
  "sents": [
    {
      "page": 17,
      "sn": "paper139889sent1425421",
      "source_original": "이를 근본적으로 해결하고 중소기업의 결제방식의 합리적 선택과 제기된 문제점을 바탕으로 제안하는 수출대금결제 의 리스크관리 방안은 다음과 같다.",
      "source_cleaned": "이를 근본적으로 해결하고 중소기업의 결제방식의 합리적 선택과 제기된 문제점을 바탕으로 제안하는 수출대금결제 의 리스크관리 방안은 다음과 같다.",
      "mt": "これを根本的に解決し、中小企業の決済方式の合理的な選択と提起された問題点を土台に提案する輸出代金決済のリスク管理方案は、次の通りだ。",
      "mtpe": "これを根本的に解決し、中小企業の決済方式の合理的な選択と提起された問題点を土台に提案する輸出代金決済のリスク管理方案は次の通りだ。"
    },
    {
      "page": 17,
      "sn": "paper139889sent1425416",
      "source_original": "그러나 현재 IT기술발달에 의한 국제거래환경에 변 화에 따라 무역에도 전자결제방식이 도입되어 사용이 되고 있다.",
      "source_cleaned": "현재 IT기술발달에 의한 국제거래환경에 변 화에 따라 무역에도 전자결제방식이 도입되어 사용이 되고 있다.",
      "mt": "現在、IT技術の発達による国際取引環境の変化によって、貿易にも電子決済方式が導入され、使用されている。",
      "mtpe": "現在、IT技術の発達による国際取引環境の変化によって、貿易にも電子決済の方式が導入され、使用されている。"
    },
    {
      "page": 17,
      "sn": "paper139889sent1425419",
      "source_original": "현행 UCP600에서 규정되어 있는 은행의 책임에 관하여 기존 UCP500보다 불 분명한 규정의 보완이 이뤄졌지만 은행의 의무와 책임에 대한 조항에 대하여 는 명확한 규정을 못하였다.",
      "source_cleaned": "현행 UCP600에서 규정되어 있는 은행의 책임에 관하여 기존 UCP500보다 불 분명한 규정의 보완이 이뤄졌지만 은행의 의무와 책임에 대한 조항에 대하여 는 명확한 규정을 못하였다.",
      "mt": "現行UCP600で規定されている銀行の責任に関して、既存UCP500より不明な規定の補完がなされたが、銀行の義務と責任に対する条項については明確な規定ができなかった。",
      "mtpe": "現行UCP600で規定されている銀行の責任に関して、既存UCP500より不明な規定の補完が行われたが、銀行の義務と責任に対する条項については明確な規定ができなかった。"
    }
  ]
}