{
  "meta": {
    "doc_no": "paper13988",
    "domain": "금융",
    "category": "학술논문",
    "license": "open",
    "source_language": "ko",
    "target_language": "ja"
  },
  "doc_info": {
    "source": "법조협회",
    "journal_name": "법조",
    "vol_info": "2009, vol.58,no.7, 통권 634호pp. 134-169 (36 pages)",
    "doi": "10.17007/klaj.2009.58.7.004",
    "title": "자본시장법상 인수인과 ｢상속세 및 증여세법｣ 제40조 제1항의 해석  - 대법원 2019. 5. 30. 선고 2017두49560 판결 및 대법원 2019. 4. 11. 선고 2017두55268 판결을 중심으로 -",
    "date": 202304
  },
  "sents": [
    {
      "page": 19,
      "sn": "paper13988sent154406",
      "source_original": "신안 판결에 빗대어 살펴보면, 조세심판원과 감사원은 ‘신안상호저축은행이 자본시장법상 인수행위를 하 였는데도 단지 금융위원회 인가를 받지 않았기 때문에 자본시장법상 인수인이 아니어서 쟁점 조항을 적 용할 수 없었다’라고 이해한 것으로 보인다.",
      "source_cleaned": "신안 판결에 빗대어 살펴보면, 조세심판원과 감사원은 ‘신안상호저축은행이 자본시장법상 인수행위를 하 였는데도 단지 금융위원회 인가를 받지 않았기 때문에 자본시장법상 인수인이 아니어서 쟁점 조항을 적 용할 수 없었다’라고 이해한 것으로 보인다.",
      "mt": "新案判決になぞらえてみれば、租税審判員と監査院は「新案相互貯蓄銀行が資本市場法上、買収行為を行ったのに、単に金融委員会認可を受けなかったため資本市場法上の買収人ではなく争点条項を寛容できなかった」と理解したと見られる。",
      "mtpe": "新案判決になぞらえてみれば、租税審判員と監査院は「新案相互貯蓄銀行が資本市場法上、買収行為を行ったのに、単に金融委員会の認可を受けなかったため、資本市場法上の買収人ではなく争点条項を適用できなかった」と理解したと見られる。"
    },
    {
      "page": 19,
      "sn": "paper13988sent154417",
      "source_original": "49) 여기서 개정 조항의 입법 계기가 된 감사원 통보를 살펴본다.",
      "source_cleaned": "여기서 개정 조항의 입법 계기가 된 감사원 통보를 살펴본다.",
      "mt": "ここで改正条項の立法契機になった監査院通知を見てみる。",
      "mtpe": "ここで改正条項の立法契機になった監査院通知を調べる。"
    },
    {
      "page": 19,
      "sn": "paper13988sent154418",
      "source_original": "오히려 조세심판원 결정의 핵심 쟁점은 은행 또는 상호저축은행에게 제3자 취득 목적이 있었는지 여부이었다.",
      "source_cleaned": "오히려 조세심판원 결정의 핵심 쟁점은 은행 또는 상호저축은행에게 제3자 취득 목적이 있었는지 여부이었다.",
      "mt": "むしろ租税審判員決定の核心争点は銀行または相互貯蓄銀行に第3者取得目的があったかどうかだった。",
      "mtpe": "むしろ租税審判員の決定の核心争点は銀行または相互貯蓄銀行に第3者の取得目的があったかどうかだった。"
    }
  ]
}