{
  "meta": {
    "doc_no": "paper11524",
    "domain": "금융",
    "category": "학술논문",
    "license": "open",
    "source_language": "ko"
  },
  "doc_info": {
    "source": "민주사회정책연구원",
    "journal_name": "민주사회와 정책연구",
    "vol_info": "2009, vol.,no.16, pp. 15-41 (27 pages)",
    "doi": "/",
    "title": "개인의 노력 및 선호를 반영한 불평등 측정등가소득 분석",
    "date": 201612
  },
  "sents": [
    {
      "page": 20,
      "sn": "paper11524sent132433",
      "source_original": "30 민주사회와 정책연구 2017년 상반기(통권 31호)"
    },
    {
      "page": 20,
      "sn": "paper11524sent132434",
      "source_original": "2012년 4."
    },
    {
      "page": 20,
      "sn": "paper11524sent132435",
      "source_original": "실증분석 결과 1) 등가소득을 통한 불평등 측정 이 절에서는 2001～2014년의 노동패널조사 자료를 이용하여 앞서 설명 한 방법에 따라 등가소득을 계산하고 그 분포의 불평등도를 로렌츠곡선 또 는 지니계수 등 각종 불평등도 지표를 통해 관측소득의 분포와 비교한다."
    }
  ]
}