{
  "meta": {
    "doc_no": "paper11306",
    "domain": "금융",
    "category": "학술논문",
    "license": "open",
    "source_language": "ko"
  },
  "doc_info": {
    "source": "민주사회정책연구원",
    "journal_name": "민주사회와 정책연구",
    "vol_info": "2009, vol.,no.16, pp. 15-41 (27 pages)",
    "doi": "/",
    "title": "미국 주택금융개혁의 방향과 역설 서브프라임 위기와 GSE 부실문제를 중심으로",
    "date": 201201
  },
  "sents": [
    {
      "page": 24,
      "sn": "paper11306sent130210",
      "source_original": "장기적 방향을 GSE의 점진적 해체를 필두로 한 정부역할의 후퇴와 주택금 융시장의 민간화로 설정하고 있어, 규제되지 않은 서브프라임 모기지의 문 제에서 비롯된 주택금융의 불안정성 문제가 결국은 주택금융시장에 대한 정부개입의 후퇴, 나아가 주택정책에서 신자유주의적 패러다임의 강화로 귀착되고 있는 아이러니를 발견하게 된다."
    }
  ]
}