{
  "meta": {
    "doc_no": "paper11454",
    "domain": "금융",
    "category": "학술논문",
    "license": "open",
    "source_language": "ko"
  },
  "doc_info": {
    "source": "민주사회정책연구원",
    "journal_name": "민주사회와 정책연구",
    "vol_info": "2009, vol.,no.16, pp. 15-41 (27 pages)",
    "doi": "/",
    "title": "중국의 “일대일로(一帶一路)” 구상 분석제기배경, 추진현황, 함의 고찰을 중심으로",
    "date": 201512
  },
  "sents": [
    {
      "page": 13,
      "sn": "paper11454sent131725",
      "source_original": "124 민주사회와 정책연구 2016년 상반기(통권 29호)"
    },
    {
      "page": 13,
      "sn": "paper11454sent131726",
      "source_original": "간에 무역증진 문제와 함께 협상을 시작한 바 있으며, 2014년 7월에는 칭 장철도가 이미 티베트 라사(拉萨)에서 르카저(日喀則) 시까지 연장되었고, 왕이 외교부장의 12월 카트만두(Kathmandu)를 공식 방문했을 때 2020년 까지 칭짱철도를 인도, 부탄, 네팔의 국경지역까지 연장하기로 합의했다(財 經綜合報道, 15/04/10)."
    },
    {
      "page": 13,
      "sn": "paper11454sent131727",
      "source_original": "&lt;표 2&gt; 철도, 도로 인프라 협력 추진현황 추진시기 주요노선 추진현황 2013.7 중국 허난성 정저우­독일 함부르크 국제화물열차 시범운행 2013.9 중국­우즈베키스탄 2013.11 중국 광둥성 둥관­러시아 모스크바 국제화물철도 개통 2013.11 중국 시안­카자흐스탄 알마타 2014.2 중국­러시아 시베리아 횡단 철도 2014.7 중국 칭짱철도­네팔 르카저스 2014.12 중국 칭짱철도­네팔 키롱 2014.12 중국 란저우­러시아 우루무치 2014.12 중국 구이양­광둥성 광저우 2014.12 중국 난닝­광저우 중국 간쑤 우에이­카자흐스탄 알마 2014.12 타 2015.4 중국 카스­파키스탄 과다르항 자료: 이효진, 김영선, 이장규, 2014: 8; 김규연, 2015: 96; 財經綜合報道, 15/04/10; 中國 新聞網, 14/12/12日; 新華網, 15/01/15."
    },
    {
      "page": 13,
      "sn": "paper11454sent131728",
      "source_original": "양국 협력강화 및 철도 조기착공 합 의 중국 시안­러시아 모스크바 노선의 일부 개통 중국의 ‘실크로드 경제벨트’ 구상과 연계방안 논의 중국의 칭짱철도의 라사­르카저시 개통 칭짱철도의 인도, 부탁, 네팔 국경지 역까지 연장합의; 2020년까지 완공 예정 총길이 1,776㎞의 고속철도 전 구간 개통 856㎞의 고속철도 개통 574㎞의 고속철도 개통 2,646㎞의 화물운송 철도 개통 카라코람 고속철도 개통 협약체결"
    }
  ]
}