{
  "meta": {
    "doc_no": "paper11456",
    "domain": "금융",
    "category": "학술논문",
    "license": "open",
    "source_language": "ko"
  },
  "doc_info": {
    "source": "민주사회정책연구원",
    "journal_name": "민주사회와 정책연구",
    "vol_info": "2009, vol.,no.16, pp. 15-41 (27 pages)",
    "doi": "/",
    "title": "중국의 “일대일로(一帶一路)” 구상 분석제기배경, 추진현황, 함의 고찰을 중심으로",
    "date": 201512
  },
  "sents": [
    {
      "page": 15,
      "sn": "paper11456sent131736",
      "source_original": "추진시기 주요노선 2013.2 파키스탄 과다르항 운영권 인수 2013.2 방글라데시 치타공 항구건설 합의 탄자니아 바가모요 항구 개발협정 2013.3 체결 스리랑카 콜롬보 국제컨테이너터미 2013.8 널 운행 예멘 아덴항 및 모카항 컨테이너 중국­예멘 정상회담에서 항구 확 부두 확장을 위해 5억 달러 규모의 장건설 및 에너지 관련 양해각서 차관 제공 합의 2014.6 중국­그리스 무역투자 협정 체결 해운 및 조선 협력 강화 전망 태국과 태평양과 인도양을 연결하 2015.5 는 인골 대운하 건설합의 중국의 해상실크로드 건설은 이처럼 중국의 해양 수송로 확보전략과 연 계되어 추진되고 있다."
    },
    {
      "page": 15,
      "sn": "paper11456sent131737",
      "source_original": "2013년 2월 방글라데시의 치타공(Chittagong)과 미 얀마의 시트웨(Sittwe)에 항구를 건설하기로 한 합의, 8월 스리랑카의 콜롬 보 국제컨테이너터미널을 건설․운영하는 조치와 함께 2012년 6월부터 이 미 운영하기 시작한 스리랑카의 남부 함반토타(Hambantota)항 모두 중국 의 ‘진주목걸이’ 전략의 중요한 거점이다(이효진, 김영선, 이장규, 2014: 8~10; 이재형, 2014: 218~219)."
    },
    {
      "page": 15,
      "sn": "paper11456sent131738",
      "source_original": "2015년 5월 태국과 합의한 크라운하(Kra Canal)는 완공될 경우 말라카해협을 대체하는 인도양과 태평양을 잇는 단 축항로로 중국의 광저우와 연결될 수 있다는 점에서 중국의 “일대일로”와 126 민주사회와 정책연구 2016년 상반기(통권 29호)"
    },
    {
      "page": 15,
      "sn": "paper11456sent131739",
      "source_original": "추진현황 ‘14."
    },
    {
      "page": 15,
      "sn": "paper11456sent131740",
      "source_original": "2월 경제협력지구 건설 가속화 합의 치 의사표명 ‘15년부터 건설 예정 중국 초상국 국제유한공사가 지분 관을 제공하여 스리랑카 함반토다 항구 운영 중 체결 102㎞ 크라 운하 건설을 위한 양해 각서 체결"
    }
  ]
}