{
  "meta": {
    "doc_no": "paper139569",
    "domain": "금융",
    "category": "학술논문",
    "license": "open",
    "source_language": "ko",
    "target_language": "zh"
  },
  "doc_info": {
    "source": "한국무역보험학회",
    "journal_name": "무역금융보험연구",
    "vol_info": "2013, vol.14,no.4, pp. 349-368 (20 pages)",
    "doi": "10.22875/jiti.2013.14.4.016",
    "title": "중소기업의 무역확대를 위한 지원방안에 관한 연구",
    "date": 201712
  },
  "sents": [
    {
      "page": 11,
      "sn": "paper139569sent1422393",
      "source_original": "중소기업의 무역확대를 위한 지원방안에 관한 연구 283 답이 그 다음을 차지하였으며, “매우 그렇다”도 7.3%로 나타났다.",
      "source_cleaned": "중소기업의 무역확대를 위한 지원방안에 관한 연구 283 답이 그 다음을 차지하였으며, “매우 그렇다”도 7.3%로 나타났다.",
      "mt": "有关中小企业扩大贸易支援方案的研究283紧接其后，“非常那样”也占7.3%。",
      "mtpe": "有关中小企业扩大贸易支援方案的研究283紧接其后，回答\"非常\"的人也占7.3%。"
    }
  ]
}