{
  "meta": {
    "doc_no": "paper1395",
    "domain": "금융",
    "category": "학술논문",
    "license": "open",
    "source_language": "ko",
    "target_language": "zh"
  },
  "doc_info": {
    "source": "(사)한국보험법학회",
    "journal_name": "보험법연구",
    "vol_info": "2018, vol.12,no.2, pp. 121-151 (31 pages)",
    "doi": "10.36248/kdps.2018.12.2.121",
    "title": "보험사기방지특별법의 개정과 보험법의 체계화 방안",
    "date": 202102
  },
  "sents": [
    {
      "page": 56,
      "sn": "paper1395sent12400",
      "source_original": "② 제1항에 따른 자료의 제공을 요청받은 자 는 정당한 사유가 없으면 그 요청에 따라야 한다.",
      "source_cleaned": "② 제1항에 따른 자료의 제공을 요청받은 자 는 정당한 사유가 없으면 그 요청에 따라야 한다.",
      "mt": "②被要求提供第1款规定的资料的人，如果没有正当的理由，应按照其要求提供。",
      "mtpe": "②根据第1项的规定,被要求提供资料的人如果没有正当理由,应服从其要求。"
    },
    {
      "page": 56,
      "sn": "paper1395sent12397",
      "source_original": "심사중 이 경우 요청 가능한 자료의 범위는 대통령령 으로 정한다.",
      "source_cleaned": "심사중 이 경우 요청 가능한 자료의 범위는 대통령령 으로 정한다.",
      "mt": "审查中，在这种情况下，可请求的资料范围由总统令决定。",
      "mtpe": "审查中，在这种情况下,可要求的资料范围由总统令规定。"
    },
    {
      "page": 56,
      "sn": "paper1395sent12398",
      "source_original": "21대 국회 정되는 경우에는 관계 행정기관, 보험회사, 그 (2020~2024) 밖에 대통령령으로 정하는 기관·단체에 대하여 소관위 필요한 자료를 제공할 것을 요청할 수 있다.",
      "source_cleaned": "21대 국회 정되는 경우에는 관계 행정기관, 보험회사, 그 밖에 대통령령으로 정하는 기관·단체에 대하여 소관위 필요한 자료를 제공할 것을 요청할 수 있다.",
      "mt": "第21届国会确定时，可以要求相关行政机关、保险公司，以及其他以总统令规定的机关、团体提供管辖委所需的资料。",
      "mtpe": "第21届国会确定时，可以要求相关行政机关、保险公司以及其他总统令规定的机关、团体提供所管委所需的资料。"
    },
    {
      "page": 56,
      "sn": "paper1395sent12401",
      "source_original": "제8조(보험사 제8조(보험사기죄) ① (현행 제목 외의 부분과 기죄) 같음) (생 략) &lt;신 설&gt; ② 다음 각 호의 어느 하나에 해당하는 자가 제1항의 죄를 범한 경우에는 그 죄에 정한 형 의 2분의 1을 가중한다.",
      "source_cleaned": "제8조(보험사 제8조 ① 같음) <신 설> ② 다음 각 호의 어느 하나에 해당하는 자가 제1항의 죄를 범한 경우에는 그 죄에 정한 형 의 2분의 1을 가중한다.",
      "mt": "第8条(保险公司第8条①相同)＜新说＞②符合下列各项中任何一项的人犯第1款的罪时，将加重其罪规定的刑罚的二分之一。",
      "mtpe": "第8条(保险公司第8条①相同)<新设>②符合下列各项中任何一项的人犯第1款罪时,加重其罪定的刑期二分之一。"
    }
  ]
}