{
  "meta": {
    "doc_no": "paper139570",
    "domain": "금융",
    "category": "학술논문",
    "license": "open",
    "source_language": "ko",
    "target_language": "zh"
  },
  "doc_info": {
    "source": "한국무역보험학회",
    "journal_name": "무역금융보험연구",
    "vol_info": "2013, vol.14,no.4, pp. 349-368 (20 pages)",
    "doi": "10.22875/jiti.2013.14.4.016",
    "title": "중소기업의 무역확대를 위한 지원방안에 관한 연구",
    "date": 201712
  },
  "sents": [
    {
      "page": 12,
      "sn": "paper139570sent1422396",
      "source_original": "이는 무역 전공자의 중소기업 취업 시 임금이 걸림돌이 될 수 있는 것으로 판단된다.",
      "source_cleaned": "이는 무역 전공자의 중소기업 취업 시 임금이 걸림돌이 될 수 있는 것으로 판단된다.",
      "mt": "据判断，这有可能成为贸易专业人员在中小企业就业时的工资绊脚石。",
      "mtpe": "据判断，贸易专业者在中小企业就业时,工资可能会成为绊脚石。"
    },
    {
      "page": 12,
      "sn": "paper139570sent1422394",
      "source_original": "(6) 중소기업의 임금 수용정도 중소기업의 임금이 낮다고 생각하는가에 대한 응답결과를 살펴보면 “그렇다” 가 전체 응답 중 46.1%로 가장 많은 비중을 차지하였고, “보통이다”(30.3%)라는 응답이 그 다음을 차지하였으며, “매우 그렇다”도 15.2%로 나타났다.",
      "source_cleaned": "중소기업의 임금 수용정도 중소기업의 임금이 낮다고 생각하는가에 대한 응답결과를 살펴보면 “그렇다” 가 전체 응답 중 46.1%로 가장 많은 비중을 차지하였고, “보통이다”라는 응답이 그 다음을 차지하였으며, “매우 그렇다”도 15.2%로 나타났다.",
      "mt": "就“中小企业的工资接受程度是否低于中小企业的工资”的提问，46.1%回答“是”，所占比重最大，其次是“一般”。还有15.2%回答“非常是”。相关单词：",
      "mtpe": "从中小企业的工资接受程度是否也认为中小企业的工资低的回答结果来看,\"是\"占全体回答中的46.1%,占最大比重,\"一般\"占其次,\"非常\"占15.2%。"
    }
  ]
}