{
  "meta": {
    "doc_no": "paper13955",
    "domain": "금융",
    "category": "학술논문",
    "license": "open",
    "source_language": "ko",
    "target_language": "zh"
  },
  "doc_info": {
    "source": "법조협회",
    "journal_name": "법조",
    "vol_info": "2007, vol.56,no.12, 통권 615호pp. 81-102 (22 pages)",
    "doi": "10.17007/klaj.2007.56.12.003",
    "title": "성년후견과 후견신탁의 조화 및 신탁의 활성화를 위한 법적 과제",
    "date": 202302
  },
  "sents": [
    {
      "page": 9,
      "sn": "paper13955sent153995",
      "source_original": "SNTC는 육체적, 정신적으로 장애를 가진 자가 안전하고 경제적 지원을 받으며 살아갈 수 있도록 지원하는 것을 목적으로 설립된 비영리 신탁회사이다.",
      "source_cleaned": "SNTC는 육체적, 정신적으로 장애를 가진 자가 안전하고 경제적 지원을 받으며 살아갈 수 있도록 지원하는 것을 목적으로 설립된 비영리 신탁회사이다.",
      "mt": "SNTC是一家非营利性信托公司，旨在帮助身心障碍的人能够得到安全和经济上的支持而生活。",
      "mtpe": "SNTC是一家非营利性信托公司，旨在帮助身体和精神上有残疾的人获得安全、经济上的支援。"
    },
    {
      "page": 9,
      "sn": "paper13955sent153990",
      "source_original": "수수 료는 최초 1회 지불하면 되고, 케어계획 작성, 신탁관계문서 작성 등의 비용에 1,500달러 가 들지만, 90%는 정부가 보조하기 때문에 150달러의 수수료만 부모가 지불하면 된다.",
      "source_cleaned": "수수 료는 최초 1회 지불하면 되고, 케어계획 작성, 신탁관계문서 작성 등의 비용에 1,500달러 가 들지만, 90%는 정부가 보조하기 때문에 150달러의 수수료만 부모가 지불하면 된다.",
      "mt": "手续费最初支付一次即可，制定护理计划、制作信托关系文件等费用需要1500美元，但90%由政府补助，因此父母只需支付150美元的手续费。",
      "mtpe": "手续费最初支付一次即可,制定护理计划、制作信托关系文件等费用需要1500美元,但90%由政府补助,因此父母只需支付150美元的手续费。"
    },
    {
      "page": 9,
      "sn": "paper13955sent153992",
      "source_original": "정부에서 지원하다보니 수수료의 90%~100%까지 정부로부터 보조를 받을 수 있다.",
      "source_cleaned": "정부에서 지원하다보니 수수료의 90%~100%까지 정부로부터 보조를 받을 수 있다.",
      "mt": "因为是由政府提供援助，手续费的90%～100%都可以从政府获得援助。",
      "mtpe": "因为是由政府提供援助，所以手续费的90%~100%可以从政府那里得到补助。"
    },
    {
      "page": 9,
      "sn": "paper13955sent153991",
      "source_original": "신 탁의 효과가 발효하기 전에 다양한 활동이 필요한데, 이러한 매년도 비용은 250달러이지 만, SNTC가 정부에 요청하여 정부가 250달러를 보조하는 구조이므로 현재 부모가 부담하 는 것은 전혀 없다.",
      "source_cleaned": "신 탁의 효과가 발효하기 전에 다양한 활동이 필요한데, 이러한 매년도 비용은 250달러이지 만, SNTC가 정부에 요청하여 정부가 250달러를 보조하는 구조이므로 현재 부모가 부담하 는 것은 전혀 없다.",
      "mt": "在信托的效果生效前需要各种活动，这些年费用为250美元，但是SNTC向政府提出要求，政府补助250美元，所以目前完全没有父母负担。",
      "mtpe": "信托的效果生效之前需要各种活动,这些每年的费用为250美元,但由于SNTC向政府提出要求,政府补助250美元,因此目前父母完全没有负担。"
    }
  ]
}