{
  "meta": {
    "doc_no": "paper139567",
    "domain": "금융",
    "category": "학술논문",
    "license": "open",
    "source_language": "ko",
    "target_language": "zh"
  },
  "doc_info": {
    "source": "한국무역보험학회",
    "journal_name": "무역금융보험연구",
    "vol_info": "2013, vol.14,no.4, pp. 349-368 (20 pages)",
    "doi": "10.22875/jiti.2013.14.4.016",
    "title": "중소기업의 무역확대를 위한 지원방안에 관한 연구",
    "date": 201712
  },
  "sents": [
    {
      "page": 9,
      "sn": "paper139567sent1422386",
      "source_original": "또한 학습시간은 약 60%가 한번 학습에 2시간 정도 의 학습을 하고 있는 것으로 나타났다.",
      "source_cleaned": "학습시간은 약 60%가 한 번 학습에 2시간 정도 의 학습을 하고 있는 것으로 나타났다.",
      "mt": "据调查，约有60%的学习时间一次学习2个小时左右。",
      "mtpe": "据调查,学习时间约60%的人一次学习2个小时左右。"
    }
  ]
}