{
  "meta": {
    "doc_no": "paper139572",
    "domain": "금융",
    "category": "학술논문",
    "license": "open",
    "source_language": "ko",
    "target_language": "zh"
  },
  "doc_info": {
    "source": "한국무역보험학회",
    "journal_name": "무역금융보험연구",
    "vol_info": "2013, vol.14,no.4, pp. 349-368 (20 pages)",
    "doi": "10.22875/jiti.2013.14.4.016",
    "title": "중소기업의 무역확대를 위한 지원방안에 관한 연구",
    "date": 201712
  },
  "sents": [
    {
      "page": 14,
      "sn": "paper139572sent1422402",
      "source_original": "더욱이 중소기업의 성장에 따른 단계별 지원이 이루어지고 있으나 기관별 중복현상은 여전하였는데, 이는 기관에 따 른 중소기업의 성장에 대한 인식이 다르기 때문으로 판단된다.",
      "source_cleaned": "더욱이 중소기업의 성장에 따른 단계별 지원이 이루어지고 있으나 기관별 중복현상은 여전하였는데, 이는 기관에 따 른 중소기업의 성장에 대한 인식이 다르기 때문으로 판단된다.",
      "mt": "更何况，随着中小企业的成长，正在进行阶段性支援，但各机构的重复现象仍然存在，这是因为根据机构对中小企业成长的认识不同。",
      "mtpe": "更何况，虽然根据中小企业的成长进行阶段性支援,但各机关的重复现象仍然存在,这是因为不同机关的中小企业对成长的认识不同。"
    },
    {
      "page": 14,
      "sn": "paper139572sent1422399",
      "source_original": "특히, 중소기업의 해외시장 판로개척과 관련해서는 조사대상 유관기관 모두 가 유사한 지원을 하고 있는 것으로 나타났음에도 모든 기관에서 지원받는 중 소기업은 거의 없는 것으로 나타났다.",
      "source_cleaned": "특히, 중소기업의 해외시장 판로개척과 관련해서는 조사대상 유관기관 모두 가 유사한 지원을 하고 있는 것으로 나타났음에도 모든 기관에서 지원받는 중 소기업은 거의 없는 것으로 나타났다.",
      "mt": "特别是，就中小企业开拓海外市场销路问题，调查对象相关机构都提供了类似的支援，但在所有机构接受支援的过程中，几乎没有小企业。",
      "mtpe": "特别是，就中小企业开拓海外市场销路问题,调查对象相关机构都提供了类似的支援,但几乎没有中小企业得到所有机构的支援。"
    }
  ]
}