{
  "meta": {
    "doc_no": "paper139568",
    "domain": "금융",
    "category": "학술논문",
    "license": "open",
    "source_language": "ko",
    "target_language": "zh"
  },
  "doc_info": {
    "source": "한국무역보험학회",
    "journal_name": "무역금융보험연구",
    "vol_info": "2013, vol.14,no.4, pp. 349-368 (20 pages)",
    "doi": "10.22875/jiti.2013.14.4.016",
    "title": "중소기업의 무역확대를 위한 지원방안에 관한 연구",
    "date": 201712
  },
  "sents": [
    {
      "page": 10,
      "sn": "paper139568sent1422390",
      "source_original": "무역관련 학습의 목적으로는 전공분야를 이해하기 위해”가 전체응답자의 45.2%를 차지하여 가장 높은 비중을 나타냈고, 전공분야라서가 17.6%로 2위를 차지하였다(&lt;표 8&gt; 참조).",
      "source_cleaned": "무역관련 학습의 목적으로는 전공분야를 이해하기 위해”가 전체응답자의 45.2%를 차지하여 가장 높은 비중을 나타냈고, 전공분야라서가 17.6%로 2위를 차지하였다.",
      "mt": "从贸易相关学习的目的来看，为了解专业领域，占了全体回答者的45.2%，所占比重最高，而专业领域则以17.6%位居第二。",
      "mtpe": "以学习贸易为目的,为了理解专业领域\"占全体回答者的45.2%,所占比重最高,专业领域占17.6%,位居第二。"
    }
  ]
}