{
  "meta": {
    "doc_no": "law1000547",
    "domain": "금융",
    "category": "규제정보",
    "license": "open",
    "source_language": "ko"
  },
  "doc_info": {
    "source": "법제처",
    "title": "조세특례제한법 시행령",
    "date": 20100326
  },
  "sents": [
    {
      "page": 76,
      "sn": "law1000547sent10788878",
      "source_original": "｛현물출자로 인하여 발생한 외국자회사의 주식등의 양도차익에 상당하는 금액중 직전사업연도종료일 현재까지 익금에 산입하지 아니한 금액×(현물출자로 인하여 취득한 외국법인의 주식등중 당해 사업연도에 양도한 주식등의 수/현물출자로 인하여 취득한 외국법인의 주식등중 직전사업연도 종료일 현재 보유중인 주식등의 수)｝"
    },
    {
      "page": 76,
      "sn": "law1000547sent10788879",
      "source_original": "①법 제38조의3제2항에서 “대통령령으로 정하는 방법에 따라 계산한 금액”이란 다음 산식에 의하여 계산한 금액을 말한다."
    },
    {
      "page": 76,
      "sn": "law1000547sent10788880",
      "source_original": "제35조의4(내국법인의 외국자회사 주식등의 현물출자에 대한 과세특례)"
    },
    {
      "page": 76,
      "sn": "law1000547sent10788881",
      "source_original": "이 경우 현물출자로 인하여 취득한 주식등외에 다른 방법으로 취득한 주식등이 있는 때에는 현물출자로 인하여 취득한 주식등을 먼저 양도하는 것으로 본다."
    },
    {
      "page": 76,
      "sn": "law1000547sent10788882",
      "source_original": "⑤ 법 제38조의2제1항, 제2항 및 제4항을 적용받으려는 거주자등은 해당 현물출자등을 한 날이 속하는 과세연도의 과세표준신고와 함께 기획재정부령으로 정하는 현물출자등에 관한 명세서를 납세지 관할세무서장에게 제출하여야 한다."
    },
    {
      "page": 76,
      "sn": "law1000547sent10788883",
      "source_original": "이 경우 과세의 이연을 받는 금액은 제1항에 따라 과세의 이연을 받은 금액과 그 과세의 이연을 받은 중간지주회사의 주식을 해당 중간지주회사를 지배하는 금융지주회사의 주식과 교환함으로써 발생한 양도차익의 합계액으로 하고, 그 중간지주회사의 주식과 교환함으로써 취득한 금융지주회사의 주식을 양도하는 때에 양도소득세를 과세한다."
    },
    {
      "page": 76,
      "sn": "law1000547sent10788884",
      "source_original": "[제목개정 2009. 2. 4., 2010. 2. 18.]"
    }
  ]
}