{
  "meta": {
    "doc_no": "law1001515",
    "domain": "금융",
    "category": "규제정보",
    "license": "open",
    "source_language": "ko"
  },
  "doc_info": {
    "source": "법제처",
    "title": "조세특례제한법",
    "date": 20160125
  },
  "sents": [
    {
      "page": 540,
      "sn": "law1001515sent10796890",
      "source_original": "②제78조제2항의 개정규정은 2001년 5월 7일 이후 최초로 임대를 개시하는 분부터 적용한다."
    },
    {
      "page": 540,
      "sn": "law1001515sent10796891",
      "source_original": "①제55조제4항, 제55조의2제3항, 제55조의2제4항 개정규정중 소득세법 제94조제1항제3호에 관한 부분, 제56조, 제78조제1항제11호ㆍ제14호 및 제99조의3제1항의 개정규정은 이 법 시행후 최초로 양도하는 분부터 적용한다."
    },
    {
      "page": 540,
      "sn": "law1001515sent10796892",
      "source_original": "제5조 (양도소득세 또는 특별부가세의 감면에 관한 적용례)"
    },
    {
      "page": 540,
      "sn": "law1001515sent10796893",
      "source_original": "제26조제2항 내지 제4항의 개정규정은 이 법 시행후 최초로 중간예납하는 분부터 적용한다."
    },
    {
      "page": 540,
      "sn": "law1001515sent10796894",
      "source_original": "제4조 (임시투자세액공제에 관한 적용례)"
    },
    {
      "page": 540,
      "sn": "law1001515sent10796895",
      "source_original": "제8조의3의 개정규정 및 제55조의2의 개정규정중 투자손실준비금에 관한 부분은 이 법 시행일이 속하는 과세연도분부터 적용한다."
    },
    {
      "page": 540,
      "sn": "law1001515sent10796896",
      "source_original": "제7조의2의 개정규정은 2001년 11월 1일 이후 최초로 기업구매전용카드를 사용하는 분부터 적용한다."
    },
    {
      "page": 540,
      "sn": "law1001515sent10796897",
      "source_original": "제2조 (기업의 어음제도개선을 위한 세액공제에 관한 적용례)"
    },
    {
      "page": 540,
      "sn": "law1001515sent10796898",
      "source_original": "다만, 제7조의2의 개정규정은 2001년 11월 1일부터 시행한다."
    },
    {
      "page": 540,
      "sn": "law1001515sent10796899",
      "source_original": "8. 14.>"
    },
    {
      "page": 540,
      "sn": "law1001515sent10796900",
      "source_original": "<법률 제6501호, 2001."
    },
    {
      "page": 540,
      "sn": "law1001515sent10796901",
      "source_original": "제119조의 개정규정은 이 법 시행일 이후 최초로 설립등기하는 분부터 적용한다."
    },
    {
      "page": 540,
      "sn": "law1001515sent10796902",
      "source_original": "제3조 (중소기업의 결손금 소급공제에 의한 환급특례 등에 관한 적용례)"
    }
  ]
}