{
  "meta": {
    "doc_no": "law1000070",
    "domain": "금융",
    "category": "규제정보",
    "license": "open",
    "source_language": "ko"
  },
  "doc_info": {
    "source": "법제처",
    "title": "조세특례제한법 시행령",
    "date": 20191231
  },
  "sents": [
    {
      "page": 489,
      "sn": "law1000070sent10784030",
      "source_original": "제104조의22(석유제품 전자상거래에 대한 세액공제)"
    },
    {
      "page": 489,
      "sn": "law1000070sent10784031",
      "source_original": "② 법 제104조의25제1항 각 호 외의 부분 본문에서 “석유정제업자 등 대통령령으로 정하는 자”란 다음 각 호의 구분에 따른 자를 말한다."
    },
    {
      "page": 489,
      "sn": "law1000070sent10784032",
      "source_original": "① 법 제104조의25제1항 각 호 외의 부분 본문에서 “대통령령으로 정하는 전자결제망”이란 법률 제11845호 자본시장과 금융투자업에 관한 법률 일부개정법률 부칙 제15조에 따른 한국거래소에서 운영하는 석유제품 전자결제망을 말한다."
    },
    {
      "page": 489,
      "sn": "law1000070sent10784033",
      "source_original": "⑦ 법 제104조의24제1항부터 제3항까지의 규정을 적용받으려는 자는 과세표준신고와 함께 기획재정부령이 정하는 세액감면신청서 및 감면세액계산서를 납세지 관할 세무서장에게 제출하여야 한다."
    },
    {
      "page": 489,
      "sn": "law1000070sent10784034",
      "source_original": "8. 27., 2017."
    },
    {
      "page": 489,
      "sn": "law1000070sent10784035",
      "source_original": "⑤ 법 제104조의24제4항제2호에서 “대통령령으로 정하는 바에 따라 사업장을 국내로 이전 또는 복귀하여 사업을 개시하지 아니한 경우”란 제1항 각 호의 요건을 갖추지 아니한 경우를 말한다."
    },
    {
      "page": 489,
      "sn": "law1000070sent10784036",
      "source_original": "③ 법 제104조의24제1항제2호 단서에서 “생산량 축소 등 대통령령으로 정하는 부분 축소의 경우”란 「해외진출기업의 국내복귀 지원에 관한 법률」 제7조제1항제2호에 따른 기준에 따라 국외에서 경영하던 사업장의 생산량을 100분의 50 이상 축소한 경우로서 산업통상자원부장관이 확인하는 경우를 말한다."
    },
    {
      "page": 489,
      "sn": "law1000070sent10784037",
      "source_original": "⑥ 법 제104조의24제4항에 따라 납부하여야 하는 세액은 법 제104조의24제2항 및 제3항에 따라 감면받은 소득세 또는 법인세 전액으로 한다."
    },
    {
      "page": 489,
      "sn": "law1000070sent10784038",
      "source_original": "④ 법 제104조의24제1항 각 호에 따른 국외에는 「개성공업지구 지원에 관한 법률」 제2조제1호에 따른 개성공업지구를 포함한다."
    }
  ]
}