{
  "meta": {
    "doc_no": "law1000641",
    "domain": "금융",
    "category": "규제정보",
    "license": "open",
    "source_language": "ko"
  },
  "doc_info": {
    "source": "법제처",
    "title": "조세특례제한법 시행령",
    "date": 20100326
  },
  "sents": [
    {
      "page": 170,
      "sn": "law1000641sent10789619",
      "source_original": "다. 「보험업법」에 의한 보험사업자"
    },
    {
      "page": 170,
      "sn": "law1000641sent10789620",
      "source_original": "⑪ 제5항을 적용받은 후 지방물류시설을 취득하여 사업을 개시하였을 때에는 그 사업개시일이 속하는 과세연도의 과세표준신고를 할 때 기획재정부령으로 정하는 이전완료보고서를 납세지 관할 세무서장에게 제출하여야 한다."
    },
    {
      "page": 170,
      "sn": "law1000641sent10789621",
      "source_original": "제79조의11(국가에 양도하는 산지에 대한 양도소득세의 감면신청)"
    },
    {
      "page": 170,
      "sn": "law1000641sent10789622",
      "source_original": "법 제85조의10제2항에 따라 감면신청을 하려는 자는 해당 산지를 양도한 날이 속하는 과세연도의 과세표준신고(예정신고를 포함한다)를 할 때 기획재정부령으로 정하는 세액감면신청서에 「국유림의 경영 및 관리에 관한 법률」 제18조제2항에 따라 산림청장이 매수한 사실을 확인할 수 있는 매매계약서 사본을 첨부하여 납세지 관할세무서장에게 제출하여야 한다."
    },
    {
      "page": 170,
      "sn": "law1000641sent10789623",
      "source_original": "제9절 저축지원을 위한 조세특례"
    },
    {
      "page": 170,
      "sn": "law1000641sent10789624",
      "source_original": "제80조(개인연금저축의 범위등)"
    },
    {
      "page": 170,
      "sn": "law1000641sent10789625",
      "source_original": "①법 제86조제1항에서 “대통령령으로 정하는 저축”이란 다음 각 호의 요건을 갖춘 저축을 말한다."
    },
    {
      "page": 170,
      "sn": "law1000641sent10789626",
      "source_original": "3. 28., 2001."
    },
    {
      "page": 170,
      "sn": "law1000641sent10789627",
      "source_original": "1. 다음 각 목의 어느 하나의 금융기관이 취급할 것"
    },
    {
      "page": 170,
      "sn": "law1000641sent10789628",
      "source_original": "가. 「은행법」에 의한 금융기관으로서 「자본시장과 금융투자업에 관한 법률」 제12조에 따라 인가를 받아 설립된 신탁업자(신탁에 한하여 취급할 수 있다)"
    },
    {
      "page": 170,
      "sn": "law1000641sent10789629",
      "source_original": "나. 「자본시장과 금융투자업에 관한 법률」에 따른 집합투자업자(같은 법에 따른 종합금융회사를 제외한다)"
    }
  ]
}