{
  "meta": {
    "doc_no": "paper11524",
    "domain": "금융",
    "category": "학술논문",
    "license": "open",
    "source_language": "ko",
    "target_language": "vi"
  },
  "doc_info": {
    "source": "민주사회정책연구원",
    "journal_name": "민주사회와 정책연구",
    "vol_info": "2009, vol.,no.16, pp. 15-41 (27 pages)",
    "doi": "/",
    "title": "개인의 노력 및 선호를 반영한 불평등 측정등가소득 분석",
    "date": 201612
  },
  "sents": [
    {
      "page": 20,
      "sn": "paper11524sent132435",
      "source_original": "실증분석 결과 1) 등가소득을 통한 불평등 측정 이 절에서는 2001～2014년의 노동패널조사 자료를 이용하여 앞서 설명 한 방법에 따라 등가소득을 계산하고 그 분포의 불평등도를 로렌츠곡선 또 는 지니계수 등 각종 불평등도 지표를 통해 관측소득의 분포와 비교한다.",
      "source_cleaned": "이 절에서는 2001～2014년의 노동패널조사 자료를 이용하여 앞서 설명한 방법에 따라 등가소득을 계산하고 그 분포의 불평등도를 로렌츠곡선 또는 지니계수 등 각종 불평등도 지표를 통해 관측소득의 분포와 비교한다.",
      "mt": "Trong mệnh đề này, sử dụng dữ liệu điều tra bảng lao động từ năm 2001 đến năm 2014 để tính thu nhập tương đương theo phương pháp được giải thích trước đó và so sánh mức độ bất bình đẳng của sự phân bố đó với sự phân bố của thu nhập quan sát thông qua các chỉ số khác nhau như đường cong Lorentz hoặc hệ số Gini.",
      "mtpe": "Trong phần này thu nhập tương đương được tính theo phương pháp mô tả ở trên bằng cách sử dụng dữ liệu Khảo sát của Hội đồng Lao động từ năm 2001 đến năm 2014 và sự bất bình đẳng trong phân phối được so sánh với phân phối thu nhập quan sát được thông qua các chỉ số bất bình đẳng khác nhau như đường cong Lorenz hoặc Gini hệ số."
    }
  ]
}