{
  "meta": {
    "doc_no": "paper11519",
    "domain": "금융",
    "category": "학술논문",
    "license": "open",
    "source_language": "ko",
    "target_language": "vi"
  },
  "doc_info": {
    "source": "민주사회정책연구원",
    "journal_name": "민주사회와 정책연구",
    "vol_info": "2009, vol.,no.16, pp. 15-41 (27 pages)",
    "doi": "/",
    "title": "개인의 노력 및 선호를 반영한 불평등 측정등가소득 분석",
    "date": 201612
  },
  "sents": [
    {
      "page": 15,
      "sn": "paper11519sent132394",
      "source_original": "따라서 식 (8)을 식 (9)에 대입하고 근로시간으로 미분한 후 0으로 놓으면 다음과 같이 관측 가능한 변수의 함 수로서 를 추정할 수 있다.",
      "source_cleaned": "근로시간으로 미분한 후 0으로 놓으면 다음과 같이 관측 가능한 변수의 함수로서 추정할 수 있다.",
      "mt": "Nếu vi phân về giờ làm việc và đặt thành 0, nó có thể được ước tính như hàm số của biến có thể quan sát được như sau.",
      "mtpe": "Bằng cách vi phân theo giờ làm việc và đặt nó thành 0, nó có thể được ước tính như một hàm của các biến quan sát được như sau."
    },
    {
      "page": 15,
      "sn": "paper11519sent132399",
      "source_original": "식 (10)에서 보듯이 개인별 등가소득을 추정하기 위해서는 여가-노동 선 호를 나타내는 비관측 모수인 를 추정해야 한다.",
      "source_cleaned": "식에서 보듯이 개인별 등가소득을 추정하기 위해서는 여가-노동 선호를 나타내는 비관측 모수를 추정해야 한다.",
      "mt": "Như đã thấy trong biểu thức, để ước tính thu nhập bình đẳng theo cá nhân, cần ước tính số lượng không quan sát được thể hiện ưu tiên lao động-giải trí.",
      "mtpe": "Như được trình bày trong phương trình để ước tính thu nhập tương đương cho mỗi cá nhân phải ước tính một thông số không quan sát được đại diện cho sở thích lao động nhàn rỗi."
    },
    {
      "page": 15,
      "sn": "paper11519sent132396",
      "source_original": "과 여가에 대한 콥-더글러스 함수에 로그를 취한 것인데, 효용의 소득탄력 성을 1로 정규화(normalization)한 상황에서 는 후생측면에서 소득 대비 여가의 상대적 중요성을 나타내는 모수로서 전체 효용함수의 형태를 결정 하는 역할을 한다.",
      "source_cleaned": "여가에 대한 콥-더글러스 함수에 로그를 취한 것인데, 효용의 소득탄력 성을 1로 정규화한 상황에서 후생측면에서 소득 대비 여가의 상대적 중요성을 나타내는 모수로서 전체 효용함수의 형태를 결 하는 역할을 한다.",
      "mt": "Họ đã lấy nhật ký trong hàm lượng Cobb-Douglas dành cho nữ sinh, trong tình huống bình thường hóa tính đàn hồi thu nhập của Hyo Yong thành 1, họ đóng vai trò đóng vai trò quyết định hình thức hàm số hiệu quả tổng thể với tư cách là một kẻ bội số thể hiện tầm quan trọng tương đối của nữ sinh so với thu nhập.",
      "mtpe": "Nó là logarit của hàm Cobb-Douglas đối với thời gian rảnh rỗi. Trong trường hợp độ co giãn của lợi ích theo thu nhập được chuẩn hóa thành 1, nó là một tham số cho thấy tầm quan trọng tương đối của thời gian rảnh rỗi so với thu nhập về mặt phúc lợi và dùng để xác định hình dạng của hàm lợi tức tổng thể."
    }
  ]
}