{
  "meta": {
    "doc_no": "paper10895",
    "domain": "금융",
    "category": "학술논문",
    "license": "open",
    "source_language": "ko",
    "target_language": "vi"
  },
  "doc_info": {
    "source": "민주사회정책연구원",
    "journal_name": "민주사회와 정책연구",
    "vol_info": "2009, vol.,no.16, pp. 15-41 (27 pages)",
    "doi": "/",
    "title": "신자유주의, 세계경제불균형, 그리고 달러 헤게모니",
    "date": 200901
  },
  "sents": [
    {
      "page": 20,
      "sn": "paper10895sent125693",
      "source_original": "‘세계과잉저축론’에 따르면, 세계적인 과잉저축 상태는 당분간 지속될 것 이며, 또한 미국이 금융부문에서 여전히 국제적 경쟁력을 갖는 한 이는 달 러가치를 계속 강세로 유지하면서 미국의 경상수지 적자가 지속될 수 있는 여지를 계속 강화시켜줄 것이다.",
      "source_cleaned": "‘세계과잉저축론’에 따르면, 세계적인 과잉저축 상태는 당분간 지속될 것이며, 또한 미국이 금융부문에서 여전히 국제적 경쟁력을 갖는 한 이는 달러가치를 계속 강세로 유지하면서 미국의 경상수지 적자가 지속될 수 있는 여지를 계속 강화시켜줄 것이다.",
      "mt": "Theo \"Lý thuyết tiết kiệm quá mức thế giới\", tình trạng tiết kiệm quá mức toàn cầu sẽ tiếp tục được duy trì trong thời gian tới, và miễn là Hoa Kỳ vẫn có khả năng cạnh tranh quốc tế trong lĩnh vực tài chính, thì người duy trì giá trị đồng đô la và tiếp tục tăng cường khả năng thâm hụt tài khoản vãng lai của Hoa Kỳ.",
      "mtpe": "Theo \"Lý thuyết tiết kiệm thế giới\", tình trạng tiết kiệm quá mức toàn cầu sẽ tiếp tục được duy trì trong thời gian tới, và miễn là Hoa Kỳ vẫn có khả năng cạnh tranh quốc tế trong lĩnh vực tài chính, thì người duy trì giá trị đồng đô la và tiếp tục tăng cường khả năng thâm hụt tài khoản vãng lai của Hoa Kỳ."
    },
    {
      "page": 20,
      "sn": "paper10895sent125695",
      "source_original": "그러나 이들의 관점은 미국의 경상수지 적 자의 누적과 그에 상응한 대외적 부채의 증가에는 한계가 있을 수밖에 없으 며, 따라서 미국으로의 지속적 자본유입을 보장하기 위해서라도 막대한 규 모의 대외채무가 실제적으로 상환되어야 한다는 현실을 거의 무시하고 있 다.",
      "source_cleaned": "그러나 이들의 관점은 미국의 경상수지 적자의 누적과 그에 상응한 대외적 부채의 증가에는 한계가 있을 수밖에 없으며, 따라서 미국으로의 지속적 자본유입을 보장하기 위해서라도 막대한 규모의 대외채무가 실제적으로 상환되어야 한다는 현실을 거의 무시하고 있다.",
      "mt": "Tuy nhiên, quan điểm của họ gần như bỏ qua thực tế là tích lũy thâm hụt tài khoản vãng lai của Mỹ và sự gia tăng nợ nước ngoài tương ứng không thể tránh khỏi, và do đó, để đảm bảo dòng vốn liên tục chảy vào Mỹ, một khoản nợ nước ngoài khổng lồ phải được hoàn trả một cách thực tế.",
      "mtpe": "Tuy nhiên quan điểm của họ gần như bỏ qua thực tế là tích lũy thâm hụt tài khoản vãng lai của Mỹ và sự gia tăng nợ nước ngoài tương ứng không thể tránh khỏi, và do đó, để đảm bảo dòng vốn liên tục được chảy vào Mỹ, một khoản nợ nước ngoài khổng lồ phải được hoàn trả một cách thực tế."
    },
    {
      "page": 20,
      "sn": "paper10895sent125699",
      "source_original": "무역수지 흑자국들, 특히 중국, 일본, 한국과 같은 동아시아 국가들로부 터 미국으로 지속적인 달러와 자본의 유입이 발생하고 있는 것에는 ‘세계과 잉저축론’이 지적하고 있듯이 미국의 금융산업이 갖는 국제 경쟁력 그 자체 보다는 좀 더 구조적인 요인들이 작용하고 있다고 할 수 있다.",
      "source_cleaned": "무역수지 흑자국들, 특히 중국, 일본, 한국과 같은 동아시아 국가들로부터 미국으로 지속적인 달러와 자본의 유입이 발생하고 있는 것에는 ‘세계과잉저축론’이 지적하고 있듯이 미국의 금융산업이 갖는 국제 경쟁력 그 자체 보다는 좀 더 구조적인 요인들이 작용하고 있다고 할 수 있다.",
      "mt": "Như 'lý thuyết tiết kiệm quá mức thế giới' chỉ ra rằng các quốc gia có cán cân thương mại thặng dư, đặc biệt là các nước Đông Á như Trung Quốc, Nhật Bản và Hàn Quốc đang liên tục chảy vốn và đô la vào Mỹ, có thể nói rằng các yếu tố cấu trúc hơn là bản thân khả năng cạnh tranh quốc tế của ngành tài chính Mỹ.",
      "mtpe": "Như “lý thuyết tiết kiệm thặng dư toàn cầu” đã chỉ ra khả năng cạnh tranh quốc tế của ngành tài chính Mỹ là do dòng đô la và vốn liên tục đổ vào Mỹ từ các nước có thặng dư thương mại, đặc biệt là các nước Đông Á như Trung Quốc, Nhật Bản và Việt Nam, Hàn Quốc có thể nói là nhiều yếu tố mang tính cơ cấu đang tác động hơn là bản thân vấn đề."
    },
    {
      "page": 20,
      "sn": "paper10895sent125700",
      "source_original": "미국 역시 ‘달러재활용’ 을 통해 저렴한 자본조달 비용으로 외자를 조달함으로써 저금리 정책하에 서 나타난 가계부문 저축률의 감소와 정부 재정적자 확대에 따른 국내저축 의 고갈을 상쇄하고 이와 동시에 매년 막대한 규모로 발생하는 경상수지 적자를 보전할 수 있었다.",
      "source_cleaned": "미국 역시 ‘달러재활용’을 통해 저렴한 자본조달 비용으로 외자를 조달함으로써 저금리 정책하에서 나타난 가계부문 저축률의 감소와 정부 재정적자 확대에 따른 국내저축의 고갈을 상쇄하고 이와 동시에 매년 막대한 규모로 발생하는 경상수지 적자를 보전할 수 있었다.",
      "mt": "Mỹ cũng có thể bù đắp cho sự cạn kiệt của tiết kiệm trong nước do chính sách lãi suất thấp và thâm hụt tài chính của chính phủ mở rộng bằng cách huy động vốn nước ngoài với chi phí huy động vốn thấp thông qua 'tái chế đô la', đồng thời bù đắp cho thâm hụt tài khoản vãng lai phát sinh với quy mô lớn hàng năm.",
      "mtpe": "Mỹ cũng sử dụng phương pháp 'tái chế đô la' để huy động vốn nước ngoài với chi phí mua sắm vốn thấp, qua đó bù đắp sự sụt giảm tỷ lệ tiết kiệm trong khu vực hộ gia đình theo chính sách lãi suất thấp và sự cạn kiệt của tiết kiệm trong nước do sự mở rộng của chính phủ, Đồng thời, cán cân tài khoản vãng lai được tạo ra với quy mô lớn hàng năm, chúng ta đã bù đắp được mức thâm hụt."
    },
    {
      "page": 20,
      "sn": "paper10895sent125694",
      "source_original": "뿐만 아니라 이들은 미국경제의 실물적 기반을 거의 무시한 채 오직 금 융 중심의 사고에 빠져 미국경제가 처해 있는 현실을 오도하고 있다는 측면 에서 ‘20세기 후반에 만연한 가장 어리석은 아이디어들 가운데 하나’라는 혹독한 비판을 면하기 어려울 것이다(Duncan, 2003: 97).",
      "source_cleaned": "뿐만 아니라 이들은 미국경제의 실물적 기반을 거의 무시한 채 오직 금융 중심의 사고에 빠져 미국경제가 처해 있는 현실을 오도하고 있다는 측면에서 ‘20세기 후반에 만연한 가장 어리석은 아이디어들 가운데 하나’라는 혹독한 비판을 면하기 어려울 것이다.",
      "mt": "Không chỉ vậy, họ hầu như phớt lờ nền tảng thực tế của nền kinh tế Mỹ và chỉ rơi vào tư duy tài chính và hiểu lầm thực tế mà nền kinh tế Mỹ đang phải chịu đựng, khó có thể tránh khỏi những lời chỉ trích khắc nghiệt rằng \"một trong những ý tưởng ngu ngốc nhất phổ biến vào cuối thế kỷ 20\".",
      "mtpe": "Không chỉ vậy hầu như phớt lờ nền tảng thực tế của nền kinh tế Mỹ và chỉ rơi vào tư duy tài chính và hiểu lầm thực tế mà nền kinh tế Mỹ đang phải chịu đựng, khó có thể tránh khỏi những lời chỉ trích khắc nghiệt rằng \"một trong những ý tưởng khó hiểu nhất phổ biến vào cuối thế kỷ 20\"."
    },
    {
      "page": 20,
      "sn": "paper10895sent125696",
      "source_original": "즉, 동아시아 3국은 대미 무역을 통해 벌어들인 달러를 미국자산을 구입하는 데 재투자 함으로써 달러유입에 따른 자국 내 급격한 신용의 팽창과 인플레이션을 방 지함과 동시에 자국통화의 평가절상을 억제하면서 세계 최대 소비시장인 미국으로의 수출을 지속적으로 확대할 수 있었다.",
      "source_cleaned": "즉, 동아시아 3국은 대미 무역을 통해 벌어들인 달러를 미국자산을 구입하는 데 재투자함으로써 달러유입에 따른 자국 내 급격한 신용의 팽창과 인플레이션을 방지함과 동시에 자국통화의 평가절상을 억제하면서 세계 최대 소비시장인 미국으로의 수출을 지속적으로 확대할 수 있었다.",
      "mt": "Nói cách khác, ba nước Đông Á đã tái đầu tư đô la kiếm được từ thương mại với Mỹ để mua tài sản của Mỹ, ngăn chặn sự mở rộng tín dụng và lạm phát nhanh chóng trong nước do dòng tiền đô la chảy vào, đồng thời ngăn chặn sự tăng giá của đồng tiền của mình, đồng thời ngăn chặn sự tăng giá và mở rộng xuất khẩu sang Mỹ, thị trường tiêu dùng lớn nhất thế giới. Có thể liên tục mở rộng.",
      "mtpe": "Nói cách khác ba nước Đông Á đã tái đầu tư đô la kiếm được từ thương mại với Mỹ để mua tài sản của Mỹ, ngăn chặn sự mở rộng tín dụng và lạm phát nhanh chóng trong nước do dòng tiền đô la chảy vào, đồng thời ngăn chặn sự tăng giá của đồng tiền của mình, đồng thời ngăn chặn sự tăng giá và mở rộng xuất khẩu sang Mỹ là thị trường tiêu dùng lớn nhất thế giới và điều này có thể liên tục mở rộng."
    }
  ]
}