{
  "meta": {
    "doc_no": "paper11152",
    "domain": "금융",
    "category": "학술논문",
    "license": "open",
    "source_language": "ko",
    "target_language": "vi"
  },
  "doc_info": {
    "source": "민주사회정책연구원",
    "journal_name": "민주사회와 정책연구",
    "vol_info": "2009, vol.,no.16, pp. 15-41 (27 pages)",
    "doi": "/",
    "title": "글로벌 금융위기와 미국의 미래 미국의 대안모델",
    "date": 201101
  },
  "sents": [
    {
      "page": 18,
      "sn": "paper11152sent128534",
      "source_original": "기 위해 필요성을 인정하지만 재정적자의 우려로 반대를 증폭시키고 있다.",
      "source_cleaned": "필요성을 인정하지만 재정적자의 우려로 반대를 증폭시키고 있다.",
      "mt": "Mặc dù thừa nhận tính cần thiết nhưng mối lo ngại thâm hụt tài chính đang làm tăng sự phản đối.",
      "mtpe": "Mặc dù thừa nhận nhu cầu nhưng sự phản đối ngày càng gia tăng do lo ngại về thâm hụt tài chính."
    }
  ]
}