{
  "meta": {
    "doc_no": "paper11074",
    "domain": "금융",
    "category": "학술논문",
    "license": "open",
    "source_language": "ko",
    "target_language": "vi"
  },
  "doc_info": {
    "source": "민주사회정책연구원",
    "journal_name": "민주사회와 정책연구",
    "vol_info": "2009, vol.,no.16, pp. 15-41 (27 pages)",
    "doi": "/",
    "title": "신자유주의 금융위기와 주기적 공황 20072009년 위기의 성격과 전망",
    "date": 201001
  },
  "sents": [
    {
      "page": 33,
      "sn": "paper11074sent127629",
      "source_original": "를 아사상태로 만드는 데 있는 게 아니라 국가를 민주화하는 데 있다.",
      "source_cleaned": "아사상태로 만드는 데 있는 게 아니라 국가를 민주화하는 데 있다.",
      "mt": "Không phải là để làm cho quốc gia trở nên đói, mà là để dân chủ hóa quốc gia.",
      "mtpe": "Mục đích không phải là gây ra nạn đói mà là tiến hành dân chủ hóa đất nước."
    }
  ]
}