{
  "meta": {
    "doc_no": "paper10880",
    "domain": "금융",
    "category": "학술논문",
    "license": "open",
    "source_language": "ko",
    "target_language": "vi"
  },
  "doc_info": {
    "source": "민주사회정책연구원",
    "journal_name": "민주사회와 정책연구",
    "vol_info": "2009, vol.,no.16, pp. 15-41 (27 pages)",
    "doi": "/",
    "title": "신자유주의, 세계경제불균형, 그리고 달러 헤게모니",
    "date": 200901
  },
  "sents": [
    {
      "page": 5,
      "sn": "paper10880sent125604",
      "source_original": "그러나 보다 중요한 점은 이와 같은 모순된 현실이 그간 누구도 쉽게 부정할 수 없는 어떤 구조 적 힘들에 의해 정당화되어왔다는 사실이며, 또한 이와 같은 구조에 기초해 최근에 이르러서야 최종적 파국을 맞이하게 된 금융부문에서의 모든 가공 적(fictitious) 관계들 역시 정당화되어왔다는 점이다.",
      "source_cleaned": "그러나 보다 중요한 점은 이와 같은 모순된 현실이 그간 누구도 쉽게 부정할 수 없는 어떤 구조적 힘들에 의해 정당화되어왔다는 사실이며, 또한 이와 같은 구조에 기초해 최근에 이르러서야 최종적 파국을 맞이하게 된 금융부문에서의 모든 가공적(fictitious) 관계들 역시 정당화되어왔다는 점이다.",
      "mt": "Tuy nhiên, điều quan trọng hơn là thực tế mâu thuẫn như vậy đã được chính đáng hóa bởi một số sức mạnh cấu trúc mà không ai có thể dễ dàng phủ nhận trong thời gian qua, và tất cả các mối quan hệ được gia công trong lĩnh vực tài chính gần đây đã phải đối mặt với thảm họa cuối cùng dựa trên cấu trúc như vậy cũng đã được chính đáng.",
      "mtpe": "Tuy nhiên điểm quan trọng hơn là thực tế mâu thuẫn này đã được biện minh bởi những lực lượng cơ cấu nhất định mà không ai có thể dễ dàng phủ nhận, và dựa trên cơ cấu này, khu vực tài chính chỉ mới phải đối mặt với một thảm họa cuối cùng gần đây."
    },
    {
      "page": 5,
      "sn": "paper10880sent125602",
      "source_original": "따라서 지난 30여 년 간 세계경제와 미국경제에 누적되어온 불균형과 모순을 정당화해온 바로 이와 같은 현실적 구조에 주목하는 것이야 말로 현재 세계경제가 직면해 있는 위기의 본질을 이해하는 데 있어서 가장 중요하다고 할 것이다.",
      "source_cleaned": "따라서 지난 30여년 간 세계경제와 미국경제에 누적되어 온 불균형과 모순을 정당화해 온 바로 이와 같은 현실적 구조에 주목하는 것이야 말로 현재 세계경제가 직면해 있는 위기의 본질을 이해하는 데 있어서 가장 중요하다고 할 것이다.",
      "mt": "Vì vậy, việc chú ý đến cấu trúc thực tế như vậy đã biện minh cho sự mất cân bằng và mâu thuẫn tích lũy trong nền kinh tế thế giới và nền kinh tế Mỹ trong hơn 30 năm qua là quan trọng nhất trong việc hiểu được bản chất của cuộc khủng hoảng mà nền kinh tế thế giới hiện đang phải đối mặt.",
      "mtpe": "Vì vậy việc chú ý đến cấu trúc hiện hữu như vậy đã biện minh cho sự mất cân bằng và mâu thuẫn tích lũy trong nền kinh tế thế giới và nền kinh tế Mỹ trong hơn 30 năm qua là quan trọng nhất trong việc hiểu được bản chất của cuộc khủng hoảng mà nền kinh tế thế giới hiện đang phải đối mặt."
    }
  ]
}