{
  "meta": {
    "doc_no": "paper139568",
    "domain": "금융",
    "category": "학술논문",
    "license": "open",
    "source_language": "ko"
  },
  "doc_info": {
    "source": "한국무역보험학회",
    "journal_name": "무역금융보험연구",
    "vol_info": "2013, vol.14,no.4, pp. 349-368 (20 pages)",
    "doi": "10.22875/jiti.2013.14.4.016",
    "title": "중소기업의 무역확대를 위한 지원방안에 관한 연구",
    "date": 201712
  },
  "sents": [
    {
      "page": 10,
      "sn": "paper139568sent1422387",
      "source_original": "&lt;그림 1&gt; 취업용이성 (2) 무역전공의 학습분야 만족도 무역전공의 학습분야에 대한 만족도의 응답결과를 살펴보면 “그렇다”가 전 체 응답 중 46.8%로 가장 많은 비중을 차지하였고, “보통이다”(35.4%)라는 응"
    },
    {
      "page": 10,
      "sn": "paper139568sent1422388",
      "source_original": "학습이유 2) 중소기업에 대한 잠재수요 (1) 무역전공을 통한 취업의 용이성 무역전공이 취업을 하는데 용이한가에 대한 응답결과를 살펴보면 “보통이 다”가 전체 응답 중 38.5%로 가장 많은 비중을 차지하였고, “그렇다”(35.4%)라 는 응답이 그 다음을 차지하였으며, “매우 그렇다”가 12.3%로 나타났다."
    },
    {
      "page": 10,
      "sn": "paper139568sent1422389",
      "source_original": "&lt;표 8&gt; 무역관련 학습 이유 질문 4."
    },
    {
      "page": 10,
      "sn": "paper139568sent1422390",
      "source_original": "무역관련 학습의 목적으로는 전공분야를 이해하기 위해”가 전체응답자의 45.2%를 차지하여 가장 높은 비중을 나타냈고, 전공분야라서가 17.6%로 2위를 차지하였다(&lt;표 8&gt; 참조)."
    }
  ]
}