{
  "meta": {
    "doc_no": "paper139567",
    "domain": "금융",
    "category": "학술논문",
    "license": "open",
    "source_language": "ko"
  },
  "doc_info": {
    "source": "한국무역보험학회",
    "journal_name": "무역금융보험연구",
    "vol_info": "2013, vol.14,no.4, pp. 349-368 (20 pages)",
    "doi": "10.22875/jiti.2013.14.4.016",
    "title": "중소기업의 무역확대를 위한 지원방안에 관한 연구",
    "date": 201712
  },
  "sents": [
    {
      "page": 9,
      "sn": "paper139567sent1422381",
      "source_original": "&lt;표 7&gt; 응답자 분포 및 무역관련 학습 4) 본 연구를 위한 잠재수요 조사는 전국적인 단위로 조사된 것이 아닌, 수도권과 지방 등 4개 학교를 대상으로 진행되어 해당 분석의 일반화를 꾀하기에는 다소 무리가 있다고 판단됨."
    },
    {
      "page": 9,
      "sn": "paper139567sent1422382",
      "source_original": "&lt;표 7&gt; 참조."
    },
    {
      "page": 9,
      "sn": "paper139567sent1422383",
      "source_original": "그럼에도 중소기업에 대한 무역관련 전공자의 잠재수요의 방향을 이해하는데 도움이 된다고"
    },
    {
      "page": 9,
      "sn": "paper139567sent1422384",
      "source_original": "무역 전공자의 중소기업에 대한 잠재수요 무역 전공자의 종소기업에 대한 잠재수요 조사를 위해 2017년 11월 1일부터 30일가지 무역관련 강좌 수강생 600명을 대상으로 설문조사를 실시하였으며, 유효응답자인 551명을 대상으로 분석하였다.4) 1) 응답자 특성 무역 전공자의 응답자로 남성이 65%, 여성이 35%의 분포를 보였으며, 무역 관련 학습의 정도로는 응답자의 약 85% 정도가 주 1회 이상 전공학습을 하고 있는 것으로 조사되었다."
    },
    {
      "page": 9,
      "sn": "paper139567sent1422385",
      "source_original": "중소기업의 무역확대를 위한 지원방안에 관한 연구 281 2."
    },
    {
      "page": 9,
      "sn": "paper139567sent1422386",
      "source_original": "또한 학습시간은 약 60%가 한번 학습에 2시간 정도 의 학습을 하고 있는 것으로 나타났다."
    }
  ]
}