{
  "meta": {
    "doc_no": "paper139559",
    "domain": "금융",
    "category": "학술논문",
    "license": "open",
    "source_language": "ko"
  },
  "doc_info": {
    "source": "한국무역보험학회",
    "journal_name": "무역금융보험연구",
    "vol_info": "2013, vol.14,no.4, pp. 349-368 (20 pages)",
    "doi": "10.22875/jiti.2013.14.4.016",
    "title": "중소기업의 무역확대를 위한 지원방안에 관한 연구",
    "date": 201712
  },
  "sents": [
    {
      "page": 1,
      "sn": "paper139559sent1422332",
      "source_original": "273 Ⅰ."
    },
    {
      "page": 1,
      "sn": "paper139559sent1422333",
      "source_original": "서 론 Ⅱ."
    },
    {
      "page": 1,
      "sn": "paper139559sent1422334",
      "source_original": "무역유관기관의 중소기업 지원 현황 Ⅲ."
    },
    {
      "page": 1,
      "sn": "paper139559sent1422335",
      "source_original": "무역관련 전공자의 무역교육 잠재수요 조사 Ⅳ."
    },
    {
      "page": 1,
      "sn": "paper139559sent1422336",
      "source_original": "중소기업의 무역확대를 위한 지원방안에 관한 제언 Ⅴ."
    },
    {
      "page": 1,
      "sn": "paper139559sent1422337",
      "source_original": "결 론 국문요약 본 연구는 중소기업의 무역확대를 위해 대학교육의 무역전공자를 중심으로 무역교육과 중소기 업에 대한 잠재수요를 파악하고, 무역유관기관의 지원방안이 보다 효과적일 수 있는 방법을 모색 하고자 하였다."
    },
    {
      "page": 1,
      "sn": "paper139559sent1422338",
      "source_original": "본 연구를 통해 중소기업의 무역확대를 위한 지원방안으로 3가지 제언을 하였다."
    },
    {
      "page": 1,
      "sn": "paper139559sent1422339",
      "source_original": "둘째, 대학교의 실무중심의 무역학 전공교 육의 확대가 필요하다."
    },
    {
      "page": 1,
      "sn": "paper139559sent1422340",
      "source_original": "첫째, 중소기업에 대한 인식제고가 필요하다."
    },
    {
      "page": 1,
      "sn": "paper139559sent1422341",
      "source_original": "이는 다양한 무역유관기관과의 조율과 지원정책의 시너지를 구현할 수 있을 것으로 기대된다."
    },
    {
      "page": 1,
      "sn": "paper139559sent1422342",
      "source_original": "이론과 실무가 융합된 기존의 교과구성에서 벗어나 실무를 중심으로 한 교과목으로의 변화가 요구된다."
    },
    {
      "page": 1,
      "sn": "paper139559sent1422343",
      "source_original": "전자, 관세, 결제 등 중소기업의 무역확대를 위한 실질적인 지식으 로 무장한 인력의 배출이 필요하며, 무역전공 학생들에게 해외시장에 대한 끊임없는 도전의식을 고취할 수 있는 실전형 교육을 확대할 필요가 있다."
    },
    {
      "page": 1,
      "sn": "paper139559sent1422344",
      "source_original": "셋째, 중소기업과 지역 대학과의 산학협력이 필요하다."
    },
    {
      "page": 1,
      "sn": "paper139559sent1422345",
      "source_original": "중소기업을 위한 인력양성과 지역대학을 위한 기업의 진출시장 확대가 결합할 수 있도 록 정부주도의 산학협력 모듈을 개발해야 한다."
    },
    {
      "page": 1,
      "sn": "paper139559sent1422346",
      "source_original": "이는 시장 중심의 산학협력 전략 품목을 구축함으 로써 국내시장과 해외시장에 따른 차별화된 관리를 통해 중소기업의 무역확대를 견인할 수 있을 것으로 기대된다."
    },
    {
      "page": 1,
      "sn": "paper139559sent1422347",
      "source_original": "신설된 중소벤처기업부는 중소기업에 대한 정책을 관리할 수 있는 일원화된 창구 역할을 수행할 필요가 있다."
    }
  ]
}