{
  "meta": {
    "doc_no": "paper139566",
    "domain": "금융",
    "category": "학술논문",
    "license": "open",
    "source_language": "ko"
  },
  "doc_info": {
    "source": "한국무역보험학회",
    "journal_name": "무역금융보험연구",
    "vol_info": "2013, vol.14,no.4, pp. 349-368 (20 pages)",
    "doi": "10.22875/jiti.2013.14.4.016",
    "title": "중소기업의 무역확대를 위한 지원방안에 관한 연구",
    "date": 201712
  },
  "sents": [
    {
      "page": 8,
      "sn": "paper139566sent1422378",
      "source_original": "1. 주요대학 무역관련 현황 전국적으로 주요대학은 무역관련 학과를 개설하여 무역전공자를 양성, 배출 하고 있다."
    },
    {
      "page": 8,
      "sn": "paper139566sent1422379",
      "source_original": "대부분의 무역관련 전공을 개설하고 있는 대학은 국제통상, 국제무 역, 글로벌경영 등과 같은 학과 명칭을 사용하고 있으며 이는 내륙지역 소재대 학과 해양지역 소재대학 모두 큰 차이를 보이고 있지 않다."
    },
    {
      "page": 8,
      "sn": "paper139566sent1422380",
      "source_original": "무역관련 교육은 이론과 실무로 구분되어 보험, 경제, 무역실무, 결제, 계약, 외환, 외국어, 마케팅, 협상 등 무역에서 실제 활용되고 있는 분야를 모두 포함 하고 있는 것으로 조사되었다(&lt;표 5&gt; 참조)."
    }
  ]
}