{
  "meta": {
    "doc_no": "dis10016",
    "domain": "금융",
    "category": "공시정보",
    "license": "open",
    "source_language": "ko"
  },
  "doc_info": {
    "source": "금융감독원",
    "dis_no": 20230601000440,
    "doc_name": "특수관계인과의내부거래",
    "com_name": "원트웬티파이브피에프브이 주식회사",
    "date": 20230601
  },
  "sents": [
    {
      "sn": "dis10016sent5934331",
      "source_original": "특수관계인과의내부거래"
    },
    {
      "sn": "dis10016sent5934332",
      "source_original": "원트웬티파이브피에프브이 주식회사"
    },
    {
      "sn": "dis10016sent5934333",
      "source_original": "특수관계인과의 내부거래"
    },
    {
      "sn": "dis10016sent5934334",
      "source_original": "기업집단명"
    },
    {
      "sn": "dis10016sent5934335",
      "source_original": "엠디엠"
    },
    {
      "sn": "dis10016sent5934336",
      "source_original": "회사명"
    },
    {
      "sn": "dis10016sent5934337",
      "source_original": "원트웬티파이브피에프브이(주)"
    },
    {
      "sn": "dis10016sent5934338",
      "source_original": "공시일자"
    },
    {
      "sn": "dis10016sent5934339",
      "source_original": "관련법규"
    },
    {
      "sn": "dis10016sent5934340",
      "source_original": "공정거래법제26조"
    },
    {
      "sn": "dis10016sent5934341",
      "source_original": "(단위 : 백만 원)"
    },
    {
      "sn": "dis10016sent5934342",
      "source_original": "1. 거래상대방"
    },
    {
      "sn": "dis10016sent5934343",
      "source_original": "(주)엠디엠플러스"
    },
    {
      "sn": "dis10016sent5934344",
      "source_original": "회사와의 관계"
    },
    {
      "sn": "dis10016sent5934345",
      "source_original": "계열회사"
    },
    {
      "sn": "dis10016sent5934346",
      "source_original": "2. 거래내용"
    },
    {
      "sn": "dis10016sent5934347",
      "source_original": "가. 거래일자"
    },
    {
      "sn": "dis10016sent5934348",
      "source_original": "나. 거래기간"
    },
    {
      "sn": "dis10016sent5934349",
      "source_original": "시작일"
    },
    {
      "sn": "dis10016sent5934350",
      "source_original": "종료일"
    },
    {
      "sn": "dis10016sent5934351",
      "source_original": "사용승인 취득일로부터 3개월 이내(2027.02.16) (주1)"
    },
    {
      "sn": "dis10016sent5934352",
      "source_original": "다. 거래대상"
    },
    {
      "sn": "dis10016sent5934353",
      "source_original": "중도금대출 업무협약 관련 보증 제공에 대한 수수료 지급"
    },
    {
      "sn": "dis10016sent5934354",
      "source_original": "라. 거래금액"
    },
    {
      "sn": "dis10016sent5934355",
      "source_original": "마. 계약체결 방식"
    },
    {
      "sn": "dis10016sent5934356",
      "source_original": "3. 총거래금액"
    },
    {
      "sn": "dis10016sent5934357",
      "source_original": "486 (주2)"
    },
    {
      "sn": "dis10016sent5934358",
      "source_original": "4. 이사회 의결일"
    },
    {
      "sn": "dis10016sent5934359",
      "source_original": "- 사외이사 참석여부"
    },
    {
      "sn": "dis10016sent5934360",
      "source_original": "참석(명)"
    },
    {
      "sn": "dis10016sent5934361",
      "source_original": "불참(명)"
    },
    {
      "sn": "dis10016sent5934362",
      "source_original": "- 감사(감사위원)참석여부"
    },
    {
      "sn": "dis10016sent5934363",
      "source_original": "참석"
    },
    {
      "sn": "dis10016sent5934364",
      "source_original": "5. 기타"
    },
    {
      "sn": "dis10016sent5934365",
      "source_original": "- 본건은 원트웬티파이브피에프브이(주)가 중도금대출 업무협약 체결 시 계열회사로부터 제공받은 보증에 대한 수수료를 지급하는 거래 관련임.- (주1) 상기 '나."
    },
    {
      "sn": "dis10016sent5934366",
      "source_original": "거래기간 종료일'의 경우, 사용승인 취득일 확정이 어려운 관계로 공사 도급계약 상의 종료일(2026.11.16) 기준으로 3개월 후인 2027.02.16으로 기재함."
    },
    {
      "sn": "dis10016sent5934367",
      "source_original": "해당 기준일자는 추후 사업 진행상황 등에 따라 변동 가능성 있음.- (주2) 상기 '3."
    },
    {
      "sn": "dis10016sent5934368",
      "source_original": "총거래금액'은 (주)엠디엠플러스와의 2023년 수수료 관련 누계 금액을 기재함."
    },
    {
      "sn": "dis10016sent5934369",
      "source_original": "※ 관련공시일"
    }
  ]
}