{
  "meta": {
    "doc_no": "dis10003",
    "domain": "금융",
    "category": "공시정보",
    "license": "open",
    "source_language": "ko"
  },
  "doc_info": {
    "source": "금융감독원",
    "dis_no": 20230602000001,
    "doc_name": "주요사항보고서(전환사채권 발행결정)",
    "com_name": "주식회사 수성샐바시온",
    "date": 20230602
  },
  "sents": [
    {
      "sn": "dis10003sent5925282",
      "source_original": "주요사항보고서(전환사채권 발행결정)"
    },
    {
      "sn": "dis10003sent5925283",
      "source_original": "주식회사 수성샐바시온"
    },
    {
      "sn": "dis10003sent5925284",
      "source_original": "주요사항보고서 / 거래소 신고의무 사항"
    },
    {
      "sn": "dis10003sent5925285",
      "source_original": "금융위원회 / 한국거래소 귀중"
    },
    {
      "sn": "dis10003sent5925286",
      "source_original": "2023 년 06월 01일"
    },
    {
      "sn": "dis10003sent5925287",
      "source_original": "회 사 명 :"
    },
    {
      "sn": "dis10003sent5925288",
      "source_original": "(주)수성샐바시온"
    },
    {
      "sn": "dis10003sent5925289",
      "source_original": "대 표 이 사 :"
    },
    {
      "sn": "dis10003sent5925290",
      "source_original": "김덕진.장태훈"
    },
    {
      "sn": "dis10003sent5925291",
      "source_original": "본 점 소 재 지 :"
    },
    {
      "sn": "dis10003sent5925292",
      "source_original": "인천서구 로봇랜드로 249번길 46-39"
    },
    {
      "sn": "dis10003sent5925293",
      "source_original": "(전 화) 032-820-5160"
    },
    {
      "sn": "dis10003sent5925294",
      "source_original": "(홈페이지)http://www.soosung.com"
    },
    {
      "sn": "dis10003sent5925295",
      "source_original": "작 성 책 임 자 :"
    },
    {
      "sn": "dis10003sent5925296",
      "source_original": "(직 책) 대표이사"
    },
    {
      "sn": "dis10003sent5925297",
      "source_original": "(성 명)장태훈"
    },
    {
      "sn": "dis10003sent5925298",
      "source_original": "(전 화)032-820-5160"
    },
    {
      "sn": "dis10003sent5925299",
      "source_original": "전환사채권 발행결정"
    },
    {
      "sn": "dis10003sent5925300",
      "source_original": "1. 사채의 종류"
    },
    {
      "sn": "dis10003sent5925301",
      "source_original": "회차"
    },
    {
      "sn": "dis10003sent5925302",
      "source_original": "종류"
    },
    {
      "sn": "dis10003sent5925303",
      "source_original": "무기명식 이권부 무보증 사모 전환사채"
    },
    {
      "sn": "dis10003sent5925304",
      "source_original": "2. 사채의 권면(전자등록)총액 (원)"
    },
    {
      "sn": "dis10003sent5925305",
      "source_original": "2-1. 정관상 잔여 발행한도 (원)"
    },
    {
      "sn": "dis10003sent5925306",
      "source_original": "2-2. (해외발행)"
    },
    {
      "sn": "dis10003sent5925307",
      "source_original": "권면(전자등록)총액(통화단위)"
    },
    {
      "sn": "dis10003sent5925308",
      "source_original": "기준환율등"
    },
    {
      "sn": "dis10003sent5925309",
      "source_original": "발행지역"
    },
    {
      "sn": "dis10003sent5925310",
      "source_original": "해외상장시 시장의 명칭"
    },
    {
      "sn": "dis10003sent5925311",
      "source_original": "3. 자금조달의 목적"
    },
    {
      "sn": "dis10003sent5925312",
      "source_original": "시설자금 (원)"
    },
    {
      "sn": "dis10003sent5925313",
      "source_original": "영업양수자금 (원)"
    },
    {
      "sn": "dis10003sent5925314",
      "source_original": "운영자금 (원)"
    },
    {
      "sn": "dis10003sent5925315",
      "source_original": "채무상환자금 (원)"
    },
    {
      "sn": "dis10003sent5925316",
      "source_original": "타법인 증권 취득자금 (원)"
    },
    {
      "sn": "dis10003sent5925317",
      "source_original": "기타자금 (원)"
    },
    {
      "sn": "dis10003sent5925318",
      "source_original": "4. 사채의 이율"
    },
    {
      "sn": "dis10003sent5925319",
      "source_original": "표면이자율 (%)"
    },
    {
      "sn": "dis10003sent5925320",
      "source_original": "만기이자율 (%)"
    },
    {
      "sn": "dis10003sent5925321",
      "source_original": "5. 사채만기일"
    },
    {
      "sn": "dis10003sent5925322",
      "source_original": "2026년 07월 28일"
    },
    {
      "sn": "dis10003sent5925323",
      "source_original": "6. 이자지급방법"
    },
    {
      "sn": "dis10003sent5925324",
      "source_original": "이자없음"
    },
    {
      "sn": "dis10003sent5925325",
      "source_original": "7. 원금상환방법"
    },
    {
      "sn": "dis10003sent5925326",
      "source_original": "본 사채의 만기일에 당해 남아 있는 권면금액의 100%을 일시 상환한다."
    },
    {
      "sn": "dis10003sent5925327",
      "source_original": "상환기일이 영업일일시 일시상환한다."
    },
    {
      "sn": "dis10003sent5925328",
      "source_original": "단, 상환 기일이 은행등 휴무일인 경우에는 그 익영업일에 상환한다."
    },
    {
      "sn": "dis10003sent5925329",
      "source_original": "8. 사채발행방법"
    },
    {
      "sn": "dis10003sent5925330",
      "source_original": "사모"
    },
    {
      "sn": "dis10003sent5925331",
      "source_original": "9. 전환에 관한 사항"
    },
    {
      "sn": "dis10003sent5925332",
      "source_original": "전환비율 (%)"
    },
    {
      "sn": "dis10003sent5925333",
      "source_original": "전환가액 (원/주)"
    },
    {
      "sn": "dis10003sent5925334",
      "source_original": "전환가액 결정방법"
    },
    {
      "sn": "dis10003sent5925335",
      "source_original": "본 사채 발행을 위한 이사회 결의일 전일로부터 소급한1개월 가중산술평균주가, 1주일 가중산술평균주가 및 최근일 가중산술평균주가를 산술평균한 가액과 최근일 가중산술평균주가 및 청약일(청약일이 없는 경우는 납입일) 3거래일 전 가중산술평균주가 중 높은 가액으로 하되, 원단위 절상 한다"
    },
    {
      "sn": "dis10003sent5925336",
      "source_original": "전환에 따라발행할 주식"
    },
    {
      "sn": "dis10003sent5925337",
      "source_original": "(주)수성샐바시온 기명식 보통주"
    },
    {
      "sn": "dis10003sent5925338",
      "source_original": "주식수"
    },
    {
      "sn": "dis10003sent5925339",
      "source_original": "주식총수 대비비율(%)"
    },
    {
      "sn": "dis10003sent5925340",
      "source_original": "전환청구기간"
    },
    {
      "sn": "dis10003sent5925341",
      "source_original": "시작일"
    },
    {
      "sn": "dis10003sent5925342",
      "source_original": "2024년 07월 28일"
    },
    {
      "sn": "dis10003sent5925343",
      "source_original": "종료일"
    },
    {
      "sn": "dis10003sent5925344",
      "source_original": "2026년 06월 28일"
    },
    {
      "sn": "dis10003sent5925345",
      "source_original": "전환가액 조정에 관한 사항"
    },
    {
      "sn": "dis10003sent5925346",
      "source_original": "“본 사채”를 소유한 자가 전환청구권 행사를 하기 전에 “발행회사”가 시가를 하회하는 발행가액으로 유상증자, 주식배당 및 준비금의 자본전입 등을 함으로써 주식을 발행하거나 또는 시가를 하회하는 전환가격 또는 행사가격으로 전환사채 또는 신주인수권부사채를 발행하는 경우에는 아래와 같이 전환가격을 조정한다."
    },
    {
      "sn": "dis10003sent5925347",
      "source_original": "단, 유·무상증자를 병행 실시하는 경우, 유상증자의 1주당 발행가액이 조정 전 전환가격을 상회하는 때에는 유상증자에 의한 신규 발행주식수는 전환가격 조정에 적용하지 아니하고 무상증자에 의한 신규 발행주식수만 적용한다."
    },
    {
      "sn": "dis10003sent5925348",
      "source_original": "조정후전환가격 = 조정전전환가격 × [{A+(B×C/D)} / (A+B)]"
    },
    {
      "sn": "dis10003sent5925349",
      "source_original": "A: 기발행주식수, B: 신규 발행주식수, C: 1주당 발행가액, D: 시가"
    },
    {
      "sn": "dis10003sent5925350",
      "source_original": "다만, 위 산식 중 \"기발행주식수\"는 당해 조정사유가 발생하기 직전일 현재의 발행주식 총수로 하며, 전환사채 또는 신주인수권부사채를 발행할 경우 \"신규 발행주식수\"는 당해 사채 발행시 전환가격으로 전부 주식으로 전환되거나 당해 사채 발행시 행사가격으로 신주인수권이 전부 행사될 경우 발행될 주식의 수로 한다."
    },
    {
      "sn": "dis10003sent5925351",
      "source_original": "또한, 위 산식 중 \"1주당 발행가격\"은 주식분할, 무상증자, 주식배당의 경우에는 영(0)으로 하고, 전환사채 또는 신주인수권부사채를 발행할 경우에는 당해 사채 발행시 전환가격 또는 행사가격으로 하며, 위 산식에서 \"시가\"라 함은 “증권의 발행 및 공시 등에 관한 규정”에서 규정하는 발행가격 산정의 기준이 되는 기준주가 또는 이론권리락주가(유상증자 이외의 경우에는 조정사유 발생 전일을 기산일로 하여 계산한 기준주가)로 한다."
    },
    {
      "sn": "dis10003sent5925352",
      "source_original": "합병, 자본의 감소, 주식분할 및 병합 등에 의하여 전환가격의 조정이 필요한 경우에는 당해 합병 또는 자본의 감소 직전에 전환청구권이 행사되어 전액 주식으로 인수되었더라면 “본 사채”의 “사채권자”가 가질 수 있었던 동일한 효과가 날 수 있도록 조정한다."
    },
    {
      "sn": "dis10003sent5925353",
      "source_original": "합병, 자본의 감소, 주식분할 및 병합의 사유가 중복하여 발생한 경우에는 각각 그 비율을 고려하여 전환가격을 조정한다."
    },
    {
      "sn": "dis10003sent5925354",
      "source_original": "“발행회사”가 이러한 조치를 하지 못함으로 인하여 “본 사채”의 “사채권자”가 손해를 입은 경우 “발행회사”는 그 손해를 배상하여야 한다."
    },
    {
      "sn": "dis10003sent5925355",
      "source_original": "또한, “발행회사”는 “사채권자”의 권리에 불리한 영향을 미치게 되는 방식으로 합병, 분할 및 영업양수도 행위를 하여서는 아니 되며, 계속하여 상장을 유지할 의무를 부담한다."
    },
    {
      "sn": "dis10003sent5925356",
      "source_original": "감자 및 주식 병합 등 주식가치 상승사유가 발생하는 경우 감자 및 주식 병합 등으로 인한 조정비율만큼 상향하여 반영하는 조건으로 전환가격을 조정한다."
    },
    {
      "sn": "dis10003sent5925357",
      "source_original": "단, 감자 및 주식병합 등을 위한 주주총회 결의일 전일을 기산일로 하여 “증권의 발행 및 공시등에 관한 규정” 제 5-22조 제1항 본문의 규정에 의하여 산정(제3호는 제외한다)한 가액(이하 “산정가액”이라 한다)이 액면가액 미만이면서 기산일 전에 전환가격을 액면가액으로 이미 조정한 경우(전환가격을 액면가액 미만으로 조정할 수 있는 경우는 제외한다)에는 조정 후 전환가격은 산정가액을 기준으로 감자 및 주식병합 등으로 인한 조정비율만큼 상향 조정한 가액 이상으로 조정한다"
    },
    {
      "sn": "dis10003sent5925358",
      "source_original": "위 가.목 내지 다.목에 의하여 조정된 전환가격이 주식의 액면가 이하일 경우에는 액면가를 전환가격으로 하며, 각 전환사채에 부여된 전환청구권의 행사로 인하여 발행할 주식의 발행가액의 합계액은 각 전환사채의 발행가액을 초과할 수 없다."
    },
    {
      "sn": "dis10003sent5925359",
      "source_original": "본호에 의한 조정 후 전환가격 중 원단위 미만은 절상한다."
    },
    {
      "sn": "dis10003sent5925360",
      "source_original": "시가하락에따른전환가액조정"
    },
    {
      "sn": "dis10003sent5925361",
      "source_original": "최저 조정가액 (원)"
    },
    {
      "sn": "dis10003sent5925362",
      "source_original": "최저 조정가액 근거"
    },
    {
      "sn": "dis10003sent5925363",
      "source_original": "발행당시 전환가액의70% 미만으로조정가능한 잔여발행한도 (원)"
    },
    {
      "sn": "dis10003sent5925364",
      "source_original": "9-1. 옵션에 관한 사항"
    },
    {
      "sn": "dis10003sent5925365",
      "source_original": "22. 기타 투자판단에 참고할 사항"
    },
    {
      "sn": "dis10003sent5925366",
      "source_original": "10. 합병 관련 사항"
    },
    {
      "sn": "dis10003sent5925367",
      "source_original": "11. 청약일"
    },
    {
      "sn": "dis10003sent5925368",
      "source_original": "2023년 06월 01일"
    },
    {
      "sn": "dis10003sent5925369",
      "source_original": "12. 납입일"
    },
    {
      "sn": "dis10003sent5925370",
      "source_original": "2023년 07월 28일"
    },
    {
      "sn": "dis10003sent5925371",
      "source_original": "13. 납입방법"
    },
    {
      "sn": "dis10003sent5925372",
      "source_original": "현금"
    },
    {
      "sn": "dis10003sent5925373",
      "source_original": "14. 대표주관회사"
    },
    {
      "sn": "dis10003sent5925374",
      "source_original": "15. 보증기관"
    },
    {
      "sn": "dis10003sent5925375",
      "source_original": "16. 담보제공에 관한 사항"
    },
    {
      "sn": "dis10003sent5925376",
      "source_original": "없음."
    },
    {
      "sn": "dis10003sent5925377",
      "source_original": "17. 이사회결의일(결정일)"
    },
    {
      "sn": "dis10003sent5925378",
      "source_original": "- 사외이사 참석여부"
    },
    {
      "sn": "dis10003sent5925379",
      "source_original": "참석 (명)"
    },
    {
      "sn": "dis10003sent5925380",
      "source_original": "불참 (명)"
    },
    {
      "sn": "dis10003sent5925381",
      "source_original": "- 감사(감사위원) 참석여부"
    },
    {
      "sn": "dis10003sent5925382",
      "source_original": "참석"
    },
    {
      "sn": "dis10003sent5925383",
      "source_original": "18. 증권신고서 제출대상 여부"
    },
    {
      "sn": "dis10003sent5925384",
      "source_original": "아니오"
    },
    {
      "sn": "dis10003sent5925385",
      "source_original": "19. 제출을 면제받은 경우 그 사유"
    },
    {
      "sn": "dis10003sent5925386",
      "source_original": "사모발행(사채발행일로부터 1년간 전환 및 권면분할 금지)"
    },
    {
      "sn": "dis10003sent5925387",
      "source_original": "20. 당해 사채의 해외발행과 연계된 대차거래 내역 - 목적, 주식수, 대여자 및 차입자 인적사항,예정처분시기, 대차조건(기간, 상환조건, 이율),상환방식, 당해 전환사채 발행과의 연계성, 수수료 등"
    },
    {
      "sn": "dis10003sent5925388",
      "source_original": "해당사항없음"
    },
    {
      "sn": "dis10003sent5925389",
      "source_original": "21. 공정거래위원회 신고대상 여부"
    },
    {
      "sn": "dis10003sent5925390",
      "source_original": "미해당"
    },
    {
      "sn": "dis10003sent5925391",
      "source_original": "22. 기타 투자판단에 참고할 사항* 상기 2-1 정관상 잔여 발행한도는 금일 전환사채발행결정한 22회,23회 24회 전환사채 총액을 포함한 정관상 잔여 발행 한도 입니다."
    },
    {
      "sn": "dis10003sent5925392",
      "source_original": "(1) 사채의 만기전 조기상환청구권(Put-Option) : “본 사채”의 “사채권자”는 “본 사채”의 발행일로부터 1년이 되는 2024년 7월 28일 및 이후 매 3개월에 해당되는 날(이하 \"조기상환지급기일\"이라 한다)에 전자등록금액에 조기상환율을 곱한 금액의 전부(단, 원 단위 미만 금액은 절사함)에 대하여 만기 전 조기상환을 청구할 수 있다."
    },
    {
      "sn": "dis10003sent5925393",
      "source_original": "단, 조기상환지급기일이 은행영업일이 아닌 경우에는 그 다음 영업일에 상환하고 조기상환지급기일 이후의 이자는 계산하지 아니한다."
    },
    {
      "sn": "dis10003sent5925394",
      "source_original": "1) 조기상환 청구장소 : 발행회사의 본점"
    },
    {
      "sn": "dis10003sent5925395",
      "source_original": "2) 조기상환 지급장소 : 기업은행 남동공단미래지점"
    },
    {
      "sn": "dis10003sent5925396",
      "source_original": "3) 조기상환 청구기간 : 사채권자는 조기상환지급일 25영업일전부터 10영업일전까지 발행회사에서 서면통지로 조기상환 청구를 하여야 한다."
    },
    {
      "sn": "dis10003sent5925397",
      "source_original": "단, 조기상환청구기간의 종료일이 영업일이 아닌 경우에는 그 다음 영업일까지로 한다."
    },
    {
      "sn": "dis10003sent5925398",
      "source_original": "9. 사채의 청약일 : 2023년 06월 01일"
    },
    {
      "sn": "dis10003sent5925399",
      "source_original": "10. 사채의 납입일 : 2023년 07월 28일"
    },
    {
      "sn": "dis10003sent5925400",
      "source_original": "11. 사채의 만기일 : 2026년 07월 28일"
    },
    {
      "sn": "dis10003sent5925401",
      "source_original": "12. 자금사용 목적 : 타법인지분취득 40억원"
    },
    {
      "sn": "dis10003sent5925402",
      "source_original": "13. 사채대금의 납입은행 : 기업은행 남동공단미래지점"
    },
    {
      "sn": "dis10003sent5925403",
      "source_original": "14. 사채의 발행방법 : “본 사채”는 실물발행한다."
    },
    {
      "sn": "dis10003sent5925404",
      "source_original": "【특정인에 대한 대상자별 사채발행내역】"
    },
    {
      "sn": "dis10003sent5925405",
      "source_original": "발행 대상자명"
    },
    {
      "sn": "dis10003sent5925406",
      "source_original": "회사 또는최대주주와의관계"
    },
    {
      "sn": "dis10003sent5925407",
      "source_original": "선정경위"
    },
    {
      "sn": "dis10003sent5925408",
      "source_original": "발행결정 전후6월이내거래내역 및계획"
    },
    {
      "sn": "dis10003sent5925409",
      "source_original": "발행권면(전자등록)총액(원)"
    },
    {
      "sn": "dis10003sent5925410",
      "source_original": "비고"
    },
    {
      "sn": "dis10003sent5925411",
      "source_original": "투믹스홀딩스"
    },
    {
      "sn": "dis10003sent5925412",
      "source_original": "회사의 경영 목적 달성 및 신속한 자금조달을 고려하여 투자자 선정"
    },
    {
      "sn": "dis10003sent5925413",
      "source_original": "【사채발행 대상 법인 또는 단체가 권리 행사로 주주가 되는 경우】"
    },
    {
      "sn": "dis10003sent5925414",
      "source_original": "(1) 법인 또는 단체에 관한 기본정보"
    },
    {
      "sn": "dis10003sent5925415",
      "source_original": "명 칭"
    },
    {
      "sn": "dis10003sent5925416",
      "source_original": "출자자수(명)"
    },
    {
      "sn": "dis10003sent5925417",
      "source_original": "대표이사(대표조합원)"
    },
    {
      "sn": "dis10003sent5925418",
      "source_original": "업무집행자(업무집행조합원)"
    },
    {
      "sn": "dis10003sent5925419",
      "source_original": "최대주주(최대출자자)"
    },
    {
      "sn": "dis10003sent5925420",
      "source_original": "성명"
    },
    {
      "sn": "dis10003sent5925421",
      "source_original": "지분(%)"
    },
    {
      "sn": "dis10003sent5925422",
      "source_original": "유영학"
    },
    {
      "sn": "dis10003sent5925423",
      "source_original": "테라핀스튜디오주식회사"
    },
    {
      "sn": "dis10003sent5925424",
      "source_original": "(2) 법인 또는 단체의 최근 결산기 주요 재무사항"
    },
    {
      "sn": "dis10003sent5925425",
      "source_original": "(단위 : 백만원)"
    },
    {
      "sn": "dis10003sent5925426",
      "source_original": "회계연도"
    },
    {
      "sn": "dis10003sent5925427",
      "source_original": "결산기"
    },
    {
      "sn": "dis10003sent5925428",
      "source_original": "12월"
    },
    {
      "sn": "dis10003sent5925429",
      "source_original": "자산총계"
    },
    {
      "sn": "dis10003sent5925430",
      "source_original": "매출액"
    },
    {
      "sn": "dis10003sent5925431",
      "source_original": "부채총계"
    },
    {
      "sn": "dis10003sent5925432",
      "source_original": "당기순손익"
    },
    {
      "sn": "dis10003sent5925433",
      "source_original": "자본총계"
    },
    {
      "sn": "dis10003sent5925434",
      "source_original": "외부감사인"
    },
    {
      "sn": "dis10003sent5925435",
      "source_original": "자본금"
    },
    {
      "sn": "dis10003sent5925436",
      "source_original": "감사의견"
    },
    {
      "sn": "dis10003sent5925437",
      "source_original": "【조달자금의 구체적 사용 목적】"
    },
    {
      "sn": "dis10003sent5925438",
      "source_original": "【타법인 증권 취득자금ㆍ영업양수자금의 경우】"
    },
    {
      "sn": "dis10003sent5925439",
      "source_original": "자금용도"
    },
    {
      "sn": "dis10003sent5925440",
      "source_original": "거래상대방"
    },
    {
      "sn": "dis10003sent5925441",
      "source_original": "증권발행회사*"
    },
    {
      "sn": "dis10003sent5925442",
      "source_original": "증권 발행회사의사업내용(양수영업 주요내용)"
    },
    {
      "sn": "dis10003sent5925443",
      "source_original": "취득가격산정근거**"
    },
    {
      "sn": "dis10003sent5925444",
      "source_original": "타법인 증권 취득자금"
    },
    {
      "sn": "dis10003sent5925445",
      "source_original": "미정"
    },
    {
      "sn": "dis10003sent5925446",
      "source_original": "* 증권 발행회사는 타법인 증권 취득자금의 경우에만 기재하며, 이 경우 증권 발행회사의 최근 결산기 주요 재무사항을 아래 표에 기재한다."
    },
    {
      "sn": "dis10003sent5925447",
      "source_original": "(단, 증권 발행회사가 사업보고서 제출대상법인인 경우 제외)* 보고일 현재는 미정이며 확정후 공시 진행하도록 하겠습니다."
    },
    {
      "sn": "dis10003sent5925448",
      "source_original": "** 외부평가를 받은 경우 평가기관명 및 평가일자, 평가결과 등을 포함하여 기재하되, 외부평가 등을 받지 않은 경우에는 외부평가 면제여부 및 그 근거를 기재하고 취득ㆍ양수가액을 산정한 근거를 구체적으로 기재한다."
    },
    {
      "sn": "dis10003sent5925449",
      "source_original": "(산출방법 및 근거 법령이 있으면 동 법령 기재)"
    },
    {
      "sn": "dis10003sent5925450",
      "source_original": "【미상환 주권 관련 사채권에 관한 사항】"
    },
    {
      "sn": "dis10003sent5925451",
      "source_original": "전환(행사)가능주식"
    },
    {
      "sn": "dis10003sent5925452",
      "source_original": "기발행미상환사채권"
    },
    {
      "sn": "dis10003sent5925453",
      "source_original": "잔액(원)"
    },
    {
      "sn": "dis10003sent5925454",
      "source_original": "전환(행사)가액(원)"
    },
    {
      "sn": "dis10003sent5925455",
      "source_original": "전환(행사)가능주식수(주)"
    },
    {
      "sn": "dis10003sent5925456",
      "source_original": "전환(행사)가능기간"
    },
    {
      "sn": "dis10003sent5925457",
      "source_original": "17회"
    },
    {
      "sn": "dis10003sent5925458",
      "source_original": "18회"
    },
    {
      "sn": "dis10003sent5925459",
      "source_original": "19회"
    },
    {
      "sn": "dis10003sent5925460",
      "source_original": "20회"
    },
    {
      "sn": "dis10003sent5925461",
      "source_original": "21회"
    },
    {
      "sn": "dis10003sent5925462",
      "source_original": "22회(발행예정)"
    },
    {
      "sn": "dis10003sent5925463",
      "source_original": "23회(발행예정)"
    },
    {
      "sn": "dis10003sent5925464",
      "source_original": "24회(발행예정)"
    },
    {
      "sn": "dis10003sent5925465",
      "source_original": "소계"
    },
    {
      "sn": "dis10003sent5925466",
      "source_original": "신규 발행 사채권"
    },
    {
      "sn": "dis10003sent5925467",
      "source_original": "합계"
    },
    {
      "sn": "dis10003sent5925468",
      "source_original": "기발행주식 총수(주) (C)"
    },
    {
      "sn": "dis10003sent5925469",
      "source_original": "기발행주식총수 대비 비율(%) (D=(A+B)/C)"
    }
  ]
}