{
  "meta": {
    "doc_no": "dis10005",
    "domain": "금융",
    "category": "공시정보",
    "license": "open",
    "source_language": "ko"
  },
  "doc_info": {
    "source": "금융감독원",
    "dis_no": 20230601000455,
    "doc_name": "주요사항보고서(전환사채권 발행결정)",
    "com_name": "주식회사 수성샐바시온",
    "date": 20230601
  },
  "sents": [
    {
      "sn": "dis10005sent5925646",
      "source_original": "주요사항보고서(전환사채권 발행결정)"
    },
    {
      "sn": "dis10005sent5925647",
      "source_original": "주식회사 수성샐바시온"
    },
    {
      "sn": "dis10005sent5925648",
      "source_original": "주요사항보고서 / 거래소 신고의무 사항"
    },
    {
      "sn": "dis10005sent5925649",
      "source_original": "금융위원회 / 한국거래소 귀중"
    },
    {
      "sn": "dis10005sent5925650",
      "source_original": "2023 년 06월 01일"
    },
    {
      "sn": "dis10005sent5925651",
      "source_original": "회 사 명 :"
    },
    {
      "sn": "dis10005sent5925652",
      "source_original": "(주)수성샐바시온"
    },
    {
      "sn": "dis10005sent5925653",
      "source_original": "대 표 이 사 :"
    },
    {
      "sn": "dis10005sent5925654",
      "source_original": "김덕진.장태훈"
    },
    {
      "sn": "dis10005sent5925655",
      "source_original": "본 점 소 재 지 :"
    },
    {
      "sn": "dis10005sent5925656",
      "source_original": "인천서구 로봇랜드로 249번길 46-39"
    },
    {
      "sn": "dis10005sent5925657",
      "source_original": "(전 화) 032-820-5160"
    },
    {
      "sn": "dis10005sent5925658",
      "source_original": "(홈페이지)http://www.soosung.com"
    },
    {
      "sn": "dis10005sent5925659",
      "source_original": "작 성 책 임 자 :"
    },
    {
      "sn": "dis10005sent5925660",
      "source_original": "(직 책) 대표이사"
    },
    {
      "sn": "dis10005sent5925661",
      "source_original": "(성 명)장태훈"
    },
    {
      "sn": "dis10005sent5925662",
      "source_original": "전환사채권 발행결정"
    },
    {
      "sn": "dis10005sent5925663",
      "source_original": "1. 사채의 종류"
    },
    {
      "sn": "dis10005sent5925664",
      "source_original": "회차"
    },
    {
      "sn": "dis10005sent5925665",
      "source_original": "종류"
    },
    {
      "sn": "dis10005sent5925666",
      "source_original": "무기명식 이권부 무보증 사모 전환사채"
    },
    {
      "sn": "dis10005sent5925667",
      "source_original": "2. 사채의 권면(전자등록)총액 (원)"
    },
    {
      "sn": "dis10005sent5925668",
      "source_original": "2-1. 정관상 잔여 발행한도 (원)"
    },
    {
      "sn": "dis10005sent5925669",
      "source_original": "2-2. (해외발행)"
    },
    {
      "sn": "dis10005sent5925670",
      "source_original": "권면(전자등록)총액(통화단위)"
    },
    {
      "sn": "dis10005sent5925671",
      "source_original": "기준환율등"
    },
    {
      "sn": "dis10005sent5925672",
      "source_original": "발행지역"
    },
    {
      "sn": "dis10005sent5925673",
      "source_original": "해외상장시 시장의 명칭"
    },
    {
      "sn": "dis10005sent5925674",
      "source_original": "3. 자금조달의 목적"
    },
    {
      "sn": "dis10005sent5925675",
      "source_original": "시설자금 (원)"
    },
    {
      "sn": "dis10005sent5925676",
      "source_original": "영업양수자금 (원)"
    },
    {
      "sn": "dis10005sent5925677",
      "source_original": "운영자금 (원)"
    },
    {
      "sn": "dis10005sent5925678",
      "source_original": "채무상환자금 (원)"
    },
    {
      "sn": "dis10005sent5925679",
      "source_original": "타법인 증권 취득자금 (원)"
    },
    {
      "sn": "dis10005sent5925680",
      "source_original": "기타자금 (원)"
    },
    {
      "sn": "dis10005sent5925681",
      "source_original": "4. 사채의 이율"
    },
    {
      "sn": "dis10005sent5925682",
      "source_original": "표면이자율 (%)"
    },
    {
      "sn": "dis10005sent5925683",
      "source_original": "만기이자율 (%)"
    },
    {
      "sn": "dis10005sent5925684",
      "source_original": "5. 사채만기일"
    },
    {
      "sn": "dis10005sent5925685",
      "source_original": "2026년 06월 26일"
    },
    {
      "sn": "dis10005sent5925686",
      "source_original": "6. 이자지급방법"
    },
    {
      "sn": "dis10005sent5925687",
      "source_original": "“본 사채” 발행일로부터 사채 만기 직전일까지 전자등록금액에 대하여 표면이율은 연 단리 2%로 하며, 만기보장수익율은 연 5% (분기단위) 로 한다."
    },
    {
      "sn": "dis10005sent5925688",
      "source_original": "발행일로부터 만기일 전일까지 계산하여 발행일로부터 만기일까지 매 3개월마다 해당 이자지급기일 현재의 전자등록금액에 제8호의 표면이율을 적용하여 산출한 연간 이자금액의 1/4 씩 후급(단, 원 단위 미만 금액은 절사함)하며, 이자지급기일은 아래와 같다."
    },
    {
      "sn": "dis10005sent5925689",
      "source_original": "다만, 이자지급기일이 은행영업일이 아닌 경우에는 그 다음 영업일에 이자를 지급하되, 이자지급기일 이후의 이자는 계산하지 아니한다"
    },
    {
      "sn": "dis10005sent5925690",
      "source_original": "7. 원금상환방법"
    },
    {
      "sn": "dis10005sent5925691",
      "source_original": "본 사채의 만기일에 당해 남아 있는 권면금액의 100%을 일시 상환한다."
    },
    {
      "sn": "dis10005sent5925692",
      "source_original": "상환기일이 영업일일시 일시상환한다."
    },
    {
      "sn": "dis10005sent5925693",
      "source_original": "단, 상환 기일이 은행등 휴무일인 경우에는 그 익영업일에 상환한다."
    },
    {
      "sn": "dis10005sent5925694",
      "source_original": "8. 사채발행방법"
    },
    {
      "sn": "dis10005sent5925695",
      "source_original": "사모"
    },
    {
      "sn": "dis10005sent5925696",
      "source_original": "9. 전환에 관한 사항"
    },
    {
      "sn": "dis10005sent5925697",
      "source_original": "전환비율 (%)"
    },
    {
      "sn": "dis10005sent5925698",
      "source_original": "전환가액 (원/주)"
    },
    {
      "sn": "dis10005sent5925699",
      "source_original": "전환가액 결정방법"
    },
    {
      "sn": "dis10005sent5925700",
      "source_original": "본 사채 발행을 위한 이사회 결의일 전일로부터 소급한1개월 가중산술평균주가, 1주일 가중산술평균주가 및 최근일 가중산술평균주가를 산술평균한 가액과 최근일 가중산술평균주가 및 청약일(청약일이 없는 경우는 납입일) 3거래일 전 가중산술평균주가 중 높은 가액으로 하되, 원단위 절상 한다"
    },
    {
      "sn": "dis10005sent5925701",
      "source_original": "전환에 따라발행할 주식"
    },
    {
      "sn": "dis10005sent5925702",
      "source_original": "(주)수성샐바시온 기명식 보통주"
    },
    {
      "sn": "dis10005sent5925703",
      "source_original": "주식수"
    },
    {
      "sn": "dis10005sent5925704",
      "source_original": "주식총수 대비비율(%)"
    },
    {
      "sn": "dis10005sent5925705",
      "source_original": "전환청구기간"
    },
    {
      "sn": "dis10005sent5925706",
      "source_original": "시작일"
    },
    {
      "sn": "dis10005sent5925707",
      "source_original": "2024년 06월 26일"
    },
    {
      "sn": "dis10005sent5925708",
      "source_original": "종료일"
    },
    {
      "sn": "dis10005sent5925709",
      "source_original": "2026년 05월 26일"
    },
    {
      "sn": "dis10005sent5925710",
      "source_original": "전환가액 조정에 관한 사항"
    },
    {
      "sn": "dis10005sent5925711",
      "source_original": "“본 사채”를 소유한 자가 전환청구권 행사를 하기 전에 “발행회사”가 시가를 하회하는 발행가액으로 유상증자, 주식배당 및 준비금의 자본전입 등을 함으로써 주식을 발행하거나 또는 시가를 하회하는 전환가격 또는 행사가격으로 전환사채 또는 신주인수권부사채를 발행하는 경우에는 아래와 같이 전환가격을 조정한다."
    },
    {
      "sn": "dis10005sent5925712",
      "source_original": "단, 유·무상증자를 병행 실시하는 경우, 유상증자의 1주당 발행가액이 조정 전 전환가격을 상회하는 때에는 유상증자에 의한 신규 발행주식수는 전환가격 조정에 적용하지 아니하고 무상증자에 의한 신규 발행주식수만 적용한다."
    },
    {
      "sn": "dis10005sent5925713",
      "source_original": "조정후전환가격 = 조정전전환가격 × [{A+(B×C/D)} / (A+B)]"
    },
    {
      "sn": "dis10005sent5925714",
      "source_original": "A: 기발행주식수, B: 신규 발행주식수, C: 1주당 발행가액, D: 시가"
    },
    {
      "sn": "dis10005sent5925715",
      "source_original": "다만, 위 산식 중 \"기발행주식수\"는 당해 조정사유가 발생하기 직전일 현재의 발행주식 총수로 하며, 전환사채 또는 신주인수권부사채를 발행할 경우 \"신규 발행주식수\"는 당해 사채 발행시 전환가격으로 전부 주식으로 전환되거나 당해 사채 발행시 행사가격으로 신주인수권이 전부 행사될 경우 발행될 주식의 수로 한다."
    },
    {
      "sn": "dis10005sent5925716",
      "source_original": "또한, 위 산식 중 \"1주당 발행가격\"은 주식분할, 무상증자, 주식배당의 경우에는 영(0)으로 하고, 전환사채 또는 신주인수권부사채를 발행할 경우에는 당해 사채 발행시 전환가격 또는 행사가격으로 하며, 위 산식에서 \"시가\"라 함은 “증권의 발행 및 공시 등에 관한 규정”에서 규정하는 발행가격 산정의 기준이 되는 기준주가 또는 이론권리락주가(유상증자 이외의 경우에는 조정사유 발생 전일을 기산일로 하여 계산한 기준주가)로 한다."
    },
    {
      "sn": "dis10005sent5925717",
      "source_original": "합병, 자본의 감소, 주식분할 및 병합 등에 의하여 전환가격의 조정이 필요한 경우에는 당해 합병 또는 자본의 감소 직전에 전환청구권이 행사되어 전액 주식으로 인수되었더라면 “본 사채”의 “사채권자”가 가질 수 있었던 동일한 효과가 날 수 있도록 조정한다."
    },
    {
      "sn": "dis10005sent5925718",
      "source_original": "합병, 자본의 감소, 주식분할 및 병합의 사유가 중복하여 발생한 경우에는 각각 그 비율을 고려하여 전환가격을 조정한다."
    },
    {
      "sn": "dis10005sent5925719",
      "source_original": "“발행회사”가 이러한 조치를 하지 못함으로 인하여 “본 사채”의 “사채권자”가 손해를 입은 경우 “발행회사”는 그 손해를 배상하여야 한다."
    },
    {
      "sn": "dis10005sent5925720",
      "source_original": "또한, “발행회사”는 “사채권자”의 권리에 불리한 영향을 미치게 되는 방식으로 합병, 분할 및 영업양수도 행위를 하여서는 아니 되며, 계속하여 상장을 유지할 의무를 부담한다."
    },
    {
      "sn": "dis10005sent5925721",
      "source_original": "감자 및 주식 병합 등 주식가치 상승사유가 발생하는 경우 감자 및 주식 병합 등으로 인한 조정비율만큼 상향하여 반영하는 조건으로 전환가격을 조정한다."
    },
    {
      "sn": "dis10005sent5925722",
      "source_original": "단, 감자 및 주식병합 등을 위한 주주총회 결의일 전일을 기산일로 하여 “증권의 발행 및 공시등에 관한 규정” 제 5-22조 제1항 본문의 규정에 의하여 산정(제3호는 제외한다)한 가액(이하 “산정가액”이라 한다)이 액면가액 미만이면서 기산일 전에 전환가격을 액면가액으로 이미 조정한 경우(전환가격을 액면가액 미만으로 조정할 수 있는 경우는 제외한다)에는 조정 후 전환가격은 산정가액을 기준으로 감자 및 주식병합 등으로 인한 조정비율만큼 상향 조정한 가액 이상으로 조정한다."
    },
    {
      "sn": "dis10005sent5925723",
      "source_original": "위 가목 내지 다목 과는 별도로 본 사채 발행 후 매7개월이 경과한 날을 전환가액 조정일로 하고, 각 전환가액 조정일 전일을 기산일로 하여 그 기산일로부터 소급한 1개월 가중산술평균주가, 1주일 가중산술평균주가 및 기산일 가중산술평균주가를 산술평균한 가액과 기산일 가중산술평균주가 중 높은 가격이 해당 조정일 직전일 현재의 전환가액보다 낮은 경우 동 낮은 가격을 새로운 전환가액으로 한다."
    },
    {
      "sn": "dis10005sent5925724",
      "source_original": "단, 전환가격의 최저 조정한도는 발행당시의 전환가액의 100분의 70에 해당하는 가액 이상으로 한다."
    },
    {
      "sn": "dis10005sent5925725",
      "source_original": "(단, 조정일 전에 신주의 할인발행 등 다른 사유로 전환가액이 이미 조정된 경우에는 이를 감안하여 산정한다.)"
    },
    {
      "sn": "dis10005sent5925726",
      "source_original": "위 라. 목과는 별도로, 위 라.목에 따라 산정한 시가산정가액이 해당 조정일 직전일 현재의 전환가액보다 높은 경우에는 동 높은 가액을 새로운 전환가액으로 한다."
    },
    {
      "sn": "dis10005sent5925727",
      "source_original": "단, 본 목에 따른 조정 후 전환가액은 최초 전환가액(조정일 전에 신주의 할인발행 등 또는 감자 등의 사유로 전환가액을 이미 하향 또는 상향 조정한 경우에는 이를 감안하여 산정한 가액)을 상한으로 한다"
    },
    {
      "sn": "dis10005sent5925728",
      "source_original": "위 가.목 내지 마.목에 의하여 조정된 전환가격이 주식의 액면가 이하일 경우에는 액면가를 전환가격으로 하며, 각 전환사채에 부여된 전환청구권의 행사로 인하여 발행할 주식의 발행가액의 합계액은 각 전환사채의 발행가액을 초과할 수 없다."
    },
    {
      "sn": "dis10005sent5925729",
      "source_original": "본호에 의한 조정 후 전환가격 중 원단위 미만은 절상한다."
    },
    {
      "sn": "dis10005sent5925730",
      "source_original": "시가하락에따른전환가액조정"
    },
    {
      "sn": "dis10005sent5925731",
      "source_original": "최저 조정가액 (원)"
    },
    {
      "sn": "dis10005sent5925732",
      "source_original": "최저 조정가액 근거"
    },
    {
      "sn": "dis10005sent5925733",
      "source_original": "당사정관 17조 (전환사채의 발행)4조 6항 증권의 발행 및 공시등에 관한 규정의 전환가액 조정 조항에 의거 전환가액을 조정한다."
    },
    {
      "sn": "dis10005sent5925734",
      "source_original": "단, 발행가능 사채 액면총액중 400억원 이내에서 회사의 구조조정 및 경영정상화를 위한 차입금상환, 시설투자, 인수합병, 운영자금 조달을 위해 발행할 경우에는 전환가액 조정 최저한도를 액면가까지로 한다."
    },
    {
      "sn": "dis10005sent5925735",
      "source_original": "발행당시 전환가액의70% 미만으로조정가능한 잔여발행한도 (원)"
    },
    {
      "sn": "dis10005sent5925736",
      "source_original": "9-1. 옵션에 관한 사항"
    },
    {
      "sn": "dis10005sent5925737",
      "source_original": "22. 기타 투자판단에 참고할 사항"
    },
    {
      "sn": "dis10005sent5925738",
      "source_original": "10. 합병 관련 사항"
    },
    {
      "sn": "dis10005sent5925739",
      "source_original": "11. 청약일"
    },
    {
      "sn": "dis10005sent5925740",
      "source_original": "2023년 06월 01일"
    },
    {
      "sn": "dis10005sent5925741",
      "source_original": "12. 납입일"
    },
    {
      "sn": "dis10005sent5925742",
      "source_original": "2023년 06월 26일"
    },
    {
      "sn": "dis10005sent5925743",
      "source_original": "13. 납입방법"
    },
    {
      "sn": "dis10005sent5925744",
      "source_original": "현금"
    },
    {
      "sn": "dis10005sent5925745",
      "source_original": "14. 대표주관회사"
    },
    {
      "sn": "dis10005sent5925746",
      "source_original": "15. 보증기관"
    },
    {
      "sn": "dis10005sent5925747",
      "source_original": "16. 담보제공에 관한 사항"
    },
    {
      "sn": "dis10005sent5925748",
      "source_original": "투믹스홀딩스 40% 주식"
    },
    {
      "sn": "dis10005sent5925749",
      "source_original": "17. 이사회결의일(결정일)"
    },
    {
      "sn": "dis10005sent5925750",
      "source_original": "- 사외이사 참석여부"
    },
    {
      "sn": "dis10005sent5925751",
      "source_original": "참석 (명)"
    },
    {
      "sn": "dis10005sent5925752",
      "source_original": "불참 (명)"
    },
    {
      "sn": "dis10005sent5925753",
      "source_original": "- 감사(감사위원) 참석여부"
    },
    {
      "sn": "dis10005sent5925754",
      "source_original": "참석"
    },
    {
      "sn": "dis10005sent5925755",
      "source_original": "18. 증권신고서 제출대상 여부"
    },
    {
      "sn": "dis10005sent5925756",
      "source_original": "아니오"
    },
    {
      "sn": "dis10005sent5925757",
      "source_original": "19. 제출을 면제받은 경우 그 사유"
    },
    {
      "sn": "dis10005sent5925758",
      "source_original": "사모발행(사채발행일로부터 1년간 전환 및 권면분할 금지)"
    },
    {
      "sn": "dis10005sent5925759",
      "source_original": "20. 당해 사채의 해외발행과 연계된 대차거래 내역 - 목적, 주식수, 대여자 및 차입자 인적사항,예정처분시기, 대차조건(기간, 상환조건, 이율),상환방식, 당해 전환사채 발행과의 연계성, 수수료 등"
    },
    {
      "sn": "dis10005sent5925760",
      "source_original": "해당사항없음"
    },
    {
      "sn": "dis10005sent5925761",
      "source_original": "21. 공정거래위원회 신고대상 여부"
    },
    {
      "sn": "dis10005sent5925762",
      "source_original": "미해당"
    },
    {
      "sn": "dis10005sent5925763",
      "source_original": "22. 기타 투자판단에 참고할 사항* 상기 2-1 정관상 잔여 발행한도는 금일 전환사채발행결정한 22회 전환사채 총액을 포함한 정관상 잔여 발행 한도 입니다."
    },
    {
      "sn": "dis10005sent5925764",
      "source_original": "사채의 만기전 조기상환청구권(Put-Option) : “본 사채”의 “사채권자”는 “본 사채”의 발행일로부터 1년이 되는 2024년 6월 26일 및 이후 매 1개월에 해당되는 날(이하 \"조기상환지급기일\"이라 한다)에 전자등록금액에 조기상환율을 곱한 금액의 전부(단, 원 단위 미만 금액은 절사함)에 대하여 만기 전 조기상환을 청구할 수 있다."
    },
    {
      "sn": "dis10005sent5925765",
      "source_original": "단, 조기상환지급기일이 은행영업일이 아닌 경우에는 그 다음 영업일에 상환하고 조기상환지급기일 이후의 이자는 계산하지 아니한다."
    },
    {
      "sn": "dis10005sent5925766",
      "source_original": "1) 조기상환 청구장소 : 발행회사의 본점"
    },
    {
      "sn": "dis10005sent5925767",
      "source_original": "2) 조기상환 지급장소 : 기업은행 남동공단미래지점"
    },
    {
      "sn": "dis10005sent5925768",
      "source_original": "3) 조기상환 청구기간 : 사채권자는 조기상환지급일 25영업일전부터 10영업일전까지 발행회사에서 서면통지로 조기상환 청구를 하여야 한다."
    },
    {
      "sn": "dis10005sent5925769",
      "source_original": "단, 조기상환청구기간의 종료일이 영업일이 아닌 경우에는 그 다음 영업일까지로 한다."
    },
    {
      "sn": "dis10005sent5925770",
      "source_original": "9. 사채의 청약일 : 2023년 06월 01일"
    },
    {
      "sn": "dis10005sent5925771",
      "source_original": "10. 사채의 납입일 : 2023년 06월 26일"
    },
    {
      "sn": "dis10005sent5925772",
      "source_original": "11. 사채의 만기일 : 2026년 06월 26일"
    },
    {
      "sn": "dis10005sent5925773",
      "source_original": "12. 자금사용 목적 : 타법인지분취득 150억원"
    },
    {
      "sn": "dis10005sent5925774",
      "source_original": "13. 사채대금의 납입은행 : 기업은행 남동공단미래지점"
    },
    {
      "sn": "dis10005sent5925775",
      "source_original": "14. 사채의 발행방법 : “본 사채”는 “주식·사채 등의 전자등록에 관한 법률”에 따라 한국예탁결제원 또는 계좌관리기관의 전자등록계좌부에 전자등록한다."
    },
    {
      "sn": "dis10005sent5925776",
      "source_original": "(2) 콜옵션에 관한 사항"
    },
    {
      "sn": "dis10005sent5925777",
      "source_original": "1) 발행일로 1년이 되는 날부터 1년 6개월이 되는 날까지 사채권면액을 최소단위로 사채원금의50%는 발행회사에게 매도하여 줄 것을 사채권자에게 청구할 수 있으며, 사채권자는 발행회사의 청구에 따라 보유하고 있는 본 사채를 매도하여야 한다."
    },
    {
      "sn": "dis10005sent5925778",
      "source_original": "2) 발행회사는 매매목적물의 전부 또는 일부에 대하여 일시에 또는 수차례 중도상환청구권을 인수인별로 별개로 행사하여 매매계약을 각 완결할 권리를 가지며, 위 중도상환청구권행사의 통지에 따라 발행회사와 인수인 또는 해당 사채권자 사이에는 별도의 매매계약 체결없이도 본 계약 제2조에서 정한 내용대로의 매매계약이 체결된 것으로 간주한다."
    },
    {
      "sn": "dis10005sent5925779",
      "source_original": "3) 발행회사의 중도상환청구권 행사기간, 중도상환청구권 행사에 따른 매매완결일, 매수대금(단, 본조 제3항 기재 중도상환청구권 취득대가와 매매완결일까지 발생하여 미지급된 표면이자는 포함하지 아니함)은 아래와 같으며, 발행회사는 각 중도상환청구권 행사기간 내에 중도상환청구권 행사의 상대방인 인수인 또는 해당 사채권자에게 중도상환청구권 행사금액을 특정하여 서면통지의 방법으로 중도상환청구권을 행사하여야 한다."
    },
    {
      "sn": "dis10005sent5925780",
      "source_original": "다만, 위 중도상환청구권 행사 당시에 해당 인수인이 매매목적물의 전부나 일부를 양도한 경우에는 인수인은 위 행사사실을 해당 사채권자에게 즉시 통지하여야 한다."
    },
    {
      "sn": "dis10005sent5925781",
      "source_original": "구분"
    },
    {
      "sn": "dis10005sent5925782",
      "source_original": "중도상환청구권 행사기간"
    },
    {
      "sn": "dis10005sent5925783",
      "source_original": "(통지도달시점 기준)"
    },
    {
      "sn": "dis10005sent5925784",
      "source_original": "매매완결일"
    },
    {
      "sn": "dis10005sent5925785",
      "source_original": "매수대금"
    },
    {
      "sn": "dis10005sent5925786",
      "source_original": "(원금 기준, %)"
    },
    {
      "sn": "dis10005sent5925787",
      "source_original": "시기"
    },
    {
      "sn": "dis10005sent5925788",
      "source_original": "종기"
    },
    {
      "sn": "dis10005sent5925789",
      "source_original": "1차"
    },
    {
      "sn": "dis10005sent5925790",
      "source_original": "2차"
    },
    {
      "sn": "dis10005sent5925791",
      "source_original": "3차"
    },
    {
      "sn": "dis10005sent5925792",
      "source_original": "4차"
    },
    {
      "sn": "dis10005sent5925793",
      "source_original": "5차"
    },
    {
      "sn": "dis10005sent5925794",
      "source_original": "6차"
    },
    {
      "sn": "dis10005sent5925795",
      "source_original": "4) 발행회사는 중도상환청구권 취득대가로 인수인에게 각 인수한 매매목적물 원금의 1%(75,000,000원)에 해당하는 가액은 인수인 명의의 예금계좌로 이체하는 방식으로 지급하기로 한다."
    },
    {
      "sn": "dis10005sent5925796",
      "source_original": "다만, 중도상환청구권 취득대가 지급일이 은행영업일이 아닌 경우에는 그 다음 영업일에 지급하되, 지급기일 이후의 이자는 계산하지 아니하며, 중도상환청구권 취득대가를 모두 지급하여야 중도상환청구권 행사가 가능하다."
    },
    {
      "sn": "dis10005sent5925797",
      "source_original": "위 취득대가에 대해서는 본 인수계약 및 또는 본 계약이 사채권자의 귀책사유 없이 불성립, 무효, 취소, 해제(해지)되거나 발행회사의 중도상환청구권 포기나 중도상환청구권 행사기간의 마지막 종기 도과 등의 사유가 발생하더라도 그 반환을 청구 할 수 없다."
    },
    {
      "sn": "dis10005sent5925798",
      "source_original": "5) 인수인은 발행회사의 중도상환청구권 행사기간의 마지막 종기가 도래하기 전까지는 매매목적물에 대해서는 본 인수계약에 따른 전환청구권을 행사할 수 없다."
    },
    {
      "sn": "dis10005sent5925799",
      "source_original": "다만, 매매목적물에 대한 조기상환청구권(Put Option)행사는 발행회사가 이에 대한 콜옵션을 행사하지 않기로 한 경우에 가능하고, 표면이자 미지급 등 본 인수계약에서 정한 변제기한이익 상실사유가 발생한 경우에는 그 즉시 매매목적물에 대한 원리금 등 지급을 청구할 수 있다."
    },
    {
      "sn": "dis10005sent5925800",
      "source_original": "6) 발행회사의 중도상환청구권은 전항 단서에 따라 매매목적물에 대한 원리금 등 청구가 있는 경우 또는 발행회사의 중도상환청구권 전부 포기나 행사기간의 마지막 종기가 도래하는 즉시 별도의 의사표시 없이 당연히 소멸한다."
    },
    {
      "sn": "dis10005sent5925801",
      "source_original": "【특정인에 대한 대상자별 사채발행내역】"
    },
    {
      "sn": "dis10005sent5925802",
      "source_original": "발행 대상자명"
    },
    {
      "sn": "dis10005sent5925803",
      "source_original": "회사 또는최대주주와의관계"
    },
    {
      "sn": "dis10005sent5925804",
      "source_original": "선정경위"
    },
    {
      "sn": "dis10005sent5925805",
      "source_original": "발행결정 전후6월이내거래내역 및계획"
    },
    {
      "sn": "dis10005sent5925806",
      "source_original": "발행권면(전자등록)총액(원)"
    },
    {
      "sn": "dis10005sent5925807",
      "source_original": "비고"
    },
    {
      "sn": "dis10005sent5925808",
      "source_original": "아스톤리버제오차"
    },
    {
      "sn": "dis10005sent5925809",
      "source_original": "회사의 경영 목적 달성 및 신속한 자금조달을 고려하여 투자자 선정"
    },
    {
      "sn": "dis10005sent5925810",
      "source_original": "2022얼머스세컨더리투자조합"
    },
    {
      "sn": "dis10005sent5925811",
      "source_original": "【사채발행 대상 법인 또는 단체가 권리 행사로 주주가 되는 경우】"
    },
    {
      "sn": "dis10005sent5925812",
      "source_original": "(1) 법인 또는 단체에 관한 기본정보"
    },
    {
      "sn": "dis10005sent5925813",
      "source_original": "명 칭"
    },
    {
      "sn": "dis10005sent5925814",
      "source_original": "출자자수(명)"
    },
    {
      "sn": "dis10005sent5925815",
      "source_original": "대표이사(대표조합원)"
    },
    {
      "sn": "dis10005sent5925816",
      "source_original": "업무집행자(업무집행조합원)"
    },
    {
      "sn": "dis10005sent5925817",
      "source_original": "최대주주(최대출자자)"
    },
    {
      "sn": "dis10005sent5925818",
      "source_original": "성명"
    },
    {
      "sn": "dis10005sent5925819",
      "source_original": "지분(%)"
    },
    {
      "sn": "dis10005sent5925820",
      "source_original": "이동현"
    },
    {
      "sn": "dis10005sent5925821",
      "source_original": "이희훈"
    },
    {
      "sn": "dis10005sent5925822",
      "source_original": "(2) 법인 또는 단체의 최근 결산기 주요 재무사항"
    },
    {
      "sn": "dis10005sent5925823",
      "source_original": "(단위 : 백만원)"
    },
    {
      "sn": "dis10005sent5925824",
      "source_original": "회계연도"
    },
    {
      "sn": "dis10005sent5925825",
      "source_original": "결산기"
    },
    {
      "sn": "dis10005sent5925826",
      "source_original": "자산총계"
    },
    {
      "sn": "dis10005sent5925827",
      "source_original": "매출액"
    },
    {
      "sn": "dis10005sent5925828",
      "source_original": "부채총계"
    },
    {
      "sn": "dis10005sent5925829",
      "source_original": "당기순손익"
    },
    {
      "sn": "dis10005sent5925830",
      "source_original": "자본총계"
    },
    {
      "sn": "dis10005sent5925831",
      "source_original": "외부감사인"
    },
    {
      "sn": "dis10005sent5925832",
      "source_original": "자본금"
    },
    {
      "sn": "dis10005sent5925833",
      "source_original": "감사의견"
    },
    {
      "sn": "dis10005sent5925834",
      "source_original": "얼머스2022세컨더리투자조합"
    },
    {
      "sn": "dis10005sent5925835",
      "source_original": "(주)얼머스인베스트먼트"
    },
    {
      "sn": "dis10005sent5925836",
      "source_original": "중소기업은행"
    },
    {
      "sn": "dis10005sent5925837",
      "source_original": "한국모테펀드"
    },
    {
      "sn": "dis10005sent5925838",
      "source_original": "12월"
    },
    {
      "sn": "dis10005sent5925839",
      "source_original": "한미회계법인"
    },
    {
      "sn": "dis10005sent5925840",
      "source_original": "적정"
    },
    {
      "sn": "dis10005sent5925841",
      "source_original": "【조달자금의 구체적 사용 목적】"
    },
    {
      "sn": "dis10005sent5925842",
      "source_original": "【타법인 증권 취득자금ㆍ영업양수자금의 경우】"
    },
    {
      "sn": "dis10005sent5925843",
      "source_original": "자금용도"
    },
    {
      "sn": "dis10005sent5925844",
      "source_original": "거래상대방"
    },
    {
      "sn": "dis10005sent5925845",
      "source_original": "증권발행회사*"
    },
    {
      "sn": "dis10005sent5925846",
      "source_original": "증권 발행회사의사업내용(양수영업 주요내용)"
    },
    {
      "sn": "dis10005sent5925847",
      "source_original": "취득가격산정근거**"
    },
    {
      "sn": "dis10005sent5925848",
      "source_original": "타법인 증권 취득자금"
    },
    {
      "sn": "dis10005sent5925849",
      "source_original": "미정"
    },
    {
      "sn": "dis10005sent5925850",
      "source_original": "* 증권 발행회사는 타법인 증권 취득자금의 경우에만 기재하며, 이 경우 증권 발행회사의 최근 결산기 주요 재무사항을 아래 표에 기재한다."
    },
    {
      "sn": "dis10005sent5925851",
      "source_original": "(단, 증권 발행회사가 사업보고서 제출대상법인인 경우 제외)* 보고일 현재는 미정이며 확정후 공시 진행하도록 하겠습니다."
    },
    {
      "sn": "dis10005sent5925852",
      "source_original": "** 외부평가를 받은 경우 평가기관명 및 평가일자, 평가결과 등을 포함하여 기재하되, 외부평가 등을 받지 않은 경우에는 외부평가 면제여부 및 그 근거를 기재하고 취득ㆍ양수가액을 산정한 근거를 구체적으로 기재한다."
    },
    {
      "sn": "dis10005sent5925853",
      "source_original": "(산출방법 및 근거 법령이 있으면 동 법령 기재)"
    },
    {
      "sn": "dis10005sent5925854",
      "source_original": "【미상환 주권 관련 사채권에 관한 사항】"
    },
    {
      "sn": "dis10005sent5925855",
      "source_original": "전환(행사)가능주식"
    },
    {
      "sn": "dis10005sent5925856",
      "source_original": "기발행미상환사채권"
    },
    {
      "sn": "dis10005sent5925857",
      "source_original": "잔액(원)"
    },
    {
      "sn": "dis10005sent5925858",
      "source_original": "전환(행사)가액(원)"
    },
    {
      "sn": "dis10005sent5925859",
      "source_original": "전환(행사)가능주식수(주)"
    },
    {
      "sn": "dis10005sent5925860",
      "source_original": "전환(행사)가능기간"
    },
    {
      "sn": "dis10005sent5925861",
      "source_original": "17회"
    },
    {
      "sn": "dis10005sent5925862",
      "source_original": "18회"
    },
    {
      "sn": "dis10005sent5925863",
      "source_original": "19회"
    },
    {
      "sn": "dis10005sent5925864",
      "source_original": "20회"
    },
    {
      "sn": "dis10005sent5925865",
      "source_original": "21회"
    },
    {
      "sn": "dis10005sent5925866",
      "source_original": "22회(발행예정)"
    },
    {
      "sn": "dis10005sent5925867",
      "source_original": "소계"
    },
    {
      "sn": "dis10005sent5925868",
      "source_original": "신규 발행 사채권"
    },
    {
      "sn": "dis10005sent5925869",
      "source_original": "합계"
    },
    {
      "sn": "dis10005sent5925870",
      "source_original": "기발행주식 총수(주) (C)"
    },
    {
      "sn": "dis10005sent5925871",
      "source_original": "기발행주식총수 대비 비율(%) (D=(A+B)/C)"
    }
  ]
}