{
  "meta": {
    "doc_no": "report110649",
    "domain": "금융",
    "category": "보고서",
    "license": "open",
    "source_language": "ko"
  },
  "doc_info": {
    "source": "한국은행",
    "title": "BOK 경제리뷰 No.2012-9",
    "date": 20120928.0
  },
  "sents": [
    {
      "page": 14,
      "sn": "report110649sent1397287",
      "source_original": "BOK 경제리뷰 No. 2012-9 【참고 1】 Dincer and Eichengreen(2009)의 중앙은행 투명성 지수 Dincer and Eichengreen(2009)은 정책목표, 정책결정 과정, 정책발표 등 5개영역 15개 항목에 대한 점수(0~1점)를 합산하여 2006년까지의 중앙은행의 투명성 지수를 계산하였다."
    },
    {
      "page": 14,
      "sn": "report110649sent1397288",
      "source_original": "투명성 지수가 클수록 투명성이 높음을 의미한다."
    },
    {
      "page": 14,
      "sn": "report110649sent1397289",
      "source_original": "영 역 세 부 항 목 점 수"
    },
    {
      "page": 14,
      "sn": "report110649sent1397290",
      "source_original": "각국 기대인플레이션의 특징 23."
    },
    {
      "page": 14,
      "sn": "report110649sent1397291",
      "source_original": "먼저 중앙은행의 투명성이 기대인플레이션의 실제인플레이션에 대한 민감도에 미치는 영향을 알아보기 위해 Minegishi et al.(2009)의 방법을 준용하여 자료입수가 가능한 11개국12) 을 대상으로 아래의 패널회귀식을 추정하였다."
    },
    {
      "page": 14,
      "sn": "report110649sent1397292",
      "source_original": "설명변수로는 실제인플레이션, 투명성지수와 실제인플레이션의 교차항, 경기선행지수의 전년동기대비 증감률을 사용하였다."
    },
    {
      "page": 14,
      "sn": "report110649sent1397293",
      "source_original": "투명성지수 와 실제인플레이션의 교차항은 중앙은행 투명성이 기대인플레이션의 실제인플레이션에 대 한 민감도에 미치는 영향을 보기 위한 것이고 경기선행지수는 경기전망이 기대인플레이션에 주는 영향을 통제하기 위한 것이다.13) π †=αº+α¡i+α™πi†+α£TIi†·πi†+α¢CLIi†+εi† 24."
    }
  ]
}