{
  "meta": {
    "doc_no": "report110654",
    "domain": "금융",
    "category": "보고서",
    "license": "open",
    "source_language": "ko"
  },
  "doc_info": {
    "source": "한국은행",
    "title": "BOK 경제리뷰 No.2012-9",
    "date": 20120928.0
  },
  "sents": [
    {
      "page": 19,
      "sn": "report110654sent1397321",
      "source_original": "EU회원국의 기대인플레이션 추이"
    },
    {
      "page": 19,
      "sn": "report110654sent1397322",
      "source_original": "각국 기대인플레이션의 특징 ● 기대인플레이션은 예측대상 시점(1년후)보다는 기대형성 시점의 인플레이션과 상대 적으로 밀접한 관계를 가지고 있다."
    },
    {
      "page": 19,
      "sn": "report110654sent1397323",
      "source_original": "동 조사의 기대인플레이션은 본문에서 활용한 각국의 사례와 달리 경제주체의 기대인플레이 션 수치가 아닌 예상되는 물가상승의 정도*를 조사한 것이기 때문에 통계적 기법을 활용하여 정량화하였다.(【참고 3】참조) * 1년 후의 물가수준을 ① 크게 상승(++), ② 완만하게 상승(+), ③ 약간 상승(=), ④ 비슷(-), ⑤ 하락(--), ⑥ 모름으로 응답하도록 하여 각각의 응답 비중을 공표 그 결과 본문에서 각국의 독자적인 기대인플레이션 서베이를 이용하여 도출한 특징과 유사 한 결과가 나타났다."
    },
    {
      "page": 19,
      "sn": "report110654sent1397324",
      "source_original": "BOK 경제리뷰 No. 2012-9 European Commission이 매월 EU회원국(21개국)을 대상으로 실시하는 소비자조사 (consumer survey) 항목 중 기대인플레이션 조사결과를 이용하여 각국 기대인플레이션의 특징을 분석하였다."
    },
    {
      "page": 19,
      "sn": "report110654sent1397325",
      "source_original": "● EU 회원국의 기대인플레이션은 2010년 이후 상승하기 시작하였으며 2011년에는 상승세가 주춤한 후 2012년 들어 완만하게 하락하는 모습을 나타내었다."
    }
  ]
}