{
  "meta": {
    "doc_no": "report110668",
    "domain": "금융",
    "category": "보고서",
    "license": "open",
    "source_language": "ko"
  },
  "doc_info": {
    "source": "한국은행",
    "title": "금융통화위원회 의사록(2013년도 제23차)(2013.12.12.)",
    "date": 20131231.0
  },
  "sents": [
    {
      "page": 3,
      "sn": "report110668sent1397369",
      "source_original": "이러한 세계경제의 장기 저성장 논란과 관련하여 서머스(Larry Summers), 울 프(Martin Wolf), 크루그만(Paul Krugman) 등은 경제가 성숙단계에 달한 상황에서 만성적인 수요 부족 특히 기업들의 투자 회피에 따른 과잉저축이 세계경제 장기 정체의 원인이라고 설명하고 있다고 소개한 후, 그 사례로 올해 3월말 현재 미국 과 일본의 비금융기업이 보유한 현금성 자산규모가 각각 2.4조달러 및 1.8조달러 에 달하며 사상최고치를 기록하고 있다고 지적하였음."
    },
    {
      "page": 3,
      "sn": "report110668sent1397370",
      "source_original": "이어, 이들은 극도의 저금 리와 양적완화에도 불구하고 기대했던 수요 회복이나 인플레이션 압력은 나타나 지 않고 오히려 자산시장에서 버블의 형성과 붕괴가 반복되고 있으며 버블이 없 다면 경제내 자연이자율이 마이너스가 된다는 주장을 하고 있다고 설명하였음."
    },
    {
      "page": 3,
      "sn": "report110668sent1397371",
      "source_original": "이어, 동 위원은 이에 대한 대응방안으로 과잉저축을 저탄소 성장을 위한 공 공부문 투자에 활용하거나 투자기회가 많은 신흥국에 유입시키는 방안과 같은 온 건한 주장에서, 정부가 국가부채 수준에 관계없이 재정지출을 늘리는 방안, 불황 이 뉴노멀(new normal)인 상황에서는 출구전략을 고려해서는 안 된다는 방안, 현 금통화를 없애고 예금에 마이너스 금리를 부과하는 방안, 경기확장 국면에서 높 은 수준의 인플레이션을 발생시키고 이를 유지하는 방안 등 다소 과격한 주장도 나오고 있다고 소개하였음."
    }
  ]
}