{
  "meta": {
    "doc_no": "report110644",
    "domain": "금융",
    "category": "보고서",
    "license": "open",
    "source_language": "ko"
  },
  "doc_info": {
    "source": "한국은행",
    "title": "BOK 경제리뷰 No.2012-9",
    "date": 20120928.0
  },
  "sents": [
    {
      "page": 9,
      "sn": "report110644sent1397255",
      "source_original": "지금까지의 분석 결과를 보면 기대인플레이션은 기대 형성 당시의 실제 인플레이션과 밀접한 관계를 갖고 있어 실제인플레이션이 기대인플레이션에 상당한 영향을 미치는 것으로 판단된다."
    },
    {
      "page": 9,
      "sn": "report110644sent1397256",
      "source_original": "이러한 결과는 한국의 사례나 개별 국가의 기대인플레이션에 대한 기존의 연구에서 일반인 기대인플레이션의 예측오차가 0이 아니라 고 분석된 것과 일치한다.6) &lt;표 3&gt; 기대인플레이션 예측오차 평균1) 일반인 전문가 -0.64 (0.00) -0.16 (0.15) 주 : 1) ( )안은 예측오차 평균 δ의 유의성 검정에 대한 p값으로 Newey-West HAC 표준오차로 계산 16."
    },
    {
      "page": 9,
      "sn": "report110644sent1397257",
      "source_original": "17. 다만 기대인플레이션과 실제인플레이션으로 이루어진 패널 벡터자기회귀모형(Panel VAR)7)의 충격반응함수를 추정한 결과 실제인플레이션이 기대인플레이션에 미치는 영향은 일반인과 전문가 간에 차이가 있는 것으로 나타났다."
    },
    {
      "page": 9,
      "sn": "report110644sent1397258",
      "source_original": "BOK 경제리뷰 No. 2012-9 15."
    },
    {
      "page": 9,
      "sn": "report110644sent1397259",
      "source_original": "5) 귀무가설: δ=0 THE BANK OF KOREA•7"
    },
    {
      "page": 9,
      "sn": "report110644sent1397260",
      "source_original": "패널회귀분석을 통해 일반인과 전문가의 예측오차를 분석하여도 일반인의 평균 예측오 차는 -0.64, 전문가는 -0.16으로 일반인의 경우 과대예측 경향이 나타나고 있으며 과대예측 경향의 통계적 유의성도 높은 것으로 분석된다."
    }
  ]
}