{
  "meta": {
    "doc_no": "report110648",
    "domain": "금융",
    "category": "보고서",
    "license": "open",
    "source_language": "ko"
  },
  "doc_info": {
    "source": "한국은행",
    "title": "BOK 경제리뷰 No.2012-9",
    "date": 20120928.0
  },
  "sents": [
    {
      "page": 13,
      "sn": "report110648sent1397279",
      "source_original": "11) Siklos(2010)는 Dincer and Eichengreen(2009)의 방법론을 이용하여 중앙은행 투명성 지수의 시계열을 2009년까 지 연장하였다."
    },
    {
      "page": 13,
      "sn": "report110648sent1397280",
      "source_original": "THE BANK OF KOREA•11"
    },
    {
      "page": 13,
      "sn": "report110648sent1397281",
      "source_original": "한국의 투명성지수는 2009년 기준으로 조사대상 97개국중 17번째로 높은 것으로 나타났다."
    },
    {
      "page": 13,
      "sn": "report110648sent1397282",
      "source_original": "10) 다만, 이는 통화정책 관련 사항 전부의 공개를 의미하지 않으며 국가별로 여건에 따라 적정 투명성 수준에는 차이가 있다."
    },
    {
      "page": 13,
      "sn": "report110648sent1397283",
      "source_original": "단기 기대인플레 이션은 장기 기대인플레이션 수준으로 수렴하는 성향이 있기 때문에(Fuhrer 2011) 장기 기 대인플레이션이 물가목표 수준에 안착된 경우(또는 안정적인 경우)에는 단기 기대인플레이 션이 높아져도 다시 낮추기가 용이하게 된다."
    },
    {
      "page": 13,
      "sn": "report110648sent1397284",
      "source_original": "중앙은행의 투명성을 측정하는 지표로는 Dincer and Eichengreen(2009)과 Siklos(2011)가 산출한 중앙은행 투명성 지수11)를 이용하였다."
    },
    {
      "page": 13,
      "sn": "report110648sent1397285",
      "source_original": "【참고 ( 1】참조) 9) 예를 들어, 중앙은행이 물가상승에 적극 대응할 것으로 예상될 경우 기대인플레이션의 상승이 제한될 수 있고 (Castelnuovo and Surico 2010), 중앙은행이 경제주체에게 인식시킨 인플레이션 관리 능력은 장기 기대인플레이션 에 영향을 미치게 된다(Kiley 2009)."
    },
    {
      "page": 13,
      "sn": "report110648sent1397286",
      "source_original": "22. 이하에서는 각국 중앙은행의 투명성이 기대인플레이션의 안정성과 어떠한 관계에 있는 지를 분석해 보고자 한다."
    }
  ]
}