{
  "meta": {
    "doc_no": "report110652",
    "domain": "금융",
    "category": "보고서",
    "license": "open",
    "source_language": "ko"
  },
  "doc_info": {
    "source": "한국은행",
    "title": "BOK 경제리뷰 No.2012-9",
    "date": 20120928.0
  },
  "sents": [
    {
      "page": 17,
      "sn": "report110652sent1397304",
      "source_original": "● 중앙은행의 투명성이 높을수록 기대인플레이션이 실제 인플레이션 변화에 덜 민감 하고 물가목표에의 안착 정도가 큰 것으로 분석되었다."
    },
    {
      "page": 17,
      "sn": "report110652sent1397305",
      "source_original": "● 전문가 기대인플레이션은 대체로 목표범위 내에서 안정적인 모습을 보였으나 일반 인 기대인플레이션은 물가목표 범위를 상회하는 경우가 많고 향후 인플레이션을 과 대예측하는 경향이 나타났다."
    },
    {
      "page": 17,
      "sn": "report110652sent1397306",
      "source_original": "● 일반인의 기대인플레이션이 전문가에 비해 실제인플레이션 변화에 더 크게 반응하 는 것으로 분석되었다."
    },
    {
      "page": 17,
      "sn": "report110652sent1397307",
      "source_original": "● 기대인플레이션은 기대형성 시점 부근의 실제인플레이션과 밀접한 관련이 있다."
    },
    {
      "page": 17,
      "sn": "report110652sent1397308",
      "source_original": "각국 기대인플레이션의 특징 【참고 2】 기대인플레이션의 물가목표 안착정도 추정방법 기대인플레이션의 안착정도 추정은 VAR 모형을 이용한 Dermertzis et al.(2009)의 방법을 활용하 였으며 이를 자세히 살펴보면 다음과 같다."
    },
    {
      "page": 17,
      "sn": "report110652sent1397309",
      "source_original": "BOK 경제리뷰 No. 2012-9 27."
    },
    {
      "page": 17,
      "sn": "report110652sent1397310",
      "source_original": "π : 기대인플레이션(1년후), π* : 물가목표수준 λ: 기대인플레이션(πe)의 물가목표수준(π*)에의 안착 정도(0≤λ≤1 ) L : 시차연산자(lag operator) ①과 ④식에서 λ=1- THE BANK OF KOREA•15"
    },
    {
      "page": 17,
      "sn": "report110652sent1397311",
      "source_original": "t시점의 기대인플레이션(πe 때 λ는 기대인플레이션이 목표(π*)에 안착한 정도로 해석이 가능하다."
    },
    {
      "page": 17,
      "sn": "report110652sent1397312",
      "source_original": "기대인플레이션 서베이 지표로 분석한 각국 기대인플레이션의 특징을 살펴보면 다음과 같다."
    }
  ]
}