{
  "meta": {
    "doc_no": "report110645",
    "domain": "금융",
    "category": "보고서",
    "license": "open",
    "source_language": "ko"
  },
  "doc_info": {
    "source": "한국은행",
    "title": "BOK 경제리뷰 No.2012-9",
    "date": 20120928.0
  },
  "sents": [
    {
      "page": 10,
      "sn": "report110645sent1397261",
      "source_original": "&lt;그림 6&gt;에서 볼 수 있듯이 소비자물가 의 상승이 일반인의 기대인플레이션에는 유의한 영향을 미치는 반면 전문가의 기대인플레이 션에는 유의한 영향을 미치지 않을 가능성이 큰 것8)으로 분석되었다."
    },
    {
      "page": 10,
      "sn": "report110645sent1397262",
      "source_original": "6) 우리나라는 한국은행(2012), 미국은 Mankiw et al.(2003), 독일은 Sabrowski(2008) 등에서 유사한 결과가 나타났다."
    },
    {
      "page": 10,
      "sn": "report110645sent1397263",
      "source_original": "7) Panel VAR 모형의 Cholesky ordering은 실제인플레이션과 기대인플레이션간 시차상관관계(&lt;그림 4&gt;)를 고려하여 설정하였으며, 모형 추정시 Love &amp; Ziccino(2006)의 STATA 프로그램을 활용하였다."
    },
    {
      "page": 10,
      "sn": "report110645sent1397264",
      "source_original": "8) 전문가의 경우 95% 신뢰구간이 0을 포함하는 것으로 나타났다."
    },
    {
      "page": 10,
      "sn": "report110645sent1397265",
      "source_original": "각국 기대인플레이션의 특징 〈그림 6〉물가상승충격에 대한 기대인플레이션의 반응함수1) 주 : 1) 점선은 충격반응함수에 대한 95% 신뢰구간 18."
    },
    {
      "page": 10,
      "sn": "report110645sent1397266",
      "source_original": "일반인의 기대인플레이션이 전문가에 비해 실제인플레이션 충격에 민감하게 반응하는 현상은 다음과 같이 설명할 수 있다."
    },
    {
      "page": 10,
      "sn": "report110645sent1397267",
      "source_original": "전문가는 정보접근성, 정보처리 능력 면에서 일반인에 비해 우위에 있으므로 기대가 미래지향적으로 형성될 가능성이 더 높다(Carroll 2003, Sims 2003)."
    }
  ]
}