{
  "meta": {
    "doc_no": "report110655",
    "domain": "금융",
    "category": "보고서",
    "license": "open",
    "source_language": "ko"
  },
  "doc_info": {
    "source": "한국은행",
    "title": "BOK 경제리뷰 No.2012-9",
    "date": 20120928.0
  },
  "sents": [
    {
      "page": 20,
      "sn": "report110655sent1397326",
      "source_original": "기대인플레이션과 실제인플레이션 ● 기대인플레이션의 변동성은 각국 중앙은행과 통계청 등이 실시한 일반인 대상 서베 이의 경우와 같이 실제인플레이션의 변동성과 비슷하다."
    },
    {
      "page": 20,
      "sn": "report110655sent1397327",
      "source_original": "기대인플레이션의 분포는 정규분포이다."
    },
    {
      "page": 20,
      "sn": "report110655sent1397328",
      "source_original": "* 1년 후의 물가수준을 ① 크게 상승(++), ② 완만하게 상승(+), ③ 약간 상승(=), ④ 비슷(-), ⑤ 하락(--), ⑥ 모름으로 응답하도록 하여 각각의 비중을 공표 &lt;주요 가정&gt; a."
    },
    {
      "page": 20,
      "sn": "report110655sent1397329",
      "source_original": "BOK 경제리뷰 No. 2012-9 【참고 3】 European Commission 소비자 조사의 기대인플레이션 정량화 (Quantification) 방법 상기 서베이의 기대인플레이션에 대한 응답비중*을 Dias et al.(2010)의 방법을 이용하여 다음과 같 이 정량화하였다."
    },
    {
      "page": 20,
      "sn": "report110655sent1397330",
      "source_original": "b. ② 완만하게 상승(+)은“향후 1년간 인플레이션이 직전 1년간 인플레이션과 같은 수준이다.”를 의미한다."
    },
    {
      "page": 20,
      "sn": "report110655sent1397331",
      "source_original": "15) EU회원국 중에서 유로지역 국가가 아닌 영국, 스웨덴, 체코, 폴란드, 헝가리, 리투아니아, 라트비아, 슬로바키아 (2009.1월 가입) 중앙은행과 ECB의 9개 중앙은행 기준이다."
    },
    {
      "page": 20,
      "sn": "report110655sent1397332",
      "source_original": "● 중앙은행15)의 투명성이 높은 국가일수록 기대인플레이션이 신축적으로 조정되는 모 습을 나타내었다."
    },
    {
      "page": 20,
      "sn": "report110655sent1397333",
      "source_original": "THE BANK OF KOREA•19"
    }
  ]
}