{
  "meta": {
    "doc_no": "report110643",
    "domain": "금융",
    "category": "보고서",
    "license": "open",
    "source_language": "ko"
  },
  "doc_info": {
    "source": "한국은행",
    "title": "BOK 경제리뷰 No.2012-9",
    "date": 20120928.0
  },
  "sents": [
    {
      "page": 8,
      "sn": "report110643sent1397249",
      "source_original": "한편 &lt;그림 3&gt;에서 전문가와 일반인을 비교해 보면 기대형성 시점의 실제인플레이션과 기대인플레이션의 상관계수는 전문가와 일반인이 거의 비슷한 반면 예측대상 시점인 1년후 실제인플레이션과 기대인플레이션의 상관계수는 일반인(0.49)이 전문가(0.63)에 비해 작아 일반인의 기대형성이 전문가보다 미래 상황의 반영도가 낮은 것으로 나타났다."
    },
    {
      "page": 8,
      "sn": "report110643sent1397250",
      "source_original": "13. 이러한 차이는 인플레이션 예측력에서도 나타난다."
    },
    {
      "page": 8,
      "sn": "report110643sent1397251",
      "source_original": "각국 기대인플레이션의 사후적 예 측오차4) 평균을 보면 &lt;그림 5&gt;에서와 같이 일반인이 전문가에 비해 향후 인플레이션 수준을 더 과대평가하는 경향이 있는 것으로 나타났다."
    },
    {
      "page": 8,
      "sn": "report110643sent1397252",
      "source_original": "14. 기대인플레이션의 사후적 예측오차가 통계적으로 유의한지에 대한 판단을 위해 아래와 같은 회귀식에서 각국 예측오차 평균(δ)의 유의성을 검정5)한 결과 일반인의 과대예측 경향 은 대체로 통계적으로 유의한 반면, 전문가의 예측오차 평균은 유의성이 낮아 예측오차가 있 다고 보기 어려운 것으로 나타났다."
    },
    {
      "page": 8,
      "sn": "report110643sent1397253",
      "source_original": "π †-πe†|†–¡™=δ+ε† 〈그림 5〉기대인플레이션 예측오차 평균1) 주 : 1) ( )안은 예측오차 평균 δ의 유의성 검정에 대한 p값."
    },
    {
      "page": 8,
      "sn": "report110643sent1397254",
      "source_original": "예측오차에 계열상관이 존재할 가능성을 고려하여 Newey-West HAC 표준오차로 계산 4) 기대인플레이션의 예측오차는 예측대상 시점인 1년후 실제인플레이션(π†)－기대인플레이션(πe†|†–¡™)으로 정의하였다."
    }
  ]
}