{
  "meta": {
    "doc_no": "news10001",
    "domain": "금융",
    "category": "뉴스기사",
    "license": "open",
    "source_language": "ko",
    "target_language": "zh"
  },
  "sents": [
    {
      "sn": "news10001sent123164",
      "source_original": "기존 세입자가 떠나면서 지난 12일 새 세입자가 들어왔는데, 기존보다 4억원(61.5%) 뛴 10억5천만원에 전세 계약을 체결했다고 한다.",
      "source_cleaned": "기존 세입자가 떠나면서 지난 12일 새 세입자가 들어왔는데, 기존보다 4억 원(61.5%) 뛴 10억5천만 원에 전세 계약을 체결했다고 한다.",
      "mt": "随着原来租房者的离开，新租房者于12日进入，比原来增加了4亿韩元(61.5%)，据说签订了10亿5千万韩元的全租合同。",
      "mtpe": "原来的房客离开后，12日进来新的房客，比原来增加了4亿韩元（61.5%），以10.5亿韩元签订了全租合同。"
    },
    {
      "sn": "news10001sent123165",
      "source_original": "지난달 야당의 반대 속에 국회를 통과한 전월세 상한제(5% 초과 인상 불가)는 같은 세입자에게만 적용되기에 위법은 아니지만, 법 취지와는 상충된다는 비판이 나온다.",
      "source_cleaned": "지난달 야당의 반대 속에 국회를 통과한 전월세 상한제(5% 초과 인상 불가)는 같은 세입자에게만 적용되기에 위법은 아니지만, 법 취지와는 상충된다는 비판이 나온다.",
      "mt": "上个月在野党的反对下通过国会的月租上限制（不能超过上调5%）虽然只适用于同一租户，但也有人批评说，这与法律宗旨背道而驰。",
      "mtpe": "上个月在在野党的反对下通过国会的全月租上限制（不能超过5%的上调）只适用于同一房客，虽然不是违法的，但也有人批评这与法律宗旨背道而驰。"
    }
  ]
}