{
  "meta": {
    "doc_no": "news10011",
    "domain": "금융",
    "category": "뉴스기사",
    "license": "open",
    "source_language": "ko",
    "target_language": "zh"
  },
  "sents": [
    {
      "sn": "news10011sent123315",
      "source_original": "빗오토 홀딩스는 결혼연령이 늦어지면서 독신자가 늘어나는 사회현상을 반영한 분석이라면서 이런 변화에 맞춰 자동차업체의 전략도 바뀌어야 한다고 조언했다.",
      "source_cleaned": "빗오토 홀딩스는 결혼연령이 늦어지면서 독신자가 늘어나는 사회현상을 반영한 분석이라면서 이런 변화에 맞춰 자동차업체의 전략도 바뀌어야 한다고 조언했다.",
      "mt": "Bitauto Holdings建议说，这是反映随着结婚年龄的推迟，独身者增加的社会现象的分析，汽车企业的战略也应该根据这种变化进行改变。",
      "mtpe": "Bitauto Holdings建议，这是反映了随着结婚年龄的推迟，单身者增加的社会现象的分析，根据这种变化，汽车企业的战略也应该改变。"
    },
    {
      "sn": "news10011sent123317",
      "source_original": "빗오토 홀딩스는 올해 상반기에 차량을 구매한 독신자 중 20%가 고성능의 고급브랜드를 선택했다면서 독신자들은 중고차보다는 고급 외국 브랜드의 신차를 선택할 가능성이 큰 것으로 나타났다고 설명했다.",
      "source_cleaned": "빗오토 홀딩스는 올해 상반기에 차량을 구매한 독신자 중 20%가 고성능의 고급브랜드를 선택했다면서 독신자들은 중고차보다는 고급 외국 브랜드의 신차를 선택할 가능성이 큰 것으로 나타났다고 설명했다.",
      "mt": "Bitauto Holdings解释说，今年上半年购买车辆的独身者中有20%选择了高性能的高级品牌，独身者比起二手车，选择高级外国品牌新车的可能性更大。",
      "mtpe": "Bitauto Holdings解释说，今年上半年购买车辆的单身者中，20%选择了高性能的高级品牌，单身者们比起二手车，选择高级外国品牌的新车的可能性更大。"
    },
    {
      "sn": "news10011sent123316",
      "source_original": "지금은 결혼해 가정을 이룬 구매자가 전체의 85%에 달해 실내공간에 여유가 있는 패밀리사이즈 차량에 대한 수요가 많지만, 독신자들은 외관이 멋지고 환경친화적인 차량을 선호한다는 것이다.",
      "source_cleaned": "지금은 결혼해 가정을 이룬 구매자가 전체의 85%에 달해 실내공간에 여유가 있는 패밀리사이즈 차량에 대한 수요가 많지만, 독신자들은 외관이 멋지고 환경친화적인 차량을 선호한다는 것이다.",
      "mt": "目前，结婚并成家的购买者占全体的85%，对室内空间充裕的家庭型汽车的需求较多，但单身者喜欢外观漂亮、环保型汽车。",
      "mtpe": "目前，结婚成家的购买者占全体的85%，对室内空间充裕的家庭型汽车的需求较多，但单身者喜欢外观漂亮、环保型的汽车。"
    }
  ]
}