{
  "meta": {
    "doc_no": "news10012",
    "domain": "금융",
    "category": "뉴스기사",
    "license": "open",
    "source_language": "ko",
    "target_language": "zh"
  },
  "sents": [
    {
      "sn": "news10012sent123322",
      "source_original": "원주시가 내년도 상반기 공모사업에서 최종 유치할 경우 우산동 옛 시외버스터미널 부지에 3년간 약 280억원이 투입돼 지상 7층 규모의 사회적기업 허브 타운이 조성될 예정이다.",
      "source_cleaned": "원주시가 내년도 상반기 공모사업에서 최종 유치할 경우 우산동 옛 시외버스터미널 부지에 3년간 약 280억 원이 투입돼 지상 7층 규모의 사회적기업 허브 타운이 조성될 예정이다.",
      "mt": "如果原州市在明年上半年的公开招募事业中最终申办，那么在牛山洞旧长途汽车站用地3年内将投入约280亿韩元，建设地上7层规模的社会性企业枢纽城。",
      "mtpe": "如果原州市在明年上半年的公开招募事业中最终申办成功，预计3年内在牛山洞旧长途客运站用地投入约280亿韩元，建成地上7层规模的社会性企业中心城。"
    },
    {
      "sn": "news10012sent123321",
      "source_original": "이 사업은 사회적경제 기업 및 지원 조직의 집적화를 위해 광역 단위로 첨단 비즈니스센터를 구축하는 사업이다.",
      "source_cleaned": "이 사업은 사회적경제 기업 및 지원 조직의 집적화를 위해 광역 단위로 첨단 비즈니스센터를 구축하는 사업이다.",
      "mt": "该项目是为了社会经济企业及支援组织的集成化，以广域为单位构建尖端商务中心的事业。",
      "mtpe": "该项目是为了社会经济企业及支援组织的集成化，以广域市为单位构建尖端商务中心的事业。"
    },
    {
      "sn": "news10012sent123319",
      "source_original": "이에 따라 지난 4월 산업부 사전 적격성 심사를 유일하게 통과한 원주시의 2021년 공모사업 유치에 청신호가 켜졌다.",
      "source_cleaned": "이에 따라 지난 4월 산업부 사전 적격성 심사를 유일하게 통과한 원주시의 2021년 공모사업 유치에 청신호가 켜졌다.",
      "mt": "因此，今年4月唯一通过产业部事前资格审查的原州市2021年招募事业的申办亮起了绿灯。",
      "mtpe": "因此，今年4月唯一通过产业部事前资格审查的原州市申办2021年招募事业亮起了绿灯。"
    }
  ]
}