{
  "meta": {
    "doc_no": "news10003",
    "domain": "금융",
    "category": "뉴스기사",
    "license": "open",
    "source_language": "ko",
    "target_language": "zh"
  },
  "sents": [
    {
      "sn": "news10003sent123184",
      "source_original": "28일 신종 코로나바이러스 감염증(코로나19)에 대응하는 강화된 정부 조치가 발표되자 이에 직접적으로 영향을 받는 외식업계는 큰 충격에 빠진 가운데 대응책 마련에 고심하고 있다.",
      "source_cleaned": "28일 신종 코로나바이러스 감염증에 대응하는 강화된 정부 조치가 발표되자 이에 직접적으로 영향을 받는 외식업계는 큰 충격에 빠진 가운데 대응책 마련에 고심하고 있다.",
      "mt": "28日，政府发表加强应对新型冠状病毒感染症的措施后，受到直接影响的餐饮业界陷入了巨大的冲击，正在苦思对策。",
      "mtpe": "28日，政府发表应对新型冠状病毒肺炎的强化措施后，受到直接影响的餐饮业界陷入了巨大的冲击，正在苦思对策。"
    },
    {
      "sn": "news10003sent123190",
      "source_original": "이디야·커피빈·파스쿠찌 등 주요 업체들은 이미 배달 서비스를 시행하고 있지만, 아무래도 내점 고객 대상 매출이 크다 보니 충격이 클 수밖에 없다.",
      "source_cleaned": "이디야·커피빈·파스쿠찌 등 주요 업체들은 이미 배달 서비스를 시행하고 있지만, 아무래도 내점 고객 대상 매출이 크다 보니 충격이 클 수밖에 없다.",
      "mt": "伊迪亚、Coffee Bean、Pascucci等主要企业虽然已经在实行送货服务，但无论如何，以内店顾客为对象的销售额很大，因此受到的冲击很大。",
      "mtpe": "一帝亚咖啡、香啡缤、帕斯库奇咖啡等主要企业虽然已经在实行送货服务，但因店访顾客为对象的销售额较大，所以受到的冲击必然不小。"
    },
    {
      "sn": "news10003sent123188",
      "source_original": "햄버거 브랜드 롯데리아와 커피전문점 엔제리너스 등을 운영하는 롯데GRS도 정부 발표 직후 영업 관련 긴급회의에 들어갔다.",
      "source_cleaned": "햄버거 브랜드 롯데리아와 커피전문점 엔제리너스 등을 운영하는 롯데GRS도 정부 발표 직후 영업 관련 긴급회의에 들어갔다.",
      "mt": "运营汉堡品牌乐天利和咖啡专卖店Angelinus等的乐天GRS也在政府发表后进入了营业相关紧急会议。",
      "mtpe": "运营汉堡品牌乐天利和咖啡专卖店安琦丽诺等的乐天GRS也在政府发表后立即开始了营业相关紧急会议。"
    }
  ]
}