{
  "meta": {
    "doc_no": "law16203",
    "domain": "금융",
    "category": "규제정보",
    "license": "open",
    "source_language": "ko"
  },
  "doc_info": {
    "source": "법제처",
    "title": "자본시장과 금융투자업에 관한 법률 ",
    "date": 20090204
  },
  "sents": [
    {
      "page": 235,
      "sn": "law16203sent264005",
      "source_original": "3. 수익증권 또는 투자회사 주식이 해당 투자신탁의 설정일 또는 투자회사의 설립일부터 30일 이내에 증권시장에 상장될 것"
    },
    {
      "page": 235,
      "sn": "law16203sent264006",
      "source_original": "② 투자매매업자 또는 투자중개업자 중 대통령령으로 정하는 자가 상장지수집합투자기구의 설정ㆍ설립을 위하여 자기 또는 타인의 계산으로 증권을 매매하는 경우에는 투자일임업을 영위하는 것으로 보지 아니한다."
    },
    {
      "page": 235,
      "sn": "law16203sent264007",
      "source_original": "③ 상장지수집합투자기구를 설정ㆍ추가설정 또는 설립ㆍ신주발행하는 경우 제188조제4항 및 제194조제7항(제196조제6항에서 준용하는 경우를 포함한다)에 불구하고 금전 외의 자산으로 납입할 수 있다."
    },
    {
      "page": 235,
      "sn": "law16203sent264008",
      "source_original": "④ 상장지수집합투자기구의 설정ㆍ추가설정ㆍ설립 및 신주발행, 집합투자증권의 판매 및 환매, 상장 및 상장폐지, 소유 재산의 공고, 그 밖에 필요한 사항은 대통령령으로 정한다."
    },
    {
      "page": 235,
      "sn": "law16203sent264009",
      "source_original": "제4장 집합투자증권의 환매"
    },
    {
      "page": 235,
      "sn": "law16203sent264010",
      "source_original": "제235조 (환매청구 및 방법 등)"
    },
    {
      "page": 235,
      "sn": "law16203sent264011",
      "source_original": "① 투자자는 언제든지 집합투자증권의 환매를 청구할 수 있다."
    },
    {
      "page": 235,
      "sn": "law16203sent264012",
      "source_original": "② 투자자는 집합투자증권의 환매를 청구하고자 하는 경우에는 그 집합투자증권을 판매한 투자매매업자 또는 투자중개업자에게 청구하여야 한다."
    }
  ]
}