{
  "meta": {
    "doc_no": "law16210",
    "domain": "금융",
    "category": "규제정보",
    "license": "open",
    "source_language": "ko"
  },
  "doc_info": {
    "source": "법제처",
    "title": "자본시장과 금융투자업에 관한 법률 ",
    "date": 20090204
  },
  "sents": [
    {
      "page": 242,
      "sn": "law16210sent264056",
      "source_original": "⑥ 투자신탁이나 투자익명조합의 집합투자업자 또는 투자회사등은 제1항부터 제5항까지의 규정에 따른 집합투자재산의 평가결과에 따라 대통령령으로 정하는 방법으로 집합투자증권의 기준가격을 산정하여야 한다."
    },
    {
      "page": 242,
      "sn": "law16210sent264057",
      "source_original": "⑤ 집합투자재산을 보관ㆍ관리하는 신탁업자는 집합투자업자의 집합투자재산에 대한 평가가 법령 및 집합투자재산평가기준에 따라 공정하게 이루어졌는지 확인하여야 한다."
    },
    {
      "page": 242,
      "sn": "law16210sent264058",
      "source_original": "⑦ 투자신탁이나 투자익명조합의 집합투자업자 또는 투자회사등은 제6항에 따라 산정된 기준가격을 매일 공고ㆍ게시하여야 한다."
    },
    {
      "page": 242,
      "sn": "law16210sent264059",
      "source_original": "④ 집합투자업자는 제2항에 따른 평가위원회가 집합투자재산을 평가한 경우 그 평가명세를 지체 없이 그 집합투자재산을 보관ㆍ관리하는 신탁업자에게 통보하여야 한다."
    },
    {
      "page": 242,
      "sn": "law16210sent264060",
      "source_original": "3. 집합투자재산의 종류별로 해당 재산의 가격을 평가하는 채권평가회사(제263조에 따른 채권평가회사를 말한다)를 두는 경우 그 선정 및 변경과 해당 채권평가회사가 제공하는 가격의 적용에 관한 사항"
    },
    {
      "page": 242,
      "sn": "law16210sent264061",
      "source_original": "4. 그 밖에 대통령령으로 정하는 사항"
    },
    {
      "page": 242,
      "sn": "law16210sent264062",
      "source_original": "2. 집합투자재산의 평가의 일관성 유지에 관한 사항"
    },
    {
      "page": 242,
      "sn": "law16210sent264063",
      "source_original": "1. 제2항에 따른 평가위원회의 구성 및 운영에 관한 사항"
    }
  ]
}