{
  "meta": {
    "doc_no": "law16198",
    "domain": "금융",
    "category": "규제정보",
    "license": "open",
    "source_language": "ko"
  },
  "doc_info": {
    "source": "법제처",
    "title": "자본시장과 금융투자업에 관한 법률 ",
    "date": 20090204
  },
  "sents": [
    {
      "page": 230,
      "sn": "law16198sent263970",
      "source_original": "3. 특별자산집합투자기구 : 집합투자재산의 100분의 40 이상으로서 대통령령으로 정하는 비율을 초과하여 특별자산(증권 및 부동산을 제외한 투자대상자산을 말한다)에 투자하는 집합투자기구"
    },
    {
      "page": 230,
      "sn": "law16198sent263971",
      "source_original": "집합투자기구는 집합투자재산의 운용대상에 따라 다음 각 호와 같이 구분한다."
    },
    {
      "page": 230,
      "sn": "law16198sent263972",
      "source_original": "1. 증권집합투자기구 : 집합투자재산의 100분의 40 이상으로서 대통령령으로 정하는 비율을 초과하여 증권(대통령령으로 정하는 증권을 제외하며, 대통령령으로 정하는 증권 외의 증권을 기초자산으로 한 파생상품을 포함한다.이하 이 조에서 같다)에 투자하는 집합투자기구로서 제2호 및 제3호에 해당하지 아니하는 집합투자기구"
    },
    {
      "page": 230,
      "sn": "law16198sent263973",
      "source_original": "2. 부동산집합투자기구 : 집합투자재산의 100분의 40 이상으로서 대통령령으로 정하는 비율을 초과하여 부동산(부동산을 기초자산으로 한 파생상품, 부동산 개발과 관련된 법인에 대한 대출, 그 밖에 대통령령으로 정하는 방법으로 부동산 및 대통령령으로 정하는 부동산과 관련된 증권에 투자하는 경우를 포함한다.이하 이 조에서 같다)에 투자하는 집합투자기구"
    },
    {
      "page": 230,
      "sn": "law16198sent263974",
      "source_original": "4. 혼합자산집합투자기구 : 집합투자재산을 운용함에 있어서 제1호부터 제3호까지의 규정의 제한을 받지 아니하는 집합투자기구"
    }
  ]
}