{
  "meta": {
    "doc_no": "law16200",
    "domain": "금융",
    "category": "규제정보",
    "license": "open",
    "source_language": "ko"
  },
  "doc_info": {
    "source": "법제처",
    "title": "자본시장과 금융투자업에 관한 법률 ",
    "date": 20090204
  },
  "sents": [
    {
      "page": 232,
      "sn": "law16200sent263982",
      "source_original": "다만, 제2항에 따라 추가로 집합투자증권을 발행할 수 있는 환매금지형집합투자기구의 경우에는 적용한다."
    },
    {
      "page": 232,
      "sn": "law16200sent263983",
      "source_original": "⑤ 집합투자업자등은 집합투자기구의 투자대상자산의 현금화하기 곤란한 사정 등을 고려하여 대통령령으로 정하는 경우에는 그 집합투자기구를 환매금지형집합투자기구로 설정ㆍ설립하여야 한다."
    },
    {
      "page": 232,
      "sn": "law16200sent263984",
      "source_original": "제231조 (종류형집합투자기구)"
    },
    {
      "page": 232,
      "sn": "law16200sent263985",
      "source_original": "① 집합투자업자등은 제189조제2항, 제196조제5항 및 제208조제1항(제216조제2항, 제222조제2항 및 제227조제2항에서 준용하는 경우를 포함한다)에 불구하고 같은 집합투자기구에서 제76조제4항에 따른 판매보수의 차이로 인하여 기준가격이 다르거나 판매수수료가 다른 여러 종류의 집합투자증권을 발행하는 집합투자기구(이하 이 조에서 “종류형집합투자기구”라 한다)를 설정ㆍ설립할 수 있다."
    },
    {
      "page": 232,
      "sn": "law16200sent263986",
      "source_original": "② 종류형집합투자기구는 집합투자자총회의 결의가 필요한 경우로서 특정 종류의 집합투자증권의 투자자에 대하여만 이해관계가 있는 경우에는 그 종류의 투자자만으로 종류집합투자자총회를 개최할 수 있다."
    },
    {
      "page": 232,
      "sn": "law16200sent263987",
      "source_original": "③ 종류형집합투자기구의 설정ㆍ설립, 집합투자증권의 발행ㆍ판매ㆍ환매, 그 밖에 종류형집합투자기구에 관하여 필요한 사항은 대통령령으로 정한다."
    },
    {
      "page": 232,
      "sn": "law16200sent263988",
      "source_original": "제232조 (전환형집합투자기구)"
    }
  ]
}