{
  "meta": {
    "doc_no": "law16209",
    "domain": "금융",
    "category": "규제정보",
    "license": "open",
    "source_language": "ko"
  },
  "doc_info": {
    "source": "법제처",
    "title": "자본시장과 금융투자업에 관한 법률 ",
    "date": 20090204
  },
  "sents": [
    {
      "page": 241,
      "sn": "law16209sent264048",
      "source_original": "③ 집합투자업자는 집합투자재산에 대한 평가가 공정하고 정확하게 이루어질 수 있도록 그 집합투자재산을 보관ㆍ관리하는 신탁업자의 확인을 받아 다음 각 호의 사항이 포함된 집합투자재산의 평가와 절차에 관한 기준(이하 이 조에서 “집합투자재산평가기준”이라 한다)을 마련하여야 한다."
    },
    {
      "page": 241,
      "sn": "law16209sent264049",
      "source_original": "4. 투자신탁의 수익자, 투자회사의 주주 또는 그 수익자ㆍ주주의 질권자로서 권리를 행사할 자를 정하기 위하여 「상법」 제354조제1항(제189조제9항에서 준용하는 경우를 포함한다.이하 이 조에서 같다)에 따라 일정한 날을 정하여 수익자명부 또는 주주명부에 기재된 수익자ㆍ주주 또는 질권자를 그 권리를 행사할 수익자ㆍ주주 또는 질권자로 보도록 한 경우로서 이 일정한 날과 그 권리를 행사할 날의 사이에 환매청구를 한 경우."
    },
    {
      "page": 241,
      "sn": "law16209sent264050",
      "source_original": "이 경우 같은 법 제354조제3항을 적용함에 있어서 “3월”을 “2개월”로 한다."
    },
    {
      "page": 241,
      "sn": "law16209sent264051",
      "source_original": "제5장 평가 및 회계"
    },
    {
      "page": 241,
      "sn": "law16209sent264052",
      "source_original": "제238조 (집합투자재산의 평가 및 기준가격의 산정 등)"
    },
    {
      "page": 241,
      "sn": "law16209sent264053",
      "source_original": "① 집합투자업자는 대통령령으로 정하는 방법에 따라 집합투자재산을 시가에 따라 평가하되, 평가일 현재 신뢰할 만한 시가가 없는 경우에는 대통령령으로 정하는 공정가액으로 평가하여야 한다."
    },
    {
      "page": 241,
      "sn": "law16209sent264054",
      "source_original": "다만, 투자자가 수시로 변동되는 등 투자자의 이익을 해할 우려가 적은 경우로서 대통령령으로 정하는 경우에는 대통령령으로 정하는 가액으로 평가할 수 있다."
    },
    {
      "page": 241,
      "sn": "law16209sent264055",
      "source_original": "② 집합투자업자는 제1항에 따른 집합투자재산의 평가업무를 수행하기 위하여 대통령령으로 정하는 방법에 따라 평가위원회를 구성ㆍ운영하여야 한다."
    }
  ]
}