{
  "meta": {
    "doc_no": "dis221084",
    "domain": "금융",
    "category": "공시정보",
    "license": "open",
    "source_language": "ko"
  },
  "doc_info": {
    "source": "금융감독원",
    "dis_no": 20211029000246,
    "doc_name": "동일인등출자계열회사와의상품ㆍ용역거래변경",
    "com_name": "(주)영풍이앤이",
    "date": 20211029
  },
  "sents": [
    {
      "sn": "dis221084sent138771912",
      "source_original": "동일인등출자계열회사와의상품ㆍ용역거래변경"
    },
    {
      "sn": "dis221084sent138771913",
      "source_original": "(주)영풍이앤이"
    },
    {
      "sn": "dis221084sent138771914",
      "source_original": "▶정정문서 작성시 이 부분을 클릭하여 『정오표』 삽입 : 정정시 작성 (⇒ 이 문구는 인쇄되지 않음)"
    },
    {
      "sn": "dis221084sent138771915",
      "source_original": "일반-정정*.LCommon"
    },
    {
      "sn": "dis221084sent138771916",
      "source_original": "동일인 등 출자 계열회사와의 상품ㆍ용역거래 변경"
    },
    {
      "sn": "dis221084sent138771917",
      "source_original": "기업집단명"
    },
    {
      "sn": "dis221084sent138771918",
      "source_original": "영풍"
    },
    {
      "sn": "dis221084sent138771919",
      "source_original": "회사명"
    },
    {
      "sn": "dis221084sent138771920",
      "source_original": "공시일자"
    },
    {
      "sn": "dis221084sent138771921",
      "source_original": "관련법규"
    },
    {
      "sn": "dis221084sent138771922",
      "source_original": "공정거래법 11조의2"
    },
    {
      "sn": "dis221084sent138771923",
      "source_original": "(단위 : 백만원)"
    },
    {
      "sn": "dis221084sent138771924",
      "source_original": "1. 당해회사의 직전사업연도매출액(A)"
    },
    {
      "sn": "dis221084sent138771925",
      "source_original": "2. 거래기간"
    },
    {
      "sn": "dis221084sent138771926",
      "source_original": "3. 이사회"
    },
    {
      "sn": "dis221084sent138771927",
      "source_original": "의결일"
    },
    {
      "sn": "dis221084sent138771928",
      "source_original": "사외이사"
    },
    {
      "sn": "dis221084sent138771929",
      "source_original": "참석여부"
    },
    {
      "sn": "dis221084sent138771930",
      "source_original": "참석(명)"
    },
    {
      "sn": "dis221084sent138771931",
      "source_original": "감사(감사위원)"
    },
    {
      "sn": "dis221084sent138771932",
      "source_original": "불참"
    },
    {
      "sn": "dis221084sent138771933",
      "source_original": "불참(명)"
    },
    {
      "sn": "dis221084sent138771934",
      "source_original": "4. 동일인 등 출자 계열회사와의 상품ㆍ용역 거래금액"
    },
    {
      "sn": "dis221084sent138771935",
      "source_original": "거래상대방"
    },
    {
      "sn": "dis221084sent138771936",
      "source_original": "(동일인 등 출자계열회사)"
    },
    {
      "sn": "dis221084sent138771937",
      "source_original": "매출액(B)"
    },
    {
      "sn": "dis221084sent138771938",
      "source_original": "매입액(C)"
    },
    {
      "sn": "dis221084sent138771939",
      "source_original": "합계액"
    },
    {
      "sn": "dis221084sent138771940",
      "source_original": "매출액대비"
    },
    {
      "sn": "dis221084sent138771941",
      "source_original": "5. 상품ㆍ용역 거래내역"
    },
    {
      "sn": "dis221084sent138771942",
      "source_original": "상품ㆍ용역"
    },
    {
      "sn": "dis221084sent138771943",
      "source_original": "계약명"
    },
    {
      "sn": "dis221084sent138771944",
      "source_original": "거래금액"
    },
    {
      "sn": "dis221084sent138771945",
      "source_original": "매출"
    },
    {
      "sn": "dis221084sent138771946",
      "source_original": "매입"
    },
    {
      "sn": "dis221084sent138771947",
      "source_original": "거래대상"
    },
    {
      "sn": "dis221084sent138771948",
      "source_original": "거래조건"
    },
    {
      "sn": "dis221084sent138771949",
      "source_original": "거래목적"
    },
    {
      "sn": "dis221084sent138771950",
      "source_original": "계약체결방식"
    },
    {
      "sn": "dis221084sent138771951",
      "source_original": "Project EPCM 용역계약"
    },
    {
      "sn": "dis221084sent138771952",
      "source_original": "설비용역"
    },
    {
      "sn": "dis221084sent138771953",
      "source_original": "현금"
    },
    {
      "sn": "dis221084sent138771954",
      "source_original": "공장건설"
    },
    {
      "sn": "dis221084sent138771955",
      "source_original": "수의계약"
    },
    {
      "sn": "dis221084sent138771956",
      "source_original": "건물관리용역"
    },
    {
      "sn": "dis221084sent138771957",
      "source_original": "건물관리"
    },
    {
      "sn": "dis221084sent138771958",
      "source_original": "사무실임차"
    },
    {
      "sn": "dis221084sent138771959",
      "source_original": "건물임차"
    },
    {
      "sn": "dis221084sent138771960",
      "source_original": "6. 계약체결방식 유형별 일괄공시(대규모 내부거래 공시규정 제9조의2 제4항 관련)"
    },
    {
      "sn": "dis221084sent138771961",
      "source_original": "주요거래대상"
    },
    {
      "sn": "dis221084sent138771962",
      "source_original": "경쟁입찰"
    },
    {
      "sn": "dis221084sent138771963",
      "source_original": "제한경쟁입찰"
    },
    {
      "sn": "dis221084sent138771964",
      "source_original": "지명경쟁입찰"
    },
    {
      "sn": "dis221084sent138771965",
      "source_original": "설비용역, 건물관리"
    },
    {
      "sn": "dis221084sent138771966",
      "source_original": "7. 관련공시일"
    },
    {
      "sn": "dis221084sent138771967",
      "source_original": "8. 기타"
    },
    {
      "sn": "dis221084sent138771968",
      "source_original": "- 직전사업연도 매출액은 2020년 사업연도 기준임"
    },
    {
      "sn": "dis221084sent138771969",
      "source_original": "- 동일인 등 출자 계열회사와의 상품ㆍ용역 거래금액의 분기합계액이 최초 공시 매출액의 20% 이상 초과되어 이사회의결 후 공시함."
    },
    {
      "sn": "dis221084sent138771970",
      "source_original": "- 10월에 발생한 매출이라 4분기에 포함하는것으로 생각하였으나 회계상 3분기(9월말) 에 속한다고하여 3분기 변경공시함."
    }
  ]
}