{
  "meta": {
    "doc_no": "report1270",
    "domain": "금융",
    "category": "보고서",
    "license": "open",
    "source_language": "ko"
  },
  "doc_info": {
    "source": "금융위원회 공적자금관리위원회",
    "title": "2015 공적자금관리백서_440(1-200)_150",
    "date": 20150831
  },
  "sents": [
    {
      "page": 115,
      "sn": "report1270sent13957",
      "source_original": "가. 우리은행 민영화 방안 검토 착수"
    },
    {
      "page": 115,
      "sn": "report1270sent13958",
      "source_original": "지방은행(경남은행, 광주은행) 및 증권계열(우리파이낸셜, 우리자산운용, 우리 투자증권, 우리아비바생명, 우리금융저축은행, 우리F&I)의 우선협상대상자 선정이 마무리됨에 따라, 공적자금관리위원회는 우리은행 매각방안 검토에 착수하였다."
    },
    {
      "page": 115,
      "sn": "report1270sent13959",
      "source_original": "우선 과거 3차례 시도되었던 우리금융지주 경영권지분 매각이 실패한 원인을 분석하는 한편, 시장상황을 점검하는 등 매각방안 마련을 위한 제반여건을 확인 하였다."
    },
    {
      "page": 115,
      "sn": "report1270sent13960",
      "source_original": "그 결과 시장수요가 열악한 상황에서 지방은행 매각으로 우리은행 매각 규모가 줄어들기는 하였으나, 여전히 매각규모가 큰 우리은행을 과거와 같은 방식으로 일괄매각하는 것은 한계가 있다는 결론에 도달하게 되었다."
    },
    {
      "page": 115,
      "sn": "report1270sent13961",
      "source_original": "아울러, 2014년 3월 26일 한국금융연구원 주관으로 바람직한 우리은행 민영화 방안 이라는 주제의 정책 토론회를 개최하여 우리은행 민영화 방안과 관련한 각계 전문가들의 의견을 청취하는 등 최적의 우리은행 민영화 방안 도출을 위해 노력하였다."
    },
    {
      "page": 115,
      "sn": "report1270sent13962",
      "source_original": "이에 따라, 시장수요에 맞춘 새로운 매각방식을 고안하는 한편 잠재적인 투자수요를 끌어 낼 수 있는 적절한 투자유인책을 마련할 필요가 있다고 판단하고 이에 대해 집중적으로 검토하였다."
    },
    {
      "page": 115,
      "sn": "report1270sent13963",
      "source_original": "우리은행 매각 추진 경과"
    },
    {
      "page": 115,
      "sn": "report1270sent13964",
      "source_original": "농협금융지주(2014.6.27)에 각각 매각함으로써 총 1.8조원을 매각대금으로 수령하였으며, 향후 예금보험공사는 증권계열 매각대금을 내부유보를 통해 우리은행 매각대금 으로 수령하거나 배당금으로 수령하는 방식으로 공적자금을 회수할 예정이다."
    },
    {
      "page": 115,
      "sn": "report1270sent13965",
      "source_original": "공적자금관리위원회는 2014년 1월부터 6월까지 총 11차례의 간담회를 통하여 우리은행 매각방식에 대한 다양한 논의를 진행하였다."
    },
    {
      "page": 115,
      "sn": "report1270sent13966",
      "source_original": "나. 간담회 및 정책토론회를 통한 논의 진행"
    }
  ]
}