{
  "meta": {
    "doc_no": "report1271",
    "domain": "금융",
    "category": "보고서",
    "license": "open",
    "source_language": "ko"
  },
  "doc_info": {
    "source": "금융위원회 공적자금관리위원회",
    "title": "2015 공적자금관리백서_440(1-200)_150",
    "date": 20150831
  },
  "sents": [
    {
      "page": 116,
      "sn": "report1271sent13967",
      "source_original": "정책 토론회"
    },
    {
      "page": 116,
      "sn": "report1271sent13968",
      "source_original": "2014년 3월 26일 한국금융연구원 주관으로 바람직한 우리은행 민영화 방안 에 대한 정책토론회가 실시되었다."
    },
    {
      "page": 116,
      "sn": "report1271sent13969",
      "source_original": "아울러 정책토론회 등을 통해 시장의 다양한 의견을 수렴할 필요성이 제기되어 3월말 정책토론회를 통해 이해관계자 및 시장의 반응을 수렴한 후 추후 매각방안을 다시 논의하기로 하였다."
    },
    {
      "page": 116,
      "sn": "report1271sent13970",
      "source_original": "그 후, 입찰방식 및 투자유인 구조에 따라 상정 가능한 희망수량 경쟁입찰 방식을 분류하고, 성공가능성, 절차적 간편성, 적법성 등의 관점에서 각 방안을 평가하고 점검하였다."
    },
    {
      "page": 116,
      "sn": "report1271sent13971",
      "source_original": "아울러, 전반적인 투자수요가 미약한 상황을 감안하여 투자자에게 투자유인을 제공하는 방안도 검토하였다."
    },
    {
      "page": 116,
      "sn": "report1271sent13972",
      "source_original": "희망수량경쟁 입찰은 다량의 물건을 높은 단가를 제시하는 순서대로 입찰자가 희망하는 수량을 배정하여 매각하는 방식으로, 다양한 투자수요를 흡수하여 많은 물량의 매각이 가능한 방식이다."
    },
    {
      "page": 116,
      "sn": "report1271sent13973",
      "source_original": "이에 따라, 기존의 매각방식이 가진 한계점을 보완하는 새로운 대안으로 희망수량경쟁입찰방식의 도입 필요성이 제기되었다."
    },
    {
      "page": 116,
      "sn": "report1271sent13974",
      "source_original": "현재 시장여건 상 가능한 다양한 매각방안의 실현 가능성을 검토하였으나, 일괄매각, 분산매각 등 과거에 이용 되었던 전형적인 방법을 통해서는 우리은행 매각 가능성이 크지 않다는 데에 의견이 모아졌다."
    },
    {
      "page": 116,
      "sn": "report1271sent13975",
      "source_original": "매각주관사가 실시한 주요 잠재투자자들의 수요 조사 현황을 바탕으로 우리은행 매각을 위한 시장여건을 전반적으로 점검하였다."
    },
    {
      "page": 116,
      "sn": "report1271sent13976",
      "source_original": "공적자금관리위원회는 우선 일괄매각, 과점주주매각 및 분산매각 등 과거 매각 방식을 포함한 상정 가능한 모든 대안의 내용과 그 장단점에 대해 논의하였다."
    },
    {
      "page": 116,
      "sn": "report1271sent13977",
      "source_original": "우리은행 매각 후의 바람직한 소유구조와 관련하여 과점주주 구조를 선호하는 견해와 현실적으로 매각단계에서 사전에 소유구조를 설정하는 것은 어렵다는 견해 등이 제기되었으며, 투자유인이 부여된 희망수량 경쟁입찰 방식에 대부분 필요성을 공감했으나, 일부 기술적 이슈에 대해서는 이견이 존재"
    },
    {
      "page": 116,
      "sn": "report1271sent13978",
      "source_original": "동 토론회에 참석한 패널들 대부분은 우리금융 민영화 3대 원칙 중 빠른 민영화에 우선순위를 두고 매각을 추진해야 한다는 의견을 개진하였다."
    },
    {
      "page": 116,
      "sn": "report1271sent13979",
      "source_original": "1~4차 간담회"
    }
  ]
}