{
  "meta": {
    "doc_no": "report1269",
    "domain": "금융",
    "category": "보고서",
    "license": "open",
    "source_language": "ko"
  },
  "doc_info": {
    "source": "금융위원회 공적자금관리위원회",
    "title": "2015 공적자금관리백서_440(1-200)_150",
    "date": 20150831
  },
  "sents": [
    {
      "page": 114,
      "sn": "report1269sent13945",
      "source_original": "이는 사전 시장조사 결과, 독자적인 시장 수요가 부족할 것으로 예상된 우리아비바생명, 우리금융저축 은행의 미매각을 방지하기 위한 조치였다."
    },
    {
      "page": 114,
      "sn": "report1269sent13946",
      "source_original": "우리금융지주는 증권업과의 관련성 및 시장의 수요 등을 감안하여 우리투자증권․우리자산운용․우리아비바생명․우리 금융저축은행은 묶음매각 방식을 취함으로써 우리투자증권을 인수하려는 투자자는 우리자산운용 등 3개사를 함께 인수하도록 하였다."
    },
    {
      "page": 114,
      "sn": "report1269sent13947",
      "source_original": "우리자산운용의 경우 키움증권이 묶음매각 입찰자들보다 높은 가격을 제시함에 따라 키움증권을 우선협상대상자로 선정하고 우리자산운용을 묶음에서 제외하였다."
    },
    {
      "page": 114,
      "sn": "report1269sent13948",
      "source_original": "증권계열 매각 추진 경과"
    },
    {
      "page": 114,
      "sn": "report1269sent13949",
      "source_original": "예금보험공사가 지방은행계열 매각을 진행하는 동안 우리금융지주도 증권 계열 6개 자회사의 매각을 진행하였다."
    },
    {
      "page": 114,
      "sn": "report1269sent13950",
      "source_original": "최종입찰제안서 접수 결과, 우리투자증권 등 4개사 묶음에 농협금융지주 등 3개사가, 우리자산운용에는 키움증권 등 2개사가, 우리F&I에 대신증권 등 5개사가, 우리파이낸셜에 KB금융지주 등 2개사가 제안서를 제출하였다."
    },
    {
      "page": 114,
      "sn": "report1269sent13951",
      "source_original": "2013년 8월 16일 매각공고를 시작으로 10월 21일 예비입찰제안서를 접수하고 최종입찰대상자를 선정한 후, 우리파이낸셜과 우리F&I는 12월 2일, 우리투자 증권 등 4개사는 12월 16일 최종입찰제안서를 접수하였다."
    },
    {
      "page": 114,
      "sn": "report1269sent13952",
      "source_original": "우리F&I 및 우리파이낸셜은 독자적인 시장수요가 충분하다고 예상되어 각각 개별적으로 매각을 추진하였다."
    },
    {
      "page": 114,
      "sn": "report1269sent13953",
      "source_original": "개별 입찰자의 인수희망가격이 묶음 자회사 인수 희망자의 제시가격보다 높을 경우, 개별 입찰자에게 매각함으로써 공적자금의 회수를 극대화하기 위한 고려였다."
    },
    {
      "page": 114,
      "sn": "report1269sent13954",
      "source_original": "다만, 우리투자증권이 아닌 3개사 중 일부를 인수하려는 투자자는 해당 회사에 대하여 개별적으로 입찰할 수 있도록 하였다."
    },
    {
      "page": 114,
      "sn": "report1269sent13955",
      "source_original": "우리투자증권 등 3개사 묶음(우리자산운용 제외)의 경우 농협금융지주를 우선협상대상자로 선정하였고, 우리파이낸셜은 KB금융지주를, 우리F&I는 대신증권을 우선협상 대상자로 선정하였다."
    },
    {
      "page": 114,
      "sn": "report1269sent13956",
      "source_original": "이후, 우리금융지주는 우선협상대상자와의 매각조건 협상을 진행한 후, 우리 파이낸셜은 KB금융지주에(2014.3.20), 우리자산운용은 키움증권에(2014.5.2), 우리 F&I는 대신증권에(2014.5.7), 우리투자증권 우리아비바생명 우리금융저축은행은"
    }
  ]
}