{
  "meta": {
    "doc_no": "report1272",
    "domain": "금융",
    "category": "보고서",
    "license": "open",
    "source_language": "ko"
  },
  "doc_info": {
    "source": "금융위원회 공적자금관리위원회",
    "title": "2015 공적자금관리백서_440(1-200)_150",
    "date": 20150831
  },
  "sents": [
    {
      "page": 117,
      "sn": "report1272sent13980",
      "source_original": "또한 합병시 은행과 지주회사 중 어느 법인을 존속법인으로 할 것인지에 대해서 우리금융지주 측은 존속법인 여하에 관계없이 합병 후 실체는 우리은행이 될 것이며 실질적으로 우리은행을 매각한다는 점에서 우리은행을 존속법인으로 하는"
    },
    {
      "page": 117,
      "sn": "report1272sent13981",
      "source_original": "5~11차 간담회"
    },
    {
      "page": 117,
      "sn": "report1272sent13982",
      "source_original": "하였다. 또한, 개별 투자자가 10% 이상의 물량을 매수할 수 있도록 허용할지 여부에 대해서도 의견이 엇갈렸다."
    },
    {
      "page": 117,
      "sn": "report1272sent13983",
      "source_original": "정책토론회 이후 우리은행 잠재투자자들에 대한 시장 수요조사 결과를 확인하여, 현재 시장상황을 정확히 파악하는 한편, 정책토론회시 제기된 개별 투자자의 10% 초과 입찰을 허용할 것인지 여부에 대해 논의를 진행하였다."
    },
    {
      "page": 117,
      "sn": "report1272sent13984",
      "source_original": "10% 초과(경영권 지분) 및 10% 이하(소수지분) 지분에 대한 입찰의 세부 실행방안에 대해 논의한 결과, 성공적인 민영화를 위해 10% 초과 입찰을 금지하지는 않되 10% 이하 입찰과는 다른 성격이 있으므로 두 개의 입찰을 분리 실시하는 방향으로 의견이 모아졌다."
    },
    {
      "page": 117,
      "sn": "report1272sent13985",
      "source_original": "10% 이하 지분 매각과 관련하여서는 투자유인책으로 콜옵션을 부여하면서 우리 은행 주식을 매각할 수 있는 희망수량경쟁입찰을 실시하기로 하였다."
    },
    {
      "page": 117,
      "sn": "report1272sent13986",
      "source_original": "10% 초과 입찰의 경우 투자유인책을 부여하더라도 경영권 인수에 관심 없는 자가 입찰에 참여하기를 기대하기 어려울 뿐만 아니라 경영권 자체가 투자유인으로 볼 수 있으므로 별도의 투자유인책을 부여하지 않기로 하였다."
    },
    {
      "page": 117,
      "sn": "report1272sent13987",
      "source_original": "10% 초과, 10% 이하 양 입찰은 민영화 동력 유지 등을 위하여 두 개 Track의 입찰마감(10% 초과 : 예비입찰, 10% 이하 : 본입찰)을 동시에 실시하기로 하였다."
    },
    {
      "page": 117,
      "sn": "report1272sent13988",
      "source_original": "또한, ‘10% 이하’ 물량 산정시 금번 입찰로 낙찰받은 주식 외에 입찰 전에 보유한 주식, 콜옵션 행사로 취득하는 주식을 포함할지 여부에 대하여 논의하여 기존 보유 주식과 콜옵션 행사예정분을 제외하고 금번에 새로이 취득하는 지분만을 기준 으로 10% 이하 물량을 산정하기로 하였다."
    },
    {
      "page": 117,
      "sn": "report1272sent13989",
      "source_original": "다만, 은행지분을 10% 초과 보유하게 될 경우, 은행법에 따라 한도초과보유주주 승인을 받아야 한다."
    },
    {
      "page": 117,
      "sn": "report1272sent13990",
      "source_original": "10% 초과 입찰의 매각방식과 관련하여서는 희망수량경쟁입찰에 비해 상대적으로 절차가 간단 하면서도 일반적인 M&A 거래시 주로 활용되는 일반경쟁입찰 방식을 실시하기로 하였다."
    }
  ]
}