{
  "meta": {
    "doc_no": "report126",
    "domain": "금융",
    "category": "보고서",
    "license": "open",
    "source_language": "ko"
  },
  "doc_info": {
    "source": "개인납세국",
    "title": "2014년-귀속-금융소득종합과세-해설_184_155",
    "date": 201505
  },
  "sents": [
    {
      "page": 128,
      "sn": "report126sent1684",
      "source_original": "○ 다음해 3월말까지 해당 금융회사 등이 연간 금융소득과 원천징수세액 명세 및 원천징수의무자의 사업자등록번호와 상호 또는 법인명을 우편․ 통장기재․정보통신 등을 통해 통보하는 경우에는 원천징수영수증을 발급한 것으로 간주하는 제도를 시행하고 있다.(소법§133, 소령§193 ③)"
    },
    {
      "page": 128,
      "sn": "report126sent1685",
      "source_original": "나. 시행방법"
    },
    {
      "page": 128,
      "sn": "report126sent1686",
      "source_original": "○ 통보 대상 : 원칙적으로 국내에서 이자․배당소득을 지급받는 모든 금융 소득자가 해당된다."
    },
    {
      "page": 128,
      "sn": "report126sent1687",
      "source_original": "○ 다음해 3월말까지 해당 금융회사 등이 연간 금융소득과 원천징수세액 명세 및 원천징수의무자의 사업자등록번호와 상호 또는 법인명을 우편․ 통장기재․정보통신 등을 통해 통보하는 경우에는 원천징수영수증을 발급한 것으로 간주하는 제도를 시행하고 있다.(소법§133, 소령§193 ③)"
    },
    {
      "page": 128,
      "sn": "report126sent1688",
      "source_original": "○ 통보 기관 : 금융회사 등은 종합과세대상 금융소득을 지급받는 소득자에게 통보할 의무가 있다."
    },
    {
      "page": 128,
      "sn": "report126sent1689",
      "source_original": "○ 다음해 3월말까지 해당 금융회사 등이 연간 금융소득과 원천징수세액 명세 및 원천징수의무자의 사업자등록번호와 상호 또는 법인명을 우편․ 통장기재․정보통신 등을 통해 통보하는 경우에는 원천징수영수증을 발급한 것으로 간주하는 제도를 시행하고 있다.(소법§133, 소령§193 ③)"
    },
    {
      "page": 128,
      "sn": "report126sent1690",
      "source_original": "○ 원천징수의무자는 지급하는 이자소득 또는 배당소득의 지급금액이 계좌별로 1년간 발생한 이자소득 또는 배당소득금액이 1백만원 이하인 경우에는 원천 징수영수증을 발급하지 아니할 수 있다."
    },
    {
      "page": 128,
      "sn": "report126sent1691",
      "source_original": "가. 개 요"
    },
    {
      "page": 128,
      "sn": "report126sent1692",
      "source_original": "2. 금융소득 본인통보제도"
    },
    {
      "page": 128,
      "sn": "report126sent1693",
      "source_original": "∙ 다만, 소득세법 제133조의2제1항에 따라 원천징수영수증을 발급하는 경우 및 이자소득 또는 배당소득을 받는 자가 원천징수영수증의 발급을 요구하는 경우에는 원천징수영수증을 발급하거나 통지하여야 한다."
    },
    {
      "page": 128,
      "sn": "report126sent1694",
      "source_original": "나. 원천징수영수증 발급 면제"
    },
    {
      "page": 128,
      "sn": "report126sent1695",
      "source_original": "○ 금융소득 본인통보제도는 금융회사 등이 국세청에 금융소득의 지급 내용 (지급명세서)을 통보하는 것과 별도로 예금주에게 금융소득의 발생 및 원천징수상황을 통보해 주는 제도로서 그 동안은 원천징수의무자가 금융 소득을 지급할 때마다 소득 지급내용 등을 기재한 원천징수영수증을 발급 하도록 하였으나,"
    }
  ]
}