{
  "meta": {
    "doc_no": "report1273",
    "domain": "금융",
    "category": "보고서",
    "license": "open",
    "source_language": "ko"
  },
  "doc_info": {
    "source": "금융위원회 공적자금관리위원회",
    "title": "2015 공적자금관리백서_440(1-200)_150",
    "date": 20150831
  },
  "sents": [
    {
      "page": 118,
      "sn": "report1273sent13991",
      "source_original": "다. 우리은행 민영화 방안 발표"
    },
    {
      "page": 118,
      "sn": "report1273sent13992",
      "source_original": "경영권 지분 매각의 경우 안정적인 경영권 행사가 가능한 지분인 30%에 대하여 일반경쟁입찰을 실시하기로 하였다."
    },
    {
      "page": 118,
      "sn": "report1273sent13993",
      "source_original": "일반적인 M&A 절차에 따라 매각공고 → 예비입찰 → 본입찰 → 실사․가격조정 → 금융위원회 승인 및 종결 순서로 진행하기로 하였다."
    },
    {
      "page": 118,
      "sn": "report1273sent13994",
      "source_original": "세부 방안"
    },
    {
      "page": 118,
      "sn": "report1273sent13995",
      "source_original": "입찰가능 규모는 10%로 설정하였고, 투자유인책으로 금번 매각에서"
    },
    {
      "page": 118,
      "sn": "report1273sent13996",
      "source_original": "회의에서 위원들은 성공적인 지방은행 및 증권계열 매각을 통해 형성된 민영화 모멘텀을 이어가기 위해 우리은행의 빠른 민영화가 필요하다는데 대한 인식을 같이 하였고, 시장이 원하는 방향으로 민영화의 실현가능성을 높이는데 중점을 두고 우리은행 민영화 방안을 마련하였다."
    },
    {
      "page": 118,
      "sn": "report1273sent13997",
      "source_original": "우리금융지주와 우리은행을 합병(존속법인은 우리은행)하여 예금보험공사가 보유하게 될 우리은행 지분 56.97% 전량을 매각하며, 경영권 인수를 희망하는 투자, 투자차익을 원하는 재무적 투자 등 시장 내 모든 투자수요를 수용하여 입찰을 실시하기로 하였다."
    },
    {
      "page": 118,
      "sn": "report1273sent13998",
      "source_original": "기본 방향"
    },
    {
      "page": 118,
      "sn": "report1273sent13999",
      "source_original": "우리금융지주가 보고한 내용에 따라, 후속 간담회에서 존속법인을 어디로 하는지에 따른 장단점을 면밀히 검토하였으며, 비상장법인인 우리은행이 존속법인이 될 경우, 합병 후 신규상장 과정에서 오랜기간 거래정지가 불가피하다는 문제가 유가증권 상장규정 개정으로 완화되고 (거래정지기간 : 1년 → 2 ~3 주), 합병주체인 우리금융지주와 우리은행 모두가 은행을 존속법인으로 하는 합병을 희망하고 있음을 감안하여 은행을 존속법인 으로 합병하기로 하였다."
    },
    {
      "page": 118,
      "sn": "report1273sent14000",
      "source_original": "2014년 6월 23일 공적자금관리위원회 및 매각심사소위원회의 심의․의결을 거쳐 우리은행 매각방안을 발표하였다."
    },
    {
      "page": 118,
      "sn": "report1273sent14001",
      "source_original": "다만, 경영권 지분 매각과 소수지분 매각은 매각가치 및 절차적 측면에서 상이하다는 점을 감안하여 분리․동시입찰을 실시하기로 하였다."
    },
    {
      "page": 118,
      "sn": "report1273sent14002",
      "source_original": "소수지분 매각의 경우, 지분 26.97%를 희망수량 경쟁입찰 방식으로 매각하기로 하였다."
    },
    {
      "page": 118,
      "sn": "report1273sent14003",
      "source_original": "것이 바람직하다는 의견을 제시하였다."
    }
  ]
}