{
  "meta": {
    "doc_no": "paper199726",
    "domain": "금융",
    "category": "학술논문",
    "license": "open",
    "source_language": "ko",
    "target_language": "id"
  },
  "doc_info": {
    "source": "한국재무관리학회",
    "journal_name": "재무관리연구",
    "vol_info": "2021, vol.38,no.1, pp. 79-102 (24 pages)",
    "doi": "10.22510/kjofm.2021.38.1.004",
    "title": "주채무계열 제도가 기업가치에 미치는 영향",
    "date": 202103
  },
  "sents": [
    {
      "page": 5,
      "sn": "paper199726sent2115084",
      "source_original": "2014년 주채무계열 제도 개선의 일환으로 주채무계열 편입 관련 신용공여액 기준을 낮춤에 따라 대상 기업 수가 일시적으로 증가하였다가 2015년부터 다시 감소세로 돌아서는 것을 볼 수 있다.",
      "source_cleaned": "2014년 주채무계열 제도 개선의 일환으로 주채무계열 편입 관련 신용공여액 기준을 낮춤에 따라 대상 기업 수가 일시적으로 증가하였다가 2015년부터 다시 감소세로 돌아서는 것을 볼 수 있다.",
      "mt": "Sebagai bagian dari perbaikan sistem rantai hutang utama pada tahun 2014, jumlah perusahaan target telah meningkat sementara karena standar pemberian kredit yang terkait dengan transfer hutang utama telah menurun, dan kemudian kembali ke penurunan sejak tahun 2015.",
      "mtpe": "Sebagai bagian dari perbaikan sistem seri utang utama pada tahun 2014, standar pemberian kredit terkait penyertaan dalam seri utang utama diturunkan, dan jumlah perusahaan sasaran untuk sementara bertambah, namun terlihat mulai menurun kembali sejak tahun 2015."
    },
    {
      "page": 5,
      "sn": "paper199726sent2115092",
      "source_original": "구체 적으로 주채무계열 또는 소속 기업체의 경영 악화로 여신 부실화가 우려되는 경우 채권은행 협의회 구성을 통해 처리대책을 수립한다.",
      "source_cleaned": "구체적으로 주채무계열 또는 소속 기업체의 경영 악화로 여신 부실화가 우려되는 경우 채권은행 협의회 구성을 통해 처리대책을 수립한다.",
      "mt": "Secara khusus, jika ada kekhawatiran tentang kebangkrutan kredit akibat buruknya pengelolaan kelompok hutang utama atau perusahaan yang bersangkutan, maka ditetapkan langkah-langkah penanganan melalui pembentukan dewan bank obligasi.",
      "mtpe": "Khusus jika terdapat kekhawatiran terjadinya kredit macet akibat memburuknya manajemen debitur utama atau perusahaan afiliasinya, maka upaya penanganannya dilakukan melalui pembentukan dewan bank kreditur."
    },
    {
      "page": 5,
      "sn": "paper199726sent2115085",
      "source_original": "금융기관 전체 신용공여액 중 주채무계열에 대한 신용공여액이 차지하는 비중은 [그림 2]에서 확인할 수 있다.",
      "source_cleaned": "금융기관 전체 신용공여액 중 주채무계열에 대한 신용공여액이 차지하는 비중은 [그림 2]에서 확인할 수 있다.",
      "mt": "Proporsi kontribusi kredit kepada kelompok hutang utama dalam total kontribusi kredit dari lembaga keuangan dapat ditemukan dalam Gambar 2.",
      "mtpe": "Proporsi pemberian kredit kepada kelompok utang utama di antara total pemberian kredit lembaga keuangan dapat dikonfirmasi pada [Gambar 2]."
    },
    {
      "page": 5,
      "sn": "paper199726sent2115079",
      "source_original": "부채비율을 기준으로 구간별 종합신용평가 점수를 정하고 있는데 이에 미달하는 기업들은 주채권은행과 재무구조개선약정을 체결하고 매년 약정 이행여부를 점검받는다.",
      "source_cleaned": "부채비율을 기준으로 구간별 종합신용평가 점수를 정하고 있는데 이에 미달하는 기업들은 주채권은행과 재무구조 개선약정을 체결하고 매년 약정 이행여부를 점검받는다.",
      "mt": "Berdasarkan rasio utang, skor evaluasi kredit yang komprehensif untuk setiap bagian ditetapkan, dan perusahaan yang jumlahnya di bawah ini menandatangani perjanjian untuk memperbaiki struktur keuangan dengan bank obligasi utama dan diperiksa apakah perjanjian tersebut dilaksanakan setiap tahun.",
      "mtpe": "Nilai evaluasi kredit komprehensif untuk setiap bagian ditentukan berdasarkan rasio utang, dan perusahaan yang gagal memenuhinya harus membuat perjanjian perbaikan struktur keuangan dengan bank kreditur utama dan diperiksa setiap tahun untuk melihat apakah perjanjian tersebut dilaksanakan."
    },
    {
      "page": 5,
      "sn": "paper199726sent2115088",
      "source_original": "부채비율이 높을수록 상대적으로 높은 종합신용평가 점수의 충족을 요구받는다.",
      "source_cleaned": "부채비율이 높을수록 상대적으로 높은 종합신용평가 점수의 충족을 요구받는다.",
      "mt": "Semakin tinggi rasio hutang terhadap ekuitas, semakin tinggi pula kebutuhan untuk memenuhi skor kredit komprehensif yang relatif tinggi.",
      "mtpe": "Semakin tinggi rasio utang, maka semakin tinggi pula persyaratan skor evaluasi kredit komprehensif yang relatif tinggi."
    },
    {
      "page": 5,
      "sn": "paper199726sent2115087",
      "source_original": "재무구조평가의 주요 항목은 부채비율, 이자보상배율, 매출액영업이익률, 총자산회전율 이다.",
      "source_cleaned": "재무구조평가의 주요 항목은 부채비율, 이자보상배율, 매출액영업이익률, 총자산회전율이다.",
      "mt": "Item utama dalam evaluasi struktur keuangan adalah rasio hutang, rasio kompensasi bunga, margin operasi penjualan, dan perputaran aset total.",
      "mtpe": "Item utama evaluasi struktur keuangan adalah rasio utang, rasio cakupan bunga, rasio laba operasi penjualan, dan rasio perputaran aset total."
    },
    {
      "page": 5,
      "sn": "paper199726sent2115091",
      "source_original": "적극적인 개입 대신 사후관리 및 모니터링 위주로, 부채비율 위주의 양적 평가뿐만 아니라 질적 평가를 고려한 종합적 경영평가 방식으로 전환하였다.",
      "source_cleaned": "적극적인 개입 대신 사후관리 및 모니터링 위주로, 부채비율 위주의 양적 평가뿐만 아니라 질적 평가를 고려한 종합적 경영평가 방식으로 전환하였다.",
      "mt": "Alih-alih intervensi aktif, perusahaan beralih ke metode evaluasi manajemen yang komprehensif yang tidak hanya berfokus pada manajemen tindak lanjut dan pemantauan, tetapi juga evaluasi kuantitatif yang berfokus pada rasio hutang tetapi juga mempertimbangkan evaluasi kualitas.",
      "mtpe": "Daripada melakukan intervensi aktif, perusahaan beralih ke metode evaluasi manajemen komprehensif yang berfokus pada tindak lanjut pengelolaan dan pemantauan, dengan mempertimbangkan tidak hanya evaluasi kuantitatif yang berpusat pada rasio utang tetapi juga evaluasi kualitatif."
    },
    {
      "page": 5,
      "sn": "paper199726sent2115081",
      "source_original": "종합신용 평가 점수는 채무상환능력을 나타내는 이자보상배율, 수익성을 나타내는 매출액영업이익률, 그리고 활동성을 나타내는 총자산회전율 등을 반영하여 산출한다.",
      "source_cleaned": "종합신용 평가 점수는 채무상환능력을 나타내는 이자보상배율, 수익성을 나타내는 매출액영업이익률, 그리고 활동성을 나타내는 총자산회전율 등을 반영하여 산출한다.",
      "mt": "Skor peringkat kredit komprehensif dihitung dengan mencerminkan rasio kompensasi bunga yang menunjukkan kemampuan membayar hutang, margin operasi penjualan yang menunjukkan pendapatan, dan tingkat perputaran aset total yang menunjukkan aktivitas.",
      "mtpe": "Skor evaluasi kredit komprehensif dihitung dengan mencerminkan rasio cakupan bunga yang menunjukkan kemampuan pembayaran utang, rasio laba operasi atas penjualan yang menunjukkan profitabilitas, dan rasio perputaran total aset yang menunjukkan aktivitas."
    },
    {
      "page": 5,
      "sn": "paper199726sent2115090",
      "source_original": "주채권은행은 대출금액 등을 고려하여 채권은행간 협의를 통해 선정되는데 주채무계열에 대한 기업정보를 종합적으로 관리하고 이를 채권은행들과 공유하는 역할을 감당한다.",
      "source_cleaned": "주채권은행은 대출금액 등을 고려하여 채권은행간 협의를 통해 선정되는데 주채무계열에 대한 기업정보를 종합적으로 관리하고 이를 채권은행들과 공유하는 역할을 감당한다.",
      "mt": "Bank kreditor utama dipilih melalui konsultasi antar bank obligasi dengan mempertimbangkan jumlah pinjaman, dan bertanggung jawab untuk mengelola informasi perusahaan secara komprehensif tentang kelompok hutang utama dan membagikannya dengan bank kreditor.",
      "mtpe": "Bank kreditur utama dipilih melalui konsultasi antar bank kreditur, dengan mempertimbangkan jumlah pinjaman, dan bertanggung jawab untuk mengelola informasi perusahaan secara komprehensif mengenai kelompok utang utama dan membaginya dengan bank kreditur."
    },
    {
      "page": 5,
      "sn": "paper199726sent2115089",
      "source_original": "주채권은행은 매년 주채무계열을 대상으로 재무구조평가를 실시하며 평가결과 재무구조가 취약한 계열 그룹에 대해서는 재무구조개선 약정을 체결한 후 이행 여부를 정기적으로 점검한다.",
      "source_cleaned": "주채권은행은 매년 주채무계열을 대상으로 재무구조평가를 실시하며 평가결과 재무구조가 취약한 계열 그룹에 대해서는 재무구조 개선 약정을 체결한 후 이행 여부를 정기적으로 점검한다.",
      "mt": "Bank Obligasi Utama melakukan penilaian struktur keuangan tahunan untuk kelompok hutang utama, dan secara teratur memeriksa apakah akan melaksanakan kelompok yang memiliki struktur keuangan yang lemah setelah menandatangani perjanjian untuk memperbaiki struktur keuangan.",
      "mtpe": "Bank kreditur utama melakukan evaluasi struktur keuangan untuk kelompok debitur utama setiap tahun, dan untuk kelompok terafiliasi dengan struktur keuangan yang lemah, sebagai hasil evaluasi, mereka membuat perjanjian perbaikan struktur keuangan dan secara berkala memeriksa apakah telah dilaksanakan."
    }
  ]
}