{
  "meta": {
    "doc_no": "paper199729",
    "domain": "금융",
    "category": "학술논문",
    "license": "open",
    "source_language": "ko",
    "target_language": "id"
  },
  "doc_info": {
    "source": "한국재무관리학회",
    "journal_name": "재무관리연구",
    "vol_info": "2021, vol.38,no.1, pp. 79-102 (24 pages)",
    "doi": "10.22510/kjofm.2021.38.1.004",
    "title": "주채무계열 제도가 기업가치에 미치는 영향",
    "date": 202103
  },
  "sents": [
    {
      "page": 8,
      "sn": "paper199729sent2115110",
      "source_original": "결과적으로 은행의 모니터링이 기업 지배구조를 개선함으로써 기업가치를 높인다고 곧바로 결론짓기 어려우며 은행과 기업이 처한 여건도 중요함을 알 수 있다.",
      "source_cleaned": "결과적으로 은행의 모니터링이 기업 지배구조를 개선함으로써 기업가치를 높인다고 곧바로 결론짓기 어려우며 은행과 기업이 처한 여건도 중요함을 알 수 있다.",
      "mt": "Hasilnya, sulit untuk segera menyimpulkan bahwa pemantauan bank meningkatkan nilai perusahaan dengan meningkatkan tata kelola perusahaan, dan kondisi yang dihadapi bank dan perusahaan juga penting.",
      "mtpe": "Akibatnya, sulit untuk segera menyimpulkan bahwa pemantauan bank meningkatkan nilai perusahaan melalui peningkatan tata kelola perusahaan, dan kondisi yang dihadapi oleh bank dan perusahaan juga penting."
    },
    {
      "page": 8,
      "sn": "paper199729sent2115121",
      "source_original": "2) 금융감독원의 “글로벌 금융위기 이후 기업구조조정”(2010)에 따르면 글로벌 금융위기 이후 경기침체 심화로 일부 대기업 그룹의 유동성 위기설이 대두된 후 금융당국 및 은행권은 2009년부터 주채무계열에 대한 모니터링을 강화하였다.",
      "source_cleaned": "금융감독원의 “글로벌 금융위기 이후 기업구조조정”에 따르면 글로벌 금융위기 이후 경기침체 심화로 일부 대기업 그룹의 유동성 위기설이 대두된 후 금융당국 및 은행권은 2009년부터 주채무계열에 대한 모니터링을 강화하였다.",
      "mt": "Menurut \"Restrukturisasi Perusahaan Setelah Krisis Keuangan Global\" oleh Layanan Pengawas Keuangan, otoritas keuangan dan sektor perbankan telah memperkuat pengawasan terhadap kelompok hutang utama sejak 2009, setelah krisis ekonomi global yang semakin intensif telah meningkatkan kekhawatiran tentang krisis likuiditas beberapa kelompok besar.",
      "mtpe": "Menurut “Restrukturisasi Perusahaan Setelah Krisis Keuangan Global” dari Financial Supervisory Service, otoritas keuangan dan lembaga perbankan telah memperkuat pemantauan terhadap kelompok-kelompok utang besar sejak tahun 2009 setelah rumor mengenai krisis likuiditas di beberapa kelompok perusahaan besar muncul karena krisis ekonomi yang semakin dalam setelah krisis keuangan global."
    },
    {
      "page": 8,
      "sn": "paper199729sent2115124",
      "source_original": "두 번째 기간(2010∼2013년)은 글로벌 금융위기 이후 채권단 주도의 기업 구조조정이 본격화된 시점2)부터 주채무계열 제도가 변경되기 이전까지를 선정하였다.",
      "source_cleaned": "두 번째 기간은 글로벌 금융위기 이후 채권단 주도의 기업 구조조정이 본격화된 시점부터 주채무계열 제도가 변경되기 이전까지를 선정하였다.",
      "mt": "Periode kedua adalah dari saat restrukturisasi perusahaan yang dipimpin oleh kreditor setelah krisis keuangan global dimulai dengan sungguh-sungguh, hingga sebelum sistem hutang utama berubah.",
      "mtpe": "Periode kedua dipilih sejak dimulainya restrukturisasi perusahaan yang dipimpin oleh kreditor setelah krisis keuangan global hingga sistem utang utama diubah."
    },
    {
      "page": 8,
      "sn": "paper199729sent2115120",
      "source_original": "비금융 상장기업 중 산업내 표본 수가 부족한 7개 산업군에 속한 기업과 12월 결산이 아닌 기업은 분석대상에서 제외되었다.3) 또한, 극단치 영향을 배제하기 위하여 표본기업의 상․하위 1%를 직전 값으로 대체하는 윈저라이즈(winsorize)를 실시하였다.",
      "source_cleaned": "또한, 극단치 영향을 배제하기 위하여 표본기업의 상·하위 1%를 직전 값으로 대체하는 윈저라이즈를 실시하였다.",
      "mt": "Selain itu, untuk mengecualikan efek ekstrem, perusahaan sampel menggantikan 1% teratas dan terbawah dengan nilai sebelumnya.",
      "mtpe": "Selain itu, untuk mengecualikan pengaruh nilai ekstrim, dilakukan Winsorizing, menggantikan 1% perusahaan sampel teratas dan terbawah dengan nilai sebelumnya."
    },
    {
      "page": 8,
      "sn": "paper199729sent2115117",
      "source_original": "마지막으로 지분율과 관련해서는 한국상장사협회에 제출된 사업보고서와 분기보고서를 토대로 최대주주 및 특수관계인 보유 보통주 지분율을 ㈜에프앤가이드(FnGuide)을 통해 추출하였다.",
      "source_cleaned": "마지막으로 지분율과 관련해서는 한국상장사협회에 제출된 사업보고서와 분기보고서를 토대로 최대주주 및 특수관계인 보유 보통주 지분율을 ㈜에프앤가이드을 통해 추출하였다.",
      "mt": "Terakhir, mengenai saham, rasio saham terhadap saham biasa yang dimiliki oleh pemegang saham terbesar dan pihak terkait diekstrak melalui F &amp; Guide, berdasarkan laporan bisnis dan laporan cabang yang diserahkan ke Asosiasi Perusahaan Tercatat Korea.",
      "mtpe": "Terakhir, mengenai rasio kepemilikan saham, rasio kepemilikan saham biasa yang dimiliki oleh pemegang saham terbesar dan pihak terkait diekstraksi melalui FnGuide Co., Ltd. berdasarkan laporan bisnis dan laporan per kuartal yang diserahkan ke Asosiasi Perusahaan Tercatat Korea."
    },
    {
      "page": 8,
      "sn": "paper199729sent2115119",
      "source_original": "분석대상 기업으로는 12월 결산 유가증권시장 비금융 상장기업을 선별하였다.",
      "source_cleaned": "분석대상 기업으로는 12월 결산 유가증권시장 비금융 상장기업을 선별하였다.",
      "mt": "Sebagai perusahaan yang akan dianalisis, perusahaan yang terdaftar di pasar saham pada bulan Desember dipilih.",
      "mtpe": "Sebagai perusahaan sasaran analisis, dipilih perusahaan non-keuangan yang tercatat di pasar saham yang berakhir pada bulan Desember."
    },
    {
      "page": 8,
      "sn": "paper199729sent2115109",
      "source_original": "산업별 평균 자료는 별도의 설명이 없는 경우 한국표준산업분류 소분류 기준을 적용하였다.",
      "source_cleaned": "산업별 평균 자료는 별도의 설명이 없는 경우 한국표준산업분류 소분류 기준을 적용하였다.",
      "mt": "Data rata-rata untuk setiap industri menerapkan standar klasifikasi kecil Klasifikasi Industri Standar Korea jika tidak ada penjelasan terpisah.",
      "mtpe": "Untuk data rata-rata menurut industri, kecuali dinyatakan lain, standar subklasifikasi Klasifikasi Industri Standar Korea diterapkan."
    },
    {
      "page": 8,
      "sn": "paper199729sent2115118",
      "source_original": "이러한 기간 구분은 [그림 1]에서 보듯이 주채무계열 선정 기업 수가 2009년까지 증가세를 보이다가 2010년부터 감소세로 전환한 후 2014년 제도변경과 함께 재차 증가한 다음 다시 감소세로 돌아서는 추세에서도 확인할 수 있다.",
      "source_cleaned": "이러한 기간 구분은 [그림 1]에서 보듯이 주채무계열 선정 기업 수가 2009년까지 증가세를 보이다가 2010년부터 감소세로 전환한 후 2014년 제도변경과 함께 재차 증가한 다음 다시 감소세로 돌아서는 추세에서도 확인할 수 있다.",
      "mt": "Klasifikasi periode ini, seperti yang ditunjukkan dalam Gambar 1], menunjukkan peningkatan jumlah perusahaan yang dipilih oleh kelompok hutang utama hingga tahun 2009, kemudian berubah menjadi penurunan dari tahun 2010, kemudian meningkat lagi dengan perubahan sistem pada tahun 2014, dan kemudian berubah menjadi tren menurun lagi.",
      "mtpe": "Seperti terlihat pada [Gambar 1], pembagian periode ini dapat dibuktikan dengan tren jumlah perusahaan yang terpilih sebagai debitur utama menunjukkan peningkatan hingga tahun 2009, kemudian menurun dari tahun 2010, kemudian meningkat kembali seiring dengan perubahan sistem pada tahun 2014, dan kemudian berubah menjadi penurunan lagi."
    },
    {
      "page": 8,
      "sn": "paper199729sent2115116",
      "source_original": "표본기업의 재무․회계 및 주가 자료는 ㈜NICE평가정보의 󰡔KIS Value󰡕에서 추출하였으며, 주채무계열 소속 기업 자료는 금융감독원 홈페이지 공시자료(dart.fss.or.kr)를 이용하였다.",
      "source_cleaned": "표본기업의 재무·회계 및 주가 자료는 ㈜NICE평가정보의 ?KIS Value?에서 추출하였으며, 주채무계열 소속 기업 자료는 금융감독원 홈페이지 공시자료를 이용하였다.",
      "mt": "Data keuangan, akuntansi, dan harga saham perusahaan sampel dikirim dari KIS Value ? informasi evaluasi NICE Co., Ltd., dan data perusahaan yang tergabung dalam ? kelompok hutang utama menggunakan data yang tersedia di situs web Layanan Pengawas Keuangan.",
      "mtpe": "Data keuangan/akuntansi dan harga saham perusahaan sampel diambil dari \"KIS Value\" dari NICE Evaluation Information Co., Ltd, dan data perusahaan yang termasuk dalam kelompok utang utama dipublikasikan di situs Financial Supervisory Service."
    }
  ]
}