{
  "meta": {
    "doc_no": "paper199736",
    "domain": "금융",
    "category": "학술논문",
    "license": "open",
    "source_language": "ko",
    "target_language": "id"
  },
  "doc_info": {
    "source": "한국재무관리학회",
    "journal_name": "재무관리연구",
    "vol_info": "2021, vol.38,no.1, pp. 79-102 (24 pages)",
    "doi": "10.22510/kjofm.2021.38.1.004",
    "title": "주채무계열 제도가 기업가치에 미치는 영향",
    "date": 202103
  },
  "sents": [
    {
      "page": 15,
      "sn": "paper199736sent2115192",
      "source_original": "&lt;표 5&gt;를 보면, 다른 조건이 동일할 경우 주채무계열 소속 회사들이 다른 회사들에 비해 Tobin’s Q로 측정한 기업가치가 구간별로 평균 0.11, 0.15, 0.07 정도 더 높게 나타났다.",
      "source_cleaned": "<표 5>를 보면, 다른 조건이 동일할 경우 주채무계열 소속 회사들이 다른 회사들에 비해 Tobin’s Q로 측정한 기업가치가 구간별로 평균 0.11, 0.15, 0.07 정도 더 높게 나타났다.",
      "mt": "&lt;meta http-equiv=\"Content-Type\" content=\"text/html; charset=UTF-8\"&gt; &lt;&gt;Dilihat dari hal tersebut, jika kondisi lain sama, nilai perusahaan yang tergabung dalam kelompok hutang utama diukur pada Tobin's Q dibandingkan dengan perusahaan lain, rata-rata 0,11, 0,15, dan 0,07 lebih tinggi untuk setiap seksi.",
      "mtpe": "Jika dilihat <Tabel 5>, pada kondisi yang sama, maka nilai perusahaan pada perusahaan-perusahaan yang termasuk dalam kelompok utang utama yang diukur pada Tobin's Q dibandingkan dengan perusahaan lain, rata-rata 0,11, 0,15, dan 0,07 lebih tinggi untuk setiap bagian."
    },
    {
      "page": 15,
      "sn": "paper199736sent2115190",
      "source_original": "모형 (1)을 통해 주채무계열의 영향을 추정한 결과 각 기간에서 모두 통계적으로 유의미한 결과를 얻을 수 있었다.",
      "source_cleaned": "모형을 통해 주채무계열의 영향을 추정한 결과 각 기간에서 모두 통계적으로 유의미한 결과를 얻을 수 있었다.",
      "mt": "Sebagai hasil dari menduga dampak hutang utama melalui model, hasil yang signifikan secara statistik dapat diperoleh dari setiap periode.",
      "mtpe": "Dari hasil estimasi dampak rangkaian utang utama melalui model, diperoleh hasil yang signifikan secara statistik pada setiap periode."
    },
    {
      "page": 15,
      "sn": "paper199736sent2115183",
      "source_original": "사실 주채무계열이 은행권 전체 신용공여액을 기준으로 지정됨에 따라 기업가치가 높을수록 금융기관 차입 필요성이 감소할 수 있는 내생성(endogeneity) 문제가 존재할 수 있는데 이중차분법은 이러한 문제를 완화시킬 수 있는 좋은 대안이 될 수 있다.",
      "source_cleaned": "사실 주채무계열이 은행권 전체 신용공여액을 기준으로 지정됨에 따라 기업가치가 높을수록 금융기관 차입 필요성이 감소할 수 있는 내생성(endogeneity) 문제가 존재할 수 있는데 이중차분법은 이러한 문제를 완화시킬 수 있는 좋은 대안이 될 수 있다.",
      "mt": "Karena apa yang dilakukan oleh aturan hutang utama berdasarkan jumlah kredit yang diberikan kepada seluruh uang kertas, semakin besar nilai perusahaannya, maka ada kemungkinan besar ada alasan untuk munculnya persoalan tersebut, persoalan tersebut kemudian bisa jadi tidak perlu ada yang menghalangi kita untuk melakukan pinjaman dari lembaga keuangan, dan zodiak mungkin menjadi alternatif yang baik untuk mengatasi masalah ini.",
      "mtpe": "Faktanya, karena seri utang utama ditetapkan berdasarkan jumlah total kredit di sektor perbankan, mungkin terdapat masalah endogenitas (endogeneity) yang dapat mengurangi kebutuhan untuk meminjam dari lembaga keuangan seiring dengan meningkatnya nilai perusahaan, dan metode double-difference dapat menjadi alternatif yang baik untuk mengatasi masalah ini."
    },
    {
      "page": 15,
      "sn": "paper199736sent2115189",
      "source_original": "샘플기간은 앞서 설명한 바와 같이 세 구간으로 나누어 분석하였다.",
      "source_cleaned": "샘플기간은 앞서 설명한 바와 같이 세 구간으로 나누어 분석하였다.",
      "mt": "Periode sampel dibagi menjadi tiga bagian, seperti yang dijelaskan sebelumnya.",
      "mtpe": "Periode sampel dibagi menjadi tiga bagian dan dianalisis seperti dijelaskan di atas."
    },
    {
      "page": 15,
      "sn": "paper199736sent2115185",
      "source_original": "실증분석은 식 (2)와 같이 정리할 수 있다.",
      "source_cleaned": "실증분석은 식 (2)와 같이 정리할 수 있다.",
      "mt": "Analisis empiris dapat diatur seperti rumus (2).",
      "mtpe": "Analisis empiris dapat diringkas sebagai Persamaan (2)."
    },
    {
      "page": 15,
      "sn": "paper199736sent2115188",
      "source_original": "패널 고정효과 모형, 즉 식 (1)을 통해 주채무계열 선정이 기업가치에 미치는 영향을 추정한 결과는 &lt;표 5&gt;와 같다.",
      "source_cleaned": "패널 고정효과 모형, 즉 식을 통해 주채무계열 선정이 기업가치에 미치는 영향을 추정한 결과는 <표 5>와 같다.",
      "mt": "Model efek tetap panel, yaitu hasil perkiraan dampak pemilihan seri hutang utama terhadap nilai perusahaan melalui ekspresi, sama dengan &lt;Tabel 5&gt;.",
      "mtpe": "Persamaan pada <Tabel 5> menunjukkan hasil estimasi dampak pemilihan seri utang utama terhadap nilai perusahaan melalui panel fixed effect model."
    }
  ]
}