{
  "meta": {
    "doc_no": "paper199728",
    "domain": "금융",
    "category": "학술논문",
    "license": "open",
    "source_language": "ko",
    "target_language": "id"
  },
  "doc_info": {
    "source": "한국재무관리학회",
    "journal_name": "재무관리연구",
    "vol_info": "2021, vol.38,no.1, pp. 79-102 (24 pages)",
    "doi": "10.22510/kjofm.2021.38.1.004",
    "title": "주채무계열 제도가 기업가치에 미치는 영향",
    "date": 202103
  },
  "sents": [
    {
      "page": 7,
      "sn": "paper199728sent2115107",
      "source_original": "아울러 Byers et al.(2008)은 기업지배구조가 이미 잘 갖춰져 있거나 인수․합병(M&amp;A)이 활발하여 자본시장을 통한 모니터링이 효과적으로 작동하는 경우에는 은행 모니터링을 통해 추가적인 지배구조 개선 효과를 기대하기 어렵다는 사실을 실증적으로 보여주었다.",
      "source_cleaned": "Byers et al.은 기업지배구조가 이미 잘 갖춰져 있거나 인수·합병이 활발하여 자본시장을 통한 모니터링이 효과적으로 작동하는 경우에는 은행 모니터링을 통해 추가적인 지배구조 개선효과를 기대하기 어렵다는 사실을 실증적으로 보여주었다.",
      "mt": "Byers et al. secara empiris menunjukkan bahwa sulit untuk mengharapkan efek perbaikan struktur tata kelola tambahan melalui pemantauan bank jika struktur tata kelola perusahaan sudah lengkap atau jika pemantauan melalui pasar modal bekerja secara efektif karena merger dan akuisisi yang aktif.",
      "mtpe": "Byers et al secara empiris menunjukkan bahwa ketika tata kelola perusahaan sudah mapan atau merger dan akuisisi sudah aktif dan pemantauan melalui pasar modal sudah efektif, sulit untuk mengharapkan dampak perbaikan tata kelola tambahan melalui pemantauan bank."
    },
    {
      "page": 7,
      "sn": "paper199728sent2115108",
      "source_original": "아울러 독일 기업들의 경우 은행의 기업에 대한 통제권이 확대될수록 기업 성과도 향상됨을 실증적으로 보여준 연구도 있었다(Gorton and Schmid, 2000).",
      "source_cleaned": "독일 기업들의 경우 은행의 기업에 대한 통제권이 확대될수록 기업성과도 향상됨을 실증적으로 보여준 연구도 있었다.",
      "mt": "Dalam kasus perusahaan Jerman, ada penelitian yang menunjukkan bahwa semakin besar kendali bank terhadap perusahaan, semakin baik kinerja perusahaan yang meningkat.",
      "mtpe": "Pada kasus perusahaan Jerman, terdapat juga penelitian yang secara empiris menunjukkan bahwa kinerja perusahaan membaik seiring dengan meluasnya kendali bank terhadap perusahaan."
    },
    {
      "page": 7,
      "sn": "paper199728sent2115099",
      "source_original": "본 연구는 주채무계열 제도가 대규모 대출을 보유한 기업계열에 대한 은행 모니터링의 강화된 형태라는 관점을 취하고 있기 때문에, 은행의 모니터링이 기업가치에 미치는 효과와 관련된 연구의 연장선에 있다고 볼 수 있다.",
      "source_cleaned": "본 연구는 주채무계열 제도가 대규모 대출을 보유한 기업계열에 대한 은행 모니터링의 강화된 형태라는 관점을 취하고 있기 때문에, 은행의 모니터링이 기업가치에 미치는 효과와 관련된 연구의 연장선에 있다고 볼 수 있다.",
      "mt": "Penelitian ini menunjukkan bahwa sistem kelompok hutang utama adalah bentuk pemantauan yang diperkuat oleh bank terhadap kelompok usaha yang memiliki pinjaman besar, sehingga pemantauan bank dapat dilihat sebagai perpanjangan dari penelitian yang berkaitan dengan efek pada nilai-nilai perusahaan.",
      "mtpe": "Karena penelitian ini mengambil pandangan bahwa sistem utang utama merupakan bentuk penguatan pengawasan bank terhadap kelompok korporasi yang memegang pinjaman besar, maka penelitian ini dapat dilihat sebagai perluasan penelitian terkait pengaruh pemantauan bank terhadap nilai perusahaan."
    },
    {
      "page": 7,
      "sn": "paper199728sent2115104",
      "source_original": "그러나, 은행 모니터링이 기업지배구조나 기업가치 향상에 부정적인 영향을 미친다는 연구 또한 존재한다.",
      "source_cleaned": "은행 모니터링이 기업지배구조나 기업가치 향상에 부정적인 영향을 미친다는 연구 또한 존재한다.",
      "mt": "Ada juga penelitian yang menunjukkan bahwa pemantauan bank berdampak negatif terhadap tata kelola perusahaan dan peningkatan nilai perusahaan.",
      "mtpe": "Ada juga penelitian yang menunjukkan bahwa pemantauan bank berdampak negatif terhadap tata kelola perusahaan dan peningkatan nilai perusahaan."
    },
    {
      "page": 7,
      "sn": "paper199728sent2115101",
      "source_original": "주채무계열 기업의 재무구조개선 평가와 약정을 통해 영향력을 행사하는데(김응길, 2020), 주채무계열 기업이나 차입집중도가 높은 기업들은 외부자금 조달에서 상대적으로 높은 비용을 부담한다는 연구(김석진, 김지영, 2007)와 외부자금 조달의 제약을 상대적으로 적게 받는다는 연구(김지영, 2012)가 있다.",
      "source_cleaned": "주채무계열 기업의 재무구조 개선 평가와 약정을 통해 영향력을 행사하는데, 주채무계열 기업이나 차입집중도가 높은 기업들은 외부자금 조달에서 상대적으로 높은 비용을 부담한다는 연구와 외부자금 조달의 제약을 상대적으로 적게 받는다는 연구가 있다.",
      "mt": "Pengaruh dilakukan melalui evaluasi dan kesepakatan perbaikan struktur keuangan perusahaan terkait hutang utama, penelitian menunjukkan bahwa perusahaan yang terkait dengan hutang utama atau perusahaan dengan konsentrasi pinjaman tinggi menanggung biaya yang relatif tinggi dalam pembiayaan eksternal dan menerima pembatasan yang relatif lebih sedikit dalam pembiayaan eksternal. memiliki.",
      "mtpe": "Hal ini memberikan pengaruh melalui evaluasi dan kesepakatan untuk memperbaiki struktur keuangan perusahaan debitur utama, dan terdapat penelitian yang menunjukkan bahwa perusahaan dengan kewajiban hutang yang besar atau konsentrasi pinjaman yang tinggi menanggung biaya yang relatif tinggi dalam penggalangan dana eksternal, dan penelitian menunjukkan bahwa mereka menghadapi pembatasan yang relatif lebih sedikit dalam penggalangan dana eksternal."
    },
    {
      "page": 7,
      "sn": "paper199728sent2115106",
      "source_original": "특히 일본의 주거래은행 체계(main bank system)와 관련된 연구결과는 장기간 지속된 은행과 기업의 밀접한 관계가 주거래은행의 지대 추출(rent extraction)로 이어져 기업들이 고위험․고수익 투자를 회피하는 결과를 초래했음을 보여준다(Weinstein and Yafeh, 1998; Wu and Yao, 2012).",
      "source_cleaned": "특히 일본의 주거래은행 체계와 관련된 연구결과는 장기간 지속된 은행과 기업의 밀접한 관계가 주거래은행의 지대 추출로 이어져 기업들이 고위험·고수익 투자를 회피하는 결과를 초래했음을 보여준다.",
      "mt": "Secara khusus, hasil penelitian yang terkait dengan sistem perbankan utama Jepang menunjukkan bahwa hubungan erat antara bank dan perusahaan, yang telah berlangsung lama, menyebabkan ekstraksi kredit dari bank utama, yang mengakibatkan perusahaan menghindari investasi dalam risiko tinggi dan keuntungan tinggi.",
      "mtpe": "Secara khusus, hasil penelitian yang berkaitan dengan sistem perbankan utama Jepang menunjukkan bahwa hubungan erat jangka panjang antara bank dan perusahaan telah menyebabkan ekstraksi sewa oleh bank-bank besar, sehingga perusahaan menghindari investasi yang berisiko tinggi dan menghasilkan keuntungan yang tinggi."
    }
  ]
}