{
  "meta": {
    "doc_no": "paper199732",
    "domain": "금융",
    "category": "학술논문",
    "license": "open",
    "source_language": "ko",
    "target_language": "id"
  },
  "doc_info": {
    "source": "한국재무관리학회",
    "journal_name": "재무관리연구",
    "vol_info": "2021, vol.38,no.1, pp. 79-102 (24 pages)",
    "doi": "10.22510/kjofm.2021.38.1.004",
    "title": "주채무계열 제도가 기업가치에 미치는 영향",
    "date": 202103
  },
  "sents": [
    {
      "page": 11,
      "sn": "paper199732sent2115148",
      "source_original": "결과적으로 이중차분법 분석을 위한 최종 표본자료는 총자산 기준 58개 기업의 주채무계열 선정 전후 7년 동안의 균형 패널자료 406개, 시가총액 기준 48개 기업의 주채무계열 선정 전후 7년 동안의 균형 패널자료 336개로 구성되었다.",
      "source_cleaned": "결과적으로 이중차분법 분석을 위한 최종 표본자료는 총자산 기준 58개 기업의 주채무계열 선정 전후 7년 동안의 균형 패널자료 406개, 시가총액 기준 48개 기업의 주채무계열 선정 전후 7년 동안의 균형 패널자료 336개로 구성되었다.",
      "mt": "Hasilnya, data sampel akhir untuk analisis duplex Act terdiri dari 406 data panel seimbang selama tujuh tahun sebelum dan sesudah pemilihan kelompok hutang utama dari 58 perusahaan berdasarkan total aset, dan 336 data panel seimbang selama tujuh tahun sebelum dan sesudah pemilihan kelompok hutang utama oleh 48 perusahaan berdasarkan kapitalisasi pasar.",
      "mtpe": "Hasilnya, data sampel akhir untuk analisis perbedaan ganda terdiri dari 406 data panel berimbang selama 7 tahun sebelum dan sesudah pemilihan 58 perusahaan berdasarkan total aset, dan 336 data panel berimbang selama 7 tahun sebelum dan sesudah pemilihan 48 perusahaan berdasarkan kapitalisasi pasar."
    },
    {
      "page": 11,
      "sn": "paper199732sent2115149",
      "source_original": "4) 동일한 업종을 선정하기 위해 한국표준산업분류 소분류 기준을 적용하였다.",
      "source_cleaned": "동일한 업종을 선정하기 위해 한국표준산업분류 소분류 기준을 적용하였다.",
      "mt": "Untuk memilih industri yang sama, Standar Korea untuk Klasifikasi Kecil Industri Standar diterapkan.",
      "mtpe": "Untuk memilih industri yang sama, kriteria subklasifikasi Klasifikasi Industri Standar Korea diterapkan."
    },
    {
      "page": 11,
      "sn": "paper199732sent2115154",
      "source_original": "&lt;표 3-1&gt; 총자산 기준 실험군 및 대조군 기초통계량 비교 이 표는 이중차분법 사용을 위해 실험군과 대조군을 구분하여 각 그룹에 해당하는 기업들의 주요 변수 기초통계량을 산출한 것이다.",
      "source_cleaned": "이 표는 이중차분법 사용을 위해 실험군과 대조군을 구분하여 각 그룹에 해당하는 기업들의 주요 변수 기초통계량을 산출한 것이다.",
      "mt": "Tabel ini menghitung statistik dasar variabel utama perusahaan yang termasuk dalam setiap grup dengan memisahkan kelompok eksperimen dan kelompok kontrol untuk menggunakan metode tenang ganda.",
      "mtpe": "Tabel ini menghitung statistik dasar variabel kunci perusahaan di setiap kelompok dengan membagi kelompok eksperimen dan kelompok kontrol menggunakan metode double-difference."
    }
  ]
}