{
  "meta": {
    "doc_no": "report1014",
    "domain": "금융",
    "category": "보고서",
    "license": "open",
    "source_language": "ko",
    "target_language": "vi"
  },
  "doc_info": {
    "source": "금융위원회 공적자금관리위원회",
    "title": "2013 공적자금관리백서_449_212",
    "date": 20130831
  },
  "sents": [
    {
      "page": 70,
      "sn": "report1014sent11804",
      "source_original": "2002년말 공적자금 상환대책 수립당시 예금보험공사의 총 채무 규모는 예금보험기금채권 발행자금 81조원, 차관자금 1조4천억원 등 총 82조4천억원 이었다.",
      "source_cleaned": "2002년말 공적자금 상환대책 수립당시 예금보험공사의 총 채무 규모는 예금보험기금채권 발행자금 81조 원, 차관자금 1조4천억 원 등 총 82조4천억 원 이었다.",
      "mt": "Vào cuối năm 2002, tổng quy mô nợ của Tổng công ty bảo hiểm tiền gửi là 82,4 nghìn tỷ won, bao gồm 81 nghìn tỷ won tiền phát hành trái phiếu quỹ bảo hiểm tiền gửi và 1,4 nghìn tỷ won quỹ cho vay.",
      "mtpe": "Vào thời điểm lập kế hoạch trả nợ công vào cuối năm 2002, tổng nợ của Tổng công ty Bảo hiểm tiền gửi Hàn Quốc là 82,4 nghìn tỷ won, bao gồm 81 nghìn tỷ won quỹ phát hành trái phiếu quỹ bảo hiểm tiền gửi và 1,4 nghìn tỷ won quỹ cho vay."
    },
    {
      "page": 70,
      "sn": "report1014sent11805",
      "source_original": "일반회계 출연금과 관련하여서는 2003년과 2006년 및 2010년에는 당초 계획된 수준만큼 출연되었으나, 여타 해에는 세계잉여금, 부실채권정리기금 등으로 일반회계 출연 부족분을 충당하였다.",
      "source_cleaned": "일반회계 출연금과 관련하여서는 2003년과 2006년 및 2010년에는 당초 계획된 수준만큼 출연되었으나, 여타 해에는 세계잉여금, 부실채권정리기금 등으로 일반회계 출연 부족분을 충당하였다.",
      "mt": "Liên quan đến việc xuất hiện trong tài khoản thông thường, nó đã được xuất hiện theo mức kế hoạch ban đầu vào năm 2003, 2006 và 2010, nhưng các năm khác đã bù đắp phần thiếu xuất hiện trong tài khoản thông thường như thặng dư thế giới và quỹ sắp xếp nợ xấu.",
      "mtpe": "Về đóng góp vào tài khoản chung, mức dự kiến ​​ban đầu được đóng góp vào các năm 2003, 2006 và 2010, nhưng trong những năm khác, sự thiếu hụt trong đóng góp vào tài khoản chung được bù đắp bằng thặng dư toàn cầu, quỹ xử lý nợ xấu, v.v."
    }
  ]
}