{
  "meta": {
    "doc_no": "report1005",
    "domain": "금융",
    "category": "보고서",
    "license": "open",
    "source_language": "ko",
    "target_language": "vi"
  },
  "doc_info": {
    "source": "금융위원회 공적자금관리위원회",
    "title": "2013 공적자금관리백서_449_212",
    "date": 20130831
  },
  "sents": [
    {
      "page": 61,
      "sn": "report1005sent11743",
      "source_original": "신설된 대우조선해양(주)에 대해 2000년 12월 자산관리공사와 산업은행은 약 1조1,714억원의 채권을 출자전환하였으며, 출자전환으로 자산관리공사는 대우조선해양(주) 주식 5,161만주를 보유하게 되었다.",
      "source_cleaned": "신설된 대우조선해양(주)에 대해 2000년 12월 자산관리공사와 산업은행은 약 1조1,714억 원의 채권을 출자전환하였으며, 출자전환으로 자산관리공사는 대우조선해양(주) 주식 5,161만주를 보유하게 되었다.",
      "mt": "Vào tháng 12 năm 2000, Tập đoàn quản lý tài sản và Ngân hàng Phát triển Hàn Quốc đã chuyển đổi khoản nợ khoảng 1,17 nghìn tỷ won thành đầu tư vào công ty cổ phần của Daewoo Shipbuilding &amp; Marine Engineering mới thành lập, và công ty quản lý tài sản đã nắm giữ 51,61 triệu cổ phiếu của Daewoo Shipbuilding &amp; Marine Engineering thông qua việc chuyển đổi đầu tư.",
      "mtpe": "Đối với Công ty TNHH Kỹ thuật Hàng hải & Đóng tàu Daewoo mới thành lập, vào tháng 12 năm 2000, Tập đoàn Quản lý Tài sản Hàn Quốc và Ngân hàng Phát triển Hàn Quốc đã chuyển đổi trái phiếu trị giá khoảng 1,1714 nghìn tỷ KRW thành vốn chủ sở hữu, Tập đoàn Quản lý Tài sản đã nắm giữ 51,61 triệu cổ phiếu của Công ty TNHH Cơ khí Hàng hải và Đóng tàu Daewoo thông qua việc chuyển đổi đầu tư."
    },
    {
      "page": 61,
      "sn": "report1005sent11742",
      "source_original": "자산관리공사는 2003년부터 조선업의 호황에 따라 GDR(주식예탁증서)발행 등을 통하여 962만주를 해외에 매각하는 등 투자자 저변확대를 통하여 시장가치를 제고하는 등 향후 매각여건의 개선을 위한 노력을 지속하였다.",
      "source_cleaned": "자산관리공사는 2003년부터 조선업의 호황에 따라 GDR(주식예탁증서)발행 등을 통하여 962만주를 해외에 매각하는 등 투자자 저변확대를 통하여 시장가치를 제고하는 등 향후 매각여건의 개선을 위한 노력을 지속하였다.",
      "mt": "Kể từ năm 2003, Tổng công ty quản lý tài sản đã tiếp tục nỗ lực để cải thiện điều kiện bán hàng trong tương lai bằng cách bán 9,62 triệu cổ phiếu ra nước ngoài thông qua việc phát hành chứng chỉ tiền gửi cổ phiếu (GDR) theo sự phát triển của ngành đóng tàu.",
      "mtpe": "Từ năm 2003, để đáp ứng sự bùng nổ của ngành đóng tàu, Tập đoàn Quản lý Tài sản Hàn Quốc đã nỗ lực cải thiện các điều kiện bán trong tương lai bằng cách bán 9,62 triệu cổ phiếu ra nước ngoài thông qua việc phát hành GDR (biên lai lưu ký cổ phiếu), từ đó tăng giá trị thị trường bằng cách mở rộng cơ sở nhà đầu tư."
    }
  ]
}