{
  "meta": {
    "doc_no": "report1002",
    "domain": "금융",
    "category": "보고서",
    "license": "open",
    "source_language": "ko",
    "target_language": "vi"
  },
  "doc_info": {
    "source": "금융위원회 공적자금관리위원회",
    "title": "2013 공적자금관리백서_449_212",
    "date": 20130831
  },
  "sents": [
    {
      "page": 58,
      "sn": "report1002sent11713",
      "source_original": "GM대우 수익증권은 2012년 7월 17일부터 같은 해 8월 3일까지 입찰 공고를 실시하여, 입찰자 등록 결과 도이치뱅크, 바클레이즈 은행, 하나대투증권, 우리 투자증권 등 4개의 투자자가 인수의향서를 제출하였다.",
      "source_cleaned": "GM대우 수익증권은 2012년 7월 17일부터 같은 해 8월 3일까지 입찰 공고를 실시하여, 입찰자 등록 결과 도이치뱅크, 바클레이즈 은행, 하나대투증권, 우리 투자증권 등 4개의 투자자가 인수의향서를 제출하였다.",
      "mt": "Từ ngày 17 tháng 7 năm 2012 đến ngày 3 tháng 8 cùng năm, GM Daewoo Investment &amp; Securities đã tổ chức thông báo đấu thầu và kết quả đăng ký nhà thầu, bốn nhà đầu tư bao gồm Deutsche Bank, Barclays Bank, Hana Hói Securities và Woori Investment &amp; Securities đã nộp đơn xin ý định tiếp nhận.",
      "mtpe": "GM Daewoo Beneficiary Securities đã tiến hành thông báo đấu thầu từ ngày 17 tháng 7 năm 2012 đến ngày 3 tháng 8 cùng năm và do đăng ký thầu nên 4 nhà đầu tư gồm Deutsche Bank, Barclays Bank, Hana Daetoo Securities và Woori Investment & Securities đã gửi thư có ý định mua lại."
    },
    {
      "page": 58,
      "sn": "report1002sent11720",
      "source_original": "대우자동차는 청산형 법정관리회사로 국내 잔여 부동산 및 GM에 매각되지 않은 해외법인을 정리하여 청산배당을 실시하였으며, 자산관리공사는 2012년 7월 약 81억원을 청산배당금으로 회수하였다.",
      "source_cleaned": "대우자동차는 청산형 법정관리회사로 국내 잔여 부동산 및 GM에 매각되지 않은 해외법인을 정리하여 청산배당을 실시하였으며, 자산관리공사는 2012년 7월 약 81억 원을 청산배당금으로 회수하였다.",
      "mt": "Daewoo Motors là một công ty quản lý pháp lý hình phạt thanh lý, đã tổ chức các công ty con ở nước ngoài không được bán cho GM và bất động sản còn lại trong nước và thực hiện các khoản cổ tức thanh lý, và vào tháng 7 năm 2012, công ty quản lý tài sản đã thu hồi khoảng 8,1 tỷ won bằng cổ tức thanh lý.",
      "mtpe": "Daewoo Motors là một công ty tiếp nhận tòa án kiểu thanh lý chuyên thanh lý các tập đoàn bất động sản trong nước và nước ngoài còn lại chưa được bán cho GM và trả cổ tức thanh lý, và Tập đoàn Quản lý Tài sản Hàn Quốc đã thu hồi khoảng 8,1 tỷ won dưới dạng cổ tức thanh lý vào tháng 7 năm 2012."
    },
    {
      "page": 58,
      "sn": "report1002sent11717",
      "source_original": "자산관리공사는 2012년 8월 31일 공자위의 심의를 받아 낙찰자 선정기준 및 매각예정가격을 결정하였으며 같은 날 제2차 입찰을 실시하여 도이치뱅크를 낙찰자로 선정하고, 2012년 9월 28일 매각대금 3,264억원을 회수함으로써 매각을 종결하였다.",
      "source_cleaned": "자산관리공사는 2012년 8월 31일 공자위의 심의를 받아 낙찰자 선정기준 및 매각예정가격을 결정하였으며 같은 날 제2차 입찰을 실시하여 도이치뱅크를 낙찰자로 선정하고, 2012년 9월 28일 매각대금 3,264억 원을 회수함으로써 매각을 종결하였다.",
      "mt": "Ngày 31 tháng 8 năm 2012, công ty quản lý tài sản đã quyết định tiêu chuẩn lựa chọn người trúng thầu và giá bán dự kiến. Cùng ngày, họ đã tiến hành đấu thầu lần thứ hai và chọn Deutsche Bank là người trúng thầu và kết thúc việc bán bằng cách thu hồi 326,4 tỷ won tiền bán vào ngày 28 tháng 9 năm 2012.",
      "mtpe": "Ngày 31/8/2012, Tổng công ty Quản lý tài sản Hàn Quốc đã nhận được ý kiến ​​của Ủy ban Đầu tư công và quyết định tiêu chí lựa chọn nhà thầu trúng thầu và giá bán dự kiến, tiến hành đấu thầu lần thứ hai trong cùng ngày và chọn Deutsche Bank là nhà thầu trúng thầu và kết thúc việc bán bằng cách thu hồi 326,4 tỷ won tiền bán vào ngày 28 tháng 9 năm 2012."
    },
    {
      "page": 58,
      "sn": "report1002sent11721",
      "source_original": "한편, 자산관리공사는 기금운용시한을 감안, 동 법인을 매각하고자 2012년 6월 11일부터 28일까지 입찰공고를 실시하고, 같은 해 8월 20일 공자위 심의를 거쳐 낙찰자 선정기준 및 매각예정가격을 결정하였다.",
      "source_cleaned": "한편, 자산관리공사는 기금운용시한을 감안, 동 법인을 매각하고자 2012년 6월 11일부터 28일까지 입찰공고를 실시하고, 같은 해 8월 20일 공자위 심의를 거쳐 낙찰자 선정기준 및 매각예정가격을 결정하였다.",
      "mt": "Mặt khác, công ty quản lý tài sản đã thực hiện thông báo đấu thầu từ ngày 11 đến 28 tháng 6 năm 2012 để bán công ty, xem xét thời hạn vận hành quỹ, và quyết định tiêu chuẩn lựa chọn người trúng thầu và giá bán dự kiến sẽ được bán sau khi cân nhắc của Ủy ban Công tử vào ngày 20 tháng 8 cùng năm.",
      "mtpe": "Mặt khác, công ty quản lý tài sản đã thực hiện thông báo đấu thầu từ ngày 11 đến 28 tháng 6 năm 2012 để bán công ty, xem xét thời hạn vận hành quỹ, và quyết định tiêu chuẩn lựa chọn người trúng thầu và giá bán dự kiến sẽ được bán sau khi cân nhắc của Ủy ban Công tử vào ngày 20 tháng 8 cùng năm."
    }
  ]
}