{
  "meta": {
    "doc_no": "report1006",
    "domain": "금융",
    "category": "보고서",
    "license": "open",
    "source_language": "ko",
    "target_language": "vi"
  },
  "doc_info": {
    "source": "금융위원회 공적자금관리위원회",
    "title": "2013 공적자금관리백서_449_212",
    "date": 20130831
  },
  "sents": [
    {
      "page": 62,
      "sn": "report1006sent11751",
      "source_original": "쌍용건설은 워크아웃 졸업기업으로서 최대주주인 자산관리공사가 매각을 주관하였으며, 2007～2008년에 걸쳐 공동매각협의회 보유주식 1,491만주에 대한 M&A를 추진하였으나 글로벌 금융위기에 따른 금융시장 경색으로 우선 협상대상자인 동국제강컨소시엄의 귀책사유로 매각절차가 중단되었다.",
      "source_cleaned": "쌍용건설은 워크아웃 졸업기업으로서 최대주주인 자산관리공사가 매각을 주관하였으며, 2007～2008년에 걸쳐 공동매각협의회 보유주식 1,491만주에 대한 M&A를 추진하였으나 글로벌 금융위기에 따른 금융시장 경색으로 우선 협상대상자인 동국제강컨소시엄의 귀책사유로 매각절차가 중단되었다.",
      "mt": "Ssangyong E&amp;C là công ty tốt nghiệp trong cuộc tập trận, cổ đông lớn nhất của công ty quản lý tài sản đã chủ trì việc bán, và M&amp;A là cổ phiếu của Hội đồng bán chung từ năm 2007 đến năm 2008.",
      "mtpe": "Ssangyong E&C là công ty tốt nghiệp trong cuộc tập trận, cổ đông lớn nhất của công ty quản lý tài sản đã chủ trì việc bán, Công ty theo đuổi M&A đối với 14,91 triệu cổ phiếu do hội đồng mua bán chung nắm giữ từ năm 2007 đến năm 2008, nhưng đã đàm phán trước do Thị trường tài chính thắt chặt do khủng hoảng tài chính toàn cầu, quá trình mua bán bị tạm dừng do nguyên nhân liên quan đến mục tiêu là Tập đoàn thép Dongkuk."
    },
    {
      "page": 62,
      "sn": "report1006sent11754",
      "source_original": "이에 자산관리공사는 업황 등을 고려하여 적정 매각시기를 2013년 이후로 판단, 매각을 유보하였다.",
      "source_cleaned": "이에 자산관리공사는 업황 등을 고려하여 적정 매각시기를 2013년 이후로 판단, 매각을 유보하였다.",
      "mt": "Theo đó, công ty quản lý tài sản đã cân nhắc đến ngành công nghiệp và trì hoãn việc bán hàng sau năm 2013.",
      "mtpe": "Theo đó, Tập đoàn Quản lý Tài sản Hàn Quốc quyết định thời điểm thích hợp để bán là sau năm 2013, căn cứ vào điều kiện của ngành và hoãn bán."
    },
    {
      "page": 62,
      "sn": "report1006sent11749",
      "source_original": "한편 동 주식의 일부(17.15%)는 부실채권정리기금이 청산(2013.2.22.)됨에 따라 공적자금상환기금으로 이전되었으며, 향후 공적자금상환기금의 관리주체인 금융 위원회에서 매각을 추진할 예정이다.",
      "source_cleaned": "한편 동 주식의 일부(17.15%)는 부실채권정리기금이 청산(2013.2.22.)됨에 따라 공적자금상환기금으로 이전되었으며, 향후 공적자금상환기금의 관리주체인 금융 위원회에서 매각을 추진할 예정이다.",
      "mt": "Mặt khác, một phần của cổ phiếu Dong (17,15%) đã được chuyển giao cho Quỹ hoàn trả tiền công do quỹ xóa bỏ nợ xấu (2013.22.) và dự kiến sẽ bán nó tại Ủy ban Tài chính, cơ quan quản lý của quỹ hoàn trả tiền công.",
      "mtpe": "Trong khi đó, một phần cổ phần (17,15%) đã được chuyển sang Quỹ hoàn trả quỹ đại chúng sau khi thanh lý Quỹ xử lý nợ xấu (ngày 22 tháng 2 năm 2013) và Ủy ban dịch vụ tài chính, cơ quan quản lý Quỹ hoàn trả quỹ đại chúng có kế hoạch thúc đẩy việc bán hàng trong tương lai."
    }
  ]
}