{
  "meta": {
    "doc_no": "report1001",
    "domain": "금융",
    "category": "보고서",
    "license": "open",
    "source_language": "ko",
    "target_language": "vi"
  },
  "doc_info": {
    "source": "금융위원회 공적자금관리위원회",
    "title": "2013 공적자금관리백서_449_212",
    "date": 20130831
  },
  "sents": [
    {
      "page": 57,
      "sn": "report1001sent11705",
      "source_original": "또한, 시멘트 산업의 만성적인 공급과잉 및 수요침체로 기업가치 개선이 불투명한 상황에 있었고, 손실 발생 및 법령상 제약으로 인하여 협의회의 지분인수에 대하여도 반대하였다.",
      "source_cleaned": "시멘트 산업의 만성적인 공급과잉 및 수요침체로 기업가치 개선이 불투명한 상황에 있었고, 손실 발생 및 법령상 제약으로 인하여 협의회의 지분인수에 대하여도 반대하였다.",
      "mt": "Sự cải thiện giá trị doanh nghiệp đang ở trong tình trạng không rõ ràng do sự dư cung và nhu cầu kinh doanh mãn tính của ngành xi măng, và phản đối việc tiếp nhận cổ phần của hội đồng do sự mất mát và hạn chế theo luật định.",
      "mtpe": "Do tình trạng cung vượt cầu thường xuyên và nhu cầu trì trệ trong ngành xi măng, việc cải thiện giá trị doanh nghiệp là không chắc chắn và hội đồng cũng phản đối việc mua lại cổ phần của hội đồng do thua lỗ và hạn chế pháp lý."
    },
    {
      "page": 57,
      "sn": "report1001sent11711",
      "source_original": "쌍용양회공업의 출자전환주식매각협의회는 자산관리공사를 비롯한 4개사로 공동매각약정(지분율 46.14%)에 의해 매각이 제한되어 있으며, 일본 태평양시멘트의 요청에 의해 우선매수청구권이 부여된 점이 매각시의 중요한 고려사항이었다.",
      "source_cleaned": "쌍용양회공업의 출자전환주식매각협의회는 자산관리공사를 비롯한 4개사로 공동매각약정(지분율 46.14%)에 의해 매각이 제한되어 있으며, 일본 태평양시멘트의 요청에 의해 우선매수청구권이 부여된 점이 매각시의 중요한 고려사항이었다.",
      "mt": "Hội đồng bán cổ phần chuyển đổi đầu tư của Ssangyong Motor là một vấn đề quan trọng của việc bán cổ phiếu do Xi măng Thái Bình Dương Nhật Bản yêu cầu và lệnh bán cổ phiếu được giới hạn bởi thỏa thuận bán chung (tỷ lệ cổ phần 46.14%) với bốn công ty bao gồm Công ty quản lý tài sản.",
      "mtpe": "Hội đồng bán cổ phiếu chuyển đổi vốn thành vốn chủ sở hữu của Công ty Xi măng Ssangyong bị giới hạn trong việc bán hàng theo thỏa thuận bán chung (46,14% cổ phần) với bốn công ty, bao gồm Korea Asset Management Corporation, và thực tế là họ đã được cấp yêu cầu mua ưu đãi theo yêu cầu của Xi măng Thái Bình Dương của Nhật Bản là một yếu tố quan trọng trong việc bán hàng."
    }
  ]
}