{
  "meta": {
    "doc_no": "report1000",
    "domain": "금융",
    "category": "보고서",
    "license": "open",
    "source_language": "ko",
    "target_language": "vi"
  },
  "doc_info": {
    "source": "금융위원회 공적자금관리위원회",
    "title": "2013 공적자금관리백서_449_212",
    "date": 20130831
  },
  "sents": [
    {
      "page": 56,
      "sn": "report1000sent11700",
      "source_original": "부실채권정리방법 중 ‘직접회수 등’에는 채무자의 자진변제, 인가계획상환, 법원경매, 기타자산일괄매각 등이 있다.",
      "source_cleaned": "부실채권정리방법 중 ‘직접회수 등’에는 채무자의 자진변제, 인가계획상환, 법원경매, 기타자산일괄매각 등이 있다.",
      "mt": "Trong số các phương pháp giải quyết nợ xấu, 'thu hồi trực tiếp, v.v.' bao gồm tự nguyện trả nợ, hoàn trả kế hoạch phê duyệt, đấu giá tòa án và bán tất cả các tài sản khác.",
      "mtpe": "Trong số các phương pháp giải quyết khoản nợ xấu, “thu hồi trực tiếp, v.v.” bao gồm việc người mắc nợ tự nguyện trả nợ, trả nợ thông qua kế hoạch đã được phê duyệt, đấu giá tại tòa án và bán số lượng lớn các tài sản khác."
    },
    {
      "page": 56,
      "sn": "report1000sent11696",
      "source_original": "이들 채권 대부분이 회수가능성이 매우 낮은 상각대상채권임을 감안할 때, 이러한 회수실적은 자산의 특성을 고려하여, 적절한 매각방식을 선택함으로써 이루어진 성과라고 할 수 있다.",
      "source_cleaned": "이들 채권 대부분이 회수가능성이 매우 낮은 상각대상채권임을 감안할 때, 이러한 회수실적은 자산의 특성을 고려하여, 적절한 매각방식을 선택함으로써 이루어진 성과라고 할 수 있다.",
      "mt": "Khi xem xét rằng hầu hết các trái phiếu này đều là các trái phiếu bị khấu hao với khả năng thu hồi rất thấp, thành tích thu hồi này có thể được coi là thành quả đạt được bằng cách lựa chọn phương thức bán thích hợp, xem xét đặc điểm của tài sản.",
      "mtpe": "Khi xem xét rằng hầu hết các trái phiếu này đều là các trái phiếu bị khấu hao với khả năng thu hồi rất thấp, thành tích thu hồi này có thể được coi là thành quả đạt được bằng cách lựa chọn phương thức bán thích hợp, xem xét đặc điểm của tài sản."
    }
  ]
}