{
  "meta": {
    "doc_no": "report101",
    "domain": "금융",
    "category": "보고서",
    "license": "open",
    "source_language": "ko",
    "target_language": "vi"
  },
  "doc_info": {
    "source": "개인납세국",
    "title": "2014년-귀속-금융소득종합과세-해설_184_155",
    "date": 201505
  },
  "sents": [
    {
      "page": 101,
      "sn": "report101sent1336",
      "source_original": "○ 거주자의 금융소득 중 비과세 및 분리과세되는 금융소득을 제외한 금융 소득의 합계액이 2천만원 이하인 경우",
      "source_cleaned": "거주자의 금융소득 중 비과세 및 분리과세되는 금융소득을 제외한 금융 소득의 합계액이 2천만 원 이하인 경우",
      "mt": "Nếu tổng thu nhập tài chính của người dân dưới 20 triệu won, ngoại trừ thu nhập tài chính chịu thuế miễn thuế và thuế riêng biệt trong thu nhập tài chính của họ.",
      "mtpe": "Khi tổng thu nhập tài chính của một cư dân, không bao gồm thu nhập tài chính không chịu thuế và bị đánh thuế riêng là 20 triệu won trở xuống."
    },
    {
      "page": 101,
      "sn": "report101sent1332",
      "source_original": "○ 법인으로 보는 단체 외의 단체 중 수익을 구성원에게 배분하지 아니 하는 단체로서 단체명을 표기하여 금융거래를 하는 단체가 금융회사 등으로부터 받은 배당(이자)소득은 분리과세 한다.",
      "source_cleaned": "법인으로 보는 단체 외의 단체 중 수익을 구성원에게 배분하지 아니 하는 단체로서 단체명을 표기하여 금융거래를 하는 단체가 금융회사 등으로부터 받은 배당(이자)소득은 분리과세 한다.",
      "mt": "Trong số các tổ chức ngoài các tổ chức được coi là công ty, thu nhập cổ tức (tiền lãi) nhận được từ các công ty tài chính của tổ chức thực hiện các giao dịch tài chính được đánh thuế riêng biệt bằng cách chỉ định tên nhóm.",
      "mtpe": "Thu nhập cổ tức (lãi) nhận được từ các công ty tài chính, v.v bởi một tổ chức không phải là công ty không phân chia lợi nhuận cho các thành viên và thực hiện các giao dịch tài chính dưới tên tổ chức đó sẽ phải chịu thuế riêng."
    },
    {
      "page": 101,
      "sn": "report101sent1348",
      "source_original": "이전에 받는 배당소득 중 해당 미분양주택 투자신탁 등별로 투자금액이 1억원을 초과하는 금액에서 발생하는 배당소득은 14%의 세율로 분리과세 한다.",
      "source_cleaned": "이전에 받는 배당소득 중 해당 미분양주택 투자신탁 등별로 투자금액이 1억 원을 초과하는 금액에서 발생하는 배당소득은 14%의 세율로 분리과세 한다.",
      "mt": "Trong số thu nhập từ cổ tức nhận được trước đó, thu nhập cổ tức phát sinh từ số tiền đầu tư vượt quá 100 triệu won cho thẻ tín dụng đầu tư của ngôi nhà chưa bán được sẽ được đánh thuế riêng với thuế suất 14%.",
      "mtpe": "Trong số thu nhập cổ tức đã nhận trước đây, thu nhập cổ tức được tạo ra từ số tiền vượt quá 100 triệu won cho mỗi quỹ tín thác đầu tư nhà ở chưa bán, v.v. sẽ bị đánh thuế riêng với thuế suất 14%."
    },
    {
      "page": 101,
      "sn": "report101sent1340",
      "source_original": "이전에 받는 배당소득 중 해당 재외동포전용 투자신탁 등별로 투자금액이 1억원을 초과하는 금액에서 발생하는 배당소득은 5%의 세율로 분리과세 한다.",
      "source_cleaned": "이전에 받는 배당소득 중 해당 재외동포전용 투자신탁 등별로 투자금액이 1억 원을 초과하는 금액에서 발생하는 배당소득은 5%의 세율로 분리과세 한다.",
      "mt": "Trong số thu nhập từ cổ tức nhận được trước đó, thu nhập cổ tức phát sinh từ số tiền đầu tư vượt quá 100 triệu won cho mỗi quỹ đầu tư dành riêng cho người Hàn Quốc ở nước ngoài sẽ được đánh thuế riêng với thuế suất 5%.",
      "mtpe": "Trong số thu nhập cổ tức đã nhận trước đây, thu nhập cổ tức phát sinh từ số tiền đầu tư vượt quá 100 triệu won cho mỗi quỹ tín thác đầu tư dành riêng cho người Hàn Quốc ở nước ngoài sẽ bị đánh thuế riêng với thuế suất 5%."
    }
  ]
}