{
  "meta": {
    "doc_no": "report1020",
    "domain": "금융",
    "category": "보고서",
    "license": "open",
    "source_language": "ko",
    "target_language": "vi"
  },
  "doc_info": {
    "source": "금융위원회 공적자금관리위원회",
    "title": "2013 공적자금관리백서_449_212",
    "date": 20130831
  },
  "sents": [
    {
      "page": 76,
      "sn": "report1020sent11834",
      "source_original": "1997년말 외환위기 이후 2013년 6월말 현재까지 공적자금 운용과정에서 취득한 자산은 대부분 예금보험공사와 자산관리공사가 각각 예금보험기금채권상환기금, 부실채권정리기금52)을 통해 관리하고 있다.",
      "source_cleaned": "1997년말 외환위기 이후 2013년 6월말 현재까지 공적자금 운용과정에서 취득한 자산은 대부분 예금보험공사와 자산관리공사가 각각 예금보험기금채권상환기금, 부실채권정리기금을 통해 관리하고 있다.",
      "mt": "Hầu hết tài sản thu được trong quá trình vận hành quỹ công cộng kể từ cuộc khủng hoảng tài chính cuối năm 1997 đến cuối tháng 6 năm 2013 là do Tổng công ty bảo hiểm tiền gửi Hàn Quốc và Tổng công ty quản lý tài sản quản lý tài sản quản lý thông qua quỹ trả nợ bảo hiểm tiền gửi và quỹ xử lý nợ xấu.",
      "mtpe": "Hầu hết tài sản thu được trong quá trình vận hành quỹ công cộng kể từ cuộc khủng hoảng tài chính cuối năm 1997 đến cuối tháng 6 năm 2013 là do Tổng công ty bảo hiểm tiền gửi Hàn Quốc và Tổng công ty quản lý tài sản quản lý tài sản quản lý thông qua quỹ trả nợ bảo hiểm tiền gửi và quỹ xử lý nợ xấu."
    }
  ]
}