{
  "meta": {
    "doc_no": "report1007",
    "domain": "금융",
    "category": "보고서",
    "license": "open",
    "source_language": "ko",
    "target_language": "vi"
  },
  "doc_info": {
    "source": "금융위원회 공적자금관리위원회",
    "title": "2013 공적자금관리백서_449_212",
    "date": 20130831
  },
  "sents": [
    {
      "page": 63,
      "sn": "report1007sent11760",
      "source_original": "2012년 2월 예비입찰을 실시하였으나 1개사만 참여하여 유효경쟁이 불성립 하자 자산관리공사는 3월 ‘구주’매각방식에서 ‘구주+신주’ 매각방식으로 매각 전략을 변경하고, 4월에 예비입찰을 실시하였다.",
      "source_cleaned": "2012년 2월 예비입찰을 실시하였으나 1개사만 참여하여 유효경쟁이 불성립 하자 자산관리공사는 3월 ‘구주’매각방식에서 ‘구주+신주’ 매각방식으로 매각 전략을 변경하고, 4월에 예비입찰을 실시하였다.",
      "mt": "Mặc dù đã tổ chức một cuộc đấu thầu sơ bộ vào tháng 2 năm 2012, nhưng khi chỉ có một công ty tham gia và cuộc cạnh tranh có hiệu lực trở nên khốc liệt, công ty quản lý tài sản đã thay đổi chiến lược bán hàng từ phương thức bán cổ phiếu cũ sang phương thức bán cổ phiếu mới vào tháng 3 và tiến hành đấu thầu dự bị vào tháng 4.",
      "mtpe": "Cuộc đấu thầu sơ bộ được tiến hành vào tháng 2 năm 2012 nhưng chỉ có một công ty tham gia và không có sự cạnh tranh hiệu quả. Kết quả là Tập đoàn Quản lý Tài sản Hàn Quốc đã thay đổi chiến lược bán hàng từ phương thức bán 'cổ phiếu cũ' sang 'cổ phiếu cũ + cổ phiếu mới' phương thức bán vào tháng 3 và tổ chức đấu thầu sơ bộ vào tháng 4."
    },
    {
      "page": 63,
      "sn": "report1007sent11758",
      "source_original": "6월 실시한 최종입찰에서 최종입찰대상자 2개사 모두가 입찰을 포기하여 입찰이 무산됨에 따라 자산관리공사는 공적자금관리위원회의 의결을 거쳐 6월 29일 수의계약 매각을 추진하여 이랜드컨소시엄을 우선협상 대상자로 선정하였으나, 우선협상대상자의 과도한 요구로 매각이 무산되었다.",
      "source_cleaned": "6월 실시한 최종입찰에서 최종입찰대상자 2개사 모두가 입찰을 포기하여 입찰이 무산됨에 따라 자산관리공사는 공적자금관리위원회의 의결을 거쳐 6월 29일 수의계약 매각을 추진하여 이랜드컨소시엄을 우선협상 대상자로 선정하였으나, 우선협상대상자의 과도한 요구로 매각이 무산되었다.",
      "mt": "Trong cuộc đấu thầu cuối cùng được thực hiện vào tháng 6, tất cả hai công ty trong cuộc đấu thầu cuối cùng đã từ bỏ đấu thầu và hủy bỏ cuộc đấu thầu, Công ty quản lý tài sản đã thúc đẩy việc bán hợp đồng thú y vào ngày 29 tháng 6 thông qua nghị quyết của Ủy ban quản lý quỹ công cộng và chọn E-Land là đối tượng đàm phán ưu tiên, nhưng nó đã bị hủy hoại.",
      "mtpe": "Trong phiên đấu giá cuối cùng được tổ chức vào tháng 6, cả hai người trúng thầu cuối cùng đều bỏ giá thầu và giá thầu bị hủy, dẫn đến việc Tổng công ty quản lý tài sản Hàn Quốc đã xúc tiến việc bán hợp đồng đã đàm phán vào ngày 29/6 sau khi có nghị quyết của Ủy ban quản lý quỹ đại chúng và lựa chọn E-Land Consortium là nhà thầu ưu tiên đã được chọn, nhưng việc mua bán đã bị hủy do nhu cầu quá cao từ nhà thầu ưu tiên."
    },
    {
      "page": 63,
      "sn": "report1007sent11759",
      "source_original": "예비입찰 결과, 2개사를 최종 입찰대상자로 선정하였으나, 1개사가 최종입찰참여를 포기함에 따라 5월에 입찰을 재공고하게 되었다.",
      "source_cleaned": "예비입찰 결과, 2개사를 최종 입찰대상자로 선정하였으나, 1개사가 최종입찰참여를 포기함에 따라 5월에 입찰을 재공고하게 되었다.",
      "mt": "Theo kết quả đấu thầu sơ bộ, 2 công ty đã được chọn là đối tượng đấu thầu cuối cùng, nhưng một công ty đã từ bỏ tham gia đấu thầu cuối cùng và đã tái công bố đấu thầu vào tháng 5.",
      "mtpe": "Theo kết quả đấu thầu sơ bộ, 2 công ty đã được chọn là đối tượng đấu thầu cuối cùng, nhưng một công ty đã từ bỏ tham gia đấu thầu cuối cùng và đã tái công bố đấu thầu vào tháng 5."
    },
    {
      "page": 63,
      "sn": "report1007sent11755",
      "source_original": "이에 따라 쌍용건설은 주채권은행 앞 워크아웃을 신청하였으며 채권금융회사 협의회 의결로 2013년 3월 워크아웃이 개시되었다.",
      "source_cleaned": "이에 따라 쌍용건설은 주채권은행 앞 워크아웃을 신청하였으며 채권금융회사 협의회 의결로 2013년 3월 워크아웃이 개시되었다.",
      "mt": "Theo đó, Ssangyong E&amp;C đã đăng ký tập luyện trước các ngân hàng chủ nợ chính và bắt đầu tập luyện vào tháng 3 năm 2013 theo quyết định của Hiệp hội các công ty tài chính trái phiếu.",
      "mtpe": "Theo đó, công ty xây dựng Ssangyong đã nộp đơn xin tập luyện trước ngân hàng chủ nợ chính và việc tập luyện bắt đầu vào tháng 3 năm 2013 với nghị quyết của hội đồng công ty tài chính trái phiếu."
    },
    {
      "page": 63,
      "sn": "report1007sent11756",
      "source_original": "이후 쌍용건설은 제3자 배정방식의 유상증자를 추진하였으나, 건설업체의 잇단 부도, 수익성 하락 등 건설업종에 대한 불확실성 증대 등으로 제3자 배정방식의 유상증자마저 무산되게 되었다.",
      "source_cleaned": "이후 쌍용건설은 제3자 배정방식의 유상증자를 추진하였으나, 건설업체의 잇단 부도, 수익성 하락 등 건설업종에 대한 불확실성 증대 등으로 제3자 배정방식의 유상증자마저 무산되게 되었다.",
      "mt": "Kể từ đó, Ssangyong E&amp;C đã thúc đẩy tăng vốn phân bổ cho bên thứ ba, nhưng do sự bất ổn của ngành xây dựng tăng lên đối với ngành xây dựng như sự phá sản liên tiếp của các công ty xây dựng và giảm lợi nhuận nên ngay cả việc tăng vốn phân bổ bên thứ ba cũng đã bị hủy bỏ.",
      "mtpe": "Sau đó, Công ty Kĩ thuật và xây dựng Ssangyong theo đuổi việc tăng vốn góp thông qua phân bổ của bên thứ ba, nhưng do sự bất ổn ngày càng tăng trong ngành xây dựng, chẳng hạn như các công ty xây dựng liên tiếp phá sản và lợi nhuận giảm sút, thậm chí cả việc tăng vốn góp thông qua bên thứ ba cũng đã bị hủy bỏ."
    }
  ]
}