{
  "meta": {
    "doc_no": "law1175030",
    "domain": "금융",
    "category": "규제정보",
    "license": "open",
    "source_language": "ko",
    "target_language": "id"
  },
  "doc_info": {
    "source": "법제처",
    "title": "광주광역시 동구 공유재산관리 조례",
    "date": 20221014
  },
  "sents": [
    {
      "page": 33,
      "sn": "law1175030sent12769474",
      "source_original": "구청장은 그 소관에 속하는 공유재산 중 소유지분에 따라 분필이 가능한 공유토지가 있을 때에는 당해 토지의 형상 및 이용도를 고려하여 분필할 수 있다.",
      "source_cleaned": "구청장은 그 소관에 속하는 공유재산 중 소유지분에 따라 분필이 가능한 공유토지가 있을 때에는 당해 토지의 형상 및 이용도를 고려하여 분필할 수 있다.",
      "mt": "Jika ada tanah bersama yang dapat dibagi sesuai dengan kepemilikan properti bersama yang dimiliki oleh tempat itu, walikota dapat membedakan tanah dengan mempertimbangkan bentuk dan pemanfaatan tanah.",
      "mtpe": "Apabila terdapat tanah bersama yang dapat dilakukan pembagian lot sesuai bagian kepemilikan di properti bersama yang berada di bawah yurisdiksi tersebut, maka kepala daerah dapat membagi lot dengan memperhitungkan bentuk dan tingkat kegunaan tanah terkait."
    },
    {
      "page": 33,
      "sn": "law1175030sent12769476",
      "source_original": "구청장은 그 소관에 속하는 공유재산 중 합필이 가능한 토지 또는 임야가 있는 때에는 지체 없이 당해 시장ㆍ군수ㆍ구청장에게 그 합필을 신청하여야 한다.",
      "source_cleaned": "구청장은 그 소관에 속하는 공유재산 중 합필이 가능한 토지 또는 임야가 있는 때에는 지체 없이 당해 시장ㆍ군수ㆍ구청장에게 그 합필을 신청하여야 한다.",
      "mt": "Walikota harus mengajukan permohonan kepada kepala walikota, kabupaten, dan distrik tanpa penundaan ketika ada tanah atau hutan di mana properti publik yang termasuk dalam yurisdiksinya dapat digunakan bersama.",
      "mtpe": "Jika ada tanah atau lahan hutan yang memungkinkan untuk menggabungkan lot di antara properti bersama yang berada di bawah yurisdiksinya, maka kepala daerah harus mengajukan permohonan penggabungan lot tersebut kepada walikotaㆍgubernurㆍkepala daerah terkait tanpa menunda."
    }
  ]
}