{
  "meta": {
    "doc_no": "law1175025",
    "domain": "금융",
    "category": "규제정보",
    "license": "open",
    "source_language": "ko",
    "target_language": "id"
  },
  "doc_info": {
    "source": "법제처",
    "title": "광주광역시 동구 공유재산관리 조례",
    "date": 20221014
  },
  "sents": [
    {
      "page": 28,
      "sn": "law1175025sent12769407",
      "source_original": "이 장에서 “관사”란 구청장ㆍ부구청장 또는 그 밖의 소속 공무원의 사용에 제공하기 위하여 소유하는 공용주택을 말한다.",
      "source_cleaned": "이 장에서 “관사”란 구청장ㆍ부구청장 또는 그 밖의 소속 공무원의 사용에 제공하기 위하여 소유하는 공용주택을 말한다.",
      "mt": "Dalam bab ini, \"Pejabat\" mengacu pada perumahan umum yang dimiliki oleh kepala lingkungan, wakil kepala daerah, atau pejabat lain untuk disediakan bagi penggunaan.",
      "mtpe": "Dalam Bab ini, yang dimaksud dengan “rumah dinas” adalah rumah umum yang dimiliki untuk digunakan oleh walikota, wakil walikota, atau pejabat publik lainnya."
    }
  ]
}