{
  "meta": {
    "doc_no": "law1175040",
    "domain": "금융",
    "category": "규제정보",
    "license": "open",
    "source_language": "ko",
    "target_language": "id"
  },
  "doc_info": {
    "source": "법제처",
    "title": "당진시 사회적경제 육성ㆍ지원에 관한 조례",
    "date": 20221014
  },
  "sents": [
    {
      "page": 9,
      "sn": "law1175040sent12769636",
      "source_original": "① 시장은 사회적경제 조직의 자립 및 사회적경제 활성화를 위하여 예산의 범위에서 다음 각 호의 사업에 대한 재정지원을 하여 육성하여야 한다.",
      "source_cleaned": "① 시장은 사회적경제 조직의 자립 및 사회적경제 활성화를 위하여 예산의 범위에서 다음 각 호의 사업에 대한 재정지원을 하여 육성하여야 한다.",
      "mt": "(1) Pasar dalam rangka pemberdayaan kegiatan sosial ekonomi dan revitalisasi ekonomi sosial Pasar wajib membina dukungan keuangan bagi usaha dari, dalam lingkup anggaran, untuk:",
      "mtpe": "① Dalam rangka menghidupkan kemandirian kelompok ekonomi sosial dan menghidupkan ekonomi sosial, maka walikota harus memberi dukungan keuangan dan mempromosikan proyek berikut dalam jangkauan anggaran."
    }
  ]
}