{
  "meta": {
    "doc_no": "law1175027",
    "domain": "금융",
    "category": "규제정보",
    "license": "open",
    "source_language": "ko",
    "target_language": "id"
  },
  "doc_info": {
    "source": "법제처",
    "title": "광주광역시 동구 공유재산관리 조례",
    "date": 20221014
  },
  "sents": [
    {
      "page": 30,
      "sn": "law1175027sent12769427",
      "source_original": "① 제53조에 따라 관사의 사용허가가 취소된 때에 사용자는 구청장이 지정하는 기일까지 관사를 인계하여야 한다.",
      "source_cleaned": "① 제53조에 따라 관사의 사용허가가 취소된 때에 사용자는 구청장이 지정하는 기일까지 관사를 인계하여야 한다.",
      "mt": "(1) Dalam hal izin penggunaan pejabat sebagaimana dimaksud dalam Pasal 53 dicabut, pengusaha wajib menyerahkan pejabat negara paling lama 1 (satu) kali jangka waktu yang ditetapkan oleh kepala bangsal.",
      "mtpe": "① Apabila izin penggunaan rumah dinas dibatalkan berdasarkan Pasal 53, pengguna harus menyerahkan rumah dinas pada tanggal yang ditentukan oleh walikota daerah tersebut."
    },
    {
      "page": 30,
      "sn": "law1175027sent12769429",
      "source_original": "법에 따른 물품관리관은 관사용 비품 대장을 따로 갖추어 놓고 제54조에 따라 예산에서 구입한 비품과 기본 장식물을 이에 등재관리하여야 한다.",
      "source_cleaned": "법에 따른 물품관리관은 관사용 비품 대장을 따로 갖추어 놓고 제54조에 따라 예산에서 구입한 비품과 기본 장식물을 이에 등재관리하여야 한다.",
      "mt": "Menurut undang-undang, manajer barang harus memiliki daftar peralatan khusus untuk penggunaan resmi dan mendaftarkan dan mengelola peralatan dan dekorasi dasar yang dibeli dari anggaran sesuai dengan Pasal 54.",
      "mtpe": "Pejabat pengelola barang menurut undang-undang harus memiliki buku besar tersendiri mengenai peralatan dinas dan mencatat serta mengelola peralatan dan hiasan pokok yang dibeli dari anggaran sesuai dengan Pasal 54."
    }
  ]
}