{
  "meta": {
    "doc_no": "law1175041",
    "domain": "금융",
    "category": "규제정보",
    "license": "open",
    "source_language": "ko",
    "target_language": "id"
  },
  "doc_info": {
    "source": "법제처",
    "title": "당진시 사회적경제 육성ㆍ지원에 관한 조례",
    "date": 20221014
  },
  "sents": [
    {
      "page": 10,
      "sn": "law1175041sent12769646",
      "source_original": "① 시장은 사회적경제 관련 사업의 효율적인 운영을 위하여 사업의 전부 또는 일부를 사회적경제 관련 법인이나 단체 등에 타 기관단체에 우선하여 위탁 할 수 있다.",
      "source_cleaned": "① 시장은 사회적경제 관련 사업의 효율적인 운영을 위하여 사업의 전부 또는 일부를 사회적경제 관련 법인이나 단체 등에 타 기관단체에 우선하여 위탁 할 수 있다.",
      "mt": "(1) Pasar dapat melaksanakan seluruh atau sebagian dari pelaksanaan proyek yang berhubungan dengan sosial ekonomi untuk pengelolaan proyek yang efisien dapat diserahkan kepada lembaga lain, seperti badan usaha atau organisasi yang terkait dengan ekonomi sosial.",
      "mtpe": "① Supaya proyek terkait ekonomi sosial dapat beroperasi secara efisien, maka walikota dapat mewakilkan seluruh atau sebagian proyek tersebut kepada perusahaan atau asosiasi terkait ekonomi sosial dan lainnya daripada kepada kelompok organisasi lainnya."
    },
    {
      "page": 10,
      "sn": "law1175041sent12769643",
      "source_original": "① 시장은 사회적경제에 대한 지역시민의 이해를 증진시키고 사회적경제 조직의 활동 장려를 위하여 다음 각 호의 홍보활동을 할 수 있다.",
      "source_cleaned": "① 시장은 사회적경제에 대한 지역시민의 이해를 증진시키고 사회적경제 조직의 활동 장려를 위하여 다음 각 호의 홍보활동을 할 수 있다.",
      "mt": "(1) Pasar dapat melakukan kegiatan promosi untuk meningkatkan pemahaman warga desa tentang ekonomi sosial dan untuk mendorong kegiatan organisasi sosial ekonomi:",
      "mtpe": "① Walikota dapat melaksanakan aktivitas promosi berikut ini dalam rangka meningkatkan pengertian warga daerah mengenai sosial ekonomi dan mempromosikan aktivitas kelompok sosial ekonomi."
    },
    {
      "page": 10,
      "sn": "law1175041sent12769650",
      "source_original": "② 위탁에 관하여 이 조례에서 정하지 않은 사항은 「당진시 사무의 민간위탁 촉진 및 관리 조례」에 따른다.",
      "source_cleaned": "② 위탁에 관하여 이 조례에서 정하지 않은 사항은 「당진시 사무의 민간위탁 촉진 및 관리 조례」에 따른다.",
      "mt": "(2) Hal yang tidak ditetapkan dalam Peraturan Menteri ini mengenai pemberian kiriman sesuai dengan \"Peraturan Pelaksanaan dan Pengendalian Kiriman Pribadi oleh Kantor Kabupaten Lujin.\"",
      "mtpe": "② Hal yang tidak ditetapkan dalam ordonansi ini tentang perwalian akan mengikuti 「Ordonansi tentang Promosi dan Manajemen Perwalian Swasta Urusan Kota Dangjin」."
    }
  ]
}