{
  "meta": {
    "doc_no": "report12064",
    "domain": "금융",
    "category": "보고서",
    "license": "open",
    "source_language": "ko"
  },
  "doc_info": {
    "source": "한국수출입은행",
    "title": "국제 ODA동향",
    "date": 200912.0
  },
  "sents": [
    {
      "page": 10,
      "sn": "report12064sent109492",
      "source_original": "□ WB의 빈곤감축지원차관(PRSC) : 對베트남 지원사례"
    },
    {
      "page": 10,
      "sn": "report12064sent109493",
      "source_original": "7) WB의 프로그램 원조는 Development Policy Lending(DPL)이라는 형태로 통상적인 프로젝트 지원을 위한 Investment Lending(IL)과 구분 운용되고 있음"
    },
    {
      "page": 10,
      "sn": "report12064sent109494",
      "source_original": "- 10 -"
    },
    {
      "page": 10,
      "sn": "report12064sent109495",
      "source_original": "◦ WB는 여타 원조기관 및 동국 정부와의 협의를 거쳐 SEDP 달성을 위한 각 연도별 정책과제로 구성된 중기 정책 매트릭스를 작성하고, 차관자금 집행(budget support 형태)의 전제조건으로 사용될 이행 과제를 설정"
    },
    {
      "page": 10,
      "sn": "report12064sent109496",
      "source_original": "◦ WB의 對베트남 PRSC(Poverty Reduction Support Credit)는 동국 정부의 사회경제개발계획(Socio-Economic Development Plan: SEDP)"
    },
    {
      "page": 10,
      "sn": "report12064sent109497",
      "source_original": "시행 지원을 목적으로 한 프로그램 차관7)"
    },
    {
      "page": 10,
      "sn": "report12064sent109498",
      "source_original": "2006년 수립된 SEDP 2006-2010 지원을 위해 WB는 동 기간(5년)에 대응한 중기 PRSC 지원계획을 수립하여 지원 중"
    },
    {
      "page": 10,
      "sn": "report12064sent109499",
      "source_original": "SEDP 2006-2010상 언급된 4개 전략분야(비즈니스 개발, 사회통합, 천연자원 관리, 거버넌스 강화)를 중심으로 17개 지원분야 설정"
    },
    {
      "page": 10,
      "sn": "report12064sent109500",
      "source_original": "◦ 원조공여기관은 동국 정부와의 정책협의 및 기술협의를 거쳐 매년 정책과제 달성 여부를 평가하고, 평가결과를 차기연도 정책 매트릭스 조정 및 이행과제 설정시 반영"
    },
    {
      "page": 10,
      "sn": "report12064sent109501",
      "source_original": "對베트남 PRSC 전략분야별 지원분야"
    },
    {
      "page": 10,
      "sn": "report12064sent109502",
      "source_original": "◦ 동 PRSC에는 주요 MDB (WB, ADB) 및 선진 원조기관(DfID, JICA, AusAID, CIDA) 등 다수의 원조기관이 협조융자(co-financing) 형태로 참여하고 있으며, 각 공여기관은 매년 동국 정부의 이행과제 달성 여부를 평가하고 차기연도 참여여부 및 지원규모를 결정․발표"
    }
  ]
}