{
  "meta": {
    "doc_no": "report12065",
    "domain": "금융",
    "category": "보고서",
    "license": "open",
    "source_language": "ko"
  },
  "doc_info": {
    "source": "한국수출입은행",
    "title": "국제 ODA동향",
    "date": 200912.0
  },
  "sents": [
    {
      "page": 11,
      "sn": "report12065sent109503",
      "source_original": "(steering\tcommittee)가\t설치되고, 정책협의\t및\t기술협의를\t통해"
    },
    {
      "page": 11,
      "sn": "report12065sent109504",
      "source_original": "정책과제 추진상황에 대한 모니터링 및 평가 실시"
    },
    {
      "page": 11,
      "sn": "report12065sent109505",
      "source_original": "- 2008년의 경우 주관기관인 WB가 1.5억불, 여타 원조기관이 총 1.6억불 지원 약정 (2009년 WB는 3.5억불 지원 결정)"
    },
    {
      "page": 11,
      "sn": "report12065sent109506",
      "source_original": "□ JICA의 기후변화프로그램차관(CCPL) : 對인도네시아 지원사례"
    },
    {
      "page": 11,
      "sn": "report12065sent109507",
      "source_original": "◦ JICA의 對인도네시아 CCPL(Climate Change Program Loan)은 동국 정부의 기후변화를 위한 국가행동계획(National Action Plan for Climate Change) 시행 지원을 위한 기후변화 분야 프로그램 차관"
    },
    {
      "page": 11,
      "sn": "report12065sent109508",
      "source_original": "◦ 2007-2009 3년에 걸쳐 지원되며, 3개 전략분야(온실가스 감축, 기후 변화 적응, 공통 분야)를 중심으로 11개 지원분야 설정"
    },
    {
      "page": 11,
      "sn": "report12065sent109509",
      "source_original": "◦ JICA 및 AFD가 협조융자 형태로 공동 지원하며, 양 기관은 동국 정부 와의 협의를 거쳐 중기 정책 매트릭스를 작성하고 자금집행(budget support 형태) 여부의 판단기준으로 사용할 이행과제를 설정"
    },
    {
      "page": 11,
      "sn": "report12065sent109510",
      "source_original": "2009년의 경우 양 기관이 각각 3억불 규모의 지원 약정"
    },
    {
      "page": 11,
      "sn": "report12065sent109511",
      "source_original": "對인도네시아 CCPL의 전략분야별 지원분야"
    },
    {
      "page": 11,
      "sn": "report12065sent109512",
      "source_original": "◦ JICA 및 AFD는 매년 동국 정부의 이행과제 달성 여부를 평가하고 차기연도 참여여부 및 지원규모를 결정․발표"
    },
    {
      "page": 11,
      "sn": "report12065sent109513",
      "source_original": "11 -"
    },
    {
      "page": 11,
      "sn": "report12065sent109514",
      "source_original": "◦ 원조공여기관과 동국 관계부처가 공동으로 참여하는 운영위원회"
    }
  ]
}