{
  "meta": {
    "doc_no": "report12062",
    "domain": "금융",
    "category": "보고서",
    "license": "open",
    "source_language": "ko"
  },
  "doc_info": {
    "source": "한국수출입은행",
    "title": "국제 ODA동향",
    "date": 200912.0
  },
  "sents": [
    {
      "page": 8,
      "sn": "report12062sent109474",
      "source_original": "PBA의 일반적 지원절차"
    },
    {
      "page": 8,
      "sn": "report12062sent109475",
      "source_original": "①국가개발계획검토"
    },
    {
      "page": 8,
      "sn": "report12062sent109476",
      "source_original": "- 빈곤감축전략(PRS), 분야별 개발계획 등 PBA 지원근거가 되는 수원국의 국가 개발계획이 명확히 수립되어야 하며, 원조공여기관은 개발계획 달성을 위한 중기 소요예산 규모를 파악하고 구체적인 지원분야 및 정책과제(policy action) 발굴을 검토"
    },
    {
      "page": 8,
      "sn": "report12062sent109477",
      "source_original": "②정책매트릭스작성"
    },
    {
      "page": 8,
      "sn": "report12062sent109478",
      "source_original": "원조공여기관은 수원국 정부와의 협의를 통해 국가 개발계획 달성을 위한 지원분야 및 정책과제를 선정하고 각 과제별 추진일정에 따라 중기 정책 매트릭스를 작성"
    },
    {
      "page": 8,
      "sn": "report12062sent109479",
      "source_original": "정책 매트릭스 (예시)"
    },
    {
      "page": 8,
      "sn": "report12062sent109480",
      "source_original": "8 -"
    }
  ]
}