{
  "meta": {
    "doc_no": "report12074",
    "domain": "금융",
    "category": "보고서",
    "license": "open",
    "source_language": "ko"
  },
  "doc_info": {
    "source": "한국수출입은행",
    "title": "국제 ODA동향",
    "date": 200912.0
  },
  "sents": [
    {
      "page": 20,
      "sn": "report12074sent109605",
      "source_original": "□ 1차 각료회의(Ministerial Meeting, ‘09.4.17)"
    },
    {
      "page": 20,
      "sn": "report12074sent109606",
      "source_original": "◦ FoDP의 활동 방향에 대한 구체적인 로드맵을 구상하고자 마련된 자리 였으나, 금융위기의 여파로 인해 참가국들의 원조 재원에 대한 약속"
    },
    {
      "page": 20,
      "sn": "report12074sent109607",
      "source_original": "(pledge)은 이루어지지 않음"
    },
    {
      "page": 20,
      "sn": "report12074sent109608",
      "source_original": "◦ 파키스탄측 대표(Jave Malik, Ambassador at large)는 FoDP가 일반적인 원조공여국 그룹이 아닌 점을 설명하며, 경제적 지원은 파키스탄이 필요로 하는 도움 중 한 가지일 뿐이며, 역량강화, 민주주의 발전, 국방 강화 등 다양한 분야의 지원방향이 논의되어야 함을 강조"
    },
    {
      "page": 20,
      "sn": "report12074sent109609",
      "source_original": "□ 2차 전문가 회의(Expert Meeting, ‘09.4.1~2)"
    },
    {
      "page": 20,
      "sn": "report12074sent109610",
      "source_original": "◦ 1차 회의에 이어 아부다비에서 개최되었으며, 22개 참가국 및 관련 기구가 참석"
    },
    {
      "page": 20,
      "sn": "report12074sent109611",
      "source_original": "- 5개 클러스터: 개발, 안보, 에너지, 제도 구축, 무역․금융"
    },
    {
      "page": 20,
      "sn": "report12074sent109612",
      "source_original": "◦ 파키스탄과 아랍 에미리트가 공동 의장국을 맡아 아부다비에서 개최"
    },
    {
      "page": 20,
      "sn": "report12074sent109613",
      "source_original": "□ 1차 전문가 회의(Expert Meeting, ‘08.11.17)"
    },
    {
      "page": 20,
      "sn": "report12074sent109614",
      "source_original": "◦ 5개 클러스터별 파키스탄 측 정책 구상 또는 구체 프로젝트를 두고 참가국들의 지원을 조율하고, 같은 달 개최예정인 각료회의 의제를 준비"
    },
    {
      "page": 20,
      "sn": "report12074sent109615",
      "source_original": "- 20 -"
    },
    {
      "page": 20,
      "sn": "report12074sent109616",
      "source_original": "◦ 파키스탄 안정화 지원을 위한 국제사회의 노력을 결집하는 동시에, 아프가니스탄을 포함한 서남아 지역의 안정화를 위한 국제협력의 새로운 협력 동력을 확보하는 계기로 평가"
    },
    {
      "page": 20,
      "sn": "report12074sent109617",
      "source_original": "◦ 그간 전문가 회의 결과를 승인하고, 5개 클러스터에 대한 국제 공조를 수행하기 위한 메커니즘(follow-up mechanism)을 만들기로 합의"
    },
    {
      "page": 20,
      "sn": "report12074sent109618",
      "source_original": "◦ 파키스탄 자르다리 대통령이 의장을 맡아 도쿄에서 개최되었으며, 31개국, 18개 관련 기구가 참석"
    }
  ]
}