{
  "meta": {
    "doc_no": "report12070",
    "domain": "금융",
    "category": "보고서",
    "license": "open",
    "source_language": "ko"
  },
  "doc_info": {
    "source": "한국수출입은행",
    "title": "국제 ODA동향",
    "date": 200912.0
  },
  "sents": [
    {
      "page": 16,
      "sn": "report12070sent109571",
      "source_original": "MDB와의 협조융자 실적 (‘09.11월말 현재)"
    },
    {
      "page": 16,
      "sn": "report12070sent109572",
      "source_original": "1월 구성된 이후 총 7건, 202.3백만불의 협조 융자 실적을 달성하였으며, 이는 총 협조융자 승인건수의 53.8%, 승인금액의 67.2%에 달함"
    },
    {
      "page": 16,
      "sn": "report12070sent109573",
      "source_original": "* CABEI(중미경제통합은행) : Central American Bank for Economic Integration"
    },
    {
      "page": 16,
      "sn": "report12070sent109574",
      "source_original": "(단위: 백만불)"
    },
    {
      "page": 16,
      "sn": "report12070sent109575",
      "source_original": "□ 협조융자 전담조직인 현 경협사업부 MDB협력(소)팀의 전신인 경협개발실이 2007."
    },
    {
      "page": 16,
      "sn": "report12070sent109576",
      "source_original": "향후 협조융자 계획 및 전망"
    },
    {
      "page": 16,
      "sn": "report12070sent109577",
      "source_original": "◦ 또한, 이국간 원조시장은 중국, 인도 등 non-DAC 국가의 원조 참여 등으로 급변하고 있으며, 원조경쟁이라는 용어가 나올 정도로 원조 규모의 확대가 용의치 않은 실정임."
    },
    {
      "page": 16,
      "sn": "report12070sent109578",
      "source_original": "◦ 그러나 우리나라는 일천한 원조 역사와 경험 부족으로 원조역량이 부족하고 단기간 내 원조규모를 활대할 수 있는 인적, 제도적 인프라도 미흡한 상황"
    },
    {
      "page": 16,
      "sn": "report12070sent109579",
      "source_original": "다자간 원조기구인 MDB를 활용한 원조규모 확대는 이러한 제약요인을 타개할 수 있는 효과적인 대안 으로 떠오르고 있음"
    },
    {
      "page": 16,
      "sn": "report12070sent109580",
      "source_original": "- 16 -"
    },
    {
      "page": 16,
      "sn": "report12070sent109581",
      "source_original": "□ 우리나라는 DAC 가입 및 G-20 회의 개최 등을 계기로 ODA 규모를 지속적으로 확대할 계획 (‘09년 1조원 ⇒ ’15년 3조원)"
    }
  ]
}