{
  "meta": {
    "doc_no": "report12071",
    "domain": "금융",
    "category": "보고서",
    "license": "open",
    "source_language": "ko"
  },
  "doc_info": {
    "source": "한국수출입은행",
    "title": "국제 ODA동향",
    "date": 200912.0
  },
  "sents": [
    {
      "page": 17,
      "sn": "report12071sent109582",
      "source_original": "□ 따라서, G20 정상회의 차기 개최국으로서의 입장 등 높아지는 우리나라 위상에 따른 ODA 규모 확대의 필요성 및 국제원조시장 동향 등을 감안할 때 향후 EDCF의 MDB와의 협조융자는 크게 늘어날 것으로 전망됨"
    },
    {
      "page": 17,
      "sn": "report12071sent109583",
      "source_original": "□ MDB와의 협조융자를 효과적으로 촉진할 수 있는 실행전략의 하나로 협조융자기관 즉 해당 MDB 맞춤형 협조융자(MDB custom-made co-financing)를 고려해 볼 수 있음"
    },
    {
      "page": 17,
      "sn": "report12071sent109584",
      "source_original": "◦ World Bank의 기후변화 이니셔티브(climate change initiative), ADB의 GMS(Great Mekong Sub-region) 개발전략 등 각 MDB의 전략 및 해당 지역에 맞는 접근법(approaches)을 중심으로 협력을 추진하는 방안을 적극 검토할 시점임"
    },
    {
      "page": 17,
      "sn": "report12071sent109585",
      "source_original": "작\t성 : 구 본 현, bhkoo@koreaexim.go.kr"
    },
    {
      "page": 17,
      "sn": "report12071sent109586",
      "source_original": "목차보기8"
    },
    {
      "page": 17,
      "sn": "report12071sent109587",
      "source_original": "- 17 -"
    }
  ]
}