{
  "meta": {
    "doc_no": "report12072",
    "domain": "금융",
    "category": "보고서",
    "license": "open",
    "source_language": "ko"
  },
  "doc_info": {
    "source": "한국수출입은행",
    "title": "국제 ODA동향",
    "date": 200912.0
  },
  "sents": [
    {
      "page": 18,
      "sn": "report12072sent109588",
      "source_original": "1. FoDP 개요"
    },
    {
      "page": 18,
      "sn": "report12072sent109589",
      "source_original": "□ Friends of Democratic Pakistan은 파키스탄의 사회․경제 및 민주 주의 발전을 지원하고, 이를 통해 서남아시아지역의 평화를 유지 하기 위한 국제적 연대 필요성을 배경으로 2008년 9월 결성된 모임 으로 현재 30여원조 공여국 및 다수 국제기구) 가 참여 중임"
    },
    {
      "page": 18,
      "sn": "report12072sent109590",
      "source_original": "□ 일련의 각급 회의를 통해 파키스탄은 이슬람 극단주의 세력을 타도하고자 하는 의지를 공표하고, 투쟁 과정에서 초래된 직․간접 피해 복구를 위한 국제사회의 지원을 요청하였으며, 현재 약 50억불의 재원지원을 약속 받았음"
    },
    {
      "page": 18,
      "sn": "report12072sent109591",
      "source_original": "◦ 파키스탄의 사회․경제 및 민주주의 발전을 지지하는 국제사회의 노력을 결집시키고자 2008년 9월 FoDP가 결성되어 52억불 규모의 중기 지원 약속"
    },
    {
      "page": 18,
      "sn": "report12072sent109592",
      "source_original": "Friends of Democratic Pakistan(FoDP) 현황 및 시사점"
    },
    {
      "page": 18,
      "sn": "report12072sent109593",
      "source_original": "ODA 토픽 3"
    },
    {
      "page": 18,
      "sn": "report12072sent109594",
      "source_original": "◦ FoDP 본래 결성 취지인 중장기 파키스탄의 발전을 지원하기 위해서는 참가국들간 지원역량 조화를 이끌어낼 파키스탄 정부의 주도적인 운영체제 구축 및 개발사업 시행역량 강화 필요"
    },
    {
      "page": 18,
      "sn": "report12072sent109595",
      "source_original": "【 요 약 】"
    },
    {
      "page": 18,
      "sn": "report12072sent109596",
      "source_original": "◦ 기존 이국간협력 역량을 넘어서는 개발수요 분석, 집단적 사업 심사․지원이 기대되었으나, 체계적 운영체제 구축이 미흡하고 시범사업의 논의가 활발 하지 못해 단기 개발사업 재원조달 창구 역할만 수행 중"
    }
  ]
}