{
  "meta": {
    "doc_no": "law1000545",
    "domain": "금융",
    "category": "규제정보",
    "license": "open",
    "source_language": "ko",
    "target_language": "vi"
  },
  "doc_info": {
    "source": "법제처",
    "title": "조세특례제한법 시행령",
    "date": 20100326
  },
  "sents": [
    {
      "page": 74,
      "sn": "law1000545sent10788868",
      "source_original": "⑧ 법 제38조의2제1항, 제2항 및 제4항을 적용받으려는 법인은 해당 현물출자등을 한 날이 속하는 사업연도의 과세표준신고와 함께 기획재정부령으로 정하는 현물출자등에 관한 명세서를 납세지 관할세무서장에게 제출하여야 한다.",
      "source_cleaned": "⑧ 법 제38조의2제1항, 제2항 및 제4항을 적용받으려는 법인은 해당 현물출자등을 한 날이 속하는 사업연도의 과세표준신고와 함께 기획재정부령으로 정하는 현물출자등에 관한 명세서를 납세지 관할세무서장에게 제출하여야 한다.",
      "mt": "(8) Doanh nghiệp có ý định áp dụng khoản 1, khoản 2 và khoản 4 Điều 38 của Luật này, cùng với việc khai thuế tiêu chuẩn năm kinh doanh thuộc ngày đầu tư bằng hiện vật, khoản đầu tư bằng hiện vật tương ứng phải được trình lên người đứng đầu bộ phận thuế có thẩm quyền của Cục thuế đối với khoản đầu tư bằng hiện vật theo quy định của Bộ Chiến lược và Tài chính.",
      "mtpe": "(8) Doanh nghiệp có ý định áp dụng khoản 1, khoản 2 và khoản 4 Điều 38 của Luật này, cùng với việc khai thuế tiêu chuẩn năm kinh doanh thuộc ngày đầu tư bằng hiện vật, khoản đầu tư bằng hiện vật tương ứng phải được trình lên người đứng đầu bộ phận thuế có thẩm quyền của Cục thuế đối với khoản đầu tư bằng hiện vật theo quy định của Bộ Chiến lược và Tài chính."
    }
  ]
}