{
  "meta": {
    "doc_no": "law1000070",
    "domain": "금융",
    "category": "규제정보",
    "license": "open",
    "source_language": "ko",
    "target_language": "vi"
  },
  "doc_info": {
    "source": "법제처",
    "title": "조세특례제한법 시행령",
    "date": 20191231
  },
  "sents": [
    {
      "page": 489,
      "sn": "law1000070sent10784031",
      "source_original": "② 법 제104조의25제1항 각 호 외의 부분 본문에서 “석유정제업자 등 대통령령으로 정하는 자”란 다음 각 호의 구분에 따른 자를 말한다.",
      "source_cleaned": "② 법 제104조의25제1항 각 호 외의 부분 본문에서 “석유정제업자 등 대통령령으로 정하는 자”란 다음 각 호의 구분에 따른 자를 말한다.",
      "mt": "2) Trong nội dung một phần không thuộc các điểm số 1 điều 25 của Luật 104, \"người được quyết định theo lệnh tổng thống như doanh nghiệp lọc dầu mỏ, v.v.\" là người theo phân chia sau.",
      "mtpe": "② Trong văn bản chính ngoài các mục tại khoản 1 Điều 104-25 của Đạo luật, \"Người được chỉ định theo Nghị định của Tổng thống như các nhà lọc dầu, v.v.\" là những người được phân loại theo các mục sau."
    }
  ]
}