{
  "meta": {
    "doc_no": "law1000026",
    "domain": "금융",
    "category": "규제정보",
    "license": "open",
    "source_language": "ko",
    "target_language": "vi"
  },
  "doc_info": {
    "source": "법제처",
    "title": "조세특례제한법 시행령",
    "date": 20191231
  },
  "sents": [
    {
      "page": 445,
      "sn": "law1000026sent10783658",
      "source_original": "1. 우리나라와 조세조약이 체결된 국가에서 설립된 것일 것",
      "source_cleaned": "1. 우리나라와 조세조약이 체결된 국가에서 설립된 것일 것",
      "mt": "1. Công trình xây dựng được thực hiện tại Việt Nam và nước có điều ước thuế.",
      "mtpe": "1. Phải được thành lập tại quốc gia có hiệp định thuế với Hàn Quốc."
    }
  ]
}