{
  "meta": {
    "doc_no": "law1000802",
    "domain": "금융",
    "category": "규제정보",
    "license": "open",
    "source_language": "ko",
    "target_language": "vi"
  },
  "doc_info": {
    "source": "법제처",
    "title": "조세특례제한법 시행령",
    "date": 20100326
  },
  "sents": [
    {
      "page": 331,
      "sn": "law1000802sent10791092",
      "source_original": "⑦법 제119조제1항제25호에서 “대통령령으로 정하는 재산”이란 「농업협동조합의 구조개선에 관한 법률」 제11조제3항제4호에 규정된 업무를 수행하기 위하여 취득하는 재산을 말한다.",
      "source_cleaned": "⑦법 제119조제1항제25호에서 “대통령령으로 정하는 재산”이란 「농업협동조합의 구조 개선에 관한 법률」 제11조제3항제4호에 규정된 업무를 수행하기 위하여 취득하는 재산을 말한다.",
      "mt": "Tài sản được quy định tại khoản 25 điều 119 của Luật này là tài sản thu thập để thực hiện công việc được quy định tại khoản 4 điều 11, \"Luật cải thiện cấu trúc của hợp tác nông nghiệp\".",
      "mtpe": "⑦ “Tài sản theo Nghị định của Tổng thống” tại khoản 1 Điều 119 Mục 25 của Đạo luật đề cập đến tài sản được mua để thực hiện các nhiệm vụ quy định tại khoản 3 Điều 11 Mục 4 của \"Luật Cải thiện Cơ cấu Hợp tác xã Nông nghiệp\"."
    },
    {
      "page": 331,
      "sn": "law1000802sent10791091",
      "source_original": "⑧법 제119조제1항제27호에서 “대통령령으로 정하는 재산”이란 「수산업협동조합의 구조개선에 관한 법률」 제24조제1호에 규정된 업무를 수행하기 위하여 취득하는 재산을 말한다.",
      "source_cleaned": "⑧법 제119조제1항제27호에서 “대통령령으로 정하는 재산”이란 「수산업협동조합의 구조 개선에 관한 법률」 제24조제1호에 규정된 업무를 수행하기 위하여 취득하는 재산을 말한다.",
      "mt": "8) Tài sản được quy định tại khoản 27 điều 119 của Luật này là tài sản được thu thập để thực hiện công việc được quy định tại điều 24 điều 1 \"Luật cải thiện cấu trúc của hợp tác xã thủy sản\".",
      "mtpe": "⑧ “Tài sản theo Nghị định của Tổng thống” tại khoản 1 Điều 119 Mục 27 của Đạo luật đề cập đến tài sản có được để thực hiện công việc được quy định tại Điều 24 Mục 1 của \"Luật Cải thiện Cơ cấu Hợp tác xã Thủy sản\"."
    },
    {
      "page": 331,
      "sn": "law1000802sent10791089",
      "source_original": "⑨ 법 제119조제1항제31호에서 “대통령령으로 정하는 분할”이란 제42조의2제1항 각 호의 어느 하나에 해당하는 분할을 말한다.",
      "source_cleaned": "⑨ 법 제119조제1항제31호에서 “대통령령으로 정하는 분할”이란 제42조의2제1항 각 호의 어느 하나에 해당하는 분할을 말한다.",
      "mt": "(9) Phân chia theo lệnh tổng thống tại khoản 31 điều 119 của luật pháp tương ứng với một trong các phần của khoản 1 điều 42 điều 42.",
      "mtpe": "⑨ Trong khoản 1 Điều 119 Mục 31 của Đạo luật, “Sự phân chia được quy định bởi Nghị định của Tổng thống” đề cập đến sự phân chia thuộc bất kỳ điểm nào của khoản 1 Điều 42-2."
    },
    {
      "page": 331,
      "sn": "law1000802sent10791087",
      "source_original": "⑪법 제119조제4항 단서 및 법 제120조제5항 단서에서 “대통령령으로 정하는 정당한 사유”란 각각 제78조제3항 각호의 1에 해당하는 경우를 말한다.",
      "source_cleaned": "⑪법 제119조제4항 단서 및 법 제120조제5항 단서에서 “대통령령으로 정하는 정당한 사유”란 각각 제78조제3항 각호의 1에 해당하는 경우를 말한다.",
      "mt": "(11) Trong manh mối khoản 4 điều 119 và đoạn 5 điều 120 của luật, \"Lý do chính đáng được quyết định bởi lệnh tổng thống\" là trường hợp tương ứng với 1 của nghị định khoản 3 điều 78 lần này.",
      "mtpe": "⑪ “Cơ sở chính đáng được quy định bởi Nghị định của Tổng thống” trong khoản 4 Điều 119 và khoản 5 Điều 120 của Đạo luật đề cập đến các trường hợp thuộc từng mục của khoản 3 Điều 78."
    }
  ]
}