{
  "meta": {
    "doc_no": "law1000208",
    "domain": "금융",
    "category": "규제정보",
    "license": "open",
    "source_language": "ko",
    "target_language": "vi"
  },
  "doc_info": {
    "source": "법제처",
    "title": "조세특례제한법 시행령",
    "date": 20191231
  },
  "sents": [
    {
      "page": 627,
      "sn": "law1000208sent10785167",
      "source_original": "1. 주주등이 인수ㆍ변제할 금융채권자채무의 총액 및 내용",
      "source_cleaned": "1. 주주등이 인수ㆍ변제할 금융채권자채무의 총액 및 내용",
      "mt": "1. Tổng số nợ của chủ nợ tài chính, bao gồm cả chi phí quản lý, chuyển nhượng đối với chủ sở hữu tài chính;",
      "mtpe": "1. Tổng số tiền và chi tiết các khoản nợ chủ nợ tài chính mà cổ đông phải mua và hoàn trả."
    }
  ]
}