{
  "meta": {
    "doc_no": "law1000104",
    "domain": "금융",
    "category": "규제정보",
    "license": "open",
    "source_language": "ko",
    "target_language": "vi"
  },
  "doc_info": {
    "source": "법제처",
    "title": "조세특례제한법 시행령",
    "date": 20191231
  },
  "sents": [
    {
      "page": 523,
      "sn": "law1000104sent10784391",
      "source_original": "④ 제3항에 따른 절차에 필요한 사항은 국세청장이 정한다.",
      "source_cleaned": "④ 제3항에 따른 절차에 필요한 사항은 국세청장이 정한다.",
      "mt": "(4) Nội dung cần thiết cho thủ tục theo quy định tại khoản 3 do Chủ tịch Cục thuế quyết định.",
      "mtpe": "④ Các vấn đề cần thiết cho các thủ tục theo khoản 3 sẽ do Ủy viên Cục Thuế Quốc gia quyết định."
    }
  ]
}