{
  "meta": {
    "doc_no": "law1000641",
    "domain": "금융",
    "category": "규제정보",
    "license": "open",
    "source_language": "ko",
    "target_language": "vi"
  },
  "doc_info": {
    "source": "법제처",
    "title": "조세특례제한법 시행령",
    "date": 20100326
  },
  "sents": [
    {
      "page": 170,
      "sn": "law1000641sent10789627",
      "source_original": "1. 다음 각 목의 어느 하나의 금융기관이 취급할 것",
      "source_cleaned": "1. 다음 각 목의 어느 하나의 금융기관이 취급할 것",
      "mt": "1. Việc xử lý của một trong các tổ chức tài chính thuộc một trong các trường hợp sau đây:",
      "mtpe": "1. Được xử lý bởi một trong các tổ chức tài chính sau."
    }
  ]
}