{
  "meta": {
    "doc_no": "dis10044",
    "domain": "금융",
    "category": "공시정보",
    "license": "open",
    "source_language": "ko",
    "target_language": "zh"
  },
  "doc_info": {
    "source": "금융감독원",
    "dis_no": 20230601000406,
    "doc_name": "증권신고서(채무증권)",
    "com_name": "에스케이스페셜티(주)",
    "date": 20230601
  },
  "sents": [
    {
      "sn": "dis10044sent5957901",
      "source_original": "주1) 금번 사채 발행으로 조달되는 자금은 실제 자금 사용일까지 은행 예금 등 안정성이 높은 금융상품을 통해 운용할 예정입니다.",
      "source_cleaned": "금번 사채 발행으로 조달되는 자금은 실제 자금 사용일까지 은행 예금 등 안정성이 높은 금융상품을 통해 운용할 예정입니다.",
      "mt": "这次通过发行公司债券筹集的资金，预计到实际资金使用日为止，通过银行存款等稳定性较高的金融商品来运用。",
      "mtpe": "这次通过发行公司债券筹集的资金，预计到实际资金使用日为止，通过银行存款等高度稳定性的金融商品来运用。"
    }
  ]
}