{
  "meta": {
    "doc_no": "dis10022",
    "domain": "금융",
    "category": "공시정보",
    "license": "open",
    "source_language": "ko",
    "target_language": "zh"
  },
  "doc_info": {
    "source": "금융감독원",
    "dis_no": 20230601000434,
    "doc_name": "일괄신고추가서류(파생결합증권 - 주가연계증권)",
    "com_name": "신한투자증권",
    "date": 20230601
  },
  "sents": [
    {
      "sn": "dis10022sent5944912",
      "source_original": "※ 모집 또는 매출총액은 66.11억 원(USD 5,000,000)로, 원화환산 적용 환율은 2023년 05월 31일자 서울 외국환중개(주)가 고시한 매매기준율 @ 1,322.20원/USD를 적용하여 가정한 금액입니다.",
      "source_cleaned": "모집 또는 매출총액은 66.11억 원(USD 5,000,000)로, 원화환산 적용 환율은 2023년 05월 31일자 서울 외국환중개(주)가 고시한 매매기준율 @ 1,322.20원/USD를 적용하여 가정한 금액입니다.",
      "mt": "募集或销售总额为66.11亿韩元(USD 5,000,000)，韩元换算适用汇率是假设2023年05月31日首尔外汇中介股份公司告示的买卖基准率@ 1,322.20韩元／USD。",
      "mtpe": "募集或销售总额为66.11亿韩元(USD 5,000,000)，韩元换算适用汇率是假设2023年5月31日首尔外汇中介股份公司告示的买卖基准率@ 1,322.20韩元／USD。"
    },
    {
      "sn": "dis10022sent5944312",
      "source_original": "-본 파생결합증권은 미국 달러화표시 청약 및 발행증권으로 원화환산 적용환율은 2023년 05월 31일 서울 외국환중개(주)가 고시한 매매기준율@ 1,322.20원/USD 를 적용하여 원화환산금액으로 표시합니다.",
      "source_cleaned": "본 파생결합증권은 미국 달러화표시 청약 및 발행증권으로 원화환산 적용환율은 2023년 05월 31일 서울 외국환중개(주)가 고시한 매매기준율1,322.20원/USD 를 적용하여 원화환산금액으로 표시합니다.",
      "mt": "本衍生结合证券是美国美元标示申购及发行证券，韩元换算适用汇率适用在2023年05月31日首尔外汇中介股份公司告示的买卖基准率1,322.20韩元／USD，用韩元换算金额表示。",
      "mtpe": "本衍生品挂钩证券是美国美元标示申购及发行证券，韩元换算适用汇率适用在2023年05月31日首尔外汇中介股份公司告示的买卖基准率1,322.20韩元／USD，用韩元换算金额表示。"
    }
  ]
}