{
  "meta": {
    "doc_no": "dis10047",
    "domain": "금융",
    "category": "공시정보",
    "license": "open",
    "source_language": "ko",
    "target_language": "zh"
  },
  "doc_info": {
    "source": "금융감독원",
    "dis_no": 20230601000403,
    "doc_name": "주요사항보고서(유상증자결정)",
    "com_name": "케이씨코트렐㈜",
    "date": 20230601
  },
  "sents": [
    {
      "sn": "dis10047sent5970826",
      "source_original": "마. 기타사항(1) 신주배정기준일 현재 주주 확정을 위한 주주명부 폐쇄기간(예정)은 2023년 07월 05일부터 2023년 07월 11일까지로 합니다.",
      "source_cleaned": "기타사항(1) 신주배정기준일 현재 주주 확정을 위한 주주명부 폐쇄기간(예정)은 2023년 07월 05일부터 2023년 07월 11일까지로 합니다.",
      "mt": "其他事项(1)新股分配基准日为确定股东的股东名册关闭期间（预定）为2023年07月05日至2023年07月11日。",
      "mtpe": "其他事项(1)新股分配基准日为确定股东的股东名册关闭期间（预定）为2023年7月05日至2023年7月11日。"
    },
    {
      "sn": "dis10047sent5970775",
      "source_original": "주1) 우리사주조합, 구주주 청약 및 초과 청약 결과 발생한 실권주에 대해 2023년 08월 10일과 2023년 08월 11일에 일반공모 청약을 진행할 예정입니다.",
      "source_cleaned": "우리사주조합, 구주주 청약 및 초과 청약 결과 발생한 실권주에 대해 2023년 08월 10일과 2023년 08월 11일에 일반공모 청약을 진행할 예정입니다.",
      "mt": "我们公司股东组合、旧股东认购及超额认购结果发生的失权股，将在2023年08月10日和2023年08月11日进行一般公募认购。",
      "mtpe": "我们公司股东组合、旧股东认购及超额认购结果发生的失权股，将在2023年8月10日和2023年8月11日进行一般公募认购。"
    }
  ]
}