{
  "meta": {
    "doc_no": "dis10058",
    "domain": "금융",
    "category": "공시정보",
    "license": "open",
    "source_language": "ko",
    "target_language": "zh"
  },
  "doc_info": {
    "source": "금융감독원",
    "dis_no": 20230601000392,
    "doc_name": "주요사항보고서(회사합병 결정)",
    "com_name": "(주)젬백스앤카엘",
    "date": 20230601
  },
  "sents": [
    {
      "sn": "dis10058sent5977604",
      "source_original": "(2) 합병의 배경- 합병법인 ㈜젬백스앤카엘이 피합병법인 ㈜모비엔플렉스를 흡수합병함으로써, 경영효율성을 제고하고 사업영역을 확대하고자 합니다.",
      "source_cleaned": "합병법인 ㈜젬백스앤카엘이 피합병법인 ㈜모비엔플렉스를 흡수합병함으로써, 경영효율성을 제고하고 사업영역을 확대하고자 합니다.",
      "mt": "GemVax &amp; KAEL兼并了被兼并法人Mobine Flex，将提高经营效率，扩大事业领域。",
      "mtpe": "GemVax & KAEL兼并了被兼并法人Mobine Flex，将提高经营效率，扩大业务领域。"
    },
    {
      "sn": "dis10058sent5977578",
      "source_original": "- 합병회사와 피합병회사의 인적, 물적 자원을 효율적으로 결합하여 경영효율성을 제고하고, 사업영역을 확대해 나갈 계획입니다.",
      "source_cleaned": "합병회사와 피합병회사의 인적, 물적 자원을 효율적으로 결합하여 경영효율성을 제고하고, 사업영역을 확대해 나갈 계획입니다.",
      "mt": "计划有效结合合并公司和被合并公司的人力、物力资源，提高经营效率，扩大事业领域。",
      "mtpe": "计划有效结合合并公司和被合并公司的人力、物力资源，提高经营效率，扩大业务领域。"
    }
  ]
}